status_reason,address,zip,owner_name,zoning,land_area,sale_year,sale_price,apn,property_class
not_clear_individual_owner,5103 N ELKHART ST,,GATEWAY VILLAGE HOMEOWNERS ASSN INC,R-1,39469,1999,10,18411013000,VACANT LAND /GENERAL COMMON ELEMENTS
not_clear_individual_owner,4994 N AKRON ST,,PARK CREEK METROPOLITAN DISTRICT,M-RX-5,15137,2016,10,116400072000,VACANT LAND /GENERAL COMMON ELEMENTS
not_clear_individual_owner; sold_after_2021_not_5_year_hold,9360 E 61ST AVE,,PARK CREEK METROPOLITAN DISTRICT,M-RX-5,7578,2023,0,110300031000,VACANT LAND /GENERAL COMMON ELEMENTS
not_clear_individual_owner,5412 N WABASH WAY,,PARK CREEK METROPOLITAN DISTRICT,M-RX-5,16742,2014,0,116100094000,VACANT LAND /GENERAL COMMON ELEMENTS
not_clear_individual_owner,5240 N WILLOW WAY,,PARK CREEK METROPOLITAN DISTRICT,M-RX-5,18570,2014,0,116100126000,VACANT LAND /GENERAL COMMON ELEMENTS
non_residential_zoning; not_clear_individual_owner,3395 N BRIGHTON BLVD,80216-5020,MMF RINO GD LAND LLC,C-MX-8,54945,2019,10,227123019000,VACANT LAND
not_clear_individual_owner,4949 N WILLOW ST,80216,STAPLETON FILINGS 42 AND 45 HOME OWNER'S ASSOCIATION INC,M-RX-5,9388,2015,10,116500077000,VACANT LAND /GENERAL COMMON ELEMENTS
not_clear_individual_owner; sale_year_unknown_needs_enrichment,8701 E 41ST AVE APPRX,,FC STAPLETON II LLC,M-IMX-12,48718,,,121400129000,VACANT LAND /GENERAL COMMON ELEMENTS
not_clear_individual_owner,2216 N ULSTER ST,,STAPLETON NEIGHBORHOOD NO 7,R-MU-20,15683,2010,0,133122033000,VACANT LAND /GENERAL COMMON ELEMENTS
not_clear_individual_owner; sold_after_2021_not_5_year_hold,5484 N XANTHIA CT,,CITY & COUNTY OF DENVER,M-RX-5,27304,2025,500,116100057000,VACANT LAND /GENERAL COMMON ELEMENTS
non_residential_zoning; not_clear_individual_owner; sale_year_unknown_needs_enrichment,10325 E 49TH AVE MISC,,CATELLUS DEVELOPMENT CORP,C-MU-30,57499,,,115402007000,VACANT LAND /GENERAL COMMON ELEMENTS
non_residential_zoning; not_clear_individual_owner,3663 BLAKE ST,,REGIONAL TRANSPORTATION DISTRICT,C-MX-12,18916,2011,3020950,227103043000,VACANT LAND
non_residential_zoning; not_clear_individual_owner; sold_after_2021_not_5_year_hold,4899 N TELLURIDE ST,,EVC-WDG PENA LLC,C-MU-30,71668,2023,0,16100211000,VACANT LAND
non_residential_zoning; not_clear_individual_owner; sold_after_2021_not_5_year_hold,3811 N HIMALAYA RD APPRX,,CLAYTON PROPERTIES GROUP INCOAKWOOD HOMES,S-MX-3,7518,2023,0,22400029000,VACANT LAND /GENERAL COMMON ELEMENTS
not_clear_individual_owner,2290 N SYRACUSE ST MISC,,CITY & COUNTY OF DENVER,R-MU-20,26986,2021,500,133238002000,VACANT LAND /GENERAL COMMON ELEMENTS
not_clear_individual_owner,5436 N UINTA WAY,80238-3831,EXPRESSIONS & HERITAGE AT STAPLETON HOA INC,M-RX-5,16707,2017,1,116100108000,VACANT LAND /GENERAL COMMON ELEMENTS
not_clear_individual_owner; sold_after_2021_not_5_year_hold,6007 N EMPORIA ST,,PARK CREEK METROPOLITAN DISTRICT,M-RX-5,15384,2023,0,110100305000,VACANT LAND /GENERAL COMMON ELEMENTS
non_residential_zoning; not_clear_individual_owner,3900 N INCA ST,,UNION PACIFIC RAILROAD COMPANY,I-B,116000,1997,0,221448001000,VACANT LAND
non_residential_zoning; sale_year_unknown_needs_enrichment,3221 DENARGO ST,,UNION PACIFIC RR CO,I-B,13524,,,227402006000,VACANT LAND
non_residential_zoning; not_clear_individual_owner,3349 RINGSBY CT APPRX,80216-4912,REGIONAL TRANSPORTATION DISTRICT,C-MX-12,20900,2015,0,222400103000,VACANT LAND
not_clear_individual_owner; sold_after_2021_not_5_year_hold,9190 E 59TH NORTH PL,,PARK CREEK METROPOLITAN DISTRICT,M-RX-5,55092,2023,0,110300056000,VACANT LAND /GENERAL COMMON ELEMENTS
non_residential_zoning; not_clear_individual_owner; sale_year_unknown_needs_enrichment,3301 N KALAMATH ST,,DEPARTMENT OF TRANSPORTATION STATE OF COLORADO,I-MX-3,11297,,,228129033000,VACANT LAND /GENERAL COMMON ELEMENTS
not_clear_individual_owner; sold_after_2021_not_5_year_hold,9311 E 57TH PL,,CITY & COUNTY OF DENVER,M-RX-5,38381,2025,500,110300111000,VACANT LAND /GENERAL COMMON ELEMENTS
not_clear_individual_owner,20800 E 43RD AVE,,GVR METROPOLITAN DISTRICT,R-2,10600,2019,10,23512041000,VACANT LAND /GENERAL COMMON ELEMENTS
not_clear_individual_owner,5905 N BOSTON CT,,PORTRAIT AT STAPLETON FILING 49 HOMEOWNERS ASSOC INC,M-RX-5,10315,2019,10,110300076000,VACANT LAND /GENERAL COMMON ELEMENTS
not_clear_individual_owner,9078 E 53RD AVE,,PARK CREEK METROPOLITAN DISTRICT,M-RX-5,17009,2014,0,116100095000,VACANT LAND /GENERAL COMMON ELEMENTS
non_residential_zoning; not_clear_individual_owner; sold_after_2021_not_5_year_hold,12005 E MARTIN LUTHER KING JR BLVD,,CITY & COUNTY OF DENVER,C-MU-20,217399,2024,500,126400012000,VACANT LAND /GENERAL COMMON ELEMENTS
not_clear_individual_owner; sale_year_unknown_needs_enrichment,2790 DELGANY ST,,DENARGO MARKET METROPOLITAN DISTRICT NO 1,R-MU-30,34697,,,227400112000,VACANT LAND /GENERAL COMMON ELEMENTS
not_clear_individual_owner,4585 W 37TH AVE,,HIGHLANDS GARDEN VILLAGE MASTER ASSOCIATION,PUD,10292,2000,0,230245021000,VACANT LAND /GENERAL COMMON ELEMENTS
non_residential_zoning; not_clear_individual_owner,4000 N HURON ST,,REGIONAL TRANSPORTATION DISTRICT,I-B,30940,2019,10,221400005000,VACANT LAND
not_clear_individual_owner,1900 N KING ST,,EAST BAY HOMEOWNERS ASSOCIATION,R-3,10831,1996,0,232306057000,VACANT LAND /GENERAL COMMON ELEMENTS
non_residential_zoning; sold_after_2021_not_5_year_hold,5001 N COOK ST,80216-2427,"MORENO,JESUS",I-MX-3,20250,2024,700000,213400063000,VACANT LAND
non_residential_zoning; not_clear_individual_owner; sale_year_unknown_needs_enrichment,1765 35TH ST,,35 BRIGHTON OWNER LLC,I-MX-12,11560,,,227113064000,VACANT LAND
non_residential_zoning; not_clear_individual_owner,8106 E 37TH PL,,PARK CREEK METROPOLITAN DISTRICT,C-MX-16,30143,2015,0,128100047000,VACANT LAND /GENERAL COMMON ELEMENTS
not_clear_individual_owner,5201 N BOSTON ST,80238-3927,PARK CREEK METROPOLITAN DISTRICT,M-RX-5,17564,2019,10,115200095000,VACANT LAND /GENERAL COMMON ELEMENTS
non_residential_zoning; not_clear_individual_owner,6300 E 47TH AVE -6500,,DENVER ROCK ISLAND RAILROAD INC,I-B,56300,2005,1600000,120200106000,VACANT LAND
non_residential_zoning; not_clear_individual_owner; sold_after_2021_not_5_year_hold,4777 N AIRPORT WAY,,DCG WEST 1 LLC,S-MX-3,48002,2022,4056300,20102007000,VACANT LAND
non_residential_zoning; not_clear_individual_owner; sale_year_unknown_needs_enrichment,3845 BLAKE ST,,REGIONAL TRANSPORTATION DISTRICT,I-MX-12,53468,,,223310028000,VACANT LAND
not_clear_individual_owner; sold_after_2021_not_5_year_hold,3805 N MALTA ST,,GVR METROPOLITAN DISTRICT,R-2,52036,2024,0,23420023000,VACANT LAND /GENERAL COMMON ELEMENTS
not_clear_individual_owner,9598 E 28TH AVE,,PARK CREEK METROPOLITAN DISTRICT,R-MU-20,16212,2004,0,127419031000,VACANT LAND /GENERAL COMMON ELEMENTS
not_clear_individual_owner,5183 N BOSTON CT,,CITY & COUNTY OF DENVER,M-RX-5,12013,2021,0,115200099000,VACANT LAND /GENERAL COMMON ELEMENTS
non_residential_zoning; not_clear_individual_owner; sale_year_unknown_needs_enrichment,2817 CHESTNUT PL,,JV LODO DENARGO LLC,C-MX-8,37172,,,227419001000,VACANT LAND
tier1_confirmed_basic_filters_before_growth_proximity,2125 N PONTIAC ST,,"MARSHALL,LADEAN",E-SU-DX,8109,2018,10,132135019000,VACANT LAND
not_clear_individual_owner,8448 E 54TH PL,,EXPRESSIONS AT HERITAGE STAPLETON HOMEOWNERS ASSOC INC,M-RX-5,15012,2016,0,116100112000,VACANT LAND /GENERAL COMMON ELEMENTS
not_clear_individual_owner; sold_after_2021_not_5_year_hold,10301 E 62ND PL,,CENTRAL PARK LIFESTYLE COMMUNITY,M-RX-5,9830,2025,10,110100286000,VACANT LAND /GENERAL COMMON ELEMENTS
not_clear_individual_owner; sold_after_2021_not_5_year_hold,5884 N BEELER CT,,CITY & COUNTY OF DENVER,M-RX-5,16058,2025,500,110300071000,VACANT LAND /GENERAL COMMON ELEMENTS
not_clear_individual_owner; sale_year_unknown_needs_enrichment,8856 E 45TH AVE,,PARK CREEK METROPOLITAN DISTRICT,M-IMX-12,39989,,,121100012000,VACANT LAND /GENERAL COMMON ELEMENTS
not_clear_individual_owner,20000 E MITCHELL PL,80249-7228,MITCHELL PLACE HOMEOWNERS ASSOCIATION,PUD,9944,2003,10,22420115000,VACANT LAND /GENERAL COMMON ELEMENTS
tier1_confirmed_basic_filters_before_growth_proximity,4743 N LEAF CT,80216,"TAVIZON,SANJUANA SOTO",E-SU-D,11200,2020,10,222110006000,VACANT LAND
non_residential_zoning; not_clear_individual_owner,19095 E 58TH AVE,,FIRST CREEK OWNERS ASSOCIATION,C-MU-30,11160,2010,0,10202090000,VACANT LAND /GENERAL COMMON ELEMENTS
non_residential_zoning; not_clear_individual_owner; sale_year_unknown_needs_enrichment,5640 N TOWER RD,,EVERGREEN 56TH TOWER RETAIL LLC,C-MU-10,30089,,,10221004000,VACANT LAND
non_residential_zoning,4433 N GARFIELD ST,,"BROWN,JEFFREY L & TODD E",I-A,9380,1993,11295,224113027000,VACANT LAND
non_residential_zoning; not_clear_individual_owner; sold_after_2021_not_5_year_hold,18015 E 58TH AVE,,IMKD 8 LLC,C-MU-30,310907,2025,29616600,9126001000,VACANT LAND
non_residential_zoning; not_clear_individual_owner,3900 N COOK ST,,COOK STREET RESIDENTIAL TRUST,I-MX-3,10359,2021,0,224427023000,VACANT LAND
not_clear_individual_owner; sold_after_2021_not_5_year_hold,8790 E 54TH PL,80238-3859,CITY & COUNTY OF DENVER,M-RX-5,55338,2025,500,116100052000,VACANT LAND /GENERAL COMMON ELEMENTS
not_clear_individual_owner; sold_after_2021_not_5_year_hold,5202 N WILLOW WAY,,CITY & COUNTY OF DENVER,M-RX-5,22688,2025,500,116100064000,VACANT LAND /GENERAL COMMON ELEMENTS
not_clear_individual_owner; sold_after_2021_not_5_year_hold,5985 N ELMIRA ST APPRX,,PARK CREEK METROPOLITAN DISTRICT,M-RX-5,20358,2023,0,110100040000,VACANT LAND /GENERAL COMMON ELEMENTS
not_clear_individual_owner,2650 N FLORENCE ST,,STAPLETON COACH HOUSE OWNERS ASSOCIATION NO 1,R-MU-20,7540,2009,0,127426030000,VACANT LAND /GENERAL COMMON ELEMENTS
not_clear_individual_owner,9105 E 34TH PL -9145,,CITY & COUNTY OF DENVER,R-MU-20,9648,2014,500,127200013000,VACANT LAND /GENERAL COMMON ELEMENTS
non_residential_zoning; not_clear_individual_owner,3600 E 41ST AVE,80216-6502,SEPPISH LLC,C-MX-5,37312,2019,5000000,224420018000,VACANT LAND
non_residential_zoning; not_clear_individual_owner; sale_year_unknown_needs_enrichment,6211 N ARGONNE ST,,AIRPORT HOTEL LLC,C-MU-20,74046,,,10258002000,VACANT LAND
non_residential_zoning,1597 N STUART ST VCNT,,YESHIVA TORAS CHAIMTALMUDICAL SEMINARY-DENVER,C-MX-3,16400,1995,900000,231421012000,VACANT LAND
not_clear_individual_owner; sale_year_unknown_needs_enrichment,4003 N WILLOW ST,,FC STAPLETON II LLC,M-IMX-12,21892,,,121402002000,VACANT LAND
non_residential_zoning; sale_year_unknown_needs_enrichment,4300 N FOREST ST,80216-4505,"ROTH,WILLIAM J",I-B,20844,,,119107009000,VACANT LAND
not_clear_individual_owner,9254 E 37TH AVE,80238-3509,PARK CREEK METROPOLITAN DISTRICT,R-MU-20,12628,2013,0,127200053000,VACANT LAND /GENERAL COMMON ELEMENTS
non_residential_zoning; not_clear_individual_owner,6600 N YAMPA ST,,DENVER INTERNATIONAL BUSINESS CENTER METRO DISTRICT NO 1,C-MU-20,63967,2018,3315000,4100175000,VACANT LAND /GENERAL COMMON ELEMENTS
non_residential_zoning; not_clear_individual_owner,420 E 52ND AVE,,GCC METROPOLITAN DISTRICT NO 3,I-A,24445,2015,10,215400057000,VACANT LAND /GENERAL COMMON ELEMENTS
not_clear_individual_owner; sale_year_unknown_needs_enrichment,2658 N IRONTON ST,,PARK CREEK METROPOLITAN DISTRICT,R-MU-20,11682,,,126300044000,VACANT LAND /GENERAL COMMON ELEMENTS
non_residential_zoning; not_clear_individual_owner,3011 N TRENTON ST,,PARK CREEK METROPOLITAN DISTRICT,C-MU-20,17526,2019,0,128600055000,VACANT LAND /GENERAL COMMON ELEMENTS
not_clear_individual_owner; sold_after_2021_not_5_year_hold,6158 N FLORENCE WAY,,PARK CREEK METROPOLITAN DISTRICT,M-RX-5,13479,2023,0,110100283000,VACANT LAND /GENERAL COMMON ELEMENTS
not_clear_individual_owner; sale_year_unknown_needs_enrichment,6357 N TELLURIDE WAY SPC 5,,CITY & COUNTY OF DENVER,DIA,889879,,,9100101000,VACANT LAND
non_residential_zoning; sale_year_unknown_needs_enrichment,4101 N MONACO ST,,UNION PACIFIC RR CO,I-B,34800,,,120300037000,VACANT LAND /GENERAL COMMON ELEMENTS
non_residential_zoning; not_clear_individual_owner; sale_year_unknown_needs_enrichment,3220 DENARGO ST,,DENARGO MARKET METROPOLITAN DISTRICT NO 1,C-MX-8,34286,,,227400113000,VACANT LAND /GENERAL COMMON ELEMENTS
not_clear_individual_owner,11009 E 27TH AVE,,PARK CREEK METROPOLITAN DISTRICT,R-MU-20,12112,2014,10,126300079000,VACANT LAND /GENERAL COMMON ELEMENTS
not_clear_individual_owner,8603 E 55TH AVE,,EXPRESSIONS AND HERITAGE AT STAPLETON HOMEOWNERS ASSOC INC,M-RX-5,12792,2016,10,116100100000,VACANT LAND /GENERAL COMMON ELEMENTS
non_residential_zoning; not_clear_individual_owner; sold_after_2021_not_5_year_hold,1545 N GROVE ST,80204-1952,R CAP SLOAN LAKE TWO LLC,C-MX-5,7200,2022,0,232335014000,VACANT LAND
not_clear_individual_owner; sold_after_2021_not_5_year_hold,10605 E MARTIN LUTHER KING JR BLVD,,CITY & COUNTY OF DENVER,R-MU-20,54732,2024,500,126300102000,VACANT LAND /GENERAL COMMON ELEMENTS
not_clear_individual_owner,4501 N ANDES ST MISC,,GVR METROPOLITAN DISTRICT,R-2-A,64527,2009,10,22200054000,VACANT LAND /GENERAL COMMON ELEMENTS
not_clear_individual_owner; sold_after_2021_not_5_year_hold,6157 N BEELER ST,,CITY & COUNTY OF DENVER,M-RX-5,7418,2025,0,110300004000,VACANT LAND /GENERAL COMMON ELEMENTS
not_clear_individual_owner,9557 E 27TH AVE,,PARK CREEK METROPOLITAN DISTRICT,R-MU-20,19116,2004,0,127400055000,VACANT LAND /GENERAL COMMON ELEMENTS
not_clear_individual_owner; sold_after_2021_not_5_year_hold,9312 E 59TH PL,,CITY & COUNTY OF DENVER,M-RX-5,37458,2025,500,110300055000,VACANT LAND /GENERAL COMMON ELEMENTS
non_residential_zoning; not_clear_individual_owner,1800 PLATTE ST REAR,80202-1036,REGIONAL TRANSPORTATION DISTRICT,C-MX-5,10217,1992,0,228400013000,VACANT LAND /GENERAL COMMON ELEMENTS
not_clear_individual_owner; sale_year_unknown_needs_enrichment,3732 N UTICA ST MISC,,HGV LAND COMPANY LLC,PUD,8533,,,230244010000,VACANT LAND /GENERAL COMMON ELEMENTS
not_clear_individual_owner; sold_after_2021_not_5_year_hold,8799 N XENIA ST,,CITY & COUNTY OF DENVER,M-RX-5,13986,2025,500,116400044000,VACANT LAND /GENERAL COMMON ELEMENTS
non_residential_zoning; not_clear_individual_owner; sale_year_unknown_needs_enrichment,19101 E 69TH DR,,BOTTLING GROUP LLC,C-MU-20,369482,,,3100125000,VACANT LAND /GENERAL COMMON ELEMENTS
not_clear_individual_owner; sold_after_2021_not_5_year_hold,8896 N YOSEMITE ST,,CITY & COUNTY OF DENVER,M-RX-5,27884,2025,500,116400058000,VACANT LAND /GENERAL COMMON ELEMENTS
non_residential_zoning; not_clear_individual_owner; sale_year_unknown_needs_enrichment,5554 N TOWER RD,,"CLAYTON PROPERTIES GROUP II, LLC",C-MU-10,23206,,,15200207000,VACANT LAND /GENERAL COMMON ELEMENTS
not_clear_individual_owner; sold_after_2021_not_5_year_hold,8050 E 54TH DR,,CITY & COUNTY OF DENVER,M-RX-5,21505,2025,500,116100033000,VACANT LAND /GENERAL COMMON ELEMENTS
non_residential_zoning; not_clear_individual_owner; sale_year_unknown_needs_enrichment,3421 PARK AVE W,80216-5120,CITY & COUNTY OF DENVER,I-B,32690,,,227300112000,VACANT LAND
non_residential_zoning; sale_year_unknown_needs_enrichment,9700 E 38TH AVE 10400,,UNION PACIFIC RR CO,O-1,532303,,,127100002000,VACANT LAND
not_clear_individual_owner,3131 N FULTON ST,,GARDEN COURTS AT STAPLETON III HOMEOWNERS ASSOCIATION,R-MU-20,7724,2007,10,127403030000,VACANT LAND /GENERAL COMMON ELEMENTS
not_clear_individual_owner; sold_after_2021_not_5_year_hold,9650 E 59TH DR,,PARK CREEK METROPOLITAN DISTRICT,M-RX-5,13904,2023,0,110400042000,VACANT LAND /GENERAL COMMON ELEMENTS
non_residential_zoning; not_clear_individual_owner,3300 ROCKMONT DR,,BURLINGTON NORTHERN RR CO PROPERTY TAX DEPARTMENT,I-B,11500,1988,0,228100029000,VACANT LAND
non_residential_zoning; not_clear_individual_owner; sold_after_2021_not_5_year_hold,4835 N EMERSON ST,,CITY & COUNTY OF DENVER,I-B,9370,2024,0,214307023000,VACANT LAND
non_residential_zoning; not_clear_individual_owner; sold_after_2021_not_5_year_hold,4871 N TOWER RD APPRX,80249-7761,EVC-WDG TOWER LLC,C-MU-10,173756,2024,0,16103014000,VACANT LAND
non_residential_zoning; not_clear_individual_owner,6620 N YAMPA ST,,DRAKE TOWER PARTNERS LLC,C-MU-20,7803,2019,550000,4100176000,VACANT LAND /GENERAL COMMON ELEMENTS
non_residential_zoning; not_clear_individual_owner; sold_after_2021_not_5_year_hold,5697 N TELLURIDE WAY,,IMKD 8 LLC,C-MU-30,123073,2025,29616600,9132001000,VACANT LAND
not_clear_individual_owner,5283 N WILLOW WAY,,PARK CREEK METROPOLITAN DISTRICT,M-RX-5,17568,2014,0,116100097000,VACANT LAND /GENERAL COMMON ELEMENTS
not_clear_individual_owner,4305 E BRUCE RANDOLPH AVE,80207-1867,FREEWAY REAL ESTATE LLC,E-SU-DX,9375,2021,605000,130204018000,VACANT LAND
not_clear_individual_owner,5587 N JASPER ST,,PARKFIELD NORTH HOMEOWNERS ASSOCIATION INC,PUD,13133,2011,10,17217057000,VACANT LAND /GENERAL COMMON ELEMENTS
sale_year_unknown_needs_enrichment,4201 N SHERMAN ST,,BURLINGTON NORTHERN RR CO,E-SU-B,13600,,,222405004000,VACANT LAND
non_residential_zoning; not_clear_individual_owner,2114 31ST ST,,REGIONAL TRANSPORTATION DISTRICT,I-B,47695,2014,369636,227300114000,VACANT LAND
not_clear_individual_owner,4596 W 36TH PL,,HIGHLAND GARDEN VILLAGE MASTER ASSOCIATION,PUD,26392,2001,10,230246001000,VACANT LAND /GENERAL COMMON ELEMENTS
non_residential_zoning; sale_year_unknown_needs_enrichment,2401 E 42ND AVE,,UNION PACIFIC RR CO,I-A,261980,,,224300064000,VACANT LAND
non_residential_zoning; not_clear_individual_owner,4141 N COLORADO BLVD,80216-4307,ASTOWELL LLC,I-A,56093,2019,4225000,224416030000,VACANT LAND
not_clear_individual_owner; sold_after_2021_not_5_year_hold,10224 E 59TH AVE,,PARK CREEK METROPOLITAN DISTRICT,M-RX-5,15761,2023,0,110400037000,VACANT LAND /GENERAL COMMON ELEMENTS
non_residential_zoning; not_clear_individual_owner,2500 15TH ST,80211-3902,CITY & COUNTY OF DENVER,OS-A,7993,2000,630000,233301023000,VACANT LAND /GENERAL COMMON ELEMENTS
non_residential_zoning; sale_year_unknown_needs_enrichment,4312 N VINE ST,80216-3820,"MELSON,JESSE L",I-A,12000,,,223131020000,VACANT LAND
non_residential_zoning,4203 N CHAMBERS RD,,SABLE RIDGE PLAZA OWNERS ASSOC,B-4,32030,2004,0,19417010000,VACANT LAND /GENERAL COMMON ELEMENTS
not_clear_individual_owner,8750 E BEEKMAN PL,,EXPRESSIONS AND HERITAGE AT STAPLETON HOMEOWNERS ASSOC INC,M-RX-5,27750,2016,0,116400076000,VACANT LAND /GENERAL COMMON ELEMENTS
not_clear_individual_owner; sold_after_2021_not_5_year_hold,9650 E 61ST PL,,PARK CREEK METROPOLITAN DISTRICT,M-RX-5,7457,2023,0,110100279000,VACANT LAND /GENERAL COMMON ELEMENTS
non_residential_zoning; not_clear_individual_owner,4601 N GLENCOE ST APPRX,80216-6418,DEPARTMENT OF TRANSPORTATION STATE OF COLO,I-B,9371,2019,0,119103011000,VACANT LAND /GENERAL COMMON ELEMENTS
non_residential_zoning; not_clear_individual_owner,5104 N DALLAS ST,,PARK CREEK METROPOLITAN DISTRICT,I-MX-3,24269,2015,0,115200122000,VACANT LAND /GENERAL COMMON ELEMENTS
sold_after_2021_not_5_year_hold,1550 N VALENTIA ST,80220-2124,"LECHUGA,LAURA",E-RH-2.5,8352,2024,955000,133423043000,VACANT LAND
not_clear_individual_owner,21594 E 45TH AVE,,BUNGALOWS AT GREEN VALLEY RANCH HOMEOWNERS ASSOC.INC,R-2,10882,2011,10,23108114000,VACANT LAND /GENERAL COMMON ELEMENTS
non_residential_zoning; not_clear_individual_owner; sold_after_2021_not_5_year_hold,5698 N TELLURIDE WAY,,IMKD 8 LLC,C-MU-30,217800,2025,29616600,9100174000,VACANT LAND /GENERAL COMMON ELEMENTS
non_residential_zoning; not_clear_individual_owner; sale_year_unknown_needs_enrichment,1441 7TH ST,,BOARD OF DIRECTORS OF THE AURARIA HIGHER EDUCATION CTR,CPV-C,45500,,,233520009000,VACANT LAND
not_clear_individual_owner; sold_after_2021_not_5_year_hold,9100 E NORTHFIELD BLVD,,CITY & COUNTY OF DENVER,M-IMX-5,43254,2025,0,121100084000,VACANT LAND /GENERAL COMMON ELEMENTS
not_clear_individual_owner; sold_after_2021_not_5_year_hold,6250 N FLORENCE WAY,,NORTH END AT CENTRAL PARK NO. 1,M-RX-5,8779,2023,10,110100287000,VACANT LAND /GENERAL COMMON ELEMENTS
not_clear_individual_owner,8777 E 50TH DR,,CITY & COUNTY OF DENVER,M-RX-5,97984,2020,0,116400087000,VACANT LAND /GENERAL COMMON ELEMENTS
non_residential_zoning; not_clear_individual_owner,4400 E 51ST AVE,,BURLINGTON NORTHERN RR CO PROPERTY TAX DEPARTMENT,I-B,86244,1992,10,118301017000,VACANT LAND
not_clear_individual_owner,2014 N SPRUCE ST,,STAPLETON PAIRED HOMEOWNERS ASSOCIATION INC,R-MU-20,7792,2010,0,133200052000,VACANT LAND /GENERAL COMMON ELEMENTS
not_clear_individual_owner,2015 N TRENTON ST,,STAPLETON NEIGHBORHOOD #7 HOMEOWNERS ASSOCIATION INC,R-MU-20,7646,2011,0,133200053000,VACANT LAND /GENERAL COMMON ELEMENTS
not_clear_individual_owner,5098 N EAGLE ST,,GATEWAY VILLAGE HOMEOWNERS ASSOCIATION INC,R-2,61017,2002,10,18707009000,VACANT LAND /GENERAL COMMON ELEMENTS
not_clear_individual_owner; sold_after_2021_not_5_year_hold,5995 N GALENA CT,,PARK CREEK METROPOLITAN DISTRICT,M-RX-5,26487,2023,0,110100039000,VACANT LAND /GENERAL COMMON ELEMENTS
not_clear_individual_owner,5448 N XENIA ST,,STAPLETON NORTH FILINGS 42 & 45 HOA INC,M-RX-5,12886,2015,10,116100106000,VACANT LAND /GENERAL COMMON ELEMENTS
non_residential_zoning; not_clear_individual_owner; sold_after_2021_not_5_year_hold,19152 HIGH POINT BLVD,80249-8770,DENVER HIGH POINT AT DIA METROPOLITAN DISTRICT,C-MU-20,62537,2025,10,3100061000,VACANT LAND /GENERAL COMMON ELEMENTS
not_clear_individual_owner; sold_after_2021_not_5_year_hold,5451 N UINTA WAY,,CITY & COUNTY OF DENVER,M-RX-5,58725,2025,500,116100038000,VACANT LAND /GENERAL COMMON ELEMENTS
non_residential_zoning; not_clear_individual_owner,2555 31ST ST MISC,,STATE OF COLORADO DEPARTMENT OF TRANSPORTATION,I-A,97784,1995,1428000,222300088000,VACANT LAND /GENERAL COMMON ELEMENTS
not_clear_individual_owner,4939 N WABASH ST,80216,PARK CREEK METROPOLITAN DISTRICT,M-MX-5,9634,2014,0,116500062000,VACANT LAND /GENERAL COMMON ELEMENTS
not_clear_individual_owner,4211 N HIMALAYA RD,,MITCHELL PLACE HOMEOWNERS ASSOCIATION,PUD,9284,2003,10,22420112000,VACANT LAND /GENERAL COMMON ELEMENTS
non_residential_zoning; not_clear_individual_owner; sold_after_2021_not_5_year_hold,8372 E 32ND AVE,,CONTROL TOWER LLC,C-MU-20,28653,2025,0,128600089000,VACANT LAND
non_residential_zoning; not_clear_individual_owner,4600 NIAGARA ST MISC,,DEPARTMENT OF TRANSPORTATION STATE OF COLOROADO,I-B,12626,2018,102600,120100072000,VACANT LAND /GENERAL COMMON ELEMENTS
non_residential_zoning; not_clear_individual_owner,700 W 44TH AVE APPRX,,REGIONAL TRANSPORTATION DISTRICT,I-B,10453,2011,1480000,222300096000,VACANT LAND
not_clear_individual_owner; sold_after_2021_not_5_year_hold,9307 E 58TH AVE,,CITY & COUNTY OF DENVER,M-RX-5,118305,2025,500,110300090000,VACANT LAND /GENERAL COMMON ELEMENTS
non_residential_zoning; not_clear_individual_owner,3554 N DOWNING ST APPRX,80205,DOMA LLC,C-MS-5,11605,2019,10,226303025000,VACANT LAND
not_clear_individual_owner; sold_after_2021_not_5_year_hold,9151 E 58TH AVE,,PARK CREEK METROPOLITAN DISTRICT,M-RX-5,9370,2023,0,110300095000,VACANT LAND /GENERAL COMMON ELEMENTS
non_residential_zoning; not_clear_individual_owner,4650 N STEELE ST APPRX,80216-3001,DEPARTMENT OF TRANSPORTATION STATE OF COLORADO,I-A,7039,2020,246364,224100038000,VACANT LAND /GENERAL COMMON ELEMENTS
non_residential_zoning; not_clear_individual_owner; sale_year_unknown_needs_enrichment,10290 E 45TH AVE,,CATELLUS PORTFOLIO I LLC,C-MU-30,63514,,,122101009000,VACANT LAND /GENERAL COMMON ELEMENTS
non_residential_zoning; sale_year_unknown_needs_enrichment,4620 N JACKSON ST,,RIO GRANDE LAND CO,I-A,8960,,,221111009000,VACANT LAND
not_clear_individual_owner,5029 N VERBENA ST,80216,PARK CREEK METROPOLITAN DISTRICT,M-RX-5,17163,2014,0,116500049000,VACANT LAND /GENERAL COMMON ELEMENTS
non_residential_zoning; not_clear_individual_owner; sold_after_2021_not_5_year_hold,3325 N MARIPOSA ST,80211-3538,CENTURY MARIPOSA LLC,C-MX-5,10793,2026,9500000,228131034000,VACANT LAND
not_clear_individual_owner,10947 E 26TH AVE,,CITY & COUNTY OF DENVER,R-MU-20,30890,2020,0,126300076000,VACANT LAND /GENERAL COMMON ELEMENTS
non_residential_zoning; not_clear_individual_owner,3722 CHESTNUT PL,80216-3632,MENALTO LLC,I-MX-8,19950,2020,1,227108035000,VACANT LAND
not_clear_individual_owner,5248 N AKRON ST,,EXPRESSIONS & HERITAGE AT STAPLETON HOA INC,M-RX-5,13172,2017,1,116100113000,VACANT LAND /GENERAL COMMON ELEMENTS
not_clear_individual_owner; sold_after_2021_not_5_year_hold,5865 N GENEVA ST,,STAPLETON FILINGS 53 AND 54 HOMEOWNERS ASSOCIATION INC,M-RX-5,9901,2022,10,110400051000,VACANT LAND /GENERAL COMMON ELEMENTS
non_residential_zoning; not_clear_individual_owner,5530 N TOWER RD APPRX,,CITY & COUNTY OF DENVER,C-MU-20,46248,2015,0,15200179000,VACANT LAND /GENERAL COMMON ELEMENTS
not_clear_individual_owner,9989 E 28TH PL,,PARK CREEK METROPOLITAN DISTRICT,R-MU-20,40000,2004,0,127400054000,VACANT LAND /GENERAL COMMON ELEMENTS
non_residential_zoning,1601 N SPEER BLVD,,AURARIA HIGHER EDUCATION,CMP-EI,9510,1997,1,233726018000,VACANT LAND /GENERAL COMMON ELEMENTS
non_residential_zoning; sale_year_unknown_needs_enrichment,9500 E 38TH AVE,,UNION PACIFIC RR CO,OS-A,27000,,,127200002000,VACANT LAND
not_clear_individual_owner; sold_after_2021_not_5_year_hold,9277 E 57TH AVE,,PARK CREEK METROPOLITAN DISTRICT,M-RX-5,9595,2023,0,110300105000,VACANT LAND /GENERAL COMMON ELEMENTS
not_clear_individual_owner; sold_after_2021_not_5_year_hold,10272 E 60TH AVE,,PARK CREEK METROPOLITAN DISTRICT,M-RX-5,7051,2023,0,110100304000,VACANT LAND /GENERAL COMMON ELEMENTS
non_residential_zoning; sale_year_unknown_needs_enrichment,1630 35TH ST MISC,,UNION PACIFIC RR CO,I-B,209592,,,227100032000,VACANT LAND
not_clear_individual_owner; sale_year_unknown_needs_enrichment,2123 N TRENTON ST,80238-3256,PARK CREEK METROPOLITAN DISTRICT,R-MU-20,24676,,,133200023000,VACANT LAND /GENERAL COMMON ELEMENTS
not_clear_individual_owner; sold_after_2021_not_5_year_hold,9207 E 60TH AVE,,PARK CREEK METROPOLITAN DISTRICT,M-RX-5,14220,2023,0,110300026000,VACANT LAND /GENERAL COMMON ELEMENTS
not_clear_individual_owner,2612 N FULTON ST,,PARK CREEK METROPOLITAN DISTRICT,R-MU-20,15418,2005,10,127400106000,VACANT LAND /GENERAL COMMON ELEMENTS
not_clear_individual_owner; sold_after_2021_not_5_year_hold,4522 N WILLOW ST,,PARK CREEK METROPOLITAN DISTRICT,M-IMX-12,9302,2023,10,121101023000,VACANT LAND /GENERAL COMMON ELEMENTS
non_residential_zoning; not_clear_individual_owner; sold_after_2021_not_5_year_hold,7750 E 32ND AVE,80238-3582,CITY & COUNTY OF DENVER,C-MU-20,169873,2025,500,128600026000,VACANT LAND /GENERAL COMMON ELEMENTS
not_clear_individual_owner,9097 E 29TH PL MISC,,PARK CREEK METROPOLITAN DISTRICT,R-MU-30,21441,2004,0,127312006000,VACANT LAND
not_clear_individual_owner,9264 E 37TH AVE,80238-3511,CITY & COUNTY OF DENVER,R-MU-20,37741,2014,0,127200049000,VACANT LAND /GENERAL COMMON ELEMENTS
not_clear_individual_owner,2993 N ELMIRA ST,80238-2972,ARTISAN PLAZAS I HOMEOWNERS ASSOCIATION,R-MU-20,9394,2005,1000,127410033000,VACANT LAND /GENERAL COMMON ELEMENTS
not_clear_individual_owner,11011 E 27TH AVE,,CITY & COUNTY OF DENVER,R-MU-20,40393,2020,0,126300073000,VACANT LAND /GENERAL COMMON ELEMENTS
not_clear_individual_owner,2335 N ALTON ST,,GARDEN COURTS II HOMEOWNERS ASSOCIATION,R-MU-20,9760,2005,0,134203042000,VACANT LAND /GENERAL COMMON ELEMENTS
not_clear_individual_owner; sold_after_2021_not_5_year_hold,16024 E ELK PL,,DENVER CONNECTION WEST METROPOLITAN DISTRICT,PUD,13035,2023,0,20200037000,VACANT LAND /GENERAL COMMON ELEMENTS
not_clear_individual_owner,10105 E 40TH AVE,,BEDROSIAN STAPLETON LLC,M-IMX-5,351371,2008,2178500,122401005000,VACANT LAND
non_residential_zoning; not_clear_individual_owner; sale_year_unknown_needs_enrichment,11350 E 47TH AVE,,MILE HIGH BUSINESS CENTER METROPOLITAN DISTRICT,I-B,81959,,,123100086000,VACANT LAND /GENERAL COMMON ELEMENTS
not_clear_individual_owner,4595 W 36TH PL,,HIGHLAND GARDEN VILLAGE MASTER ASSOCIATION,PUD,13778,2001,10,230245020000,VACANT LAND /GENERAL COMMON ELEMENTS
not_clear_individual_owner; sold_after_2021_not_5_year_hold,10805 E MARTIN LUTHER KING JR BLVD,,CITY & COUNTY OF DENVER,R-MU-20,61033,2024,500,126300103000,VACANT LAND /GENERAL COMMON ELEMENTS
non_residential_zoning; not_clear_individual_owner,8149 E 32ND AVE,,PARK CREEK METROPOLITAN DISTRICT,C-MU-20,15412,2011,0,128600064000,VACANT LAND /GENERAL COMMON ELEMENTS
not_clear_individual_owner,3239 N FLORENCE WAY,,PARK CREEK METROPOLITAN DISTRICT,R-MU-20,15852,2007,0,127400129000,VACANT LAND /GENERAL COMMON ELEMENTS
non_residential_zoning; not_clear_individual_owner; sold_after_2021_not_5_year_hold,6452 N TOWER RD,,HAWKEYE TOWER ROAD LODGING LLC,C-MU-10,297594,2023,5592100,3104001000,VACANT LAND
not_clear_individual_owner; sold_after_2021_not_5_year_hold,4790 N KITTREDGE ST,80239-5480,AVION AT DENVER CONNECTION TONWHOME ASSOCIATION,PUD,57714,2022,10,20200051000,VACANT LAND /GENERAL COMMON ELEMENTS
not_clear_individual_owner; sold_after_2021_not_5_year_hold,9205 E 58TH DR,,PARK CREEK METROPOLITAN DISTRICT,M-RX-5,14714,2023,0,110300070000,VACANT LAND /GENERAL COMMON ELEMENTS
non_residential_zoning; not_clear_individual_owner,8900 E 38TH AVE,,PARK CREEK METROPOLITAN DISTRICT,OS-B,233133,2006,0,127200007000,VACANT LAND
not_clear_individual_owner,3569 N BOSTON ST,,INNOVATIONS AND COURTYARD TRADITIONS AT STAPLETON HOMEOWNERS ASSOCIATION INC,R-MU-20,13757,2016,10,127202054000,VACANT LAND /GENERAL COMMON ELEMENTS
non_residential_zoning; not_clear_individual_owner,4701 N HAVANA ST,,SBC METROPOLITAN DISTRICT,C-MU-30,21780,2014,10,115405005000,VACANT LAND /GENERAL COMMON ELEMENTS
not_clear_individual_owner,20920 E 42ND AVE,,GVR METROPOLITAN DISTRICT,R-2,16308,2008,0,23316015000,VACANT LAND /GENERAL COMMON ELEMENTS
non_residential_zoning; not_clear_individual_owner,3400 ROCKMONT DR,,UNION PACIFIC RAILROAD COMPANY,I-B,73898,1997,0,228100035000,VACANT LAND
non_residential_zoning; not_clear_individual_owner,6972 N ARGONNE ST MISC,,CITY & COUNTY OF DENVER,C-MU-20,59606,2021,0,3100115000,VACANT LAND /GENERAL COMMON ELEMENTS
non_residential_zoning; not_clear_individual_owner,1600 10TH ST,,KROENKE PARKING LLC,CPV-T,91796,2007,0,233510012000,VACANT LAND
not_clear_individual_owner; sale_year_unknown_needs_enrichment,1808 28TH ST,,DENARGO MARKET METROPOLITAN DISTRICT NO 1,PUD,76717,,,227400115000,VACANT LAND /GENERAL COMMON ELEMENTS
non_residential_zoning; not_clear_individual_owner,4200 N INCA ST,,UNION PACIFIC RAILROAD COMPANY,I-B,64200,1997,0,221416001000,VACANT LAND
non_residential_zoning; not_clear_individual_owner; sale_year_unknown_needs_enrichment,5301 N CHAMBERS RD,,CITY & COUNTY OF DENVER,OS-A,8632,,,18115025000,VACANT LAND /GENERAL COMMON ELEMENTS
non_residential_zoning; not_clear_individual_owner; sale_year_unknown_needs_enrichment,5590 N TUCSON ST,,CITY & COUNTY OF DENVER,OS-A,18000,,,113611013000,VACANT LAND /GENERAL COMMON ELEMENTS
not_clear_individual_owner; sold_after_2021_not_5_year_hold,6354 N ELMIRA WAY,,PARK CREEK METROPOLITAN DISTRICT,M-RX-5,16107,2023,0,110100264000,VACANT LAND /GENERAL COMMON ELEMENTS
not_clear_individual_owner; sale_year_unknown_needs_enrichment,3888 N WILLIAMS ST,80205-3455,CITY & COUNTY OF DENVER,PUD,7048,,,223408035000,VACANT LAND /GENERAL COMMON ELEMENTS
not_clear_individual_owner; sold_after_2021_not_5_year_hold,6509 N DUNKIRK ST,80249-8650,ALTARIA AT HIGH POINT COMMUNITY ASSOCIATION INC,R-MU-20,36792,2022,0,3100098000,VACANT LAND /GENERAL COMMON ELEMENTS
non_residential_zoning; not_clear_individual_owner,3855 N INCA ST,80211-2630,EAST HINDSDALE OFFICE PARK LTD,I-MX-3,18750,2019,1675000,221447010000,VACANT LAND
non_residential_zoning; not_clear_individual_owner; sold_after_2021_not_5_year_hold,6502 N TOWER RD,80249-7763,STRASBURG CHERRY CREEK DEVELOPMENT LLC,C-MU-20,64002,2025,1280000,3106005000,VACANT LAND
not_clear_individual_owner,3516 N AKRON ST,80238-3398,PARK CREEK METROPOLITAN DISTRICT,R-MU-20,9244,2006,0,128509015000,VACANT LAND /GENERAL COMMON ELEMENTS
not_clear_individual_owner; sale_year_unknown_needs_enrichment,4602 N BEELER CT APPRX,80238-2319,PARK CREEK METROPOLITAN DISTRICT,M-IMX-12,7008,,,115308002000,VACANT LAND /GENERAL COMMON ELEMENTS
not_clear_individual_owner,4432 N CORNISH WAY,80239-4994,VISTAS OWNERS ASSOCIATION,R-2,16669,2000,10,124118063000,VACANT LAND /GENERAL COMMON ELEMENTS
not_clear_individual_owner; sale_year_unknown_needs_enrichment,4650 N CHAMBERS RD,,SAND CREEK METROPOLITAN DISTRICT,GTWY,335548,,,20201014000,VACANT LAND /GENERAL COMMON ELEMENTS
not_clear_individual_owner,18649 E 43RD AVE,,GVR METROPOLITAN DISTRICT,R-2-A,64077,2008,0,22311040000,VACANT LAND /GENERAL COMMON ELEMENTS
not_clear_individual_owner; sold_after_2021_not_5_year_hold,4748 N JASPER ST,,DENVER CONNECTION WEST METROPOLITAN DISTRICT,PUD,111698,2023,0,20200034000,VACANT LAND /GENERAL COMMON ELEMENTS
non_residential_zoning; not_clear_individual_owner,4201 N MONROE ST,,REGIONAL TRANSPORTATION DISTRICT,I-A,19700,2012,0,224405013000,VACANT LAND
non_residential_zoning; not_clear_individual_owner,9306 E 35TH AVE -9508,,PARK CREEK METROPOLITAN DISTRICT,OS-A,742889,2014,0,127300036000,VACANT LAND
non_residential_zoning; not_clear_individual_owner,4745 N FEDERAL BLVD,80211-1129,HOUSING AUTHORITY OF CITY & COUNTY OF DENVER,E-CC-3X,164543,2020,10950000,220200023000,VACANT LAND
non_residential_zoning; not_clear_individual_owner,1400 1ST ST,,STATE OF COLORADO DEPARTMENT OF TRANSPORTATION,C-MX-5,9297,1986,0,233416012000,VACANT LAND /GENERAL COMMON ELEMENTS
non_residential_zoning; not_clear_individual_owner,4600 N NIAGARA ST,,DENVER ROCK ISLAND RAILROAD INC,I-B,50600,2005,1600000,120100056000,VACANT LAND
not_clear_individual_owner; sold_after_2021_not_5_year_hold,5807 N CHESTER WAY,,CITY & COUNTY OF DENVER,M-RX-5,53335,2025,500,110300080000,VACANT LAND /GENERAL COMMON ELEMENTS
non_residential_zoning; not_clear_individual_owner; sale_year_unknown_needs_enrichment,4600 N MADISON ST,,BURLINGTON NORTHERN RR CO PROPERTY TAX DEPARTMENT,I-A,69500,,,224100006000,VACANT LAND
not_clear_individual_owner,8620 E BEEKMAN PL,,PARK CREEK METROPOLITAN DISTRICT,M-RX-5,16976,2016,10,116400069000,VACANT LAND /GENERAL COMMON ELEMENTS
not_clear_individual_owner,5201 N CHAMBERS RD,,RPC STORAGE 5R PORTFOLIO LLC,PUD,43641,2020,10,18401016000,VACANT LAND /GENERAL COMMON ELEMENTS
not_clear_individual_owner,4002 N HIMALAYA RD,,GVR METROPOLITAN DISTRICT,R-2-A,8135,2002,10,23308016000,VACANT LAND /GENERAL COMMON ELEMENTS
not_clear_individual_owner,20000 E MITCHELL PL,80249-7228,CITY & COUNTY OF DENVER,PUD,17249,2000,0,22420120000,VACANT LAND /GENERAL COMMON ELEMENTS
not_clear_individual_owner; sold_after_2021_not_5_year_hold,5732 N BOSTON ST,,CITY & COUNTY OF DENVER,M-RX-5,28786,2025,500,110300110000,VACANT LAND /GENERAL COMMON ELEMENTS
not_clear_individual_owner; sale_year_unknown_needs_enrichment,2812 N SPRUCE ST MISC,,CITY & COUNTY OF DENVER,R-MU-20,16318,,,128312028000,VACANT LAND /GENERAL COMMON ELEMENTS
not_clear_individual_owner; sale_year_unknown_needs_enrichment,5101 N RALEIGH ST,,CITY & COUNTY OF DENVER,U-SU-C1,8800,,,218407048000,VACANT LAND /GENERAL COMMON ELEMENTS
non_residential_zoning; sale_year_unknown_needs_enrichment,4400 N VINE ST,,UNION PACIFIC RR CO,I-B,12863,,,223124003000,VACANT LAND
not_clear_individual_owner,4605 W 50TH PL APPRX,,5390 MAINTENANCE ASSOCIATION INC,PUD-G,48021,2018,0,218300044000,VACANT LAND /GENERAL COMMON ELEMENTS
not_clear_individual_owner; sold_after_2021_not_5_year_hold,9157 E 57TH AVE,,PARK CREEK METROPOLITAN DISTRICT,M-RX-5,9622,2023,0,110300102000,VACANT LAND /GENERAL COMMON ELEMENTS
not_clear_individual_owner; sold_after_2021_not_5_year_hold,9102 E NORTHFIELD BLVD,,CITY & COUNTY OF DENVER,M-IMX-12,628003,2025,500,121100052000,VACANT LAND /GENERAL COMMON ELEMENTS
non_residential_zoning; not_clear_individual_owner; sale_year_unknown_needs_enrichment,3101 N SANTA FE DR,,BURLINGTON NORTHERN RR CO PROPERTY TAX DEPARTMENT,C-MX-5,143000,,,227800052000,VACANT LAND
non_residential_zoning; not_clear_individual_owner; sold_after_2021_not_5_year_hold,2698 N MOLINE ST,,PARK CREEK METROPOLITAN DISTRICT,C-MU-20,16341,2023,10,126400009000,VACANT LAND /GENERAL COMMON ELEMENTS
non_residential_zoning; not_clear_individual_owner; sale_year_unknown_needs_enrichment,4301 N INCA ST,,PUBLIC SERVICE CO,I-A,64690,,,221402019000,VACANT LAND
non_residential_zoning; not_clear_individual_owner; sale_year_unknown_needs_enrichment,7320 E 40TH AVE,,PUBLIC SERVICE CO,I-MX-5,91912,,,121300063000,VACANT LAND
not_clear_individual_owner; sold_after_2021_not_5_year_hold,6456 N CEYLON CT,80249-8650,ALTARIA AT HIGH POINT COMMUNITY ASSOCIATION INC,R-MU-20,10674,2022,0,3100095000,VACANT LAND /GENERAL COMMON ELEMENTS
non_residential_zoning; not_clear_individual_owner; sold_after_2021_not_5_year_hold,3309 N CENTRAL PARK BLVD APPRX,,CITY & COUNTY OF DENVER,C-MU-20,41712,2025,10,128600087000,VACANT LAND /GENERAL COMMON ELEMENTS
non_residential_zoning; not_clear_individual_owner; sold_after_2021_not_5_year_hold,5678 N TELLURIDE WAY,,IMKD 8 LLC,C-MU-30,55910,2025,29616600,9100173000,VACANT LAND /GENERAL COMMON ELEMENTS
not_clear_individual_owner,4349 N ORLEANS ST,,GVR METROPOLITAN DISTRICT,R-2,27112,2008,0,23426043000,VACANT LAND /GENERAL COMMON ELEMENTS
non_residential_zoning; not_clear_individual_owner,5326 N BAHAMA CT,80249-8284,CITY & COUNTY OF DENVER,C-MU-20,48051,2015,0,15209028000,VACANT LAND /GENERAL COMMON ELEMENTS
not_clear_individual_owner; sale_year_unknown_needs_enrichment,21010 E BEEKMAN PL,,HC LAND INVESTMENTS LLC,R-MU-20,428469,,,14300093000,VACANT LAND /GENERAL COMMON ELEMENTS
non_residential_zoning; not_clear_individual_owner; sold_after_2021_not_5_year_hold,8108 E SMITH RD,,PARK CREEK METROPOLITAN DISTRICT,C-MX-16,10420,2024,0,128100056000,VACANT LAND /GENERAL COMMON ELEMENTS
non_residential_zoning; not_clear_individual_owner; sale_year_unknown_needs_enrichment,2098 16TH ST,,BURLINGTON NORTHERN RR CO PROPERTY TAX DEPARTMENT,C-RX-12,90719,,,233200054000,VACANT LAND
not_clear_individual_owner; sold_after_2021_not_5_year_hold,9362 E 59TH PL,,CITY & COUNTY OF DENVER,M-RX-5,37416,2025,500,110300047000,VACANT LAND /GENERAL COMMON ELEMENTS
non_residential_zoning; not_clear_individual_owner; sold_after_2021_not_5_year_hold,9245 N BEELER ST,,CITY & COUNTY OF DENVER,CMP-H,29025,2025,500,115300098000,VACANT LAND /GENERAL COMMON ELEMENTS
non_residential_zoning,15275 E 40TH AVE,,SABLE RIDGE PLAZA OWNERS ASSOC,B-4,21465,2004,0,19417008000,VACANT LAND /GENERAL COMMON ELEMENTS
non_residential_zoning; not_clear_individual_owner; sale_year_unknown_needs_enrichment,700 E 46TH AVE,,STATE OF COLORADO DEPARTMENT OF TRANSPORTATION,I-A,99900,,,223200099000,VACANT LAND /GENERAL COMMON ELEMENTS
non_residential_zoning; not_clear_individual_owner,5175 E 45th AVE,,DEPARTMENT OF TRANSPORTATION STATE OF COLORADO,I-B,41282,2018,1890000,119100073000,VACANT LAND
non_residential_zoning; not_clear_individual_owner,2101 15TH ST,,CITY & COUNTY OF DENVER,C-RX-8,26916,1991,0,233200062000,VACANT LAND
not_clear_individual_owner,2701 N ALTON ST,,STAPLETON COACH HOUSE OWNERS ASSOCIATION NOS 5 & 6,R-MU-20,12900,2007,0,127309022000,VACANT LAND /GENERAL COMMON ELEMENTS
non_residential_zoning; not_clear_individual_owner,10351 E 51ST AVE,,CITY & COUNTY OF DENVER,C-MU-30,7508,2010,0,115100028000,VACANT LAND /GENERAL COMMON ELEMENTS
not_clear_individual_owner,1808 28TH ST,,DENARGO MARKET METROPOLITAN DISTRICT NO 1,PUD,32936,2013,10,227400120000,VACANT LAND /GENERAL COMMON ELEMENTS
non_residential_zoning; not_clear_individual_owner; sale_year_unknown_needs_enrichment,5590 N POTOMAC WAY,,CITY & COUNTY OF DENVER,OS-A,42700,,,18201016000,VACANT LAND /GENERAL COMMON ELEMENTS
not_clear_individual_owner,20702 E 47TH AVE,,BUNGALOWS AT GREEN VALLEY RANCH HOMEOWNERS ASSOCIATION,R-2,11339,2003,10,23211056000,VACANT LAND /GENERAL COMMON ELEMENTS
not_clear_individual_owner,5163 N BOSTON CT,,CITY & COUNTY OF DENVER,M-RX-5,12017,2021,0,115200101000,VACANT LAND /GENERAL COMMON ELEMENTS
non_residential_zoning; sale_year_unknown_needs_enrichment,4685 N WASHINGTON ST,,"REPLIN,RICHARD K",U-MX-3,8914,,,222119028000,VACANT LAND
not_clear_individual_owner,9226 E NORTHFIELD BLVD,,MID-AMERICA APARTMENTS LP,M-IMX-5,377503,2020,10,115306001000,VACANT LAND
not_clear_individual_owner,5207 N CLINTON ST,80238-3934,CITY & COUNTY OF DENVER,M-RX-5,45435,2021,0,115200102000,VACANT LAND /GENERAL COMMON ELEMENTS
non_residential_zoning; not_clear_individual_owner; sale_year_unknown_needs_enrichment,2500 W 17TH AVE,,PUBLIC SERVICE CO,C-MX-5,9202,,,232400025000,VACANT LAND /GENERAL COMMON ELEMENTS
non_residential_zoning; not_clear_individual_owner,4605 N BRIGHTON BLVD,,DEPARTMENT OF TRANSPORTATION STATE OF COLORADO,I-MX-3,8620,2000,716150,223111029000,VACANT LAND /GENERAL COMMON ELEMENTS
not_clear_individual_owner,4621 N VASQUEZ BLVD,,NORMANDY'S CORP,PUD,24700,2017,160000,224248001000,VACANT LAND
not_clear_individual_owner; sold_after_2021_not_5_year_hold,2125 W 28TH AVE,,MOTTO DEVELOPMENT LLC,U-RH-2.5,7150,2025,10,228324008000,VACANT LAND
not_clear_individual_owner,9858 E 28TH AVE MISC,,PARK CREEK METROPOLITAN DISTRICT,R-MU-20,48670,2004,0,127400053000,VACANT LAND /GENERAL COMMON ELEMENTS
not_clear_individual_owner; sold_after_2021_not_5_year_hold,8430 E 54TH PL,,CITY & COUNTY OF DENVER,M-RX-5,19283,2025,500,116100047000,VACANT LAND /GENERAL COMMON ELEMENTS
non_residential_zoning; not_clear_individual_owner,3725 N PEORIA ST,80239-3311,CITY & COUNTY OF DENVER,S-CC-3,17693,2013,0,126100017000,VACANT LAND /GENERAL COMMON ELEMENTS
not_clear_individual_owner,2614 N HANOVER CT,,GARDEN COURTS AT STAPLETON IV HOMEOWNERS ASSOCIATION,R-MU-20,9430,2007,0,127400135000,VACANT LAND /GENERAL COMMON ELEMENTS
non_residential_zoning; not_clear_individual_owner; sale_year_unknown_needs_enrichment,3700 N GALAPAGO ST,,BURLINGTON NORTHERN RR CO PROPERTY TAX DEPARTMENT,I-B,22355,,,227300119000,VACANT LAND
non_residential_zoning; not_clear_individual_owner; sale_year_unknown_needs_enrichment,21200 GREEN VALLEY RANCH BLVD,,CITY & COUNTY OF DENVER,OS-A,592982,,,23100022000,VACANT LAND /GENERAL COMMON ELEMENTS
not_clear_individual_owner,1600 WYNKOOP ST,80202-5919,CITY & COUNTY OF DENVER,T-MU-30,35726,2012,0,233200169000,VACANT LAND /GENERAL COMMON ELEMENTS
non_residential_zoning; not_clear_individual_owner; sold_after_2021_not_5_year_hold,5462 N TOWER RD,,CLAYTON PROPERTIES GROUP INCOAKWOOD HOMES,C-MU-20,170947,2023,0,15200198000,VACANT LAND /GENERAL COMMON ELEMENTS
not_clear_individual_owner,3342 N XENIA ST,,PARK CREEK METROPOLITAN DISTRICT,R-MU-20,16270,2006,0,128521014000,VACANT LAND /GENERAL COMMON ELEMENTS
not_clear_individual_owner; sale_year_unknown_needs_enrichment,4633 N RACE AVE,80216-2820,DEPARTMENT OF TRANSPORTATION STATE OF COLORADO,E-TU-B,14620,,,223114055000,VACANT LAND /GENERAL COMMON ELEMENTS
not_clear_individual_owner,4641 N BEELER ST,,JOURNEY POINT CHURCH,M-IMX-12,40913,2020,835000,115300094000,VACANT LAND
non_residential_zoning; not_clear_individual_owner,4101 N FOX ST,80216-4836,REGIONAL TRANSPORTATION DISTRICT,I-A,26600,2010,1125000,222321007000,VACANT LAND
not_clear_individual_owner; sold_after_2021_not_5_year_hold,9246 E 57TH AVE,,PARK CREEK METROPOLITAN DISTRICT,M-MX-5,7499,2023,0,110300121000,VACANT LAND /GENERAL COMMON ELEMENTS
not_clear_individual_owner; sale_year_unknown_needs_enrichment,4630 N VINE ST,80216-2858,DEPARTMENT OF TRANSPORTATION STATE OF COLORADO,E-TU-B,19245,,,223116030000,VACANT LAND /GENERAL COMMON ELEMENTS
not_clear_individual_owner; sale_year_unknown_needs_enrichment,2871 N VALENTIA ST MISC,,CITY & COUNTY OF DENVER,R-MU-20,14763,,,128405019000,VACANT LAND /GENERAL COMMON ELEMENTS
not_clear_individual_owner,8710 E 24TH AVE,,PARK CREEK METROPOLITAN DISTRICT,R-MU-20,17708,2003,10,133109008000,VACANT LAND /GENERAL COMMON ELEMENTS
non_residential_zoning; not_clear_individual_owner; sale_year_unknown_needs_enrichment,304 WALNUT ST,,CITY & COUNTY OF DENVER,C-MX-5,31060,,,233805004000,VACANT LAND /GENERAL COMMON ELEMENTS
not_clear_individual_owner; sold_after_2021_not_5_year_hold,8356 E 54TH PL,,CITY & COUNTY OF DENVER,M-RX-5,12000,2025,500,116100042000,VACANT LAND /GENERAL COMMON ELEMENTS
non_residential_zoning; not_clear_individual_owner; sale_year_unknown_needs_enrichment,1140 5TH ST,,STATE OF COLORADO DEPARTMENT OF TRANSPORTATION,CMP-EI,12100,,,233816006000,VACANT LAND /GENERAL COMMON ELEMENTS
not_clear_individual_owner; sale_year_unknown_needs_enrichment,8635 E 37TH AVE,,PARK CREEK METROPOLITAN DISTRICT,R-MU-20,253344,,,128501003000,VACANT LAND /GENERAL COMMON ELEMENTS
not_clear_individual_owner; sale_year_unknown_needs_enrichment,4096 N XENIA ST,,FC STAPLETON II LLC,M-IMX-12,38707,,,121404001000,VACANT LAND
non_residential_zoning; not_clear_individual_owner; sale_year_unknown_needs_enrichment,4601 N COLUMBINE ST APPRX,,DEPARTMENT OF TRANSPORTATION STATE OF COLORADO,E-MX-2,7100,,,224226013000,VACANT LAND /GENERAL COMMON ELEMENTS
non_residential_zoning; not_clear_individual_owner; sold_after_2021_not_5_year_hold,2510 WELTON ST VCNT,,DCPT 2510 LLC,C-MX-8,12600,2024,1975000,234103025000,VACANT LAND
not_clear_individual_owner; sold_after_2021_not_5_year_hold,16019 E ELK DR,80239-5491,DENVER CONNECTION WEST METROPOLITAN DISTRICT,PUD,12315,2023,0,20200018000,VACANT LAND /GENERAL COMMON ELEMENTS
non_residential_zoning; not_clear_individual_owner; sold_after_2021_not_5_year_hold,3301 N MARIPOSA ST,80211-3538,CENTURY MARIPOSA LLC,C-MX-5,9588,2026,9500000,228131020000,VACANT LAND
not_clear_individual_owner,5182 N AKRON ST,,STAPLETON NORTH FILINGS 42 AND 45 HOMEOWNERS ASSOCIATION INC,M-RX-5,17160,2015,10,116100114000,VACANT LAND /GENERAL COMMON ELEMENTS
not_clear_individual_owner; sold_after_2021_not_5_year_hold,5960 N BOSTON CT,,CITY & COUNTY OF DENVER,M-RX-5,30150,2025,500,110300050000,VACANT LAND /GENERAL COMMON ELEMENTS
tier1_confirmed_basic_filters_before_growth_proximity,4248 N FREEPORT WAY MISC,,"ZEQUERIA,HERIBERTO",R-1,7618,2007,110000,19422073000,VACANT LAND /GENERAL COMMON ELEMENTS
not_clear_individual_owner,2255 N VERBENA ST,,STAPLETON NEIGHBORHOOD NO 7,R-MU-20,13564,2010,0,133124029000,VACANT LAND /GENERAL COMMON ELEMENTS
non_residential_zoning; not_clear_individual_owner; sale_year_unknown_needs_enrichment,800 E 48TH AVE,,CITY & COUNTY OF DENVER,OS-C,28212,,,223200008000,VACANT LAND /GENERAL COMMON ELEMENTS
not_clear_individual_owner; sale_year_unknown_needs_enrichment,8335 E 28TH AVE MISC,,CITY & COUNTY OF DENVER,R-MU-20,20069,,,128404036000,VACANT LAND /GENERAL COMMON ELEMENTS
non_residential_zoning; not_clear_individual_owner,1593 N RALEIGH ST,,SOUTH SLOAN'S LAKE METROPOLITAN DISTRICT NO 2,C-MX-5,20323,2021,10,231400002000,VACANT LAND
non_residential_zoning; not_clear_individual_owner; sold_after_2021_not_5_year_hold,3495 N DOWNING ST,80205-3920,LATHROP RINO LLC,C-MX-3,9570,2023,1850000,226306022000,VACANT LAND
not_clear_individual_owner; sold_after_2021_not_5_year_hold,6544 N CEYLON ST,80249-8650,ALTARIA AT HIGH POINT COMMUNITY ASSOCIATION INC,R-MU-20,8913,2022,0,3100091000,VACANT LAND /GENERAL COMMON ELEMENTS
not_clear_individual_owner; sold_after_2021_not_5_year_hold,8645 E 47TH AVE,80205-3135,CITY & COUNTY OF DENVER,M-IMX-8,38073,2025,0,121100046000,VACANT LAND
non_residential_zoning; not_clear_individual_owner,5171 N BANNOCK ST,,OWENS CORNING ROOFING ASPHALT LLC,I-B,46000,2007,0,215300015000,VACANT LAND
non_residential_zoning; sale_year_unknown_needs_enrichment,8175 E 39TH AVE,80207-1701,UNION PACIFIC RR CO,I-B,591980,,,121400062000,VACANT LAND
not_clear_individual_owner; sale_year_unknown_needs_enrichment,4800 N GRANT ST,,CITY & COUNTY OF DENVER,E-SU-D,61200,,,215422001000,VACANT LAND
non_residential_zoning; not_clear_individual_owner; sold_after_2021_not_5_year_hold,6809 N YAMPA ST,80249,DIA YAMPA HS DEVELOPMENT LLC,C-MU-30,95390,2025,1642409,4107002000,VACANT LAND
not_clear_individual_owner,2880 N XANTHIA ST,,PARK CREEK METROPOLITAN DISTRICT,R-MU-20,13475,2003,0,128419021000,VACANT LAND /GENERAL COMMON ELEMENTS
non_residential_zoning,5100 N FILLMORE ST,,"MCGUIRE,AIDAN",I-B,7699,2017,30800,213303029000,VACANT LAND
non_residential_zoning; not_clear_individual_owner,3001 N INCA ST,,BURLINGTON NORTHERN RAILROAD HOLDINGS INC,C-MX-12,37891,2000,120000,227805042000,VACANT LAND
not_clear_individual_owner,2847 N EMPORIA ST,,GARDEN COURTS AT STAPLETON III HOMEOWNERS ASSOCIATION,R-MU-20,7938,2010,0,127417022000,VACANT LAND /GENERAL COMMON ELEMENTS
not_clear_individual_owner; sold_after_2021_not_5_year_hold,2056 N TAMARAC ST,,PARK CREEK METROPOLITAN DISTRICT,R-MU-20,18531,2023,0,133200047000,VACANT LAND /GENERAL COMMON ELEMENTS
non_residential_zoning; not_clear_individual_owner; sold_after_2021_not_5_year_hold,5853 N TOWER RD,,IMKD 8 LLC,C-MU-30,121011,2025,29616600,9128003000,VACANT LAND
sold_after_2021_not_5_year_hold,4931 N QUENTIN ST,,"NGUYEN,HAI NGOC",S-SU-D,7550,2022,0,113307008000,VACANT LAND
not_clear_individual_owner; sale_year_unknown_needs_enrichment,8809 E 39TH DR,,FC STAPLETON II LLC,M-IMX-12,119005,,,121405002000,VACANT LAND
non_residential_zoning; not_clear_individual_owner,4210 N CARSON ST,80239-5215,LBA NCC-COMPANY X LLC,I-0,296657,2017,26400000,124600040000,VACANT LAND /GENERAL COMMON ELEMENTS
not_clear_individual_owner,8654 E 49TH PL,,PARK CREEK METROPOLITAN DISTRICT,M-RX-5,7908,2016,10,116400075000,VACANT LAND /GENERAL COMMON ELEMENTS
not_clear_individual_owner,9102 E 53RD AVE,,CITY & COUNTY OF DENVER,M-RX-5,79406,2021,0,115200092000,VACANT LAND /GENERAL COMMON ELEMENTS
non_residential_zoning,5271 N CROWN BLVD,,"ADDISU,TOKKUMMA",B-2,7130,2018,78000,18505028000,VACANT LAND
not_clear_individual_owner; sold_after_2021_not_5_year_hold,5997 N BOSTON CT,,PARK CREEK METROPOLITAN DISTRICT,M-RX-5,17965,2023,0,110300048000,VACANT LAND /GENERAL COMMON ELEMENTS
non_residential_zoning; sale_year_unknown_needs_enrichment,4101 N ONEIDA ST,,UNION PACIFIC RR CO,I-B,11100,,,120400015000,VACANT LAND /GENERAL COMMON ELEMENTS
not_clear_individual_owner,2272 N JOLIET ST,,CITY & COUNTY OF DENVER,R-MU-20,25062,2020,0,126300065000,VACANT LAND /GENERAL COMMON ELEMENTS
not_clear_individual_owner,4240 N HIMALAYA RD,,MASTER HOMEOWNERS ASSOCIATION FOR GREEN VALLEY RANCH,R-2,22542,1998,10,23302024000,VACANT LAND /GENERAL COMMON ELEMENTS
not_clear_individual_owner; sold_after_2021_not_5_year_hold,10107 E 59TH PL,,PARK CREEK METROPOLITAN DISTRICT,M-RX-5,87032,2023,0,110400055000,VACANT LAND /GENERAL COMMON ELEMENTS
not_clear_individual_owner,11292 E 28TH PL,80238,CITY & COUNTY OF DENVER,R-MU-20,46565,2020,0,126300086000,VACANT LAND /GENERAL COMMON ELEMENTS
non_residential_zoning; not_clear_individual_owner; sale_year_unknown_needs_enrichment,3501 N TAMARAC ST MISC,,CITY & COUNTY OF DENVER,C-MU-20,22516,,,128201006000,VACANT LAND /GENERAL COMMON ELEMENTS
non_residential_zoning; not_clear_individual_owner; sale_year_unknown_needs_enrichment,5351 N WALDEN CT,,OAKWOOD HOMES LLC,C-MU-30,15517,,,16100157000,VACANT LAND /GENERAL COMMON ELEMENTS
not_clear_individual_owner,8484 E 49TH DR,80216,STAPLETON FILINGS 42 AND 45 HOME OWNER'S ASSOCIATION INC,M-RX-5,8170,2013,1007000,116500076000,VACANT LAND /GENERAL COMMON ELEMENTS
not_clear_individual_owner,4407 N ANDES WAY,,GVR METROPOLITAN DISTRICT,R-2-A,15551,2008,0,22314011000,VACANT LAND /GENERAL COMMON ELEMENTS
non_residential_zoning; not_clear_individual_owner,3211 DENARGO ST,,JV DENARGO LLC,C-MX-16,11731,2019,31945100,227400118000,VACANT LAND /GENERAL COMMON ELEMENTS
not_clear_individual_owner,2750 W 51ST AVE,80221-1230,BERKELEY MUTUAL DITCH CO,E-SU-D1X,10400,1941,2,217412025000,VACANT LAND /GENERAL COMMON ELEMENTS
non_residential_zoning; not_clear_individual_owner; sale_year_unknown_needs_enrichment,4850 N FEDERAL BLVD,80221-1146,KASADA LLC,B-3,49067,,,217425015000,VACANT LAND
non_residential_zoning; sale_year_unknown_needs_enrichment,4299 N KEARNEY ST,,UNION PACIFIC RR CO,I-B,39800,,,120300002000,VACANT LAND
not_clear_individual_owner,2868 N GENEVA ST,,PARK CREEK METROPOLITAN DISTRICT,R-MU-20,8810,2005,10,127400096000,VACANT LAND /GENERAL COMMON ELEMENTS
non_residential_zoning; not_clear_individual_owner; sale_year_unknown_needs_enrichment,4004 N YORK CT,80216-3901,REGIONAL TRANSPORTATION DISTRICT,I-B,29859,,,224320001000,VACANT LAND
not_clear_individual_owner,9791 E 60TH AVE,,PORTRAIT F54 AT STAPLETON HOMEOWNERS ASSOCIATION INC,M-RX-5,8556,2021,0,110100036000,VACANT LAND /GENERAL COMMON ELEMENTS
non_residential_zoning; not_clear_individual_owner; sold_after_2021_not_5_year_hold,18453 E 57TH AVE,,IMKD 8 LLC,C-MU-30,86121,2025,0,9131005000,VACANT LAND
not_clear_individual_owner,8100 E 49TH PL,80216,PARK CREEK METROPOLITAN DISTRICT,M-RX-5,10688,2014,0,116500064000,VACANT LAND /GENERAL COMMON ELEMENTS
not_clear_individual_owner,4002 N PERTH ST,,GVR METROPOLITAN DISTRICT,R-2,15131,2005,0,23409046000,VACANT LAND /GENERAL COMMON ELEMENTS
non_residential_zoning; not_clear_individual_owner; sale_year_unknown_needs_enrichment,2509 DELGANY ST,,JV LODO DENARGO LLC,C-MX-16,46430,,,227423001000,VACANT LAND
non_residential_zoning; not_clear_individual_owner,1610 E 46TH AVE,,STATE OF COLORADO DEPARTMENT OF TRANSPORTATION,I-MX-8,23291,1998,338000,223100065000,VACANT LAND /GENERAL COMMON ELEMENTS
non_residential_zoning; not_clear_individual_owner; sale_year_unknown_needs_enrichment,2809 DELGANY ST,,JV LODO DENARGO LLC,C-MX-20,63879,,,227421001000,VACANT LAND
non_residential_zoning; sale_year_unknown_needs_enrichment,3620 WAZEE ST,80216-3642,UNION PACIFIC RR CO,I-B,111220,,,227100039000,VACANT LAND
non_residential_zoning; not_clear_individual_owner; sale_year_unknown_needs_enrichment,4000 E 43RD AVE,,UNION PACIFIC RAILROAD COMPANY,I-B,248290,,,119300001000,VACANT LAND
not_clear_individual_owner; sold_after_2021_not_5_year_hold,4611 N TELLURIDE ST,,EVERGREEN-GVR & TELLURIDE APARTMENTS LLC,PUD,98069,2024,5648300,21100079000,VACANT LAND /GENERAL COMMON ELEMENTS
non_residential_zoning; not_clear_individual_owner,5101 N KALAMATH ST,,UNION PACIFIC RAILROAD COMPANY,I-A,113145,1997,0,216409018000,VACANT LAND
non_residential_zoning; not_clear_individual_owner; sale_year_unknown_needs_enrichment,3101 N SANTA FE DR,,BURLINGTON NORTHERN RR CO PROPERTY TAX DEPARTMENT,C-MX-5,7758,,,227800050000,VACANT LAND
non_residential_zoning; not_clear_individual_owner,4700 N LAFAYETTE ST,,REGIONAL TRANSPORTATION DISTRICT,I-B,8981,2016,0,223200247000,VACANT LAND
non_residential_zoning; not_clear_individual_owner,7912 E 33RD AVE,,PARK CREEK METROPOLITAN DISTRICT,C-MU-20,9794,2019,0,128600047000,VACANT LAND /GENERAL COMMON ELEMENTS
non_residential_zoning; not_clear_individual_owner,18979 E 57TH PL,,FIRST CREEK OWNERS ASSOCIATION,C-MU-30,7440,2010,0,10205086000,VACANT LAND /GENERAL COMMON ELEMENTS
non_residential_zoning,4200 N QUEBEC ST,,COURTYARD II ASSOCIATES LP,I-MX-5,12739,1987,0,121300100000,VACANT LAND /GENERAL COMMON ELEMENTS
non_residential_zoning; not_clear_individual_owner; sold_after_2021_not_5_year_hold,5359 N WALDEN CT,,CLAYTON PROPERTIES GROUP INCOAKWOOD HOMES,C-MU-30,12754,2023,0,16100158000,VACANT LAND /GENERAL COMMON ELEMENTS
non_residential_zoning; not_clear_individual_owner; sale_year_unknown_needs_enrichment,5600 E 43RD AVE,,UNION PACIFIC RAILROAD COMPANY,I-B,29300,,,120200006000,VACANT LAND
not_clear_individual_owner,8452 E 36TH AVE,,PARK CREEK METROPOLITAN DISTRICT,R-MU-20,16164,2006,0,128504014000,VACANT LAND /GENERAL COMMON ELEMENTS
not_clear_individual_owner; sold_after_2021_not_5_year_hold,9618 E 63RD AVE,,PARK CREEK METROPOLITAN DISTRICT,M-RX-5,14339,2023,0,110100277000,VACANT LAND /GENERAL COMMON ELEMENTS
not_clear_individual_owner; sold_after_2021_not_5_year_hold,15709 E ELK PL,,DENVER CONNECTION WEST METROPOLITAN DISTRICT,PUD,39658,2023,0,20200047000,VACANT LAND /GENERAL COMMON ELEMENTS
non_residential_zoning; not_clear_individual_owner; sold_after_2021_not_5_year_hold,3300 BLAKE ST,80205-2443,CP VII BLAKE LLC,C-MX-8,106327,2024,0,227127028000,VACANT LAND
non_residential_zoning; not_clear_individual_owner,3400 N BRIGHTON BLVD,80216-5023,L&M CAPITAL AND KOELBEL JV 4 LLC,I-MX-8,85292,2020,0,227122022000,VACANT LAND
non_residential_zoning; not_clear_individual_owner,9680 E 56TH AVE APPRX,,CITY & COUNTY OF DENVER,OS-A,60960,2021,0,115200125000,VACANT LAND /GENERAL COMMON ELEMENTS
not_clear_individual_owner; sold_after_2021_not_5_year_hold,9050 E 52ND AVE,,CITY & COUNTY OF DENVER,M-RX-5,14831,2025,500,116100066000,VACANT LAND /GENERAL COMMON ELEMENTS
non_residential_zoning; not_clear_individual_owner,2533 19TH ST,,CITY & COUNTY OF DENVER,OS-A,7630,1992,10,228402001000,VACANT LAND /GENERAL COMMON ELEMENTS
not_clear_individual_owner; sold_after_2021_not_5_year_hold,10326 E 31ST AVE,,PARK CREEK METROPOLITAN DISTRICT,R-MU-20,7699,2023,10,127458020000,VACANT LAND /GENERAL COMMON ELEMENTS
tier1_confirmed_basic_filters_before_growth_proximity,5100 N FILLMORE ST,,"VASQUEZ,FRANCISCO & JAVIER",E-SU-D,18900,2006,21000,213303004000,VACANT LAND
non_residential_zoning; not_clear_individual_owner; sale_year_unknown_needs_enrichment,5200 E 48TH AVE,,CHICAGO PACIFIC CORP,I-B,50100,,,119100034000,VACANT LAND
not_clear_individual_owner; sale_year_unknown_needs_enrichment,3958 N YOSEMITE ST APPRX,,FC STAPLETON II LLC,M-IMX-12,47681,,,121400125000,VACANT LAND /GENERAL COMMON ELEMENTS
non_residential_zoning; not_clear_individual_owner,2824 W 29TH AVE,,CONNELL VIKING PARK LLC,G-MU-8,7181,2016,3375000,229419037000,VACANT LAND
not_clear_individual_owner,15555 E 40TH AVE # TR-K,,SAND CREEK METROPOLITAN DISTRICT,GTWY,10162,2001,746100,20202101000,VACANT LAND /GENERAL COMMON ELEMENTS
not_clear_individual_owner; sale_year_unknown_needs_enrichment,4801 N PICADILLY RD,,C & H RANCH COMPANY LLC,R-MU-20,29595,,,14400019000,VACANT LAND /GENERAL COMMON ELEMENTS
non_residential_zoning; not_clear_individual_owner,3775 N PEORIA ST,80239-3311,CITY & COUNTY OF DENVER,I-B,17515,2012,0,123400028000,VACANT LAND /GENERAL COMMON ELEMENTS
not_clear_individual_owner,1578 N TENNYSON ST,,1500 TENNYSON LLC,U-SU-C2,7120,2016,0,231421007000,VACANT LAND
non_residential_zoning; not_clear_individual_owner; sale_year_unknown_needs_enrichment,585 WALNUT ST,,STATE OF COLORADO,CMP-EI,48831,,,233412011000,VACANT LAND /GENERAL COMMON ELEMENTS
not_clear_individual_owner; sale_year_unknown_needs_enrichment,5201 N CHAMBERS RD,,GATEWAY VILLAGE LTD,PUD,7332,,,18401018000,VACANT LAND /GENERAL COMMON ELEMENTS
non_residential_zoning; not_clear_individual_owner,3975 N YORK ST APPRX,80205-3537,CITY & COUNTY OF DENVER,I-B,12050,2019,0,223400067000,VACANT LAND
not_clear_individual_owner,2500 LAWRENCE ST APPRX,,CITY & COUNTY OF DENVER,G-RX-5,22417,2019,10,234206109000,VACANT LAND /GENERAL COMMON ELEMENTS
not_clear_individual_owner,4625 N MILWAUKEE ST,80216-2916,DEPARTMENT OF TRANSPORTATION,E-SU-D,9310,2018,285000,224204024000,VACANT LAND /GENERAL COMMON ELEMENTS
non_residential_zoning; not_clear_individual_owner; sale_year_unknown_needs_enrichment,17504 E 63RD,80202-5329,AVIATION STATION NORTH METROPOLITAN DISTRICT,S-MX-8,426749,,,9100160000,VACANT LAND /GENERAL COMMON ELEMENTS
not_clear_individual_owner,4900 N VALENTIA ST,80216,PARK CREEK METROPOLITAN DISTRICT,M-MX-5,7445,2014,0,116500039000,VACANT LAND /GENERAL COMMON ELEMENTS
non_residential_zoning; not_clear_individual_owner; sale_year_unknown_needs_enrichment,4991 N TELLURIDE ST,,DIA COLORADO JV LLC,C-MU-30,1315800,,,16100215000,VACANT LAND
non_residential_zoning; not_clear_individual_owner; sale_year_unknown_needs_enrichment,17904 E 54TH AVE,,OAKWOOD HOMES LLC,C-MU-30,10131,,,16100159000,VACANT LAND /GENERAL COMMON ELEMENTS
non_residential_zoning; not_clear_individual_owner; sold_after_2021_not_5_year_hold,11565 E 26TH AVE,,STAPLETON FILLINGS 53 AND 54 HOMEOWNERS ASSOCIATION INC,C-MU-20,13707,2023,0,126400010000,VACANT LAND /GENERAL COMMON ELEMENTS
not_clear_individual_owner; sold_after_2021_not_5_year_hold,5001 E 50TH AVE,,CITY & COUNTY OF DENVER,M-RX-5,25346,2025,500,116400054000,VACANT LAND /GENERAL COMMON ELEMENTS
non_residential_zoning; not_clear_individual_owner,2365 DELGANY ST,,REGIONAL TRANSPORTATION DISTRICT,I-B,25225,2019,10,227400125000,VACANT LAND
non_residential_zoning; not_clear_individual_owner,10100 E 42ND AVE,,STATE OF COLORADO DEPARTMENT OF TRANSPORTATION,OS-B,442510,2011,0,122300029000,VACANT LAND /GENERAL COMMON ELEMENTS
not_clear_individual_owner,5212 N CENTRAL PARK BLVD,,PARK CREEK METROPOLITAN DISTRICT,M-RX-5,17436,2019,10,115200105000,VACANT LAND /GENERAL COMMON ELEMENTS
non_residential_zoning; not_clear_individual_owner,4690 N GENEVA ST MISC,,SBC METROPOLITAN DISTRICT,C-MU-30,17424,2014,10,115406004000,VACANT LAND /GENERAL COMMON ELEMENTS
not_clear_individual_owner,10773 E 28TH PL,,STAPLETON FILING 35 & 17 HOMEOWNERS ASSOCIATION INC,R-MU-20,11770,2013,0,126300078000,VACANT LAND /GENERAL COMMON ELEMENTS
not_clear_individual_owner; sold_after_2021_not_5_year_hold,6325 N HANOVER ST,,CENTRAL PARK LIFESTYLE COMMUNITY,M-RX-5,17881,2025,10,110100285000,VACANT LAND /GENERAL COMMON ELEMENTS
not_clear_individual_owner,16292 E MAXWELL PL,,PARKFIELD NORTH HOMEOWNERS ASSOCIATION INC,PUD,7865,2011,10,17108039000,VACANT LAND /GENERAL COMMON ELEMENTS
not_clear_individual_owner; sold_after_2021_not_5_year_hold,5783 N CHESTER WAY,,CITY & COUNTY OF DENVER,M-RX-5,52415,2025,500,110300114000,VACANT LAND /GENERAL COMMON ELEMENTS
not_clear_individual_owner,5172 N YOSEMITE WAY,,EXPRESSIONS AND HERITAGE AT STAPLETON HOA INC,M-RX-5,19013,2017,1,116100115000,VACANT LAND /GENERAL COMMON ELEMENTS
non_residential_zoning; not_clear_individual_owner; sale_year_unknown_needs_enrichment,993 W 43RD AVE,,REGIONAL TRANSPORTATION DISTRICT,I-A,21721,,,221402018000,VACANT LAND
non_residential_zoning; not_clear_individual_owner; sale_year_unknown_needs_enrichment,19100 E 69TH DR,,BOTTLING GROUP LLC,C-MU-20,70712,,,3100126000,VACANT LAND /GENERAL COMMON ELEMENTS
non_residential_zoning; not_clear_individual_owner; sale_year_unknown_needs_enrichment,4600 N WASHINGTON ST -4700,,BURLINGTON NORTHERN RR CO PROPERTY TAX DEPARTMENT,I-B,122000,,,223200015000,VACANT LAND
not_clear_individual_owner; sold_after_2021_not_5_year_hold,8740 E 55TH AVE,,CITY & COUNTY OF DENVER,M-RX-5,79265,2025,500,116100053000,VACANT LAND /GENERAL COMMON ELEMENTS
non_residential_zoning; not_clear_individual_owner; sale_year_unknown_needs_enrichment,15901 E 51ST AVE,,CITY & COUNTY OF DENVER,OS-A,18573,,,17304008000,VACANT LAND /GENERAL COMMON ELEMENTS
not_clear_individual_owner; sold_after_2021_not_5_year_hold,9319 E 60TH PL,,CITY & COUNTY OF DENVER,M-RX-5,30358,2025,500,110300033000,VACANT LAND /GENERAL COMMON ELEMENTS
non_residential_zoning; sale_year_unknown_needs_enrichment,4600 N JOLIET ST,80239-2922,UNION PACIFIC RR CO,I-B,20400,,,123208005000,VACANT LAND
not_clear_individual_owner,4552 N KITTREDGE ST,,SAND CREEK METROPOLITAN DISTRICT,GTWY,371678,2001,10,20101001000,VACANT LAND /GENERAL COMMON ELEMENTS
not_clear_individual_owner; sold_after_2021_not_5_year_hold,9111 E 40TH AVE BLDG 11,,RUNWAY 35 SOUTH LLC,M-IMX-12,38177,2025,0,122300087000,VACANT LAND
non_residential_zoning; not_clear_individual_owner,3500 E 40TH AVE,,CITY & COUNTY OF DENVER,I-MX-3,25805,2016,10,224428014000,VACANT LAND
not_clear_individual_owner,9713 E 56TH AVE,,PARK CREEK METROPOLITAN DISTRICT,M-RX-5,66033,2017,10,110404020000,VACANT LAND /GENERAL COMMON ELEMENTS
non_residential_zoning; not_clear_individual_owner,13200 E 43RD AVE VCNT,,SCHOOL DISTRICT NO 1,I-0,9790,2005,10,124600052000,VACANT LAND
non_residential_zoning; not_clear_individual_owner,19001 E 58TH AVE,,FIRST CREEK OWNERS ASSOCIATION,C-MU-30,11160,2010,0,10202088000,VACANT LAND /GENERAL COMMON ELEMENTS
non_residential_zoning; not_clear_individual_owner; sale_year_unknown_needs_enrichment,4200 N TRENTON ST,,CITY & COUNTY OF DENVER,I-MX-5,12149,,,121300117000,VACANT LAND /GENERAL COMMON ELEMENTS
non_residential_zoning; not_clear_individual_owner; sale_year_unknown_needs_enrichment,4100 N BROADWAY,,BURLINGTON NORTHERN RR CO PROPERTY TAX DEPARTMENT,I-A,122473,,,222400042000,VACANT LAND
not_clear_individual_owner; sold_after_2021_not_5_year_hold,5936 N ALTON ST,,PARK CREEK METROPOLITAN DISTRICT,M-RX-5,11653,2023,0,110300068000,VACANT LAND /GENERAL COMMON ELEMENTS
not_clear_individual_owner,2564 N YOSEMITE ST,,PARK CREEK METROPOLITAN DISTRICT,R-MU-20,14636,2003,10,134201023000,VACANT LAND /GENERAL COMMON ELEMENTS
non_residential_zoning; not_clear_individual_owner,4901 N FOREST ST,,BN LEASING CORP,I-B,115468,1991,10,118401008000,VACANT LAND
non_residential_zoning; not_clear_individual_owner,4300 N INCA ST,,UNION PACIFIC RAILROAD COMPANY,I-B,48651,1997,0,221401001000,VACANT LAND
non_residential_zoning; not_clear_individual_owner; sale_year_unknown_needs_enrichment,4006 WYNKOOP ST,80216-3746,WESTFIELD-OREP JV LLLP,I-MX-8,7153,,,223300091000,VACANT LAND /GENERAL COMMON ELEMENTS
not_clear_individual_owner,8334 E 51ST AVE,80216,PARK CREEK METROPOLITAN DISTRICT,M-RX-5,17603,2014,0,116500046000,VACANT LAND /GENERAL COMMON ELEMENTS
non_residential_zoning; not_clear_individual_owner,4840 N GENEVA ST,,SBC METROPOLITAN DISTRICT,C-MU-30,38333,2014,10,115404004000,VACANT LAND /GENERAL COMMON ELEMENTS
not_clear_individual_owner,2991 N FULTON ST,,PARK CREEK METROPOLITAN DISTRICT,R-MU-20,12558,2004,0,127412024000,VACANT LAND /GENERAL COMMON ELEMENTS
non_residential_zoning; not_clear_individual_owner; sale_year_unknown_needs_enrichment,3750 N BRIGHTON BLVD,80216-3615,PURPLE MOUNTAIN VENTURES LLC,I-MX-12,12457,,,227106046000,VACANT LAND
non_residential_zoning; not_clear_individual_owner; sold_after_2021_not_5_year_hold,6175 N ARGONNE ST,,DENVER GATEWAY CENTER METROPOLITAN DISTRICT,C-MU-20,34220,2023,0,10200208000,VACANT LAND /GENERAL COMMON ELEMENTS
not_clear_individual_owner,17601 E 68TH AVE,,CITY & COUNTY OF DENVER,GTWY,313889,1993,1800000,4100129000,VACANT LAND
not_clear_individual_owner,3507 N XANTHIA CT,,PARK CREEK METROPOLITAN DISTRICT,R-MU-20,9103,2006,0,128512006000,VACANT LAND /GENERAL COMMON ELEMENTS
non_residential_zoning; not_clear_individual_owner; sale_year_unknown_needs_enrichment,4625 N COLORADO ST,80216-3217,DEPARTMENT OF TRANSPORTATION STATE OF COLORADO,I-A,45561,,,224125026000,VACANT LAND /GENERAL COMMON ELEMENTS
non_residential_zoning; not_clear_individual_owner; sale_year_unknown_needs_enrichment,4200 N MONROE ST,80216-4239,REGIONAL TRANSPORTATION DISTRICT,I-A,43909,,,224404010000,VACANT LAND
not_clear_individual_owner,21498 GREEN VALLEY RANCH BLVD,,GVR METROPOLITAN DISTRICT,R-2,10705,2008,0,23108117000,VACANT LAND /GENERAL COMMON ELEMENTS
not_clear_individual_owner; sold_after_2021_not_5_year_hold,8292 E 29TH PL,,STAPLETON COACH HOUSE OWNERS ASSOCIATION 9 11 & 12 INC,R-MU-30,11634,2025,0,128426015000,VACANT LAND /GENERAL COMMON ELEMENTS
non_residential_zoning; not_clear_individual_owner; sale_year_unknown_needs_enrichment,5000 E 43RD AVE,,UNION PACIFIC RAILROAD COMPANY,I-B,24600,,,119100010000,VACANT LAND
non_residential_zoning; not_clear_individual_owner; sold_after_2021_not_5_year_hold,4002 N SALIDA WAY,,GATEWAY EAST RESIDENTIAL LLC,C-MX-8,104705,2024,10,21301002000,VACANT LAND
not_clear_individual_owner; sold_after_2021_not_5_year_hold,8900 N AKRON ST,,CITY & COUNTY OF DENVER,M-RX-5,34560,2025,500,116400048000,VACANT LAND /GENERAL COMMON ELEMENTS
not_clear_individual_owner; sold_after_2021_not_5_year_hold,5932 N GALENA ST,,PARK CREEK METROPOLITAN DISTRICT,M-RX-5,11175,2023,0,110400039000,VACANT LAND /GENERAL COMMON ELEMENTS
not_clear_individual_owner; sold_after_2021_not_5_year_hold,10217 E 61ST AVE,,PARK CREEK METROPOLITAN DISTRICT,M-RX-5,14616,2023,0,110100284000,VACANT LAND /GENERAL COMMON ELEMENTS
not_clear_individual_owner; sold_after_2021_not_5_year_hold,4752 N JOPLIN ST,,DENVER CONNECTION WEST METROPOLITAN DISTRICT,PUD,15784,2023,0,20200027000,VACANT LAND /GENERAL COMMON ELEMENTS
non_residential_zoning; not_clear_individual_owner,4471 N PEARL ST,,HDC 4471 PERAL STREET LLLP,U-MX-3,12125,2021,1100000,222136035000,VACANT LAND
non_residential_zoning; not_clear_individual_owner,7511 E MARTIN LUTHER KING JR BLVD,,PARK CREEK METROPOLITAN DISTRICT,C-MU-20,51530,2003,331400,128325006000,VACANT LAND
not_clear_individual_owner,2070 BLAKE ST,,DENVER METROPOLITAN MAJOR LEAGUE BASEBALL STADIUM DISTRI,PUD-G,20469,2016,2835000,227909045000,VACANT LAND
non_residential_zoning; not_clear_individual_owner; sale_year_unknown_needs_enrichment,6383 N TELLURIDE WAY,,KCM PENA STATION II LLC,S-MX-12A,379106,,,9115001000,VACANT LAND
non_residential_zoning; sale_year_unknown_needs_enrichment,4500 N KINGSTON ST -4600,,UNION PACIFIC RR CO,I-B,20700,,,123204003000,VACANT LAND
not_clear_individual_owner; sold_after_2021_not_5_year_hold,9100 E NORTHFIELD BLVD APPRX,,CITY & COUNTY OF DENVER,M-IMX-5,39834,2025,0,121100086000,VACANT LAND /GENERAL COMMON ELEMENTS
non_residential_zoning; not_clear_individual_owner,3737 N PEORIA ST,80239-3311,CITY & COUNTY OF DENVER,I-B,31803,2012,0,126100013000,VACANT LAND /GENERAL COMMON ELEMENTS
not_clear_individual_owner; sold_after_2021_not_5_year_hold,7990 E 54TH PL,,CITY & COUNTY OF DENVER,M-RX-5,12058,2025,500,116100031000,VACANT LAND /GENERAL COMMON ELEMENTS
non_residential_zoning; not_clear_individual_owner; sold_after_2021_not_5_year_hold,3698 N XANTHIA ST,,KH GEORGIA LLC,C-MU-30,23812,2022,0,128100031000,VACANT LAND /GENERAL COMMON ELEMENTS
not_clear_individual_owner,8757 E 35TH AVE,,PARK CREEK METROPOLITAN DISTRICT,R-MU-20,16270,2006,0,128520014000,VACANT LAND /GENERAL COMMON ELEMENTS
non_residential_zoning; not_clear_individual_owner; sale_year_unknown_needs_enrichment,4400 N WASHINGTON ST,,BURLINGTON NORTHERN RR CO PROPERTY TAX DEPARTMENT,I-MX-8,33600,,,222100001000,VACANT LAND
not_clear_individual_owner,3220 N PECOS ST,,DENVER URBAN GARDENS,U-TU-B,15600,1987,0,228134003000,VACANT LAND
non_residential_zoning; not_clear_individual_owner,4501 WYNKOOP ST,80216-3715,DEPARTMENT OF TRANSPORTATION STATE OF COLORADO,I-B,10412,2015,1362000,223123012000,VACANT LAND /GENERAL COMMON ELEMENTS
not_clear_individual_owner,1901 CHESTNUT PL,,BLOCK 11 REMAINDER LLC,PUD,31280,2019,10,227800242000,VACANT LAND
non_residential_zoning; not_clear_individual_owner,9155 E 37TH AVE,80238-3510,PARK CREEK METROPOLITAN DISTRICT,OS-B,493827,2011,0,127100014000,VACANT LAND
non_residential_zoning; not_clear_individual_owner; sale_year_unknown_needs_enrichment,1905 44TH ST,,STATE OF COLORADO DEPARTMENT OF TRANSPORTATION,I-MX-8,47038,,,223205008000,VACANT LAND /GENERAL COMMON ELEMENTS
not_clear_individual_owner,19155 E 40TH AVE,,GVR METROPOLITAN DISTRICT,S-RH-2.5,24453,2008,0,22400030000,VACANT LAND /GENERAL COMMON ELEMENTS
not_clear_individual_owner,9599 E 28TH AVE,,PARK CREEK METROPOLITAN DISTRICT,R-MU-20,17965,2004,0,127418027000,VACANT LAND /GENERAL COMMON ELEMENTS
not_clear_individual_owner; sold_after_2021_not_5_year_hold,9310 E 58TH DR,,CITY & COUNTY OF DENVER,M-RX-5,118425,2025,500,110300074000,VACANT LAND /GENERAL COMMON ELEMENTS
not_clear_individual_owner; sold_after_2021_not_5_year_hold,2005 N TAMARAC ST,,CITY & COUNTY OF DENVER,R-MU-20,18966,2025,500,133200034000,VACANT LAND /GENERAL COMMON ELEMENTS
not_clear_individual_owner,5493 N XANTHIA ST,,PARK CREEK METROPOLITAN DISTRICT,M-RX-5,11483,2014,0,116100079000,VACANT LAND /GENERAL COMMON ELEMENTS
not_clear_individual_owner,2404 N YOSEMITE ST,,PARK CREEK METROPOLITAN DISTRICT,R-MU-20,11858,2003,10,134209021000,VACANT LAND /GENERAL COMMON ELEMENTS
not_clear_individual_owner,8083 E 26TH AVE,,PARK CREEK METROPOLITAN DISTRICT,R-MU-20,18901,2002,10,128324027000,VACANT LAND /GENERAL COMMON ELEMENTS
not_clear_individual_owner; sold_after_2021_not_5_year_hold,8430 E 54TH DR,,CITY & COUNTY OF DENVER,M-RX-5,19020,2025,500,116100046000,VACANT LAND /GENERAL COMMON ELEMENTS
not_clear_individual_owner,9201 E 33RD AVE,80238-3500,CITY & COUNTY OF DENVER,R-MU-20,40738,2014,500,127200018000,VACANT LAND /GENERAL COMMON ELEMENTS
not_clear_individual_owner,1600 LITTLE RAVEN ST,,CENTRAL PLATTE VALLEY METROPOLITAN DISTRICT,PUD,9493,2009,0,233221550000,VACANT LAND /GENERAL COMMON ELEMENTS
non_residential_zoning; not_clear_individual_owner,10395 E 40TH AVE APPRX,,UNION PACIFIC RAILROAD COMPANY,O-1,20891,2016,0,122400024000,VACANT LAND /GENERAL COMMON ELEMENTS
non_residential_zoning; not_clear_individual_owner; sale_year_unknown_needs_enrichment,1601 N SPEER BLVD,,CITY & COUNTY OF DENVER,CMP-EI,12000,,,233726016000,VACANT LAND /GENERAL COMMON ELEMENTS
non_residential_zoning; not_clear_individual_owner; sold_after_2021_not_5_year_hold,4360 N RIFLE ST,,SAND CREEK METROPOLITAN DISTRICT,C-MX-8,128115,2023,0,21300010000,VACANT LAND
not_clear_individual_owner,10745 E 28TH AVE,,CITY & COUNTY OF DENVER,R-MU-20,31350,2019,500,126300030000,VACANT LAND /GENERAL COMMON ELEMENTS
not_clear_individual_owner,2205 N WASHINGTON ST,,2205 WASHINGTON LLC,R-MU-30,31939,2018,2235750,234129001000,VACANT LAND
not_clear_individual_owner,10943 E 28TH PL,80238-3225,CITY & COUNTY OF DENVER,R-MU-20,72171,2020,0,126300063000,VACANT LAND /GENERAL COMMON ELEMENTS
non_residential_zoning; not_clear_individual_owner; sale_year_unknown_needs_enrichment,5591 N POTOMAC WAY,,CITY & COUNTY OF DENVER,OS-A,10200,,,113108016000,VACANT LAND /GENERAL COMMON ELEMENTS
not_clear_individual_owner; sold_after_2021_not_5_year_hold,9404 E 58TH DR,,PARK CREEK METROPOLITAN DISTRICT,M-RX-5,14506,2023,0,110300082000,VACANT LAND /GENERAL COMMON ELEMENTS
non_residential_zoning; not_clear_individual_owner,6499 E 39TH AVE,,TMT MONACO I-70 LLC,I-A,17421,2019,27350000,120300178000,VACANT LAND /GENERAL COMMON ELEMENTS
non_residential_zoning; not_clear_individual_owner,4600 N LEYDEN ST,,MONCAO I LLC,I-B,163475,2007,4500000,120200128000,VACANT LAND
not_clear_individual_owner,2944 N FULTON ST,,GARDEN COURTS AT STAPLETON III HOMEOWNERS ASSOCIATION,R-MU-20,15041,2007,10,127400112000,VACANT LAND /GENERAL COMMON ELEMENTS
not_clear_individual_owner,2888 N XANTHIA ST,,PARK CREEK METROPOLITAN DISTRICT,R-MU-20,14974,2003,0,128418027000,VACANT LAND /GENERAL COMMON ELEMENTS
non_residential_zoning; not_clear_individual_owner,2395 N SPRUCE WAY,,CITY & COUNTY OF DENVER,OS-A,71568,2005,500,133200050000,VACANT LAND
not_clear_individual_owner,3101 N EMPORIA CT,,PARK CREEK METROPOLITAN DISTRICT,R-MU-20,64419,2005,10,127400023000,VACANT LAND /GENERAL COMMON ELEMENTS
non_residential_zoning; not_clear_individual_owner; sale_year_unknown_needs_enrichment,4700 N DAHLIA ST,80216-3223,BURLINGTON NORTHERN RR CO PROPERTY TAX DEPARTMENT,I-B,122361,,,119100076000,VACANT LAND
non_residential_zoning; sale_year_unknown_needs_enrichment,1872 44TH ST,,UNION PACIFIC RR CO,I-MX-8,41100,,,223200189000,VACANT LAND
not_clear_individual_owner; sale_year_unknown_needs_enrichment,14406 E ANDREWS DR,,MONTBELLO 14400 LLC,S-RH-2.5,64290,,,19217002000,VACANT LAND
non_residential_zoning; not_clear_individual_owner; sold_after_2021_not_5_year_hold,4379 N RIFLE ST,,SAND CREEK METROPOLITAN DISTRICT,C-MX-8,44657,2023,0,21300011000,VACANT LAND /GENERAL COMMON ELEMENTS
non_residential_zoning; not_clear_individual_owner; sold_after_2021_not_5_year_hold,19203 HIGH POINT BLVD,80249-8770,CITY & COUNTY OF DENVER,OS-A,215386,2022,10,3100065000,VACANT LAND /GENERAL COMMON ELEMENTS
non_residential_zoning; not_clear_individual_owner,1201 3RD ST,,UNION PACIFIC RAILROAD COMPANY,C-MX-5,14169,1997,0,233810014000,VACANT LAND
not_clear_individual_owner,2803 W 52ND AVE,80221-1259,ARIA MASTER ASSOCIATION INC,R-MU-30,33995,2013,0,217100030000,VACANT LAND
not_clear_individual_owner; sale_year_unknown_needs_enrichment,9004 E 56TH AVE,,SCHOOL DISTRICT NO 1,M-RX-5,7487,,,115200018000,VACANT LAND
not_clear_individual_owner,9931 E 32ND AVE,,STAPLETON COACH HOUSE OWNERS ASSOCIATION NO 1,R-MU-20,17674,2009,0,127402058000,VACANT LAND /GENERAL COMMON ELEMENTS
non_residential_zoning; not_clear_individual_owner,6900 E 46TH AVE,,H-M PARTNERS,I-B,61925,1994,316000,120121006000,VACANT LAND
not_clear_individual_owner; sold_after_2021_not_5_year_hold,3907 N CENTRAL PARK BLVD,,CITY & COUNTY OF DENVER,M-IMX-12,385568,2025,500,121400107000,VACANT LAND
not_clear_individual_owner; sold_after_2021_not_5_year_hold,9053 E 61ST PL,,CITY & COUNTY OF DENVER,M-RX-5,21433,2025,0,110300003000,VACANT LAND /GENERAL COMMON ELEMENTS
not_clear_individual_owner; sold_after_2021_not_5_year_hold,3802 N HIMALAYA RD,,GVR METROPOLITAN DISTRICT,R-2,56725,2024,0,23310063000,VACANT LAND /GENERAL COMMON ELEMENTS
non_residential_zoning; not_clear_individual_owner; sold_after_2021_not_5_year_hold,3507 N UINTA ST MISC,,CITY & COUNTY OF DENVER,C-MU-20,55936,2025,500,128600014000,VACANT LAND /GENERAL COMMON ELEMENTS
non_residential_zoning; not_clear_individual_owner,18601 E 71ST AVE,,CORPOREX HIGH POINT LLC,C-MU-10,351219,2009,0,3100036000,VACANT LAND
non_residential_zoning; not_clear_individual_owner; sold_after_2021_not_5_year_hold,4050 N KITTREDGE ST,,40TH & KITTREDGE LLC,S-CC-5X,43414,2024,200000,20401021000,VACANT LAND
non_residential_zoning; not_clear_individual_owner,10351 E 51ST AVE,,UNION PACIFIC RAILROAD COMPANY,I-B,40094,2017,0,115100038000,VACANT LAND /GENERAL COMMON ELEMENTS
non_residential_zoning; not_clear_individual_owner; sold_after_2021_not_5_year_hold,4774 N MEMPHIS ST,,DCG WEST 1 LLC,S-MX-3,24293,2022,4056300,20102013000,VACANT LAND
not_clear_individual_owner,8901 E 35TH DR,,PARK CREEK METROPOLITAN DISTRICT,R-MU-20,26232,2006,0,128500039000,VACANT LAND /GENERAL COMMON ELEMENTS
not_clear_individual_owner,3681 N AKRON ST,,STAPLETON NEIGHBORHOOD #7 HOMEOWNERS ASSOCIATION INC,R-MU-20,9333,2011,0,128507016000,VACANT LAND /GENERAL COMMON ELEMENTS
non_residential_zoning; not_clear_individual_owner; sale_year_unknown_needs_enrichment,5100 N TELLURIDE ST,80203-1776,STATE OF COLORADO,C-MU-20,414856,,,16104001000,VACANT LAND
not_clear_individual_owner; sold_after_2021_not_5_year_hold,4453 W 27TH AVE,80212-3011,BLVD UTICA LLC,U-SU-C1,10970,2023,0,230328028000,VACANT LAND
non_residential_zoning; not_clear_individual_owner; sale_year_unknown_needs_enrichment,5393 N HAVANA ST,,CITY & COUNTY OF DENVER,O-1,230190,,,115100040000,VACANT LAND /GENERAL COMMON ELEMENTS
not_clear_individual_owner,4950 N VALENTIA CT,80216,PARK CREEK METROPOLITAN DISTRICT,M-MX-5,12091,2014,0,116500040000,VACANT LAND /GENERAL COMMON ELEMENTS
non_residential_zoning; not_clear_individual_owner; sold_after_2021_not_5_year_hold,4606 N HURON ST,,VITA FOX NORTH PROPCO LLC,C-MX-12,138042,2024,10,222209004000,VACANT LAND
not_clear_individual_owner,2788 N ULSTER ST,,PARK CREEK METROPOLITAN DISTRICT,R-MU-20,13244,2002,1100000,128411028000,VACANT LAND /GENERAL COMMON ELEMENTS
non_residential_zoning; not_clear_individual_owner,3800 BLAKE ST,80205-3320,DENVER WTC OFFICE OWNER LLC,I-MX-12,33273,2019,10,223315053000,VACANT LAND
non_residential_zoning; not_clear_individual_owner; sale_year_unknown_needs_enrichment,3825 BLAKE ST,80205-3319,REGIONAL TRANSPORTATION DISTRICT,I-MX-12,21900,,,223310029000,VACANT LAND
not_clear_individual_owner; sold_after_2021_not_5_year_hold,19107 E 64TH AVE,,ALTARIA AT HIGH POINT COMMUNITY ASSOCIATION INC,R-MU-20,101720,2022,0,3100102000,VACANT LAND /GENERAL COMMON ELEMENTS
non_residential_zoning; not_clear_individual_owner; sale_year_unknown_needs_enrichment,3849 N HIGH ST,80205-3438,CITY & COUNTY OF DENVER,U-MX-2,7118,,,223408037000,VACANT LAND /GENERAL COMMON ELEMENTS
non_residential_zoning; not_clear_individual_owner,3715 N PEORIA ST,80239-3311,CITY & COUNTY OF DENVER,S-CC-3,20485,2013,0,126100025000,VACANT LAND /GENERAL COMMON ELEMENTS
not_clear_individual_owner,4944 N TRENTON ST,80216,STAPLETON FILINGS 42 AND 45 HOME OWNER'S ASSOCIATION INC,M-RX-5,8694,2013,371000,116500081000,VACANT LAND /GENERAL COMMON ELEMENTS
non_residential_zoning; not_clear_individual_owner,101 WALNUT ST,,STATE OF COLORADO DEPARTMENT OF TRANSPORTATION,C-MX-5,7682,1986,0,233416011000,VACANT LAND /GENERAL COMMON ELEMENTS
non_residential_zoning; not_clear_individual_owner; sale_year_unknown_needs_enrichment,4800 E 48TH AVE,80216-3214,BURLINGTON NORTHERN RR CO PROPERTY TAX DEPARTMENT,I-B,192000,,,118300055000,VACANT LAND
non_residential_zoning; not_clear_individual_owner,4200 N TRENTON ST VCNT,,STAPLETON DEVELOPMENT CORPORATION,OS-B,195736,2002,0,121300129000,VACANT LAND
not_clear_individual_owner,11407 E 27TH AVE,80208,CITY & COUNTY OF DENVER,R-MU-20,34321,2020,0,126300090000,VACANT LAND /GENERAL COMMON ELEMENTS
not_clear_individual_owner; sold_after_2021_not_5_year_hold,10216 E 57TH AVE,,PARK CREEK METROPOLITAN DISTRICT,M-RX-5,15610,2023,0,110400033000,VACANT LAND /GENERAL COMMON ELEMENTS
non_residential_zoning; not_clear_individual_owner; sold_after_2021_not_5_year_hold,6237 N YAMPA ST,,AVIATION STATION NORTH METROPOLITAN DISTRICT NO 1,S-CC-5,65461,2022,628302,9100156000,VACANT LAND
not_clear_individual_owner; sold_after_2021_not_5_year_hold,8300 E 55TH AVE,,CITY & COUNTY OF DENVER,M-RX-5,76312,2025,500,116100037000,VACANT LAND /GENERAL COMMON ELEMENTS
not_clear_individual_owner,8355 E 22ND AVE,,STAPLETON NEIGHBORHOOD NO 7,R-MU-20,14484,2010,0,133124030000,VACANT LAND /GENERAL COMMON ELEMENTS
not_clear_individual_owner,10883 E 28TH PL,,STAPLETON FILING 35 & 17 HOMEOWNERS ASSOCIATION INC,R-MU-20,7462,2012,1128000,126300054000,VACANT LAND /GENERAL COMMON ELEMENTS
non_residential_zoning; not_clear_individual_owner; sale_year_unknown_needs_enrichment,4301 N MONROE ST,,BURLINGTON NORTHERN RR CO PROPERTY TAX DEPARTMENT,I-B,123512,,,224121009000,VACANT LAND
non_residential_zoning; not_clear_individual_owner,7852 E 33RD AVE,,PARK CREEK METROPOLITAN DISTRICT,C-MU-20,11159,2019,0,128600046000,VACANT LAND /GENERAL COMMON ELEMENTS
not_clear_individual_owner; sold_after_2021_not_5_year_hold,5054 E BEEKMAN PL,,CITY & COUNTY OF DENVER,M-RX-5,31267,2025,500,116400043000,VACANT LAND /GENERAL COMMON ELEMENTS
non_residential_zoning; not_clear_individual_owner,6100 N CEYLON ST,,DENVER GATEWAY CENTER METROPOLITAN DISTRICT,C-MU-30,90135,2021,10,10200214000,VACANT LAND /GENERAL COMMON ELEMENTS
non_residential_zoning; not_clear_individual_owner,18981 E 57TH PL,,FIRST CREEK OWNERS ASSOCIATION,C-MU-30,11160,2010,0,10205087000,VACANT LAND /GENERAL COMMON ELEMENTS
not_clear_individual_owner,2772 N CLINTON WAY MISC,,PARK CREEK METROPOLITAN DISTRICT,R-MU-20,10398,2004,0,127420016000,VACANT LAND /GENERAL COMMON ELEMENTS
non_residential_zoning; not_clear_individual_owner,1575 N ALCOTT ST MISC,,METROPOLITAN FOOTBALL STADIUM DISTRICT,C-MU-30,33593,2001,0,232426025000,VACANT LAND
not_clear_individual_owner; sold_after_2021_not_5_year_hold,4701 N BEELER CT,,CITY & COUNTY OF DENVER,M-IMX-5,45482,2025,10,115300102000,VACANT LAND /GENERAL COMMON ELEMENTS
not_clear_individual_owner,9082 E 29TH PL,,GARDEN COURTS AT STAPLETON III HOMEOWNERS ASSOCIATION,R-MU-20,8867,2010,0,127302042000,VACANT LAND /GENERAL COMMON ELEMENTS
not_clear_individual_owner; sold_after_2021_not_5_year_hold,5440 N VALENTIA ST,80238-3843,CITY & COUNTY OF DENVER,M-RX-5,123602,2025,500,116100040000,VACANT LAND /GENERAL COMMON ELEMENTS
non_residential_zoning; not_clear_individual_owner; sold_after_2021_not_5_year_hold,3009 N UINTA ST MISC,,CITY & COUNTY OF DENVER,C-MU-20,80725,2025,500,128600025000,VACANT LAND /GENERAL COMMON ELEMENTS
not_clear_individual_owner; sale_year_unknown_needs_enrichment,4694 N DILLON ST,,MONTBELLO 14400 LLC,S-RH-2.5,15218,,,19217003000,VACANT LAND
non_residential_zoning; not_clear_individual_owner; sale_year_unknown_needs_enrichment,4023 N YORK CT,80216-3901,REGIONAL TRANSPORTATION DISTRICT,I-B,17185,,,224319001000,VACANT LAND
not_clear_individual_owner; sold_after_2021_not_5_year_hold,4677 DALLAS ST,,PARK CREEK METROPOLITAN DISTRICT,M-IMX-8,29069,2024,0,115300107000,VACANT LAND /GENERAL COMMON ELEMENTS
non_residential_zoning; not_clear_individual_owner; sale_year_unknown_needs_enrichment,4720 N IVY ST,,INTERSTATE DISTRIBUTION CENTER ASSOCIATES LTD,I-B,14457,,,120200134000,VACANT LAND /GENERAL COMMON ELEMENTS
not_clear_individual_owner,2412 N ALTON ST,,PARK CREEK METROPOLITAN DISTRICT,R-MU-20,15066,2003,10,134205023000,VACANT LAND /GENERAL COMMON ELEMENTS
non_residential_zoning; not_clear_individual_owner; sale_year_unknown_needs_enrichment,3300 ROCKMONT DR,,BURLINGTON NORTHERN RR CO PROPERTY TAX DEPARTMENT,I-B,107000,,,228100031000,VACANT LAND
not_clear_individual_owner,8275 E 22ND AVE,,PARK CREEK METROPOLITAN DISTRICT,R-MU-20,18050,2006,0,133123020000,VACANT LAND /GENERAL COMMON ELEMENTS
not_clear_individual_owner; sold_after_2021_not_5_year_hold,10351 E 57TH AVE,,PARK CREEK METROPOLITAN DISTRICT,M-RX-5,10976,2023,0,110400035000,VACANT LAND /GENERAL COMMON ELEMENTS
not_clear_individual_owner,5100 N CHAMBERS RD,,PARKFIELD MASTER HOMEOWNERS ASSOCIATION INC,PUD,7920,1998,0,17302077000,VACANT LAND /GENERAL COMMON ELEMENTS
not_clear_individual_owner,17000 E 56TH AVE,,CITY & COUNTY OF DENVER,DIA,1409332,1993,349000,16100108000,VACANT LAND
not_clear_individual_owner,4201 N DURHAM CT,,STATE OF COLORADO DEPARTMENT OF TRANSPORTATION,R-1,8442,1993,5710,19310043000,VACANT LAND /GENERAL COMMON ELEMENTS
not_clear_individual_owner; sold_after_2021_not_5_year_hold,8996 N XANTHIA ST,,CITY & COUNTY OF DENVER,M-MX-5,29798,2025,500,116400060000,VACANT LAND /GENERAL COMMON ELEMENTS
non_residential_zoning; not_clear_individual_owner,4300 N ONEIDA ST APPRX,80216-6616,DEPT. OF TRANSPORTATION STATE OF COLORADO,I-B,8301,2019,10,120100071000,VACANT LAND /GENERAL COMMON ELEMENTS
not_clear_individual_owner,2718 N IRONTON ST,,CITY & COUNTY OF DENVER,R-MU-20,33976,2019,500,126300033000,VACANT LAND /GENERAL COMMON ELEMENTS
not_clear_individual_owner; sold_after_2021_not_5_year_hold,5852 N BOSTON CT,,PARK CREEK METROPOLITAN DISTRICT,M-RX-5,18700,2023,0,110300083000,VACANT LAND /GENERAL COMMON ELEMENTS
not_clear_individual_owner,2727 N IOLA ST,,GARDEN COURTS AT STAPLETON IV HOMEOWNERS ASSOCIATION,R-MU-20,9204,2007,0,127445012000,VACANT LAND /GENERAL COMMON ELEMENTS
not_clear_individual_owner,8301 E 55TH AVE,,PARK CREEK METROPOLITAN DISTRICT,M-RX-5,18309,2014,0,116100123000,VACANT LAND /GENERAL COMMON ELEMENTS
not_clear_individual_owner; sold_after_2021_not_5_year_hold,5970 N ALTON ST,,CITY & COUNTY OF DENVER,M-RX-5,65310,2025,500,110300062000,VACANT LAND /GENERAL COMMON ELEMENTS
non_residential_zoning; not_clear_individual_owner,3333 N BRIGHTON BLVD,80216-5020,MMF RINO GD LAND LLC,C-MX-8,56630,2019,20000000,227123017000,VACANT LAND
not_clear_individual_owner; sale_year_unknown_needs_enrichment,8311 E 26TH AVE,,CITY & COUNTY OF DENVER,R-MU-20,15266,,,128409030000,VACANT LAND /GENERAL COMMON ELEMENTS
not_clear_individual_owner,3518 N AKRON CT,,PARK CREEK METROPOLITAN DISTRICT,R-MU-20,13012,2009,10,127200031000,VACANT LAND /GENERAL COMMON ELEMENTS
not_clear_individual_owner,18640 E 45TH AVE VCNT,,GVR METROPOLITAN DISTRICT,R-2-A,45160,2008,0,22313052000,VACANT LAND /GENERAL COMMON ELEMENTS
non_residential_zoning; not_clear_individual_owner; sale_year_unknown_needs_enrichment,18493 E 45TH AVE,80249-6684,CITY & COUNTY OF DENVER,C-MU-20,28774,,,21100031000,VACANT LAND /GENERAL COMMON ELEMENTS
not_clear_individual_owner; sold_after_2021_not_5_year_hold,5661 N ELMIRA CT,,PARK CREEK METROPOLITAN DISTRICT,M-RX-5,14265,2023,0,110400032000,VACANT LAND /GENERAL COMMON ELEMENTS
non_residential_zoning; not_clear_individual_owner; sale_year_unknown_needs_enrichment,2901 N SANTA FE DR,,BURLINGTON NORTHERN RR CO PROPERTY TAX DEPARTMENT,C-MX-12,23164,,,227806023000,VACANT LAND
not_clear_individual_owner,5053 N UINTA ST,,PARK CREEK METROPOLITAN DISTRICT,M-RX-5,17014,2014,0,116500051000,VACANT LAND /GENERAL COMMON ELEMENTS
not_clear_individual_owner; sold_after_2021_not_5_year_hold,18800 E 66TH PL,80249-8650,ALTARIA AT HIGH POINT COMMUNITY ASSOCIATION INC,R-MU-20,12559,2022,0,3100081000,VACANT LAND /GENERAL COMMON ELEMENTS
non_residential_zoning; not_clear_individual_owner; sale_year_unknown_needs_enrichment,13100 E 56TH AVE,,CITY & COUNTY OF DENVER,OS-A,27400,,,113101020000,VACANT LAND /GENERAL COMMON ELEMENTS
non_residential_zoning; not_clear_individual_owner,4201 N BRIGHTON BLVD,80216-3707,WESTFIELD-AMEN LLLP,I-MX-8,64482,2016,10,223200182000,VACANT LAND
not_clear_individual_owner,2985 N ELMIRA ST MISC,,PARK CREEK METROPOLITAN DISTRICT,R-MU-20,12558,2004,0,127410020000,VACANT LAND /GENERAL COMMON ELEMENTS
non_residential_zoning; not_clear_individual_owner,5161 N FOX ST,,BURLINGTON NORTHERN RR CO PROPERTY TAX DEPARTMENT,I-B,58930,2019,10,215300094000,VACANT LAND /GENERAL COMMON ELEMENTS
not_clear_individual_owner,4728 N IRELAND ST,,GVR METROPOLITAN DISTRICT,R-2,44314,2005,0,23208028000,VACANT LAND /GENERAL COMMON ELEMENTS
not_clear_individual_owner; sold_after_2021_not_5_year_hold,9427 E 60TH AVE,,CITY & COUNTY OF DENVER,M-RX-5,15540,2025,500,110300037000,VACANT LAND /GENERAL COMMON ELEMENTS
not_clear_individual_owner,4950 N VALENTIA ST,80216,PARK CREEK METROPOLITAN DISTRICT,M-MX-5,11858,2014,0,116500041000,VACANT LAND /GENERAL COMMON ELEMENTS
non_residential_zoning,7835 E 40TH AVE,,"AGUILAR,THOMAS",I-MX-5,24021,2013,135000,121300124000,VACANT LAND
non_residential_zoning; not_clear_individual_owner; sale_year_unknown_needs_enrichment,4201 N MONROE ST,80216-4239,REGIONAL TRANSPORTATION DISTRICT,I-A,36581,,,224405015000,VACANT LAND
not_clear_individual_owner,3670 N UTICA ST,,HIGHLAND GARDEN VILLAGE MASTER ASSOCIATION,PUD,10950,2001,10,230243010000,VACANT LAND /GENERAL COMMON ELEMENTS
not_clear_individual_owner,2402 N XENIA ST,,PARK CREEK METROPOLITAN DISTRICT,R-MU-20,11858,2003,10,133108025000,VACANT LAND /GENERAL COMMON ELEMENTS
non_residential_zoning; not_clear_individual_owner,3757 N FEDERAL BLVD,80211-2861,GERMAIN INVESTMENT COMPANY,U-MS-5,7248,1996,1,229201034000,VACANT LAND
non_residential_zoning; not_clear_individual_owner; sale_year_unknown_needs_enrichment,3001 N INCA ST,,BURLINGTON NORTHERN RR CO PROPERTY TAX DEPARTMENT,C-MX-12,12952,,,227805033000,VACANT LAND
not_clear_individual_owner,2853 N ALTON ST,,STAPLETON COACH HOUSE OWNERS ASSOCIATION NOS 5 & 6,R-MU-20,11520,2007,0,127305029000,VACANT LAND /GENERAL COMMON ELEMENTS
non_residential_zoning; not_clear_individual_owner,3800 N HURON ST,,REGIONAL TRANSPORTATION DISTRICT,I-B,11872,2020,10,222300102000,VACANT LAND
non_residential_zoning; not_clear_individual_owner; sold_after_2021_not_5_year_hold,5450 N SPRUCE ST,,CITY & COUNTY OF DENVER,OS-B,114331,2025,500,116100025000,VACANT LAND /GENERAL COMMON ELEMENTS
not_clear_individual_owner; sold_after_2021_not_5_year_hold,5965 N CHESTER ST,,PARK CREEK METROPOLITAN DISTRICT,M-RX-5,8437,2023,0,110300044000,VACANT LAND /GENERAL COMMON ELEMENTS
non_residential_zoning; not_clear_individual_owner,19803 E 41ST PL MISC,,GVR METROPOLITAN DISTRICT,OS-A,213444,2014,0,22419020000,VACANT LAND
non_residential_zoning; not_clear_individual_owner; sale_year_unknown_needs_enrichment,3101 N HURON ST,,CITY & COUNTY OF DENVER,C-MX-12,149000,,,227800002000,VACANT LAND
non_residential_zoning; not_clear_individual_owner; sold_after_2021_not_5_year_hold,16300 GREEN VALLEY RANCH BLVD,,DCG WEST 1 LLC,S-MX-3,34988,2022,4056300,20102011000,VACANT LAND
non_residential_zoning; not_clear_individual_owner,4885 N BROADWAY,,EAST HINSDALE OFFICE PARK LTD,I-A,9000,2004,21000,215309010000,VACANT LAND
not_clear_individual_owner; sale_year_unknown_needs_enrichment,9051 E 33RD AVE -9281,,CITY & COUNTY OF DENVER,R-MU-20,81658,,,127200015000,VACANT LAND /GENERAL COMMON ELEMENTS
not_clear_individual_owner,9425 E PRAIRIE MEADOW DR,80238-3933,PARK CREEK METROPOLITAN DISTRICT,M-RX-5,13801,2019,10,115200115000,VACANT LAND /GENERAL COMMON ELEMENTS
non_residential_zoning; not_clear_individual_owner,1909 44TH ST,,DEPARTMENT OF TRANSPORTATION STATE OF COLORADO,I-MX-8,10595,1998,139000,223205010000,VACANT LAND /GENERAL COMMON ELEMENTS
not_clear_individual_owner,2848 N MACON WAY,80238,PARK CREEK METROPOLITAN DISTRICT,R-MU-20,28186,2019,10,126300094000,VACANT LAND /GENERAL COMMON ELEMENTS
not_clear_individual_owner; sold_after_2021_not_5_year_hold,9031 E 61ST AVE,,PARK CREEK METROPOLITAN DISTRICT,M-RX-5,12233,2023,0,110300018000,VACANT LAND /GENERAL COMMON ELEMENTS
non_residential_zoning; not_clear_individual_owner; sale_year_unknown_needs_enrichment,740 W 48TH AVE,,REGIONAL TRANSPORTATION DISTRICT,I-B,60459,,,222200077000,VACANT LAND
not_clear_individual_owner,4960 N TAMARAC ST,80216,PARK CREEK METROPOLITAN DISTRICT,M-RX-5,10317,2014,0,116500057000,VACANT LAND /GENERAL COMMON ELEMENTS
not_clear_individual_owner; sale_year_unknown_needs_enrichment,4802 N LOWELL BLVD,,STATE OF COLORADO DEPARTMENT OF TRANSPORTATION,U-SU-C1,7230,,,217309013000,VACANT LAND /GENERAL COMMON ELEMENTS
not_clear_individual_owner,18600 E 63RD AVE MISC,,CITY & COUNTY OF DENVER,GTWY,18822,1997,10,10200146000,VACANT LAND /GENERAL COMMON ELEMENTS
not_clear_individual_owner; sold_after_2021_not_5_year_hold,6055 N CHESTER WAY,,CITY & COUNTY OF DENVER,M-RX-5,55370,2025,0,110300014000,VACANT LAND /GENERAL COMMON ELEMENTS
non_residential_zoning; not_clear_individual_owner; sale_year_unknown_needs_enrichment,17455 E 60TH PL,,RAIL STOP LLC CORPORATION,C-MX-8,116037,,,9105004000,VACANT LAND
not_clear_individual_owner; sold_after_2021_not_5_year_hold,9612 N 63RD DR,,PARK CREEK METROPOLITAN DISTRICT,M-RX-5,14510,2023,0,110100276000,VACANT LAND /GENERAL COMMON ELEMENTS
non_residential_zoning; not_clear_individual_owner; sale_year_unknown_needs_enrichment,4001 N QUEBEC ST,,STATE OF COLORADO DEPARTMENT OF TRANSPORTATION,I-B,47389,,,120410006000,VACANT LAND /GENERAL COMMON ELEMENTS
not_clear_individual_owner,8315 E 22ND AVE,,PARK CREEK METROPOLITAN DISTRICT,R-MU-20,20181,2006,0,133124027000,VACANT LAND /GENERAL COMMON ELEMENTS
not_clear_individual_owner,4503 N ORLEANS ST,,BUNGALOWS AT GREEN VALLEY RANCH HOMEOWNERS ASSOC.INC,R-2,12249,2011,10,23108112000,VACANT LAND /GENERAL COMMON ELEMENTS
non_residential_zoning; not_clear_individual_owner; sold_after_2021_not_5_year_hold,19182 HIGH POINT BLVD,80249-8770,DENVER HIGH POINT AT DIA METROPOLITAN DISTRICT,C-MU-30,246081,2025,10,3100063000,VACANT LAND /GENERAL COMMON ELEMENTS
non_residential_zoning; not_clear_individual_owner; sale_year_unknown_needs_enrichment,4000 N ONEIDA ST,,UPLAND INDUSTRIES CORP,I-B,39400,,,120400010000,VACANT LAND /GENERAL COMMON ELEMENTS
non_residential_zoning; not_clear_individual_owner; sold_after_2021_not_5_year_hold,3130 W CONEJOS PL,80204-1926,R CAP SLOAN LAKE TWO LLC,C-MX-5,14300,2022,0,232335038000,VACANT LAND
non_residential_zoning,15150 E ANDREWS DR,,SABLE RIDGE PLAZA OWNERS ASSOC,B-4,24220,2004,0,19417009000,VACANT LAND /GENERAL COMMON ELEMENTS
not_clear_individual_owner,8703 E 55TH AVE,,EXPRESSION AT HERITAGE AT STAPLETON HOMEOWNERS ASSOC INC,M-RX-5,11773,2016,10,116100101000,VACANT LAND /GENERAL COMMON ELEMENTS
not_clear_individual_owner; sale_year_unknown_needs_enrichment,4270 N DURHAM CT,80239-5171,STATE OF COLORADO DEPARTMENT OF TRANSPORTATION,R-1,7699,,,19310044000,VACANT LAND /GENERAL COMMON ELEMENTS
non_residential_zoning; not_clear_individual_owner,19291 E 56TH AVE,,56TH & DUNKIRK REAL ESTATE HOLDINGS LLC,C-MU-20,18971,2021,0,10200231000,VACANT LAND /GENERAL COMMON ELEMENTS
non_residential_zoning; not_clear_individual_owner,8900 E 64TH AVE,80202-5329,PARK CREEK METROPOLITAN DISTRICT,OS-B,315118,2016,10,110202005000,VACANT LAND
not_clear_individual_owner,3346 N WILLOW ST,,PARK CREEK METROPOLITAN DISTRICT,R-MU-20,17375,2006,0,128517021000,VACANT LAND /GENERAL COMMON ELEMENTS
non_residential_zoning; sold_after_2021_not_5_year_hold,3895 N ELM ST REAR,,"LEMUS,GILBERTO",I-A,16922,2025,600000,119403009000,VACANT LAND
not_clear_individual_owner,20465 E 47TH AVE,,GVR METROPOLITAN DISTRICT,R-2,40211,2008,0,23209027000,VACANT LAND /GENERAL COMMON ELEMENTS
non_residential_zoning; not_clear_individual_owner,3427 N COLORADO BLVD,,MOSTAFAVI FAMILY TRUST,E-CC-3X,7762,2020,260000,225136009000,VACANT LAND
not_clear_individual_owner; sold_after_2021_not_5_year_hold,5814 N BEELER CT,,CITY & COUNTY OF DENVER,M-RX-5,18272,2025,500,110300093000,VACANT LAND /GENERAL COMMON ELEMENTS
non_residential_zoning; not_clear_individual_owner,9255 E 62ND AVE MISC,80238-2721,CITY & COUNTY OF DENVER,OS-B,14017,2017,0,110202014000,VACANT LAND /GENERAL COMMON ELEMENTS
not_clear_individual_owner; sold_after_2021_not_5_year_hold,9340 E 60TH PL,,PARK CREEK METROPOLITAN DISTRICT,M-RX-5,7428,2023,0,110300034000,VACANT LAND /GENERAL COMMON ELEMENTS
non_residential_zoning; not_clear_individual_owner; sale_year_unknown_needs_enrichment,4600 N FRANKLIN ST,,CITY & COUNTY OF DENVER,CMP-NWC,11088,,,223110044000,VACANT LAND /GENERAL COMMON ELEMENTS
not_clear_individual_owner; sale_year_unknown_needs_enrichment,7727 E 24TH AVE MISC,,CITY & COUNTY OF DENVER,R-MU-20,17356,,,133232024000,VACANT LAND /GENERAL COMMON ELEMENTS
not_clear_individual_owner,9224 E 52ND DR,,STAPLETON NORTH FILINGS 47 AND 49 HOMEOWNERS ASSOCIATION INC,M-RX-5,8645,2016,0,115200118000,VACANT LAND /GENERAL COMMON ELEMENTS
non_residential_zoning; not_clear_individual_owner,18913 E 57TH PL,,FIRST CREEK OWNERS ASSOCIATION,C-MU-30,11160,2010,0,10205085000,VACANT LAND /GENERAL COMMON ELEMENTS
not_clear_individual_owner,2772 N ALTON ST,,PARK CREEK METROPOLITAN DISTRICT,R-MU-20,11518,2003,0,127310013000,VACANT LAND /GENERAL COMMON ELEMENTS
tier1_confirmed_basic_filters_before_growth_proximity,4699 N ARGONNE ST MISC,,NALS REDSTONE-93 LP,R-2-A,12741,2014,49700000,22200065000,VACANT LAND /GENERAL COMMON ELEMENTS
non_residential_zoning; not_clear_individual_owner; sold_after_2021_not_5_year_hold,18265 E 58TH AVE,,IMKD 8 LLC,C-MU-30,208158,2025,29616600,9127001000,VACANT LAND
non_residential_zoning; not_clear_individual_owner; sale_year_unknown_needs_enrichment,5100 N FRANKLIN ST MISC,,DENVER ROCK ISLAND RAILROAD COMPANY,I-B,12221,,,214400126000,VACANT LAND
non_residential_zoning; sale_year_unknown_needs_enrichment,4700 N JOLIET ST,,UNION PACIFIC RR CO,I-B,8500,,,123205005000,VACANT LAND
not_clear_individual_owner,2650 N EMPORIA ST MISC,,GARDEN COURTS AT STAPLETON III HOMEOWNERS ASSOCIATION,R-MU-20,9951,2007,0,127424018000,VACANT LAND /GENERAL COMMON ELEMENTS
not_clear_individual_owner; sold_after_2021_not_5_year_hold,5952 N BOSTON CT,,PARK CREEK METROPOLITAN DISTRICT,M-RX-5,20107,2023,0,110300045000,VACANT LAND /GENERAL COMMON ELEMENTS
non_residential_zoning; not_clear_individual_owner,3750 N QUENTIN ST,80239-3404,DERMODY FAMILY LIMITED PARTNERSHIP II,I-B,71416,2008,2050000,125200058000,VACANT LAND
not_clear_individual_owner; sold_after_2021_not_5_year_hold,5938 N BEELER CT,,PARK CREEK METROPOLITAN DISTRICT,M-RX-5,11184,2023,0,110300072000,VACANT LAND /GENERAL COMMON ELEMENTS
not_clear_individual_owner,3601 N ALTON CT -3691,,CITY & COUNTY OF DENVER,R-MU-20,13200,2014,500,127200019000,VACANT LAND /GENERAL COMMON ELEMENTS
not_clear_individual_owner; sold_after_2021_not_5_year_hold,5435 N UINTA ST,,CITY & COUNTY OF DENVER,M-RX-5,188035,2025,500,116100035000,VACANT LAND /GENERAL COMMON ELEMENTS
not_clear_individual_owner; sold_after_2021_not_5_year_hold,5443 N WABASH ST,,CITY & COUNTY OF DENVER,M-RX-5,29631,2025,500,116100049000,VACANT LAND /GENERAL COMMON ELEMENTS
not_clear_individual_owner,7902 E 51ST AVE,80216,PARK CREEK METROPOLITAN DISTRICT,M-RX-5,15245,2014,0,116500043000,VACANT LAND /GENERAL COMMON ELEMENTS
not_clear_individual_owner; sold_after_2021_not_5_year_hold,11305 E MARTIN LUTHER KING JR BLVD,,CITY & COUNTY OF DENVER,R-MU-20,25961,2024,500,126300105000,VACANT LAND /GENERAL COMMON ELEMENTS
non_residential_zoning; not_clear_individual_owner,2101 31ST ST,80216-4912,REGIONAL TRANSPORTATION DISTRICT,I-B,92730,2014,4623000,222400098000,VACANT LAND
not_clear_individual_owner,5458 N UINTA ST,,PARK CREEK METROPOLITAN DISTRICT,M-RX-5,27186,2014,0,116100084000,VACANT LAND /GENERAL COMMON ELEMENTS
non_residential_zoning; not_clear_individual_owner,7820 E 23RD AVE MISC,,CITY & COUNTY OF DENVER,OS-A,12732,2005,500,133238003000,VACANT LAND /GENERAL COMMON ELEMENTS
not_clear_individual_owner,10952 E 28TH PL,,PARK CREEK METROPOLITAN DISTRICT,R-MU-20,9666,2014,10,126300066000,VACANT LAND /GENERAL COMMON ELEMENTS
non_residential_zoning; not_clear_individual_owner,4675 N FOX ST,,BNSF RAILROAD COMPANY,I-B,74993,2019,10,222200075000,VACANT LAND
not_clear_individual_owner; sale_year_unknown_needs_enrichment,3701 N UTICA ST,,HGV LAND COMPANY LLC,PUD,25122,,,230247031000,VACANT LAND
non_residential_zoning; not_clear_individual_owner; sale_year_unknown_needs_enrichment,301 W 34TH AVE,,CITY & COUNTY OF DENVER,OS-C,38200,,,227406003000,VACANT LAND
not_clear_individual_owner,4631 N JOSEPHINE ST,80216-2836,DEPARTMENT OF TRANSPORTATION STATE OF COLORADO,PUD,16500,2014,389000,224212018000,VACANT LAND /GENERAL COMMON ELEMENTS
non_residential_zoning; not_clear_individual_owner; sold_after_2021_not_5_year_hold,6705 N DUNKIRK ST,,ACM HIGH POINT VI C LLC,C-MU-30,89142,2023,0,3109004000,VACANT LAND
not_clear_individual_owner,4228 N ANDES WAY -4298,,GVR METROPOLITAN DISTRICT,R-2-A,19243,2008,0,22300036000,VACANT LAND /GENERAL COMMON ELEMENTS
not_clear_individual_owner,3809 N ODESSA ST,,GVR METROPOLITAN DISTRICT,R-2,45189,2008,0,23417020000,VACANT LAND /GENERAL COMMON ELEMENTS
not_clear_individual_owner,5190 N BEELER CT,,PARK CREEK METROPOLITAN DISTRICT,M-RX-5,31634,2019,10,115200121000,VACANT LAND /GENERAL COMMON ELEMENTS
not_clear_individual_owner,5075 N CHAMBERS RD,,GATEWAY VILLAGE HOMEOWNERS ASSOCIATION INC,R-2,14833,2002,10,19122025000,VACANT LAND /GENERAL COMMON ELEMENTS
non_residential_zoning; not_clear_individual_owner,3899 N PEORIA WAY,,PEORIA WAY ASSOCIATES LLC,I-A,13678,2020,0,123402011000,VACANT LAND
not_clear_individual_owner,18645 E CHAFFEE PL,,GVR METROPOLITAN DISTRICT,R-2-A,13341,2009,10,22200058000,VACANT LAND /GENERAL COMMON ELEMENTS
non_residential_zoning; not_clear_individual_owner; sold_after_2021_not_5_year_hold,4360 N SALIDA WAY,,SAND CREEK METROPOLITAN DISTRICT,C-MX-8,69457,2023,0,21300009000,VACANT LAND
non_residential_zoning; not_clear_individual_owner,4560 WYNKOOP ST,80216-3723,DEPARTMENT OF TRANSPORTATION STATE OF COLORADO,I-A,65368,2012,415000,223123011000,VACANT LAND /GENERAL COMMON ELEMENTS
non_residential_zoning; not_clear_individual_owner; sale_year_unknown_needs_enrichment,701 WEWATTA ST,,BURLINGTON NORTHERN RR CO PROPERTY TAX DEPARTMENT,C-MX-5,37762,,,233500033000,VACANT LAND
non_residential_zoning; not_clear_individual_owner,1670 E 46TH AVE,,STATE OF COLORADO DEPARTMENT OF TRANSPORTATION,I-MX-8,36235,1998,600000,223100054000,VACANT LAND /GENERAL COMMON ELEMENTS
non_residential_zoning; not_clear_individual_owner,3201 N LIPAN ST,,STATE OF COLORADO DEPARTMENT OF TRANSPORTATION,I-MX-3,26221,1991,115020,228137009000,VACANT LAND /GENERAL COMMON ELEMENTS
non_residential_zoning; not_clear_individual_owner,18501 E 52ND AVE APPRX,,CITY & COUNTY OF DENVER,C-MU-20,44517,2015,0,15200171000,VACANT LAND /GENERAL COMMON ELEMENTS
non_residential_zoning; not_clear_individual_owner,6691 N TOWER RD,80202-5329,DRAKE TOWER PARTNERS LLC,C-MU-20,9357,2019,550000,4103005000,VACANT LAND /GENERAL COMMON ELEMENTS
not_clear_individual_owner,2597 N ULSTER ST,,GARDEN COURTS AT STAPLETON I HOMEOWNERS ASSOCIATION,R-MU-20,10308,2004,0,133231053000,VACANT LAND /GENERAL COMMON ELEMENTS
not_clear_individual_owner,10833 E 28TH PL,,STAPLETON FILING 35 & 17 HOMEOWNERS ASSOCIATION INC,R-MU-20,10014,2012,282000,126300052000,VACANT LAND /GENERAL COMMON ELEMENTS
non_residential_zoning; not_clear_individual_owner,9255 E 62ND AVE APPRX,80238-2721,CITY & COUNTY OF DENVER,OS-B,15518,2017,0,110202013000,VACANT LAND /GENERAL COMMON ELEMENTS
sold_after_2021_not_5_year_hold,2721 W 41ST AVE,80211-1701,"O'LEARY,KEVIN",U-SU-C1,9720,2024,592000,220416023000,VACANT LAND
not_clear_individual_owner,4962 N TRENTON ST,80216,PARK CREEK METROPOLITAN DISTRICT,M-RX-5,17666,2014,0,116500056000,VACANT LAND /GENERAL COMMON ELEMENTS
non_residential_zoning; not_clear_individual_owner,8900 E 64TH AVE,,PARK CREEK METROPOLITAN DISTRICT,OS-B,1140301,2016,10,110202009000,VACANT LAND
not_clear_individual_owner,6019 N ALTON ST,,PORTRAIT AT STAPLETON FILING 49 HOMEOWNERS ASSOC INC,M-RX-5,10428,2019,10,110300022000,VACANT LAND /GENERAL COMMON ELEMENTS
non_residential_zoning; not_clear_individual_owner; sale_year_unknown_needs_enrichment,3996 N COLORADO BLVD,,REGIONAL TRANSPORTATION DISTRICT,OS-B,11427,,,119300042000,VACANT LAND /GENERAL COMMON ELEMENTS
not_clear_individual_owner,5837 N BOSTON CT,,KB HOME COLORADO INC,M-RX-5,9814,2017,1190000,110300088000,VACANT LAND /GENERAL COMMON ELEMENTS
not_clear_individual_owner; sale_year_unknown_needs_enrichment,4901 N CHAMBERS RD,,CITY & COUNTY OF DENVER,R-2,77300,,,19100005000,VACANT LAND /GENERAL COMMON ELEMENTS
not_clear_individual_owner; sold_after_2021_not_5_year_hold,5480 N WABASH ST,,CITY & COUNTY OF DENVER,M-RX-5,56171,2025,500,116100050000,VACANT LAND /GENERAL COMMON ELEMENTS
non_residential_zoning; not_clear_individual_owner; sale_year_unknown_needs_enrichment,5000 N ALBION ST,,BURLINGTON NORTHERN RR CO PROPERTY TAX DEPARTMENT,I-B,75600,,,118300054000,VACANT LAND
non_residential_zoning; not_clear_individual_owner,300 W 34TH AVE,,REGIONAL TRANSPORTATION DISTRICT,I-B,10200,2016,0,227405005000,VACANT LAND
sold_after_2021_not_5_year_hold,1927 N MEADE ST,80204-1554,"CHAO,VINCENT",U-SU-C1,9520,2025,975000,231402008000,VACANT LAND
not_clear_individual_owner; sold_after_2021_not_5_year_hold,5201 E DAYTON AVE VCNT,,CITY & COUNTY OF DENVER,M-RX-5,187975,2025,500,115200009000,VACANT LAND /GENERAL COMMON ELEMENTS
not_clear_individual_owner,3510 N XANTHIA CT,,PARK CREEK METROPOLITAN DISTRICT,R-MU-20,13768,2006,0,128511027000,VACANT LAND /GENERAL COMMON ELEMENTS
not_clear_individual_owner,3305 N BEELER CT,,CITY & COUNTY OF DENVER,R-MU-20,41888,2014,500,127200021000,VACANT LAND /GENERAL COMMON ELEMENTS
non_residential_zoning; not_clear_individual_owner; sale_year_unknown_needs_enrichment,701 WEWATTA ST,,BURLINGTON NORTHERN RR CO PROPERTY TAX DEPARTMENT,C-MX-5,14516,,,233500029000,VACANT LAND
non_residential_zoning; not_clear_individual_owner,10304 E 40TH AVE,,UNION PACIFIC RAILROAD COMPANY,O-1,194453,2016,10,122400014000,VACANT LAND
non_residential_zoning; sale_year_unknown_needs_enrichment,1601 38TH ST,,UNION PACIFIC RR CO,I-B,22569,,,223309009000,VACANT LAND /GENERAL COMMON ELEMENTS
non_residential_zoning; not_clear_individual_owner,3601 E 38TH AVE,,GREEN YARD LLC,I-MX-3,62541,2014,262719,224400049000,VACANT LAND
non_residential_zoning; not_clear_individual_owner; sale_year_unknown_needs_enrichment,4601 N LEYDEN ST,,INTERSTATE DISTRIBUTION CENTER ASSOCS LTD,I-B,21800,,,120200091000,VACANT LAND /GENERAL COMMON ELEMENTS
not_clear_individual_owner; sold_after_2021_not_5_year_hold,6202 N DAYTON CT,,PARK CREEK METROPOLITAN DISTRICT,M-RX-5,11508,2023,0,110100275000,VACANT LAND /GENERAL COMMON ELEMENTS
non_residential_zoning; not_clear_individual_owner,16378 E 46TH AVE,,SAND CREEK METROPOLITAN DISTRICT,S-MU-3,119994,2017,0,20101016000,VACANT LAND /GENERAL COMMON ELEMENTS
not_clear_individual_owner,2843 N LIMA ST,80238,CITY & COUNTY OF DENVER,R-MU-20,68626,2020,0,126300087000,VACANT LAND /GENERAL COMMON ELEMENTS
not_clear_individual_owner,2500 N UINTA ST,,PARK CREEK METROPOLITAN DISTRICT,R-MU-20,7564,2006,0,133117012000,VACANT LAND /GENERAL COMMON ELEMENTS
non_residential_zoning; not_clear_individual_owner,4100 N POTOMAC WAY,,STATE OF COLORADO DEPARTMENT OF TRANSPORTATION,I-0,76483,1994,0,19300009000,VACANT LAND /GENERAL COMMON ELEMENTS
not_clear_individual_owner,2417 N ULSTER ST,,PARK CREEK METROPOLITAN DISTRICT,R-MU-20,27577,2006,0,133100040000,VACANT LAND /GENERAL COMMON ELEMENTS
non_residential_zoning; not_clear_individual_owner; sold_after_2021_not_5_year_hold,21640 E 42ND AVE,,CITY & COUNTY OF DENVER,S-MX-3,37668,2022,0,23409060000,VACANT LAND
not_clear_individual_owner,4575 W 50TH AVE APPRX,,CITY & COUNTY OF DENVER,PUD-G,22353,2015,10,218303026000,VACANT LAND /GENERAL COMMON ELEMENTS
not_clear_individual_owner,5007 N WILLOW ST,,CITY & COUNTY OF DENVER,M-RX-5,9694,2019,500,116400086000,VACANT LAND /GENERAL COMMON ELEMENTS
non_residential_zoning; not_clear_individual_owner; sold_after_2021_not_5_year_hold,18500 E 66TH AVE,,T TRAN MANAGEMENT GROUP LLC,C-MU-20,66041,2023,1585000,3106007000,VACANT LAND
non_residential_zoning; not_clear_individual_owner; sold_after_2021_not_5_year_hold,18274 E 58TH AVE,,STELLAR AT LINK 56 LLC,C-MU-30,173276,2025,7056900,9130001000,VACANT LAND
not_clear_individual_owner,8362 E 49TH PL APPRX,,PARK CREEK METROPOLITAN DISTRICT,M-MX-5,10319,2015,0,116522009000,VACANT LAND /GENERAL COMMON ELEMENTS
not_clear_individual_owner,9221 E 52ND AVE,,PARK CREEK METROPOLITAN DISTRICT,M-RX-5,20800,2019,10,115200107000,VACANT LAND /GENERAL COMMON ELEMENTS
non_residential_zoning; not_clear_individual_owner,4501 N BRIGHTON BLVD,,STATE OF COLORADO DEPARTMENT OF TRANSPORTATION,I-MX-8,24070,1999,0,223100072000,VACANT LAND /GENERAL COMMON ELEMENTS
not_clear_individual_owner; sold_after_2021_not_5_year_hold,5660 N DALLAS ST,,PARK CREEK METROPOLITAN DISTRICT,M-RX-5,14133,2023,0,110400030000,VACANT LAND /GENERAL COMMON ELEMENTS
non_residential_zoning; sale_year_unknown_needs_enrichment,3201 DENARGO ST,80202-5329,UNION PACIFIC RR CO,I-B,16360,,,227401013000,VACANT LAND /GENERAL COMMON ELEMENTS
non_residential_zoning; not_clear_individual_owner; sold_after_2021_not_5_year_hold,18107 E 63RD AVE,,KJ HOTEL PROPERTIES LLC,S-MX-8,90651,2023,1500000,9112002000,VACANT LAND
not_clear_individual_owner,4786 N ARGONNE ST,,GVR METROPOLITAN DISTRICT,R-2,10473,2008,0,22100031000,VACANT LAND /GENERAL COMMON ELEMENTS
not_clear_individual_owner,18708 E 47TH DR,,GVR METROPOLITAN DISTRICT,R-2,24464,2008,0,22100032000,VACANT LAND /GENERAL COMMON ELEMENTS
non_residential_zoning; not_clear_individual_owner; sale_year_unknown_needs_enrichment,2700 W COLFAX AVE,,STATE OF COLORADO DEPARTMENT OF TRANSPORTATION,C-MU-30,29700,,,232435006000,VACANT LAND /GENERAL COMMON ELEMENTS
not_clear_individual_owner,10697 E 28TH PL,,CITY & COUNTY OF DENVER,R-MU-20,23807,2019,500,126300028000,VACANT LAND /GENERAL COMMON ELEMENTS
not_clear_individual_owner,19203 E 39TH PL,,GVR METROPOLITAN DISTRICT,R-2,9089,2004,10,22423046000,VACANT LAND /GENERAL COMMON ELEMENTS
not_clear_individual_owner,8509 E 35TH PL -8599,,PARK CREEK METROPOLITAN DISTRICT,R-MU-20,23363,2006,0,128500043000,VACANT LAND /GENERAL COMMON ELEMENTS
not_clear_individual_owner,2995 N EMPORIA ST,80238-2909,PARK CREEK METROPOLITAN DISTRICT,R-MU-20,15503,2004,0,127408018000,VACANT LAND /GENERAL COMMON ELEMENTS
non_residential_zoning; sale_year_unknown_needs_enrichment,10900 E 37TH AVE,,UNION PACIFIC RR CO,I-B,357000,,,126200008000,VACANT LAND
not_clear_individual_owner; sale_year_unknown_needs_enrichment,2746 N CENTRAL PARK BLVD MISC,,CITY & COUNTY OF DENVER,R-MU-20,15266,,,128408030000,VACANT LAND /GENERAL COMMON ELEMENTS
not_clear_individual_owner; sale_year_unknown_needs_enrichment,4006 N XENIA ST,,FC STAPLETON II LLC,M-IMX-12,8993,,,121404002000,VACANT LAND
non_residential_zoning; sale_year_unknown_needs_enrichment,2200 DELGANY ST,,UNION PACIFIC RR CO,C-MX-12,24712,,,227800077000,VACANT LAND
not_clear_individual_owner; sale_year_unknown_needs_enrichment,9000 E 56TH AVE,,SCHOOL DISTRICT NO 1,M-RX-5,11450,,,115200019000,VACANT LAND
not_clear_individual_owner,20000 E MITCHELL PL,80249-7228,MITCHELL PLACE HOMEOWNERS ASSOCIATION,PUD,169492,2003,10,22420105000,VACANT LAND /GENERAL COMMON ELEMENTS
not_clear_individual_owner,15627 E RANDOLPH PL,,PARKFIELD NORTH HOMEOWNERS ASSOCIATION INC,PUD,116613,2011,0,17217056000,VACANT LAND /GENERAL COMMON ELEMENTS
not_clear_individual_owner,5038 N YOSEMITE ST,,PARK CREEK METROPOLITAN DISTRICT,M-RX-5,28343,2016,10,116400068000,VACANT LAND /GENERAL COMMON ELEMENTS
non_residential_zoning; not_clear_individual_owner; sale_year_unknown_needs_enrichment,7000 E 43RD AVE,,UPLAND INDUSTRIES CORP,I-B,43800,,,120100017000,VACANT LAND /GENERAL COMMON ELEMENTS
not_clear_individual_owner,2616 N GENEVA ST,,PARK CREEK METROPOLITAN DISTRICT,R-MU-20,14514,2005,10,127400104000,VACANT LAND /GENERAL COMMON ELEMENTS
non_residential_zoning; not_clear_individual_owner; sold_after_2021_not_5_year_hold,6153 N CEYLON ST,,LOKAL COMMUNITIES LLC,C-MU-30,156234,2023,0,10218012000,VACANT LAND /GENERAL COMMON ELEMENTS
not_clear_individual_owner,5159 N BEELER ST,,CITY & COUNTY OF DENVER,M-RX-5,74948,2021,0,115200091000,VACANT LAND /GENERAL COMMON ELEMENTS
non_residential_zoning; not_clear_individual_owner,5340 N COOK ST,80216-2434,"MCGUIRE,AIDAN & TERESA LIVING TRUST",I-A,83160,2010,350000,213100020000,VACANT LAND
non_residential_zoning; sale_year_unknown_needs_enrichment,4500 N HIGH ST,,UNION PACIFIC RR CO,I-B,16325,,,223100046000,VACANT LAND
non_residential_zoning; not_clear_individual_owner; sale_year_unknown_needs_enrichment,6500 E 43RD AVE,,UPLAND INDUSTRIES CORP,I-B,29000,,,120100043000,VACANT LAND /GENERAL COMMON ELEMENTS
not_clear_individual_owner; sale_year_unknown_needs_enrichment,4054 N WILLOW ST APPRX,,FC STAPLETON II LLC,M-IMX-12,24649,,,121400128000,VACANT LAND /GENERAL COMMON ELEMENTS
not_clear_individual_owner,8264 E 51ST AVE,80216,PARK CREEK METROPOLITAN DISTRICT,M-RX-5,16047,2014,0,116500045000,VACANT LAND /GENERAL COMMON ELEMENTS
non_residential_zoning; not_clear_individual_owner,275 W 43RD AVE,,STATE OF COLORADO DEPARTMENT OF TRANSPORTATION,I-A,56755,1995,400000,222303011000,VACANT LAND /GENERAL COMMON ELEMENTS
non_residential_zoning; sale_year_unknown_needs_enrichment,4300 N HOLLY ST,80216-4533,UNION PACIFIC RR CO,I-B,20400,,,120200014000,VACANT LAND /GENERAL COMMON ELEMENTS
not_clear_individual_owner; sold_after_2021_not_5_year_hold,9206 E 57TH AVE,,PARK CREEK METROPOLITAN DISTRICT,M-MX-5,7449,2023,0,110300120000,VACANT LAND /GENERAL COMMON ELEMENTS
not_clear_individual_owner,5066 N TAMARAC ST,80216,PARK CREEK METROPOLITAN DISTRICT,M-RX-5,10216,2014,0,116500052000,VACANT LAND /GENERAL COMMON ELEMENTS
not_clear_individual_owner,4580 N HIMALAYA RD,,GVR METROPOLITAN DISTRICT,R-2,65886,2015,10,23205021000,VACANT LAND /GENERAL COMMON ELEMENTS
not_clear_individual_owner,8915 E MONTVIEW BLVD,,STAPLETON NEIGHBORHOOD #7 HOMEOWNERS ASSOCIATION INC,R-MU-20,12761,2011,0,133200046000,VACANT LAND /GENERAL COMMON ELEMENTS
not_clear_individual_owner; sold_after_2021_not_5_year_hold,9311 E 59TH NORTH PL,,CITY & COUNTY OF DENVER,M-RX-5,37491,2025,500,110300054000,VACANT LAND /GENERAL COMMON ELEMENTS
non_residential_zoning; not_clear_individual_owner,5103 N DALLAS ST,,CITY & COUNTY OF DENVER,OS-A,123935,2021,0,115200103000,VACANT LAND /GENERAL COMMON ELEMENTS
not_clear_individual_owner; sold_after_2021_not_5_year_hold,5822 N BOSTON CT,,CITY & COUNTY OF DENVER,M-RX-5,28110,2025,500,110300086000,VACANT LAND /GENERAL COMMON ELEMENTS
non_residential_zoning; not_clear_individual_owner; sale_year_unknown_needs_enrichment,4619 N FRANKLIN ST,,DEPARTMENT OF TRANSPORTATION STATE OF COLORADO,CMP-NWC,7561,,,223204045000,VACANT LAND /GENERAL COMMON ELEMENTS
non_residential_zoning; not_clear_individual_owner; sale_year_unknown_needs_enrichment,4301 N CAHITA CT,,CITY & COUNTY OF DENVER,I-A,25268,,,222304018000,VACANT LAND /GENERAL COMMON ELEMENTS
non_residential_zoning; not_clear_individual_owner,4121 N MONROE ST,,CITY & COUNTY OF DENVER,I-A,46800,2016,10,224412007000,VACANT LAND
not_clear_individual_owner,4965 N WABASH ST,80216,PARK CREEK METROPOLITAN DISTRICT,M-RX-5,8770,2014,0,116500060000,VACANT LAND /GENERAL COMMON ELEMENTS
non_residential_zoning; not_clear_individual_owner; sale_year_unknown_needs_enrichment,2800 WEWATTA ST APPRX,80216,UNION PACIFIC RAILROAD COMPANY,I-B,70785,,,227400128000,VACANT LAND
not_clear_individual_owner,9105 E PRAIRIE MEADOW DR,,CITY & COUNTY OF DENVER,M-RX-5,116029,2021,0,115200090000,VACANT LAND /GENERAL COMMON ELEMENTS
not_clear_individual_owner; sale_year_unknown_needs_enrichment,5695 N ELMIRA CT,,FC STAPLETON II LLC,M-RX-5,84258,,,110407001000,VACANT LAND
non_residential_zoning; not_clear_individual_owner; sold_after_2021_not_5_year_hold,3333 N MARIPOSA ST,80211-3538,CENTURY MARIPOSA LLC,C-MX-5,9142,2026,9500000,228131031000,VACANT LAND
non_residential_zoning; not_clear_individual_owner,2172 N WILLOW CT,80238-3300,CITY & COUNTY OF DENVER,C-MU-20,34148,2014,500,133100044000,VACANT LAND /GENERAL COMMON ELEMENTS
not_clear_individual_owner; sold_after_2021_not_5_year_hold,9309 E 60TH AVE,,CITY & COUNTY OF DENVER,M-RX-5,95372,2025,500,110300028000,VACANT LAND /GENERAL COMMON ELEMENTS
non_residential_zoning; not_clear_individual_owner; sale_year_unknown_needs_enrichment,2340 E 40TH AVE,80205-3538,REGIONAL TRANSPORTATION DISTRICT,I-B,99817,,,224300081000,VACANT LAND
not_clear_individual_owner; sold_after_2021_not_5_year_hold,9106 E 62ND AVE,,CITY & COUNTY OF DENVER,M-RX-5,26518,2025,0,110300007000,VACANT LAND /GENERAL COMMON ELEMENTS
not_clear_individual_owner; sold_after_2021_not_5_year_hold,5967 N CHESTER ST,,CITY & COUNTY OF DENVER,M-RX-5,96300,2025,500,110300011000,VACANT LAND /GENERAL COMMON ELEMENTS
non_residential_zoning; not_clear_individual_owner,3601 BLAKE ST,80205-2409,REGIONAL TRANSPORTATION DISTRICT,C-MX-12,11495,2011,0,227103040000,VACANT LAND
non_residential_zoning; sale_year_unknown_needs_enrichment,3700 N NOME ST,,UNION PACIFIC RR CO,I-B,7874,,,126100020000,VACANT LAND
non_residential_zoning,4820 N TOWER RD,,HPC GREEN VALLEY INVESTORS LP,C-MU-20,20074,2017,6775000,15312011000,VACANT LAND /GENERAL COMMON ELEMENTS
non_residential_zoning; not_clear_individual_owner; sale_year_unknown_needs_enrichment,301 W 34TH AVE,,BURLINGTON NORTHERN RR CO PROPERTY TAX DEPARTMENT,I-B,14625,,,227406002000,VACANT LAND
not_clear_individual_owner,11017 E 28TH PL,80238-3226,STAPLETON FILING #35/17 HOME OWNERS ASSOCIATION,R-MU-20,12160,2014,10,126300056000,VACANT LAND /GENERAL COMMON ELEMENTS
non_residential_zoning; not_clear_individual_owner,5110 N THOMPSON CT,,THOMPSON COURT LLC,I-B,11740,2018,905000,213304025000,VACANT LAND
not_clear_individual_owner; sold_after_2021_not_5_year_hold,5705 N BOSTON CT,,CITY & COUNTY OF DENVER,M-RX-5,12841,2025,500,110300118000,VACANT LAND /GENERAL COMMON ELEMENTS
non_residential_zoning; not_clear_individual_owner,6293 N PANASONIC WAY,,AVIATION STATION NORTH METROPOLITAN DISTRICT,S-MX-8,98348,2018,0,9100140000,VACANT LAND /GENERAL COMMON ELEMENTS
non_residential_zoning; not_clear_individual_owner; sale_year_unknown_needs_enrichment,1570 N HOOKER ST,80204-1963,THE HOYT LLC,C-MX-5,15538,,,232326112000,VACANT LAND
not_clear_individual_owner; sale_year_unknown_needs_enrichment,4005 N HAVANA ST,,PARK CREEK METROPOLITAN DISTRICT,M-IMX-5,93180,,,122400019000,VACANT LAND
non_residential_zoning; not_clear_individual_owner; sale_year_unknown_needs_enrichment,3901 N BROADWAY,,BURLINGTON NORTHERN RR CO PROPERTY TAX DEPARTMENT,I-B,519000,,,222300006000,VACANT LAND
non_residential_zoning; not_clear_individual_owner; sale_year_unknown_needs_enrichment,4600 N RACE ST,,CITY & COUNTY OF DENVER,I-A,19435,,,223115044000,VACANT LAND /GENERAL COMMON ELEMENTS
non_residential_zoning; not_clear_individual_owner; sale_year_unknown_needs_enrichment,2709 DELGANY ST,,JV LODO DENARGO LLC,C-MX-20,83959,,,227422001000,VACANT LAND
non_residential_zoning; not_clear_individual_owner,18874 E ELMENDORF DR,,CITY & COUNTY OF DENVER,C-MU-20,123245,2002,0,15209029000,VACANT LAND /GENERAL COMMON ELEMENTS
non_residential_zoning; not_clear_individual_owner; sold_after_2021_not_5_year_hold,2358 N XANTHIA WAY,,PARK CREEK METROPOLITAN DISTRICT,C-MU-20,25789,2023,10,133109038000,VACANT LAND /GENERAL COMMON ELEMENTS
not_clear_individual_owner; sold_after_2021_not_5_year_hold,5180 N YOSEMITE WAY,80238-3892,CITY & COUNTY OF DENVER,M-RX-5,39066,2025,500,116100065000,VACANT LAND /GENERAL COMMON ELEMENTS
non_residential_zoning; not_clear_individual_owner; sale_year_unknown_needs_enrichment,4901 N COLORADO BLVD,,BURLINGTON NORTHERN RR CO PROPERTY TAX DEPARTMENT,I-A,17500,,,213401003000,VACANT LAND
non_residential_zoning; not_clear_individual_owner; sale_year_unknown_needs_enrichment,12300 E 56TH AVE,,CITY & COUNTY OF DENVER,OS-A,15300,,,113602012000,VACANT LAND /GENERAL COMMON ELEMENTS
non_residential_zoning; not_clear_individual_owner,3280 DENARGO ST,80216-5012,JV DENARGO LLC,C-MX-16,29533,2019,31945100,227400024000,VACANT LAND
not_clear_individual_owner; sold_after_2021_not_5_year_hold,5486 N TRENTON ST,,CITY & COUNTY OF DENVER,M-RX-5,62869,2025,500,116100028000,VACANT LAND /GENERAL COMMON ELEMENTS
tier1_confirmed_basic_filters_before_growth_proximity,3550 N STEELE ST,80205-4339,"SIMMONS,SHAWN",U-SU-B1,7720,2018,10,225126018000,VACANT LAND
not_clear_individual_owner,8043 E 26TH AVE,,GARDEN COURTS AT STAPLETON I HOMEOWNERS ASSOCIATION,R-MU-20,7383,2004,0,128324028000,VACANT LAND /GENERAL COMMON ELEMENTS
not_clear_individual_owner; sold_after_2021_not_5_year_hold,4950 N TAMARAC ST,80216,CITY & COUNTY OF DENVER,M-RX-5,10690,2025,0,116500042000,VACANT LAND /GENERAL COMMON ELEMENTS
non_residential_zoning,1000 13TH ST,,AURARIA HIGHER EDUCATION,CMP-EI,10700,1997,1,233715005000,VACANT LAND
not_clear_individual_owner; sold_after_2021_not_5_year_hold,16153 E 47TH PL,80239-5546,DENVER CONNECTION WEST METROPOLITAN DISTRICT,PUD,13095,2023,0,20200023000,VACANT LAND /GENERAL COMMON ELEMENTS
not_clear_individual_owner; sold_after_2021_not_5_year_hold,16109 E ELK DR,80239-5493,AVION AT DENVER CONNECTION TOWNHOME ASSOCIATION,PUD,10249,2022,0,20200044000,VACANT LAND /GENERAL COMMON ELEMENTS
not_clear_individual_owner; sold_after_2021_not_5_year_hold,6203 N EMPORIA ST,,PARK CREEK METROPOLITAN DISTRICT,M-RX-5,10607,2023,0,110100274000,VACANT LAND /GENERAL COMMON ELEMENTS
not_clear_individual_owner; sale_year_unknown_needs_enrichment,4619 N YORK ST,80216-2831,DEPARTMENT OF TRANSPORTATION STATE OF COLORADO,E-TU-B,46839,,,223118033000,VACANT LAND /GENERAL COMMON ELEMENTS
non_residential_zoning; not_clear_individual_owner,3100 N SPRUCE ST,,INNOVATIONS AND COURTYARD TRADITIONS AT STAPLETON HOA,C-MU-20,14602,2011,0,128600065000,VACANT LAND /GENERAL COMMON ELEMENTS
not_clear_individual_owner; sold_after_2021_not_5_year_hold,5879 N BEELER ST,,CITY & COUNTY OF DENVER,M-RX-5,16058,2025,500,110300069000,VACANT LAND /GENERAL COMMON ELEMENTS
non_residential_zoning; not_clear_individual_owner,2024 MARKET ST,,MARKET STREET LIMITED LIABILITY COMPANY,B-8,47654,1993,695106,227908025000,VACANT LAND
non_residential_zoning; not_clear_individual_owner,564 E 45TH AVE,,HDC 4471 PERAL STREET LLLP,U-MX-3,12900,2021,1100000,222136026000,VACANT LAND
non_residential_zoning; not_clear_individual_owner,4211 N MILWAUKEE ST,80216-4125,REGIONAL TRANSPORTATION DISTRICT,I-A,7660,2013,380000,224303014000,VACANT LAND /GENERAL COMMON ELEMENTS
not_clear_individual_owner,4050 N AIRPORT WAY,,SAND CREEK METROPOLITAN DISTRICT,GTWY,18104,2006,10,20402006000,VACANT LAND /GENERAL COMMON ELEMENTS
non_residential_zoning; sale_year_unknown_needs_enrichment,4000 N PONTIAC ST,,UNION PACIFIC RR CO,I-B,44400,,,120409001000,VACANT LAND
not_clear_individual_owner,9108 E 23RD AVE,,STAPLETON COACH HOUSE OWNERS ASSOCIATION NOS 5 & 6,R-MU-20,12080,2008,0,134206017000,VACANT LAND /GENERAL COMMON ELEMENTS
sold_after_2021_not_5_year_hold,15435 E ANDREWS DR,,TOM'S GATEWAY LIQUORS,GTWY,43855,2022,219270,20303002000,VACANT LAND
non_residential_zoning; not_clear_individual_owner,4605 N JACKSON ST,80216-3235,DEPARTMENT OF TRANSPORTATION STATE OF COLORADO,I-A,169469,2015,2500000,224100032000,VACANT LAND /GENERAL COMMON ELEMENTS
not_clear_individual_owner; sold_after_2021_not_5_year_hold,10352 E 60TH AVE,,PARK CREEK METROPOLITAN DISTRICT,M-RX-5,7080,2023,0,110100026000,VACANT LAND /GENERAL COMMON ELEMENTS
not_clear_individual_owner,8705 E 49TH PL,,STAPLETON NORTH FILINGS 42 & 45 HOA INC,M-RX-5,10720,2015,10,116400079000,VACANT LAND /GENERAL COMMON ELEMENTS
non_residential_zoning; not_clear_individual_owner,5100 N THOMPSON CT,,UNION PACIFIC RAILROAD COMPANY,I-B,19990,1997,0,213304038000,VACANT LAND
non_residential_zoning; not_clear_individual_owner,4802 N QUEBEC ST APPRX,80266-5001,PARK CREEK METROPOLITAN DISTRICT,I-B,187706,2004,1,116300046000,VACANT LAND
non_residential_zoning; not_clear_individual_owner,3901 N YORK ST,80205-3537,CITY & COUNTY OF DENVER,I-B,85121,2017,4300000,223400011000,VACANT LAND
not_clear_individual_owner; sold_after_2021_not_5_year_hold,8256 E 54TH PL,,CITY & COUNTY OF DENVER,M-RX-5,12000,2025,500,116100041000,VACANT LAND /GENERAL COMMON ELEMENTS
non_residential_zoning; not_clear_individual_owner,3788 N INCA ST,,UNION PACIFIC RAILROAD COMPANY,I-B,57400,1997,0,228101001000,VACANT LAND
non_residential_zoning,5100 N KALAMATH ST,,SOUTHERN PACIFIC TRANSPORTATION CO,I-B,1391285,1993,56770000,216400033000,VACANT LAND
not_clear_individual_owner,5845 N ALTON ST,,KB HOME COLORADO INC,M-RX-5,17767,2016,980000,110300097000,VACANT LAND /GENERAL COMMON ELEMENTS
non_residential_zoning; not_clear_individual_owner; sale_year_unknown_needs_enrichment,5588 N POTOMAC WAY,,CITY & COUNTY OF DENVER,OS-A,20900,,,18201015000,VACANT LAND /GENERAL COMMON ELEMENTS
not_clear_individual_owner; sold_after_2021_not_5_year_hold,5484 N XANTHIA ST,,CITY & COUNTY OF DENVER,M-RX-5,30002,2025,500,116100056000,VACANT LAND /GENERAL COMMON ELEMENTS
non_residential_zoning; not_clear_individual_owner,3650 CHESTNUT PL,80216-3630,MENALTO LLC,I-MX-8,26600,1999,270000,227108036000,VACANT LAND
non_residential_zoning; not_clear_individual_owner,3053 N ROSLYN ST MISC,,CITY & COUNTY OF DENVER,C-MU-20,27300,2021,0,128330002000,VACANT LAND /GENERAL COMMON ELEMENTS
non_residential_zoning; not_clear_individual_owner,3443 BLAKE ST,80205-2406,REGIONAL TRANSPORTATION DISTRICT,C-MX-8,8647,2011,331100,227120032000,VACANT LAND /GENERAL COMMON ELEMENTS
not_clear_individual_owner,11097 E 28TH PL,,CITY & COUNTY OF DENVER,R-MU-20,16119,2020,0,126300060000,VACANT LAND /GENERAL COMMON ELEMENTS
non_residential_zoning; not_clear_individual_owner; sale_year_unknown_needs_enrichment,3400 ROCKMONT DR,,BURLINGTON NORTHERN RR CO PROPERTY TAX DEPARTMENT,I-B,17547,,,228100053000,VACANT LAND
not_clear_individual_owner; sold_after_2021_not_5_year_hold,6510 N DANUBE ST,80249-8650,ALTARIA AT HIGH POINT COMMUNITY ASSOCIATION INC,R-MU-20,10733,2022,0,3100097000,VACANT LAND /GENERAL COMMON ELEMENTS
not_clear_individual_owner,8043 E 24TH AVE,,PARK CREEK METROPOLITAN DISTRICT,R-MU-20,12931,2006,0,133116022000,VACANT LAND /GENERAL COMMON ELEMENTS
not_clear_individual_owner; sold_after_2021_not_5_year_hold,4612 N CENTRAL PARK BLVD,,DRURY DEVELOPMENT CORP,M-IMX-12,13139,2025,2000000,115300091000,VACANT LAND /GENERAL COMMON ELEMENTS
non_residential_zoning; not_clear_individual_owner,5197 N WASHINGTON ST,,GCC METROPOLITAN DISTRICT NO 3,I-A,89339,2015,0,215400061000,VACANT LAND /GENERAL COMMON ELEMENTS
not_clear_individual_owner,5597 N HELENA ST,,PARKFIELD NORTH COMMUNITY ASSOCIATION INC,PUD,229761,2003,10,17212081000,VACANT LAND /GENERAL COMMON ELEMENTS
non_residential_zoning; not_clear_individual_owner; sold_after_2021_not_5_year_hold,600 E 49TH AVE,80216-6310,49TH AVE LLC,I-MX-3,7000,2023,0,215423001000,VACANT LAND
not_clear_individual_owner,2236 N SPRUCE ST,,INNOVATIONS AND COURTYARD TRADITIONS AT STAPLETON HOMEO,R-MU-20,7102,2016,10,133200027000,VACANT LAND /GENERAL COMMON ELEMENTS
non_residential_zoning; not_clear_individual_owner,2600 W COLFAX AVE,,METROPOLITAN FOOTBALL STADIUM DISTRICT,C-MU-30,45585,2010,0,232400033000,VACANT LAND
non_residential_zoning; not_clear_individual_owner; sold_after_2021_not_5_year_hold,5903 N TOWER RD,,IMKD 8 LLC,C-MU-30,298653,2025,29616600,9125001000,VACANT LAND
non_residential_zoning; not_clear_individual_owner,701 WEWATTA ST,,UNION PACIFIC RAILROAD COMPANY,C-MX-5,12465,1997,0,233500034000,VACANT LAND
non_residential_zoning; not_clear_individual_owner; sale_year_unknown_needs_enrichment,5101 N COLORADO BLVD,80216-3119,CITY & COUNTY OF DENVER,I-A,65600,,,213400004000,VACANT LAND /GENERAL COMMON ELEMENTS
non_residential_zoning; not_clear_individual_owner,3495 PARK AVE W,,REGIONAL TRANSPORTATION DISTRICT,I-B,9434,2019,10,227300122000,VACANT LAND
not_clear_individual_owner; sold_after_2021_not_5_year_hold,4710 N KITTREDGE ST,,DENVER CONNECTION WEST METROPOLITAN DISTRICT,PUD,8644,2023,0,20200024000,VACANT LAND /GENERAL COMMON ELEMENTS
non_residential_zoning; not_clear_individual_owner,3400 ROCKMONT DR,,CITY & COUNTY OF DENVER,I-B,9004,1991,0,228100054000,VACANT LAND /GENERAL COMMON ELEMENTS
non_residential_zoning; not_clear_individual_owner,3648 N DOWNING ST APPRX,80205,DOMA LLC,C-MX-3,18300,2019,10,226302030000,VACANT LAND
not_clear_individual_owner,8872 E 29TH PL,,STAPLETON COACH HOUSE OWNERS ASSOCIATION NOS 5 & 6,R-MU-20,27856,2007,0,127301043000,VACANT LAND /GENERAL COMMON ELEMENTS
non_residential_zoning; not_clear_individual_owner; sale_year_unknown_needs_enrichment,4303 N MONACO ST,,UNION PACIFIC RAILROAD COMPANY,I-B,29200,,,120200004000,VACANT LAND
not_clear_individual_owner,9232 E 53RD AVE,80238-3797,PARK CREEK METROPOLITAN DISTRICT,M-RX-5,13281,2019,10,115200106000,VACANT LAND /GENERAL COMMON ELEMENTS
non_residential_zoning; not_clear_individual_owner; sold_after_2021_not_5_year_hold,5793 N TOWER RD,,IMKD 8 LLC,C-MU-30,34436,2025,0,9131003000,VACANT LAND
not_clear_individual_owner; sold_after_2021_not_5_year_hold,6156 N DALLAS WAY,,PARK CREEK METROPOLITAN DISTRICT,M-RX-5,14238,2023,0,110100278000,VACANT LAND /GENERAL COMMON ELEMENTS
not_clear_individual_owner; sold_after_2021_not_5_year_hold,8935 E 58TH DR,,PARK CREEK METROPOLITAN DISTRICT,M-RX-5,19623,2023,0,110300066000,VACANT LAND /GENERAL COMMON ELEMENTS
non_residential_zoning; not_clear_individual_owner; sale_year_unknown_needs_enrichment,4900 E 50TH AVE,,BURLINGTON NORTHERN RR CO PROPERTY TAX DEPARTMENT,I-B,89700,,,118401009000,VACANT LAND
not_clear_individual_owner; sale_year_unknown_needs_enrichment,2452 N SPRUCE ST MISC,,CITY & COUNTY OF DENVER,R-MU-20,10574,,,133231054000,VACANT LAND /GENERAL COMMON ELEMENTS
non_residential_zoning; not_clear_individual_owner; sale_year_unknown_needs_enrichment,5050 N LIMA ST,80239-2626,UNION PACIFIC RAILROAD COMPANY,I-B,24900,,,114411004000,VACANT LAND
non_residential_zoning; not_clear_individual_owner; sale_year_unknown_needs_enrichment,1800 N BRYANT ST,,METROPOLITAN FOOTBALL STADIUM DISTRICT,C-MU-30,13681,,,232400030000,VACANT LAND /GENERAL COMMON ELEMENTS
non_residential_zoning; not_clear_individual_owner; sold_after_2021_not_5_year_hold,2501 E 40TH AVE,80205-3601,CLAUDREY LLC,I-MX-3,16013,2024,63000,224300063000,VACANT LAND
not_clear_individual_owner,2562 N ALTON ST,,PARK CREEK METROPOLITAN DISTRICT,R-MU-20,16546,2003,10,134204022000,VACANT LAND /GENERAL COMMON ELEMENTS
not_clear_individual_owner; sold_after_2021_not_5_year_hold,5976 N CHESTER ST,,PARK CREEK METROPOLITAN DISTRICT,M-RX-5,10339,2023,0,110300038000,VACANT LAND /GENERAL COMMON ELEMENTS
non_residential_zoning; not_clear_individual_owner,3900 N MADISON ST,,CITY & COUNTY OF DENVER,I-MX-3,30200,2016,10,224428002000,VACANT LAND
not_clear_individual_owner; sale_year_unknown_needs_enrichment,15875 E 40TH AVE,,SAND CREEK METROPOLITAN DISTRICT,GTWY,973684,,,20201013000,VACANT LAND /GENERAL COMMON ELEMENTS
non_residential_zoning; not_clear_individual_owner; sold_after_2021_not_5_year_hold,18794 E 63RD AVE,,BOULDER CREEK GATEWAY LLC,S-MX-3,51366,2025,2250000,10200233000,VACANT LAND /GENERAL COMMON ELEMENTS
non_residential_zoning; not_clear_individual_owner; sale_year_unknown_needs_enrichment,1450 7TH ST,,BOARD OF DIRECTORS OF THE AURARIA HIGHER EDUCATION CTR,CMP-EI,89427,,,233411017000,VACANT LAND
not_clear_individual_owner; sold_after_2021_not_5_year_hold,5454 N XENIA ST,,CITY & COUNTY OF DENVER,M-RX-5,43359,2025,500,116100058000,VACANT LAND /GENERAL COMMON ELEMENTS
not_clear_individual_owner; sold_after_2021_not_5_year_hold,6164 N BEELER CT,,CITY & COUNTY OF DENVER,M-RX-5,7877,2025,0,110300008000,VACANT LAND /GENERAL COMMON ELEMENTS
non_residential_zoning; not_clear_individual_owner,8398 E 37TH PL,,PR III/HSR CENTRAL PARK DENVER I OWNER LLC,C-MX-16,123814,2021,6919230,128104014000,VACANT LAND
not_clear_individual_owner; sold_after_2021_not_5_year_hold,5000 E 50TH AVE,,CITY & COUNTY OF DENVER,M-RX-5,45988,2025,500,116400050000,VACANT LAND /GENERAL COMMON ELEMENTS
not_clear_individual_owner,3483 N BEELER ST,80238-3490,PARK CREEK METROPOLITAN DISTRICT,R-MU-20,17075,2009,10,127200035000,VACANT LAND /GENERAL COMMON ELEMENTS
not_clear_individual_owner; sale_year_unknown_needs_enrichment,3987 N YOSEMITE ST,,FC STAPLETON II LLC,M-IMX-12,14706,,,121400138000,VACANT LAND /GENERAL COMMON ELEMENTS
non_residential_zoning; not_clear_individual_owner; sale_year_unknown_needs_enrichment,4500 N GRAPE ST,80216-6403,CHICAGO PACIFIC CORP,I-B,13000,,,119100063000,VACANT LAND
non_residential_zoning; not_clear_individual_owner; sale_year_unknown_needs_enrichment,4800 N QUEBEC ST,,PARK CREEK METROPOLITAN DISTRICT,OS-B,162704,,,116300006000,VACANT LAND
not_clear_individual_owner,2969 N XENIA ST,,PARK CREEK METROPOLITAN DISTRICT,R-MU-30,28751,2004,0,128424007000,VACANT LAND
non_residential_zoning; not_clear_individual_owner; sold_after_2021_not_5_year_hold,18602 E MAXWELL PL,80249-8999,EBERT METROPOLITAN DISTRICT,C-MU-20,12450,2025,10,15238014000,VACANT LAND
non_residential_zoning; not_clear_individual_owner; sale_year_unknown_needs_enrichment,5959 N ARGONNE ST,,DUNKIRK PLACE LLC,C-MU-20,66221,,,10200202000,VACANT LAND /GENERAL COMMON ELEMENTS
not_clear_individual_owner; sold_after_2021_not_5_year_hold,10215 E 57TH AVE,,PARK CREEK METROPOLITAN DISTRICT,M-RX-5,13669,2023,0,110400034000,VACANT LAND /GENERAL COMMON ELEMENTS
non_residential_zoning; not_clear_individual_owner; sale_year_unknown_needs_enrichment,3062 N FOX ST,,CITY & COUNTY OF DENVER,C-MX-12,8878,,,227801020000,VACANT LAND /GENERAL COMMON ELEMENTS
non_residential_zoning; not_clear_individual_owner; sale_year_unknown_needs_enrichment,800 W 48TH AVE,,BURLINGTON NORTHERN RR CO PROPERTY TAX DEPARTMENT,I-B,523000,,,221100041000,VACANT LAND
not_clear_individual_owner,20454 E 47TH AVE,,GVR METROPOLITAN DISTRICT,R-2,9889,2008,0,23211058000,VACANT LAND /GENERAL COMMON ELEMENTS
non_residential_zoning; sale_year_unknown_needs_enrichment,4701 N ARGONNE ST,80249-7405,COLORADO INTERSTATE GAS CO,B-3,7013,,,22200011000,VACANT LAND
non_residential_zoning; not_clear_individual_owner; sale_year_unknown_needs_enrichment,2300 E 38TH AVE,,CITY & COUNTY OF DENVER,I-B,205807,,,224300110000,VACANT LAND /GENERAL COMMON ELEMENTS
not_clear_individual_owner; sold_after_2021_not_5_year_hold,4454 W 28TH AVE,,BLVD UTICA LLC,U-SU-C1,10963,2023,0,230328020000,VACANT LAND
not_clear_individual_owner; sold_after_2021_not_5_year_hold,4752 N KALISPELL ST,,DENVER CONNECTION WEST METROPOLITAN DISTRICT,PUD,17786,2023,0,20200028000,VACANT LAND /GENERAL COMMON ELEMENTS
non_residential_zoning; not_clear_individual_owner; sale_year_unknown_needs_enrichment,5590 N FAIRPLAY ST,,CITY & COUNTY OF DENVER,OS-A,36700,,,18104053000,VACANT LAND /GENERAL COMMON ELEMENTS
non_residential_zoning; sale_year_unknown_needs_enrichment,3901 N QUEBEC ST,80207-1628,UNION PACIFIC RR CO,I-B,10300,,,120410002000,VACANT LAND
non_residential_zoning; not_clear_individual_owner; sale_year_unknown_needs_enrichment,400 E 52ND AVE,,BURLINGTON NORTHERN RR CO PROPERTY TAX DEPARTMENT,I-MX-3,111555,,,215400058000,VACANT LAND
non_residential_zoning; not_clear_individual_owner,3801 N HIMALAYA RD,,CITY & COUNTY OF DENVER,S-MX-3,25736,2004,10,22400025000,VACANT LAND /GENERAL COMMON ELEMENTS
non_residential_zoning; not_clear_individual_owner; sold_after_2021_not_5_year_hold,4050 N COLORADO BLVD,80216-4300,40TH CO LAND LLC,C-MX-8,179887,2024,6300000,119300049000,VACANT LAND
not_clear_individual_owner; sold_after_2021_not_5_year_hold,6372 N DAYTON WAY,,PARK CREEK METROPOLITAN DISTRICT,M-RX-5,18299,2023,0,110100258000,VACANT LAND /GENERAL COMMON ELEMENTS
non_residential_zoning; not_clear_individual_owner,6972 N ARGONNE ST MISC,,CITY & COUNTY OF DENVER,C-MU-30,484717,2021,0,3100114000,VACANT LAND /GENERAL COMMON ELEMENTS
non_residential_zoning; sale_year_unknown_needs_enrichment,4100 N MONACO ST APPRX,,UNION PACIFIC RR CO,I-B,53200,,,120400007000,VACANT LAND /GENERAL COMMON ELEMENTS
not_clear_individual_owner; sold_after_2021_not_5_year_hold,5884 N BOSTON CT,,PARK CREEK METROPOLITAN DISTRICT,M-RX-5,65310,2023,0,110300077000,VACANT LAND /GENERAL COMMON ELEMENTS
non_residential_zoning; not_clear_individual_owner; sold_after_2021_not_5_year_hold,3201 N SPRUCE ST MISC,,CITY & COUNTY OF DENVER,C-MU-20,23554,2025,500,128600022000,VACANT LAND /GENERAL COMMON ELEMENTS
not_clear_individual_owner,5560 N CHAMBERS RD,,PARKFIELD NORTH COMMUNITY ASSOCIATION INC,PUD,8494,2002,10,17212070000,VACANT LAND /GENERAL COMMON ELEMENTS
non_residential_zoning; sale_year_unknown_needs_enrichment,4100 N KEARNEY ST,,UNION PACIFIC RR CO,I-B,22100,,,120300038000,VACANT LAND /GENERAL COMMON ELEMENTS
non_residential_zoning; not_clear_individual_owner,4045 N FOX ST,80216-4819,REGIONAL TRANSPORTATION DISTRICT,I-B,283376,2012,0,222324022000,VACANT LAND
not_clear_individual_owner,8282 E 55TH PL,,PARK CREEK METROPOLITAN DISTRICT,M-RX-5,16626,2014,0,116100069000,VACANT LAND /GENERAL COMMON ELEMENTS
non_residential_zoning,900 AURARIA PKWY,80204-1894,AURARIA HIGHER EDUCATION,CMP-EI,14200,1997,1,233715006000,VACANT LAND
not_clear_individual_owner,2053 MARKET ST,,PUBLIC SERVICE CO OF COLO,PUD,26696,1990,0,227909025000,VACANT LAND
not_clear_individual_owner,5364 N TRENTON ST,,PARK CREEK METROPOLITAN DISTRICT,M-RX-5,14215,2014,0,116100089000,VACANT LAND /GENERAL COMMON ELEMENTS
not_clear_individual_owner; sale_year_unknown_needs_enrichment,8125 E 28TH AVE,,CITY & COUNTY OF DENVER,R-MU-20,15569,,,128412030000,VACANT LAND /GENERAL COMMON ELEMENTS
non_residential_zoning; not_clear_individual_owner; sale_year_unknown_needs_enrichment,1101 N SPEER BLVD,,CITY & COUNTY OF DENVER,OS-C,9700,,,233623005000,VACANT LAND /GENERAL COMMON ELEMENTS
not_clear_individual_owner; sold_after_2021_not_5_year_hold,4720 N CHAMBERS RD,,DENVER CONNECTION WEST METROPOLITAN DISTRICT,PUD,754919,2023,0,20200035000,VACANT LAND /GENERAL COMMON ELEMENTS
not_clear_individual_owner,11043 E 28TH PL,80238-3214,STAPLETON FILING #35/17 HOME OWNERS ASSOCIATION,R-MU-20,11473,2014,10,126300058000,VACANT LAND /GENERAL COMMON ELEMENTS
not_clear_individual_owner; sold_after_2021_not_5_year_hold,2007 N ULSTER ST,,CITY & COUNTY OF DENVER,R-MU-20,18841,2025,500,133200036000,VACANT LAND /GENERAL COMMON ELEMENTS
not_clear_individual_owner,2230 N UINTA ST,,WONDERLAND HOMES INC,R-MU-20,8309,2009,10,133123054000,VACANT LAND /GENERAL COMMON ELEMENTS
non_residential_zoning; not_clear_individual_owner; sold_after_2021_not_5_year_hold,7745 E 29TH AVE,,PARK CREEK METROPOLITAN DISTRICT,C-MU-20,16256,2023,10,128328020000,VACANT LAND /GENERAL COMMON ELEMENTS
non_residential_zoning; not_clear_individual_owner,1800 PARK AVE W,,REGIONAL TRANSPORTATION DISTRICT,C-MX-12,32717,2019,10,227800244000,VACANT LAND
not_clear_individual_owner,5172 N TAMARAC ST,,PARK CREEK METROPOLITAN DISTRICT,M-RX-5,22395,2014,0,116100125000,VACANT LAND /GENERAL COMMON ELEMENTS
not_clear_individual_owner; sold_after_2021_not_5_year_hold,5882 N BOSTON ST,,CITY & COUNTY OF DENVER,M-RX-5,27960,2025,500,110300073000,VACANT LAND /GENERAL COMMON ELEMENTS
not_clear_individual_owner,9702 E 32ND AVE,,PARK CREEK METROPOLITAN DISTRICT,R-MU-20,14275,2005,10,127406023000,VACANT LAND /GENERAL COMMON ELEMENTS
non_residential_zoning; not_clear_individual_owner,8195 E 25TH DR,,CITY & COUNTY OF DENVER,OS-A,21208,2005,500,133200048000,VACANT LAND
non_residential_zoning; sale_year_unknown_needs_enrichment,801 W 32ND AVE,,BURLINGTON NORTHERN RR CO,C-MX-5,86200,,,228100006000,VACANT LAND
not_clear_individual_owner; sold_after_2021_not_5_year_hold,6608 N ARGONNE ST,80249-8650,ALTARIA AT HIGH POINT COMMUNITY ASSOCIATION INC,R-MU-20,19583,2022,0,3100080000,VACANT LAND /GENERAL COMMON ELEMENTS
not_clear_individual_owner,8388 E 23RD AVE,80238-3060,STAPLETON NEIGHBORHOOD NO 7,R-MU-20,9455,2010,0,133124028000,VACANT LAND /GENERAL COMMON ELEMENTS
not_clear_individual_owner; sale_year_unknown_needs_enrichment,4094 N WILLOW ST,,FC STAPLETON II LLC,M-IMX-12,31260,,,121403001000,VACANT LAND
not_clear_individual_owner; sold_after_2021_not_5_year_hold,5796 N BEELER CT,,CITY & COUNTY OF DENVER,M-RX-5,18711,2025,500,110300104000,VACANT LAND /GENERAL COMMON ELEMENTS
not_clear_individual_owner; sale_year_unknown_needs_enrichment,1201 26TH ST,,2620 FIVE POINTS RINO LLC,PUD-G,17469,,,227635032000,VACANT LAND
non_residential_zoning; not_clear_individual_owner; sale_year_unknown_needs_enrichment,4401 N WASHINGTON ST,,BURLINGTON NORTHERN RR CO PROPERTY TAX DEPARTMENT,U-MX-3,15700,,,222100002000,VACANT LAND
non_residential_zoning,1214 28TH ST,,SACRED HEART CATHOLIC PARISH,G-MU-3,12500,2008,10,227622018000,VACANT LAND
not_clear_individual_owner; sale_year_unknown_needs_enrichment,2000 N JULIAN WAY,80211-5000,EAST BAY HOMEOWNERS ASSOCIATION,R-3,7375,,,232237021000,VACANT LAND /GENERAL COMMON ELEMENTS
non_residential_zoning; not_clear_individual_owner,4000 N INCA ST,,UNION PACIFIC RAILROAD COMPANY,I-B,61895,1997,0,221432001000,VACANT LAND
non_residential_zoning; not_clear_individual_owner,5201 N DAYTON ST,,CITY & COUNTY OF DENVER,OS-A,1104569,2019,0,115200022000,VACANT LAND
non_residential_zoning; not_clear_individual_owner,18699 E 65TH AV,80249,ACM HIGH POINT VI B LLC,C-MU-20,47703,2020,0,3106004000,VACANT LAND
not_clear_individual_owner; sold_after_2021_not_5_year_hold,8928 E 46TH AVE,,RUNWAY 35 NORTH LLC,M-IMX-12,107052,2024,0,121100158000,VACANT LAND
not_clear_individual_owner; sold_after_2021_not_5_year_hold,8911 E 59TH PL,,CITY & COUNTY OF DENVER,M-RX-5,20835,2025,500,110300063000,VACANT LAND /GENERAL COMMON ELEMENTS
non_residential_zoning; not_clear_individual_owner; sale_year_unknown_needs_enrichment,3400 N DELAWARE ST,,BURLINGTON NORTHERN RR CO PROPERTY TAX DEPARTMENT,I-B,7150,,,227405002000,VACANT LAND
not_clear_individual_owner; sold_after_2021_not_5_year_hold,6405 N DUNKIRK ST,80249-8650,STRASBURG CHERRY CREEK DEVELOPMENT LLC,R-MU-20,59000,2025,0,3100106000,VACANT LAND /GENERAL COMMON ELEMENTS
not_clear_individual_owner; sold_after_2021_not_5_year_hold,9357 E 59TH NORTH DR,,CITY & COUNTY OF DENVER,M-RX-5,14524,2025,500,110300041000,VACANT LAND /GENERAL COMMON ELEMENTS
non_residential_zoning; not_clear_individual_owner; sold_after_2021_not_5_year_hold,19102 E 57TH AVE,,EXODUS DENVER ONE LLC,C-MU-20,119657,2022,4000000,10257003000,VACANT LAND
non_residential_zoning; not_clear_individual_owner,10000 E 40TH AVE VCNT,,CITY & COUNTY OF DENVER,OS-B,17378,2010,0,122400021000,VACANT LAND /GENERAL COMMON ELEMENTS
non_residential_zoning,1501 W 47TH AVE,,"LUNDQUIST,RICHARD R",I-A,15950,2014,2019988,221106008000,VACANT LAND
non_residential_zoning; not_clear_individual_owner,5138 N THOMPSON CT,80216-2311,THOMPSON COURT LLC,I-B,13500,2018,905000,213304037000,VACANT LAND
not_clear_individual_owner; sold_after_2021_not_5_year_hold,3807 N LISBON ST,,GVR METROPOLITAN DISTRICT,R-2,36754,2024,0,23311043000,VACANT LAND /GENERAL COMMON ELEMENTS
non_residential_zoning; not_clear_individual_owner,5401 N ROSLYN ST,,CITY & COUNTY OF DENVER,I-B,558803,2020,10,116200014000,VACANT LAND
non_residential_zoning; not_clear_individual_owner,7792 E 33RD AVE,,INNOVATIONS AND COURTYARD TRADITIONS AT STAPLETON HOA,C-MU-20,14234,2011,0,128600061000,VACANT LAND /GENERAL COMMON ELEMENTS
non_residential_zoning; not_clear_individual_owner,6400 E 48TH AVE,80033-3666,DENVER ROCK ISLAND RAILROAD INC,I-B,88875,2005,1600000,120200011000,VACANT LAND
not_clear_individual_owner; sold_after_2021_not_5_year_hold,9201 E 58TH AVE,,PARK CREEK METROPOLITAN DISTRICT,M-RX-5,16866,2023,0,110300092000,VACANT LAND /GENERAL COMMON ELEMENTS
not_clear_individual_owner; sold_after_2021_not_5_year_hold,5991 N ALTON ST,,PARK CREEK METROPOLITAN DISTRICT,M-RX-5,19931,2023,0,110300060000,VACANT LAND /GENERAL COMMON ELEMENTS
not_clear_individual_owner,1900 N JULIAN WAY,,EAST BAY HOMEOWNERS ASSOCIATION,R-3,8698,1996,0,232306077000,VACANT LAND /GENERAL COMMON ELEMENTS
not_clear_individual_owner; sold_after_2021_not_5_year_hold,9365 E 59TH AVE,,CITY & COUNTY OF DENVER,M-RX-5,42134,2025,500,110300079000,VACANT LAND /GENERAL COMMON ELEMENTS
not_clear_individual_owner; sold_after_2021_not_5_year_hold,6195 N EMPORIA ST,,NORTH END AT CENTRAL PARK NO. 1,M-RX-5,16755,2023,10,110100288000,VACANT LAND /GENERAL COMMON ELEMENTS
non_residential_zoning; not_clear_individual_owner; sale_year_unknown_needs_enrichment,3100 N GALAPAGO ST,,BURLINGTON NORTHERN RR CO PROPERTY TAX DEPARTMENT,C-MX-12,54400,,,227800006000,VACANT LAND
non_residential_zoning; not_clear_individual_owner; sale_year_unknown_needs_enrichment,7894 E NORTHFIELD BLVD,,PARK CREEK METROPOLITAN DISTRICT,OS-B,65298,,,116300007000,VACANT LAND /GENERAL COMMON ELEMENTS
non_residential_zoning; not_clear_individual_owner; sold_after_2021_not_5_year_hold,5035 N TOWER ST APPRX,80203,ALL N 1 INC,C-MU-20,42475,2026,1000000,16106007000,VACANT LAND
not_clear_individual_owner,9459 E 52ND AVE,,STAPLETON NORTH FILINGS 47 AND 49 HOMEOWNERS ASSOCIATION INC,M-RX-5,17586,2016,0,115200119000,VACANT LAND /GENERAL COMMON ELEMENTS
not_clear_individual_owner; sold_after_2021_not_5_year_hold,8995 N AKRON ST,,CITY & COUNTY OF DENVER,M-RX-5,26118,2025,500,116400057000,VACANT LAND /GENERAL COMMON ELEMENTS
not_clear_individual_owner,4889 N PICADILLY RD,,CITY & COUNTY OF DENVER,R-MU-20,128777,2002,10,23113026000,VACANT LAND /GENERAL COMMON ELEMENTS
non_residential_zoning; not_clear_individual_owner; sale_year_unknown_needs_enrichment,4801 N CHAMBERS RD,,CITY & COUNTY OF DENVER,OS-A,1101980,,,18400007000,VACANT LAND /GENERAL COMMON ELEMENTS
non_residential_zoning; not_clear_individual_owner,9054 E 37TH AVE,80238-3509,CITY & COUNTY OF DENVER,OS-B,36601,2014,0,127200042000,VACANT LAND /GENERAL COMMON ELEMENTS
non_residential_zoning; not_clear_individual_owner,14155 E 42ND AVE,80239-4987,CITY & COUNTY OF DENVER,I-0,9513,1997,1,124600033000,VACANT LAND /GENERAL COMMON ELEMENTS
non_residential_zoning; not_clear_individual_owner; sold_after_2021_not_5_year_hold,6153 N CEYLON ST BLDG 1,,LOKAL COMMUNITIES LLC,C-MU-30,14788,2025,2782500,10218002000,VACANT LAND
not_clear_individual_owner; sale_year_unknown_needs_enrichment,2698 DELGANY ST,,DENARGO MARKET METROPOLITAN DISTRICT NO 1,PUD,15880,,,227400114000,VACANT LAND /GENERAL COMMON ELEMENTS
non_residential_zoning; not_clear_individual_owner,1001 W 48TH AVE,,UNION PACIFIC RAILROAD COMPANY,I-B,47028,1997,0,216400031000,VACANT LAND
not_clear_individual_owner; sold_after_2021_not_5_year_hold,4738 N KITTREDGE ST,,DENVER CONNECTION WEST METROPOLITAN DISTRICT,PUD,110370,2023,0,20200021000,VACANT LAND /GENERAL COMMON ELEMENTS
non_residential_zoning; not_clear_individual_owner,3153 N ROSLYN WAY MISC,,CITY & COUNTY OF DENVER,C-MU-20,17165,2009,25000,128325005000,VACANT LAND /GENERAL COMMON ELEMENTS
not_clear_individual_owner,8420 E 49TH PL,80216,STAPLETON FILINGS 42 AND 45 HOME OWNER'S ASSOCIATION INC,M-RX-5,10770,2015,10,116500078000,VACANT LAND /GENERAL COMMON ELEMENTS
not_clear_individual_owner,2834 N IRONTON ST,,CITY & COUNTY OF DENVER,R-MU-20,18120,2019,500,126300029000,VACANT LAND /GENERAL COMMON ELEMENTS
non_residential_zoning; sale_year_unknown_needs_enrichment,5600 E 41ST AVE,,UNION PACIFIC RR CO,I-B,145000,,,120300039000,VACANT LAND /GENERAL COMMON ELEMENTS
not_clear_individual_owner; sold_after_2021_not_5_year_hold,8901 N YOSEMITE ST,,CITY & COUNTY OF DENVER,M-RX-5,29658,2025,500,116400052000,VACANT LAND /GENERAL COMMON ELEMENTS
not_clear_individual_owner; sold_after_2021_not_5_year_hold,5855 N HANOVER ST APPRX,,PARK CREEK METROPOLITAN DISTRICT,M-RX-5,42444,2023,0,110400057000,VACANT LAND /GENERAL COMMON ELEMENTS
non_residential_zoning; not_clear_individual_owner,8600 E 45TH AVE,,STATE OF COLORADO,OS-B,752494,2011,0,121100029000,VACANT LAND /GENERAL COMMON ELEMENTS
non_residential_zoning; not_clear_individual_owner; sold_after_2021_not_5_year_hold,4973 N LOWELL BLVD,,LGL LLC,U-MX-3,13000,2023,1250000,218417031000,VACANT LAND
non_residential_zoning; sale_year_unknown_needs_enrichment,11701 E 40TH AVE,,UNION PACIFIC RR CO,I-B,66700,,,123400035000,VACANT LAND
not_clear_individual_owner,2882 N XENIA ST,,PARK CREEK METROPOLITAN DISTRICT,R-MU-20,13559,2003,0,128420019000,VACANT LAND /GENERAL COMMON ELEMENTS
non_residential_zoning; not_clear_individual_owner; sale_year_unknown_needs_enrichment,495 E 51ST AVE,80239,GCC METROPOLITAN DISTRICT NO 3,I-A,40271,,,215400073000,VACANT LAND
non_residential_zoning; not_clear_individual_owner; sold_after_2021_not_5_year_hold,4050 N COLORADO BLVD,80216-4300,PHVW TOD LLC,C-MX-8,50465,2024,0,119300051000,VACANT LAND
not_clear_individual_owner,8754 E 49TH PL,,PARK CREEK METROPOLITAN DISTRICT,M-RX-5,7986,2016,10,116400074000,VACANT LAND /GENERAL COMMON ELEMENTS
not_clear_individual_owner,3113 N ELMIRA ST,,PARK CREEK METROPOLITAN DISTRICT,R-MU-20,15231,2005,10,127405024000,VACANT LAND /GENERAL COMMON ELEMENTS
non_residential_zoning; not_clear_individual_owner,701 WEWATTA ST,,UNION PACIFIC RAILROAD COMPANY,C-MX-5,22741,1997,0,233500036000,VACANT LAND
not_clear_individual_owner; sold_after_2021_not_5_year_hold,4722 N JASPER ST,,DENVER CONNECTION WEST METROPOLITAN DISTRICT,PUD,20436,2023,0,20200031000,VACANT LAND /GENERAL COMMON ELEMENTS
not_clear_individual_owner; sale_year_unknown_needs_enrichment,8500 PENA BLVD,80249-6205,CITY & COUNTY OF DENVER,DIA,2590436,,,20100013000,VACANT LAND
non_residential_zoning; not_clear_individual_owner,1200 4TH ST,,THE REGENTS OF THE UNIVERSITY OF COLORADO,C-MX-16,7508,2020,10,233810013000,VACANT LAND
not_clear_individual_owner; sold_after_2021_not_5_year_hold,9437 E 58TH AVE,,PARK CREEK METROPOLITAN DISTRICT,M-RX-5,13408,2023,0,110300085000,VACANT LAND /GENERAL COMMON ELEMENTS
not_clear_individual_owner; sale_year_unknown_needs_enrichment,8809 E 39TH DR APPRX,,FC STAPLETON II LLC,M-IMX-12,49507,,,121400126000,VACANT LAND /GENERAL COMMON ELEMENTS
not_clear_individual_owner,4911 N CENTRAL PARK BLVD,,PARK CREEK METROPOLITAN DISTRICT,M-RX-5,13779,2014,10,116400094000,VACANT LAND /GENERAL COMMON ELEMENTS
not_clear_individual_owner,2557 N XANTHIA ST,,PARK CREEK METROPOLITAN DISTRICT,R-MU-20,9121,2003,10,133104020000,VACANT LAND /GENERAL COMMON ELEMENTS
non_residential_zoning; not_clear_individual_owner; sale_year_unknown_needs_enrichment,4302 N ONEIDA ST APPRX,80216-6616,UPLAND INDUSTRIES CORP,I-B,35300,,,120100020000,VACANT LAND /GENERAL COMMON ELEMENTS
not_clear_individual_owner; sold_after_2021_not_5_year_hold,5450 N TAMARAC ST,,CITY & COUNTY OF DENVER,M-RX-5,31246,2025,500,116100030000,VACANT LAND /GENERAL COMMON ELEMENTS
not_clear_individual_owner,9103 E 34TH AVE -9143,,CITY & COUNTY OF DENVER,R-MU-20,9648,2014,500,127200014000,VACANT LAND /GENERAL COMMON ELEMENTS
non_residential_zoning,4855 N WASHINGTON ST,80216-6336,"DIFORE,VINCENZO",I-MX-3,15260,2019,10,215423041000,VACANT LAND
not_clear_individual_owner,14402 E ALBROOK DR,,CORNERSTONE HOMEOWNERS ASSOCIATION INC,R-2-A,213903,2004,10,124404089000,VACANT LAND /GENERAL COMMON ELEMENTS
not_clear_individual_owner; sold_after_2021_not_5_year_hold,5897 N ALTON ST,,STAPLETON FILLINGS 47 AND 49 HOMEOWNERS ASSOCIATION INC,M-RX-5,16777,2023,0,110300067000,VACANT LAND /GENERAL COMMON ELEMENTS
non_residential_zoning; not_clear_individual_owner,8801 E 39TH AVE,,STATE OF COLORADO DEPARTMENT OF TRANSPORTATION,OS-B,100924,2011,0,121400101000,VACANT LAND /GENERAL COMMON ELEMENTS
non_residential_zoning; not_clear_individual_owner,7155 E 36TH AVE REAR,,NILKANTH HOSPITALITY LLC,S-MX-3,18000,2013,1000,129118020000,VACANT LAND /GENERAL COMMON ELEMENTS
not_clear_individual_owner,2655 N KINGSTON ST,,PARK CREEK METROPOLITAN DISTRICT,R-MU-20,12445,2014,10,126300075000,VACANT LAND /GENERAL COMMON ELEMENTS
non_residential_zoning; not_clear_individual_owner,8082 E 33RD AVE,,PARK CREEK METROPOLITAN DISTRICT,C-MU-20,9714,2019,0,128600048000,VACANT LAND /GENERAL COMMON ELEMENTS
not_clear_individual_owner; sold_after_2021_not_5_year_hold,5813 N BEELER ST,,CITY & COUNTY OF DENVER,M-RX-5,18272,2025,500,110300094000,VACANT LAND /GENERAL COMMON ELEMENTS
not_clear_individual_owner,19805 E ELK PL,,GVR METROPOLITAN DISTRICT,R-2-A,24865,2008,0,22118017000,VACANT LAND /GENERAL COMMON ELEMENTS
not_clear_individual_owner,5971 N ALTON ST,,PORTRAIT AT STAPLETON FILING 49 HOMEOWNERS ASSOC INC,M-RX-5,21893,2019,10,110300061000,VACANT LAND /GENERAL COMMON ELEMENTS
not_clear_individual_owner; sold_after_2021_not_5_year_hold,5199 N AKRON ST,,CITY & COUNTY OF DENVER,M-RX-5,61858,2025,500,116100061000,VACANT LAND /GENERAL COMMON ELEMENTS
non_residential_zoning; not_clear_individual_owner,7757 E 40TH AVE,,UNION PACIFIC RAILROAD COMPANY,I-MX-5,70771,2005,0,121300115000,VACANT LAND
not_clear_individual_owner,8410 E 54TH PL,,PARK CREEK METROPOLITAN DISTRICT,M-RX-5,12523,2014,0,116100092000,VACANT LAND /GENERAL COMMON ELEMENTS
not_clear_individual_owner; sold_after_2021_not_5_year_hold,5975 N CHESTER ST,,PARK CREEK METROPOLITAN DISTRICT,M-RX-5,16224,2023,0,110300042000,VACANT LAND /GENERAL COMMON ELEMENTS
non_residential_zoning; not_clear_individual_owner,435 LAWRENCE ST,,REGIONAL TRANSPORTATION DISTRICT,CMP-EI,18678,2000,10,233811018000,VACANT LAND
non_residential_zoning; not_clear_individual_owner; sale_year_unknown_needs_enrichment,17291 GREEN VALLEY RANCH BLVD,,STATE OF COLORADO,C-MU-30,324630,,,16100123000,VACANT LAND /GENERAL COMMON ELEMENTS
non_residential_zoning; not_clear_individual_owner,4500 N BRIGHTON BLVD,,STATE OF COLORADO DEPARTMENT OF TRANSPORTATION,I-MX-8,23176,1998,204870,223100080000,VACANT LAND /GENERAL COMMON ELEMENTS
non_residential_zoning; sale_year_unknown_needs_enrichment,4500 N RACE ST APPRX,,UNION PACIFIC RR CO,I-A,41126,,,223122010000,VACANT LAND
not_clear_individual_owner,4501 N XENIA ST,,CITY & COUNTY OF DENVER,M-IMX-12,43839,2012,500,121100010000,VACANT LAND /GENERAL COMMON ELEMENTS
non_residential_zoning; not_clear_individual_owner; sale_year_unknown_needs_enrichment,3223 DENARGO ST,,BURLINGTON NORTHERN RR CO PROPERTY TAX DEPARTMENT,I-B,164000,,,227402002000,VACANT LAND
not_clear_individual_owner; sold_after_2021_not_5_year_hold,19240 E 64TH PL,80249-8650,ALTARIA AT HIGH POINT COMMUNITY ASSOCIATION INC,R-MU-20,17758,2022,0,3100101000,VACANT LAND /GENERAL COMMON ELEMENTS
not_clear_individual_owner,9831 E 32ND AVE,,STAPLETON COACH HOUSE OWNERS ASSOCIATION NO 1,R-MU-20,11208,2009,0,127402056000,VACANT LAND /GENERAL COMMON ELEMENTS
non_residential_zoning; not_clear_individual_owner,1827 N FEDERAL BLVD,80204-1724,1827 FEDERAL BLVD LLC,C-MX-5,13462,2013,562500,232312006000,VACANT LAND
non_residential_zoning; not_clear_individual_owner,7732 E 33RD AVE,,PARK CREEK METROPOLITAN DISTRICT,C-MU-20,11214,2019,0,128600045000,VACANT LAND /GENERAL COMMON ELEMENTS
not_clear_individual_owner,2644 N LIMA ST,80238,PARK CREEK METROPOLITAN DISTRICT,R-MU-20,15763,2019,10,126300095000,VACANT LAND /GENERAL COMMON ELEMENTS
non_residential_zoning; not_clear_individual_owner; sale_year_unknown_needs_enrichment,14300 E 56TH AVE,,CITY & COUNTY OF DENVER,OS-A,20900,,,18214015000,VACANT LAND /GENERAL COMMON ELEMENTS
not_clear_individual_owner,8104 E 51ST AVE,80216,PARK CREEK METROPOLITAN DISTRICT,M-RX-5,15245,2014,0,116500044000,VACANT LAND /GENERAL COMMON ELEMENTS
not_clear_individual_owner; sale_year_unknown_needs_enrichment,2700 N QUEBEC ST,,FC STAPLETON II LLC,R-MU-20,17227,,,128318003000,VACANT LAND /GENERAL COMMON ELEMENTS
not_clear_individual_owner,2828 N AKRON ST,,PARK CREEK METROPOLITAN DISTRICT,R-MU-20,8908,2003,0,127306030000,VACANT LAND /GENERAL COMMON ELEMENTS
non_residential_zoning; not_clear_individual_owner; sale_year_unknown_needs_enrichment,5591 N TUCSON ST,,CITY & COUNTY OF DENVER,OS-A,20600,,,113612016000,VACANT LAND /GENERAL COMMON ELEMENTS
not_clear_individual_owner; sale_year_unknown_needs_enrichment,3988 N YOSEMITE ST APPRX,,FC STAPLETON II LLC,M-IMX-12,12412,,,121400139000,VACANT LAND /GENERAL COMMON ELEMENTS
non_residential_zoning; not_clear_individual_owner; sold_after_2021_not_5_year_hold,3201 N TRENTON ST MISC,,CITY & COUNTY OF DENVER,C-MU-20,22998,2025,500,128600023000,VACANT LAND /GENERAL COMMON ELEMENTS
not_clear_individual_owner,8910 E 50TH AVE,,STAPLETON NORTH FILINGS 42 & 45 HOA INC,M-RX-5,15200,2015,10,116400080000,VACANT LAND /GENERAL COMMON ELEMENTS
non_residential_zoning; not_clear_individual_owner,9650 E 56TH AVE,,SBC METROPOLITAN DISTRICT,C-MU-30,166601,2015,0,115100035000,VACANT LAND /GENERAL COMMON ELEMENTS
tier1_confirmed_basic_filters_before_growth_proximity,4900 N LOGAN ST,,"VALVERDE,SHIRLEY C",E-SU-D,18100,2013,10,215411002000,VACANT LAND
non_residential_zoning; sale_year_unknown_needs_enrichment,3400 ROCKMONT DR,,SOUTHERN PACIFIC TRANSPORTATION CO,I-B,11550,,,228100052000,VACANT LAND
not_clear_individual_owner,20464 E 47TH AVE,,GVR METROPOLITAN DISTRICT,R-2,102912,2008,0,23211057000,VACANT LAND /GENERAL COMMON ELEMENTS
non_residential_zoning; not_clear_individual_owner,2993 N CENTRAL PARK BLVD,,CITY & COUNTY OF DENVER,C-MU-20,15116,2012,0,128422005000,VACANT LAND /GENERAL COMMON ELEMENTS
not_clear_individual_owner; sold_after_2021_not_5_year_hold,9796 N XENIA ST,,CITY & COUNTY OF DENVER,M-MX-5,26292,2025,500,116400059000,VACANT LAND /GENERAL COMMON ELEMENTS
non_residential_zoning; not_clear_individual_owner; sold_after_2021_not_5_year_hold,3309 N UINTA ST MISC,,CITY & COUNTY OF DENVER,C-MU-20,57285,2025,500,128600019000,VACANT LAND /GENERAL COMMON ELEMENTS
non_residential_zoning; not_clear_individual_owner,1000 4TH ST,,THE REGENTS OF THE UNIVERSITY OF COLORADO,C-MX-16,26788,2020,10,233817002000,VACANT LAND
not_clear_individual_owner; sold_after_2021_not_5_year_hold,5612 N BOSTON CT,,CITY & COUNTY OF DENVER,M-MX-5,32067,2025,500,110300119000,VACANT LAND /GENERAL COMMON ELEMENTS
non_residential_zoning; not_clear_individual_owner; sale_year_unknown_needs_enrichment,1235 AURARIA PKWY,80204-1836,CITY & COUNTY OF DENVER,C-MX-8,12597,,,233512016000,VACANT LAND /GENERAL COMMON ELEMENTS
non_residential_zoning; not_clear_individual_owner,4002 N ALBION ST,,CITY & COUNTY OF DENVER,OS-B,42891,2018,10,119300043000,VACANT LAND /GENERAL COMMON ELEMENTS
non_residential_zoning; not_clear_individual_owner; sale_year_unknown_needs_enrichment,301 WAZEE ST,,BURLINGTON NORTHERN RR CO PROPERTY TAX DEPARTMENT,C-MX-5,117239,,,233407005000,VACANT LAND
non_residential_zoning; not_clear_individual_owner; sale_year_unknown_needs_enrichment,3300 N LIPAN ST,,REGIONAL TRANSPORTATION DISTRICT,OS-A,10818,,,228129032000,VACANT LAND /GENERAL COMMON ELEMENTS
not_clear_individual_owner,15555 E 40TH AVE # TR-D,,SAND CREEK METROPOLITAN DISTRICT,GTWY,15263,1999,10,20304048000,VACANT LAND /GENERAL COMMON ELEMENTS
non_residential_zoning; not_clear_individual_owner; sale_year_unknown_needs_enrichment,2100 15TH ST,,CITY & COUNTY OF DENVER,C-RX-8,15646,,,233214076000,VACANT LAND
not_clear_individual_owner,19401 E 38TH AVE,,GVR METROPOLITAN DISTRICT,R-2,52509,2015,10,22421037000,VACANT LAND /GENERAL COMMON ELEMENTS
not_clear_individual_owner; sold_after_2021_not_5_year_hold,10209 E 62ND PL,,PARK CREEK METROPOLITAN DISTRICT,M-RX-5,16222,2023,0,110100267000,VACANT LAND /GENERAL COMMON ELEMENTS
not_clear_individual_owner,2614 N ELMIRA ST MISC,,PARK CREEK METROPOLITAN DISTRICT,R-MU-20,13511,2004,0,127425023000,VACANT LAND /GENERAL COMMON ELEMENTS
not_clear_individual_owner; sold_after_2021_not_5_year_hold,9952 E 63RD PL,,PARK CREEK METROPOLITAN DISTRICT,M-RX-5,16205,2023,0,110100271000,VACANT LAND /GENERAL COMMON ELEMENTS
not_clear_individual_owner; sold_after_2021_not_5_year_hold,3825 N SHOSHONE ST,80211-2234,TROY CHAVEZ FOUNDATION,U-TU-C,10800,2025,10,221343022000,VACANT LAND
not_clear_individual_owner,21650 E 38TH PL,,C & H RANCH COMPANY LLC,R-2,8753,2008,0,23424033000,VACANT LAND /GENERAL COMMON ELEMENTS
not_clear_individual_owner,2776 N KENTON CT,,CITY & COUNTY OF DENVER,R-MU-20,21903,2020,0,126300067000,VACANT LAND /GENERAL COMMON ELEMENTS
not_clear_individual_owner,2997 N FLORENCE ST,80238-2970,ARTISAN PLAZAS I HOMEOWNERS ASSOCATION,R-MU-20,9394,2006,1000,127411034000,VACANT LAND /GENERAL COMMON ELEMENTS
not_clear_individual_owner,8362 E 55TH AVE,,PARK CREEK METROPOLITAN DISTRICT,M-RX-5,8400,2014,0,116100082000,VACANT LAND /GENERAL COMMON ELEMENTS
not_clear_individual_owner,2768 N JAMAICA WAY,,CITY & COUNTY OF DENVER,R-MU-20,12191,2019,500,126300031000,VACANT LAND /GENERAL COMMON ELEMENTS
not_clear_individual_owner; sale_year_unknown_needs_enrichment,26100 E 88TH AVE,,CITY & COUNTY OF DENVER,DIA,7974751,,,1100001000,VACANT LAND
not_clear_individual_owner; sold_after_2021_not_5_year_hold,9206 E 60TH AVE,,CITY & COUNTY OF DENVER,M-RX-5,16028,2025,500,110300059000,VACANT LAND /GENERAL COMMON ELEMENTS
not_clear_individual_owner,3490 N ALTON ST -3499,,CITY & COUNTY OF DENVER,R-MU-20,40738,2014,500,127200016000,VACANT LAND /GENERAL COMMON ELEMENTS
not_clear_individual_owner; sale_year_unknown_needs_enrichment,8808 E 39TH DR APPRX,,FC STAPLETON II LLC,M-IMX-12,177959,,,121400140000,VACANT LAND /GENERAL COMMON ELEMENTS
not_clear_individual_owner; sold_after_2021_not_5_year_hold,16111 E WARNER PL,80239-5487,AVION AT DENVER CONNECTION TOWNHOME ASSOCIATION,PUD,10852,2022,0,20200043000,VACANT LAND /GENERAL COMMON ELEMENTS
non_residential_zoning; not_clear_individual_owner,4855 N PEARL ST,,4877 PEARL STREET LLC,C-MX-5,31843,2011,0,215422005000,VACANT LAND
non_residential_zoning; not_clear_individual_owner,3943 BLAKE ST,80205-3321,REGIONAL TRANSPORTATION DISTRICT,I-MX-12,18685,2011,550000,223310024000,VACANT LAND
non_residential_zoning; not_clear_individual_owner,4400 N PEORIA ST,,STATE OF COLORADO DEPARTMENT OF TRANSPORTATION,I-0,53788,1994,0,124300013000,VACANT LAND /GENERAL COMMON ELEMENTS
not_clear_individual_owner; sold_after_2021_not_5_year_hold,19118 E 64TH PL,80249-8650,ALTARIA AT HIGH POINT COMMUNITY ASSOCIATION INC,R-MU-20,26632,2022,0,3100100000,VACANT LAND /GENERAL COMMON ELEMENTS
non_residential_zoning; not_clear_individual_owner; sold_after_2021_not_5_year_hold,8790 E 53RD AVE,,CITY & COUNTY OF DENVER,OS-B,81236,2025,500,116100059000,VACANT LAND /GENERAL COMMON ELEMENTS
non_residential_zoning; not_clear_individual_owner,2203 N CENTRAL PARK BLVD,80238-4116,PARK CREEK METROPOLITAN DISTRICT,C-MU-20,11469,2013,0,133100045000,VACANT LAND /GENERAL COMMON ELEMENTS
non_residential_zoning; not_clear_individual_owner; sold_after_2021_not_5_year_hold,6692 N TOWER RD,,TICI LLC,C-MU-20,51900,2023,1387800,3108004000,VACANT LAND
not_clear_individual_owner; sale_year_unknown_needs_enrichment,18810 E MITCHELL PL,,GREEN VALLEY RANCH MASTER HOMEOWNERS ASSN,R-1,31394,,,22308012000,VACANT LAND /GENERAL COMMON ELEMENTS
not_clear_individual_owner,3056 N ELMIRA ST,,PARK CREEK METROPOLITAN DISTRICT,R-MU-20,9200,2005,10,127404012000,VACANT LAND /GENERAL COMMON ELEMENTS
not_clear_individual_owner; sold_after_2021_not_5_year_hold,8609 E 49TH PL,,CITY & COUNTY OF DENVER,M-RX-5,80323,2025,500,116400056000,VACANT LAND /GENERAL COMMON ELEMENTS
not_clear_individual_owner; sold_after_2021_not_5_year_hold,2650 N DALLAS WAY,,PARK CREEK METROPOLITAN DISTRICT,M-RX-5,37400,2023,0,110100295000,VACANT LAND /GENERAL COMMON ELEMENTS
non_residential_zoning; not_clear_individual_owner,7802 E 33RD AVE,,INNOVATIONS AND COURTYARD TRADITIONS AT STAPLETON HOA,C-MU-20,14621,2011,0,128600062000,VACANT LAND /GENERAL COMMON ELEMENTS
not_clear_individual_owner; sold_after_2021_not_5_year_hold,16151 E WARNER PL,80239-5487,DENVER CONNECTION WEST METROPOLITAN DISTRICT,PUD,11508,2023,0,20200017000,VACANT LAND /GENERAL COMMON ELEMENTS
non_residential_zoning; not_clear_individual_owner; sold_after_2021_not_5_year_hold,4987 N GRANT ST,,CITY & COUNTY OF DENVER,OS-A,18700,2022,460000,215413023000,VACANT LAND
non_residential_zoning; not_clear_individual_owner,8651 E MONTVIEW BLVD,80238,PARK CREEK METROPOLITAN DISTRICT,C-MU-20,28492,2012,0,133115009000,VACANT LAND /GENERAL COMMON ELEMENTS
non_residential_zoning; not_clear_individual_owner; sale_year_unknown_needs_enrichment,4301 N MONACO ST,,UNION PACIFIC RAILROAD COMPANY,I-B,20400,,,120200012000,VACANT LAND /GENERAL COMMON ELEMENTS
non_residential_zoning; not_clear_individual_owner,2901 N SANTA FE DR,,UNION PACIFIC RAILROAD COMPANY,C-MX-12,11902,1997,0,227806022000,VACANT LAND
non_residential_zoning; not_clear_individual_owner; sale_year_unknown_needs_enrichment,4000 N HURON ST,,BURLINGTON NORTHERN RR CO PROPERTY TAX DEPARTMENT,I-B,366562,,,221400004000,VACANT LAND
non_residential_zoning; not_clear_individual_owner,1100 W 32ND AVE,,STATE OF COLORADO DEPARTMENT OF TRANSPORTATION,I-MX-3,20458,1991,1,228400029000,VACANT LAND /GENERAL COMMON ELEMENTS
non_residential_zoning; not_clear_individual_owner; sold_after_2021_not_5_year_hold,18406 E 59TH AV,,IMKD 8 LLC,C-MU-30,17846,2025,29616600,9100178000,VACANT LAND /GENERAL COMMON ELEMENTS
non_residential_zoning; not_clear_individual_owner; sold_after_2021_not_5_year_hold,5201 N JACKSON ST,,A&E VENTURES - JACKSON LLC,I-A,152918,2024,1935000,213111007000,VACANT LAND
non_residential_zoning; not_clear_individual_owner,5119 W 38TH AVE,,38TH & SHERIDAN ASSOCIATES LLC,U-MX-3,8122,2009,385000,219325012000,VACANT LAND
non_residential_zoning; not_clear_individual_owner; sale_year_unknown_needs_enrichment,900 W 45TH AVE,,PUBLIC SERVICE CO,I-B,15300,,,221115014000,VACANT LAND
not_clear_individual_owner; sold_after_2021_not_5_year_hold,16159 E ELK DR,80239-5493,DENVER CONNECTION WEST METROPOLITAN DISTRICT,PUD,13095,2023,0,20200019000,VACANT LAND /GENERAL COMMON ELEMENTS
not_clear_individual_owner; sold_after_2021_not_5_year_hold,16013 E 47TH PL,,DENVER CONNECTION WEST METROPOLITAN DISTRICT,PUD,12715,2023,0,20200022000,VACANT LAND /GENERAL COMMON ELEMENTS
not_clear_individual_owner,21538 E 45TH AVE,,BUNGALOWS AT GREEN VALLEY RANCH HOMEOWNERS ASSOC.INC,R-2,15082,2011,10,23108113000,VACANT LAND /GENERAL COMMON ELEMENTS
not_clear_individual_owner; sale_year_unknown_needs_enrichment,4619 N FILLMORE ST,80216-4020,DEPARTMENT OF TRANSPORTATION STATE OF COLORADO,E-SU-D,27710,,,224217024000,VACANT LAND /GENERAL COMMON ELEMENTS
not_clear_individual_owner; sold_after_2021_not_5_year_hold,8797 N XENIA ST,,CITY & COUNTY OF DENVER,M-RX-5,18248,2025,500,116400055000,VACANT LAND /GENERAL COMMON ELEMENTS
not_clear_individual_owner; sold_after_2021_not_5_year_hold,5653 N EMPORIA ST,,PARK CREEK METROPOLITAN DISTRICT,M-RX-5,12868,2023,0,110400031000,VACANT LAND /GENERAL COMMON ELEMENTS
not_clear_individual_owner,2807 N MACON WAY,80238,CITY & COUNTY OF DENVER,R-MU-20,38482,2020,0,126300088000,VACANT LAND /GENERAL COMMON ELEMENTS
not_clear_individual_owner; sold_after_2021_not_5_year_hold,9653 E 60TH AVE,,PARK CREEK METROPOLITAN DISTRICT,M-RX-5,9961,2023,0,110100029000,VACANT LAND /GENERAL COMMON ELEMENTS
not_clear_individual_owner,2858 N AKRON ST,,STAPLETON COACH HOUSE OWNERS ASSOCIATION NOS 5 & 6,R-MU-20,11520,2007,0,127306029000,VACANT LAND /GENERAL COMMON ELEMENTS
not_clear_individual_owner,21650 E 38TH AVE,,C & H RANCH COMPANY LLC,R-2,23957,2008,0,23424034000,VACANT LAND /GENERAL COMMON ELEMENTS
not_clear_individual_owner,15555 E 40TH AVE,,GATEWAY PARK TOWNHOMES HOMEOWNERS ASSOCIATION,GTWY,37549,2003,10,20202091000,VACANT LAND /GENERAL COMMON ELEMENTS
not_clear_individual_owner,9103 E 34TH AVE -9143,,PARK CREEK METROPOLITAN DISTRICT,R-MU-20,40398,2009,10,127200040000,VACANT LAND /GENERAL COMMON ELEMENTS
non_residential_zoning; not_clear_individual_owner; sale_year_unknown_needs_enrichment,4901 E 50TH AVE,,BURLINGTON NORTHERN RR CO PROPERTY TAX DEPARTMENT,I-B,86881,,,118402007000,VACANT LAND
not_clear_individual_owner,255 22ND ST,,NAVA UPTOWN LLC,R-MU-30,46309,2018,7100000,234133002000,VACANT LAND
not_clear_individual_owner,2823 N ALTON ST,,PARK CREEK METROPOLITAN DISTRICT,R-MU-20,8908,2003,0,127305030000,VACANT LAND /GENERAL COMMON ELEMENTS
not_clear_individual_owner,2845 N BEELER ST,,PARK CREEK METROPOLITAN DISTRICT,R-MU-20,15537,2003,0,127304025000,VACANT LAND /GENERAL COMMON ELEMENTS
not_clear_individual_owner,4816 N DEEPHAVEN CT,,GATEWAY VILLAGE HOMEOWNERS ASSOCIATION INC,R-2,39735,1998,10,19212023000,VACANT LAND /GENERAL COMMON ELEMENTS
not_clear_individual_owner,18608 E 45TH AVE MISC,,GVR METROPOLITAN DISTRICT,R-2-A,18955,2009,10,22200059000,VACANT LAND /GENERAL COMMON ELEMENTS
non_residential_zoning; not_clear_individual_owner; sale_year_unknown_needs_enrichment,420 E 51ST AVE,80216-2069,BURLINGTON NORTHERN RR CO PROPERTY TAX DEPARTMENT,I-A,56063,,,215400051000,VACANT LAND
non_residential_zoning; not_clear_individual_owner; sale_year_unknown_needs_enrichment,2859 DENARGO ST,,JV DENARGO LLC,C-MX-12,61894,,,227420001000,VACANT LAND
non_residential_zoning; not_clear_individual_owner,8093 E 36TH AVE,,PARK CREEK METROPOLITAN DISTRICT,C-MX-16,47749,2015,0,128100046000,VACANT LAND /GENERAL COMMON ELEMENTS
not_clear_individual_owner; sold_after_2021_not_5_year_hold,4698 N CENTRAL PARK BLVD,,CITY & COUNTY OF DENVER,M-IMX-5,40728,2025,500,115300097000,VACANT LAND /GENERAL COMMON ELEMENTS
not_clear_individual_owner; sold_after_2021_not_5_year_hold,18980 E 65TH AVE,80249-8650,ALTARIA AT HIGH POINT COMMUNITY ASSOCIATION INC,R-MU-20,22480,2022,0,3100073000,VACANT LAND /GENERAL COMMON ELEMENTS
non_residential_zoning; sale_year_unknown_needs_enrichment,4301 N GLENCOE ST,,"ROTH,WILLIAM J",I-B,18959,,,119107011000,VACANT LAND
sold_after_2021_not_5_year_hold,7520 E 17TH AVE,80220-1945,"WELLS,OWEN T",E-SU-D1X,7502,2024,260000,133319023000,VACANT LAND
non_residential_zoning; not_clear_individual_owner; sold_after_2021_not_5_year_hold,5875 N SALIDA WAY,,IMKD 8 LLC,C-MU-30,539127,2025,29616600,9122001000,VACANT LAND
non_residential_zoning; sale_year_unknown_needs_enrichment,4001 N ONEIDA ST,,UNION PACIFIC RR CO,I-B,11400,,,120406002000,VACANT LAND
not_clear_individual_owner; sale_year_unknown_needs_enrichment,4620 N FILLMORE ST,80216-2911,DEPARTMENT OF TRANSPORTATION STATE OF COLORADO,E-SU-D,14370,,,224205023000,VACANT LAND /GENERAL COMMON ELEMENTS
non_residential_zoning; not_clear_individual_owner; sale_year_unknown_needs_enrichment,3585 BLAKE ST,80205-2407,REGIONAL TRANSPORTATION DISTRICT,C-MX-12,32812,,,227115017000,VACANT LAND
non_residential_zoning; not_clear_individual_owner; sale_year_unknown_needs_enrichment,2800 W COLFAX AVE,,STATE OF COLORADO DEPARTMENT OF TRANSPORTATION,C-MU-30,36700,,,232434008000,VACANT LAND /GENERAL COMMON ELEMENTS
non_residential_zoning; not_clear_individual_owner,2100 E 43RD AVE,80216-3833,UNION PACIFIC RAILROAD COMPANY,I-B,243597,2014,3900000,223400046000,VACANT LAND
not_clear_individual_owner,2430 N UINTA ST,,PARK CREEK METROPOLITAN DISTRICT,R-MU-20,20082,2006,0,133118004000,VACANT LAND /GENERAL COMMON ELEMENTS
non_residential_zoning; not_clear_individual_owner; sale_year_unknown_needs_enrichment,2699 DELGANY ST,,JV DENARGO LLC,C-MX-20,8731,,,227400102000,VACANT LAND /GENERAL COMMON ELEMENTS
non_residential_zoning; not_clear_individual_owner; sold_after_2021_not_5_year_hold,19151 E 56TH AVE,80249-7915,EXODUS DENVER ONE LLC,C-MU-20,73707,2022,4000000,10257002000,VACANT LAND
not_clear_individual_owner,20405 E 47TH AVE,,GVR METROPOLITAN DISTRICT,R-2,46404,2008,0,23209026000,VACANT LAND /GENERAL COMMON ELEMENTS
not_clear_individual_owner,1601 DELGANY ST,,REGIONAL TRANSPORTATION DISTRICT,PUD,49665,1991,10,233200074000,VACANT LAND
not_clear_individual_owner; sold_after_2021_not_5_year_hold,6365 N GALENA WAY,,PARK CREEK METROPOLITAN DISTRICT,M-RX-5,15513,2023,0,110100292000,VACANT LAND /GENERAL COMMON ELEMENTS
non_residential_zoning; not_clear_individual_owner,3036 N WILSON CT MISC,80205-4906,SKYLAND VILLAGE ASSOCIATION INC,E-MU-2.5,17136,2020,10,225412066000,VACANT LAND /GENERAL COMMON ELEMENTS
not_clear_individual_owner,5159 N AKRON ST,,PARK CREEK METROPOLITAN DISTRICT,M-RX-5,14684,2014,0,116100099000,VACANT LAND /GENERAL COMMON ELEMENTS
not_clear_individual_owner,3357 N DAYTON ST,,PARK CREEK METROPOLITAN DISTRICT,R-MU-20,11023,2005,10,127407016000,VACANT LAND /GENERAL COMMON ELEMENTS
non_residential_zoning; not_clear_individual_owner,900 E 46TH AVE,,DEPARTMENT OF TRANSPORTATION STATE OF COLORADO,I-A,47014,1997,60330,223200212000,VACANT LAND /GENERAL COMMON ELEMENTS
not_clear_individual_owner,4879 N CORNISH CT,80239-4999,VISTAS OWNERS ASSOCIATION,R-2,26881,2000,10,124120042000,VACANT LAND /GENERAL COMMON ELEMENTS
not_clear_individual_owner,9450 E 64TH AVE,,PARK CREEK METROPOLITAN DISTRICT,M-RX-5,207432,2016,0,110100310000,VACANT LAND /GENERAL COMMON ELEMENTS
tier1_confirmed_basic_filters_before_growth_proximity,2882 N MONROE ST,80205-5066,"PAGANO,DAVID",E-TU-C,9880,2021,550000,225424012000,VACANT LAND
not_clear_individual_owner; sold_after_2021_not_5_year_hold,9890 E 63RD PL,,PARK CREEK METROPOLITAN DISTRICT,M-RX-5,13939,2023,0,110100272000,VACANT LAND /GENERAL COMMON ELEMENTS
non_residential_zoning; not_clear_individual_owner; sale_year_unknown_needs_enrichment,3901 N BROADWAY -4001,,BURLINGTON NORTHERN RR CO PROPERTY TAX DEPARTMENT,I-A,215000,,,222300005000,VACANT LAND
not_clear_individual_owner,9004 E 37TH AVE,,PARK CREEK METROPOLITAN DISTRICT,R-MU-20,11106,2006,0,128508019000,VACANT LAND /GENERAL COMMON ELEMENTS
not_clear_individual_owner,4372 N IRAN ST,,GVR METROPOLITAN DISTRICT,R-2,18362,2003,10,23205022000,VACANT LAND /GENERAL COMMON ELEMENTS
not_clear_individual_owner,5478 N XENIA ST,,STAPLETON NORTH FILINGS 42 & 45 HOA INC,M-RX-5,11230,2015,10,116100105000,VACANT LAND /GENERAL COMMON ELEMENTS
not_clear_individual_owner,5034 N AKRON ST,,PARK CREEK METROPOLITAN DISTRICT,M-RX-5,22163,2016,10,116400067000,VACANT LAND /GENERAL COMMON ELEMENTS
not_clear_individual_owner,2819 W 53RD AVE,80221-1259,ARIA MASTER ASSOCIATION INC,R-MU-30,28675,2021,0,217100268000,VACANT LAND /GENERAL COMMON ELEMENTS
non_residential_zoning; sale_year_unknown_needs_enrichment,10595 E 45TH AVE,,UNION PACIFIC RR CO,I-B,20400,,,123200011000,VACANT LAND
not_clear_individual_owner; sold_after_2021_not_5_year_hold,6321 N DALLAS WAY,,PARK CREEK METROPOLITAN DISTRICT,M-RX-5,11541,2023,0,110100259000,VACANT LAND /GENERAL COMMON ELEMENTS
not_clear_individual_owner; sold_after_2021_not_5_year_hold,6374 N ELMIRA CT,,PARK CREEK METROPOLITAN DISTRICT,M-RX-5,11421,2023,0,110100262000,VACANT LAND /GENERAL COMMON ELEMENTS
non_residential_zoning; not_clear_individual_owner,6972 N ARGONNE ST MISC,,CITY & COUNTY OF DENVER,C-MU-20,484717,2021,0,3100113000,VACANT LAND /GENERAL COMMON ELEMENTS
non_residential_zoning; not_clear_individual_owner; sale_year_unknown_needs_enrichment,4301 N HOLLY ST -4401,,UNION PACIFIC RAILROAD COMPANY,I-B,20400,,,119100015000,VACANT LAND /GENERAL COMMON ELEMENTS
non_residential_zoning; not_clear_individual_owner,10000 E 45TH AVE MISC,,SBC METROPOLITAN DISTRICT,C-MU-30,123710,2014,10,122101007000,VACANT LAND /GENERAL COMMON ELEMENTS
not_clear_individual_owner,1590 N TENNYSON ST VCNT,,1500 TENNYSON LLC,U-SU-C2,7000,2016,0,231421001000,VACANT LAND
non_residential_zoning; not_clear_individual_owner,8100 E SMITH RD VCNT,,PARK CREEK METROPOLITAN DISTRICT,OS-B,41507,2007,0,121400088000,VACANT LAND
not_clear_individual_owner; sold_after_2021_not_5_year_hold,16095 E 47TH PL,,AVION AT DENVER CONNECTION TOWNHOME ASSOCIATION,PUD,7911,2022,0,20200045000,VACANT LAND /GENERAL COMMON ELEMENTS
not_clear_individual_owner; sold_after_2021_not_5_year_hold,9156 E 60TH AVE,,PARK CREEK METROPOLITAN DISTRICT,M-RX-5,12383,2023,0,110300057000,VACANT LAND /GENERAL COMMON ELEMENTS
non_residential_zoning; not_clear_individual_owner; sale_year_unknown_needs_enrichment,1101 STOUT ST,,CITY & COUNTY OF DENVER,CMP-EI,19100,,,233726014000,VACANT LAND /GENERAL COMMON ELEMENTS
non_residential_zoning; not_clear_individual_owner; sale_year_unknown_needs_enrichment,5090 E 48TH AVE,80216-3214,BURLINGTON NORTHERN RR CO PROPERTY TAX DEPARTMENT,I-B,21600,,,119100075000,VACANT LAND
not_clear_individual_owner; sold_after_2021_not_5_year_hold,7997 E PRAIRIE MEADOW DR,,CITY & COUNTY OF DENVER,M-RX-5,79540,2025,500,116100027000,VACANT LAND /GENERAL COMMON ELEMENTS
non_residential_zoning; not_clear_individual_owner,6609 N YAMPA ST,,DENVER INTERNATIONAL BUSINESS CENTER METRO DISTRICT NO 1,S-MX-8A,672289,2018,3315000,4100174000,VACANT LAND /GENERAL COMMON ELEMENTS
not_clear_individual_owner; sale_year_unknown_needs_enrichment,823 26TH ST,,CURTIS PARK ROWHOMES LLC,U-RH-2.5,7706,,,227631029000,VACANT LAND
non_residential_zoning; not_clear_individual_owner,4235 N COLUMBINE ST,80205-3521,CLAUDREY LLC,I-MX-3,156024,2015,1275000,224300066000,VACANT LAND
not_clear_individual_owner,8990 E 50TH AVE,,PARK CREEK METROPOLITAN DISTRICT,M-RX-5,15200,2016,10,116400071000,VACANT LAND /GENERAL COMMON ELEMENTS
not_clear_individual_owner; sold_after_2021_not_5_year_hold,9431 E 61ST AVE,,CITY & COUNTY OF DENVER,M-RX-5,12000,2025,0,110300013000,VACANT LAND /GENERAL COMMON ELEMENTS
not_clear_individual_owner,5181 N BEELER CT,80238-3799,CITY & COUNTY OF DENVER,M-RX-5,10200,2021,0,115200098000,VACANT LAND /GENERAL COMMON ELEMENTS
not_clear_individual_owner,21313 E 40TH AVE,,GVR METROPOLITAN DISTRICT,R-2,10563,2008,0,23416019000,VACANT LAND /GENERAL COMMON ELEMENTS
not_clear_individual_owner,2919 N AKRON CT,,PARK CREEK METROPOLITAN DISTRICT,R-MU-20,13850,2003,0,127301018000,VACANT LAND /GENERAL COMMON ELEMENTS
non_residential_zoning; not_clear_individual_owner; sold_after_2021_not_5_year_hold,8300 E 55TH PL,,CITY & COUNTY OF DENVER,OS-B,75986,2025,500,116100036000,VACANT LAND /GENERAL COMMON ELEMENTS
non_residential_zoning; not_clear_individual_owner; sale_year_unknown_needs_enrichment,4800 N HURON ST,,BURLINGTON NORTHERN RR CO PROPERTY TAX DEPARTMENT,I-B,500000,,,216400001000,VACANT LAND
not_clear_individual_owner,8809 E 46TH PL,,FFP STAPLETON LAND LLC,M-IMX-8,70697,2019,0,121100134000,VACANT LAND
non_residential_zoning; not_clear_individual_owner,7455 E MARTIN LUTHER KING JR BLVD,,SREIT ASTER NORTH LLC,C-MU-20,8700,2021,48324700,128325016000,VACANT LAND /GENERAL COMMON ELEMENTS
not_clear_individual_owner,20801 E 43RD AVE,,GVR METROPOLITAN DISTRICT,R-2,30600,2019,10,23514023000,VACANT LAND /GENERAL COMMON ELEMENTS
not_clear_individual_owner; sale_year_unknown_needs_enrichment,2624 N ROSLYN ST MISC,,CITY & COUNTY OF DENVER,R-MU-20,7253,,,128321006000,VACANT LAND /GENERAL COMMON ELEMENTS
not_clear_individual_owner,2803 N FULTON ST MISC,,PARK CREEK METROPOLITAN DISTRICT,R-MU-20,13208,2004,0,127413023000,VACANT LAND /GENERAL COMMON ELEMENTS
tier1_confirmed_basic_filters_before_growth_proximity,4788 N GRANT ST,80216-2719,"MEDINA,JOSE A",E-SU-B,8370,2012,45000,222106001000,VACANT LAND
not_clear_individual_owner,4182 N HIMALAYA RD,,GVR METROPOLITAN DISTRICT,R-2,8622,2002,10,23303021000,VACANT LAND /GENERAL COMMON ELEMENTS
not_clear_individual_owner,5056 N UINTA ST,80216,PARK CREEK METROPOLITAN DISTRICT,M-RX-5,16996,2014,0,116500050000,VACANT LAND /GENERAL COMMON ELEMENTS
not_clear_individual_owner; sold_after_2021_not_5_year_hold,6011 N BOSTON CT,,CITY & COUNTY OF DENVER,M-RX-5,10210,2025,500,110300035000,VACANT LAND /GENERAL COMMON ELEMENTS
non_residential_zoning; not_clear_individual_owner,3615 BLAKE ST,80205-2409,REGIONAL TRANSPORTATION DISTRICT,C-MX-12,7755,2011,1128000,227103046000,VACANT LAND /GENERAL COMMON ELEMENTS
non_residential_zoning; not_clear_individual_owner,3434 N BRIGHTON BLVD,80216-5023,L&M CAPITAL AND KOELBEL JV 4 LLC,I-MX-8,9375,2020,0,227122023000,VACANT LAND
non_residential_zoning; not_clear_individual_owner; sold_after_2021_not_5_year_hold,3301 N VALENTIA ST MISC,,CITY & COUNTY OF DENVER,C-MU-20,40872,2025,500,128600020000,VACANT LAND /GENERAL COMMON ELEMENTS
non_residential_zoning; not_clear_individual_owner,3372 N VALENTIA ST,80238-2876,STAPLETON FILING 32 HOMEOWNERS ASSOCIATION INC,C-MU-20,8151,2013,10,128603060000,VACANT LAND /GENERAL COMMON ELEMENTS
non_residential_zoning; not_clear_individual_owner,8112 E 33RD AVE,,PARK CREEK METROPOLITAN DISTRICT,C-MU-20,9714,2019,0,128600049000,VACANT LAND /GENERAL COMMON ELEMENTS
non_residential_zoning; not_clear_individual_owner,2001 N ZUNI ST,,CITY & COUNTY OF DENVER,OS-C,19982,2000,144464,232100002000,VACANT LAND
non_residential_zoning; not_clear_individual_owner; sale_year_unknown_needs_enrichment,3200 N DELAWARE ST,,BURLINGTON NORTHERN RR CO PROPERTY TAX DEPARTMENT,I-B,9215,,,227402004000,VACANT LAND
not_clear_individual_owner; sold_after_2021_not_5_year_hold,8204 E 22ND AVE,,CITY & COUNTY OF DENVER,R-MU-20,32551,2025,500,133200037000,VACANT LAND /GENERAL COMMON ELEMENTS
not_clear_individual_owner,3406 N DAYTON ST,,PARK CREEK METROPOLITAN DISTRICT,R-MU-20,19404,2005,10,127400017000,VACANT LAND /GENERAL COMMON ELEMENTS
non_residential_zoning; sale_year_unknown_needs_enrichment,4001 N ONEIDA ST,,UNION PACIFIC RR CO,I-B,39200,,,120400011000,VACANT LAND /GENERAL COMMON ELEMENTS
not_clear_individual_owner,8476 E 29TH PL,,GARDEN COURTS AT STAPLETON III HOMEOWNERS ASSOCIATION,R-MU-30,13806,2010,0,128425035000,VACANT LAND /GENERAL COMMON ELEMENTS
non_residential_zoning; not_clear_individual_owner,10325 E 49TH AVE REAR,,SBC METROPOLITAN DISTRICT,C-MU-30,37461,2014,10,115402005000,VACANT LAND /GENERAL COMMON ELEMENTS
non_residential_zoning; not_clear_individual_owner; sale_year_unknown_needs_enrichment,300 W 33RD AVE,,BURLINGTON NORTHERN RR CO PROPERTY TAX DEPARTMENT,I-B,18475,,,227403002000,VACANT LAND
non_residential_zoning; not_clear_individual_owner,5100 E 52ND AVE,,NDSC INDUSTRIAL PARK LLC,I-B,58538,2014,0,118400017000,VACANT LAND
not_clear_individual_owner; sold_after_2021_not_5_year_hold,6012 N BEELER CT,,CITY & COUNTY OF DENVER,M-RX-5,15405,2025,0,110300027000,VACANT LAND /GENERAL COMMON ELEMENTS
non_residential_zoning; not_clear_individual_owner; sold_after_2021_not_5_year_hold,4799 N AIRPORT WAY,,DCG WEST 1 LLC,S-MX-3,39045,2022,4056300,20102008000,VACANT LAND
not_clear_individual_owner; sale_year_unknown_needs_enrichment,5691 N GALENA ST APPRX,,FC STAPLETON II LLC,M-RX-5,51335,,,110100308000,VACANT LAND /GENERAL COMMON ELEMENTS
non_residential_zoning; not_clear_individual_owner; sold_after_2021_not_5_year_hold,7993 E 36TH AVE,,FC TOD MF I LLC,C-MX-16,318856,2022,0,128102007000,VACANT LAND
non_residential_zoning; not_clear_individual_owner; sale_year_unknown_needs_enrichment,3379 PARK AVE W,,CITY & COUNTY OF DENVER,I-B,26159,,,227300096000,VACANT LAND /GENERAL COMMON ELEMENTS
non_residential_zoning; not_clear_individual_owner; sale_year_unknown_needs_enrichment,5526 N TOWER RD,80239-3640,"CLAYTON PROPERTIES GROUP II, LLC",C-MU-20,12362,,,15200208000,VACANT LAND /GENERAL COMMON ELEMENTS
not_clear_individual_owner; sold_after_2021_not_5_year_hold,8606 N WILLOW ST,,CITY & COUNTY OF DENVER,M-RX-5,8910,2025,500,116400062000,VACANT LAND /GENERAL COMMON ELEMENTS
not_clear_individual_owner; sold_after_2021_not_5_year_hold,15651 E BOLLING DR,,DENVER CONNECTION WEST METROPOLITAN DISTRICT,PUD,10949,2023,0,20200030000,VACANT LAND /GENERAL COMMON ELEMENTS
non_residential_zoning; not_clear_individual_owner,4691 N GENEVA ST MISC,,SBC METROPOLITAN DISTRICT,C-MU-30,21780,2014,10,115406006000,VACANT LAND /GENERAL COMMON ELEMENTS
not_clear_individual_owner; sold_after_2021_not_5_year_hold,9308 E 58TH DR,,PARK CREEK METROPOLITAN DISTRICT,M-RX-5,17285,2023,0,110300087000,VACANT LAND /GENERAL COMMON ELEMENTS
not_clear_individual_owner; sold_after_2021_not_5_year_hold,9201 E 61ST AVE,,PARK CREEK METROPOLITAN DISTRICT,M-RX-5,14855,2023,0,110300005000,VACANT LAND /GENERAL COMMON ELEMENTS
non_residential_zoning,3300 N KALAMATH ST,,SOUTHERN PACIFIC TRANSPORTATION CO,I-B,35006,1993,56770000,228100051000,VACANT LAND
non_residential_zoning; not_clear_individual_owner,3015 N ULSTER ST,,PARK CREEK METROPOLITAN DISTRICT,C-MU-20,10860,2019,0,128600078000,VACANT LAND /GENERAL COMMON ELEMENTS
non_residential_zoning; not_clear_individual_owner,4700 N WASHINGTON ST,,CITY & COUNTY OF DENVER,OS-C,7974,1998,10,223200214000,VACANT LAND /GENERAL COMMON ELEMENTS
non_residential_zoning; not_clear_individual_owner,4620 N MONACO ST,80216-3335,DENVER ROCK ISLAND RAILROAD INC,I-B,163000,2005,1600000,120100034000,VACANT LAND
non_residential_zoning; not_clear_individual_owner,300 W 43RD AVE,,VILLAS CO WINTON LLC,C-MX-20,11184,2021,40005000,222314003000,VACANT LAND
not_clear_individual_owner,2567 N XANTHIA CT,,PARK CREEK METROPOLITAN DISTRICT,R-MU-20,14093,2003,10,133105019000,VACANT LAND /GENERAL COMMON ELEMENTS
not_clear_individual_owner; sale_year_unknown_needs_enrichment,9930 E 47TH AVE MISC,,PARK CREEK METROPOLITAN DISTRICT,M-IMX-5,330282,,,115300087000,VACANT LAND /GENERAL COMMON ELEMENTS
not_clear_individual_owner; sold_after_2021_not_5_year_hold,4601 N FEDERAL BLVD,80211-1127,JIV MANAGEMENT HOLDING SERVICES LLC,PUD,12500,2023,0,220205014000,VACANT LAND
non_residential_zoning; not_clear_individual_owner; sale_year_unknown_needs_enrichment,3300 N LIPAN ST,,STATE OF COLORADO DEPARTMENT OF TRANSPORTATION,I-MX-3,63921,,,228129031000,VACANT LAND /GENERAL COMMON ELEMENTS
not_clear_individual_owner; sold_after_2021_not_5_year_hold,10129 E 62ND AVE,,PARK CREEK METROPOLITAN DISTRICT,M-RX-5,14111,2023,0,110100268000,VACANT LAND /GENERAL COMMON ELEMENTS
not_clear_individual_owner; sale_year_unknown_needs_enrichment,4692 N DILLON ST,80239,MONTBELLO 14400 LLC,S-RH-2.5,14151,,,19200047000,VACANT LAND /GENERAL COMMON ELEMENTS
non_residential_zoning; sale_year_unknown_needs_enrichment,4299 N MONACO ST,,UNION PACIFIC RR CO,I-B,39800,,,120300065000,VACANT LAND
non_residential_zoning; not_clear_individual_owner,3400 ROCKMONT DR,,BURLINGTON NORTHERN RR CO PROPERTY TAX DEPARTMENT,I-B,12900,1988,0,228100028000,VACANT LAND
non_residential_zoning; not_clear_individual_owner; sale_year_unknown_needs_enrichment,12005 E MARTIN LUTHER KING JR BLVD APPRX,,CITY & COUNTY OF DENVER,C-MU-20,14728,,,126400014000,VACANT LAND /GENERAL COMMON ELEMENTS
not_clear_individual_owner,2502 N WABASH ST,,PARK CREEK METROPOLITAN DISTRICT,R-MU-20,18885,2003,10,133111008000,VACANT LAND /GENERAL COMMON ELEMENTS
non_residential_zoning; sale_year_unknown_needs_enrichment,2500 E 40TH AVE,,DENVER GAS & ELECTRIC CO,I-B,106380,,,224300013000,VACANT LAND
non_residential_zoning; not_clear_individual_owner,8012 E 33RD AVE,,PARK CREEK METROPOLITAN DISTRICT,C-MU-20,15439,2011,0,128600063000,VACANT LAND /GENERAL COMMON ELEMENTS
not_clear_individual_owner; sold_after_2021_not_5_year_hold,9957 E 59TH AVE,,PARK CREEK METROPOLITAN DISTRICT,M-RX-5,10131,2023,0,110400041000,VACANT LAND /GENERAL COMMON ELEMENTS
not_clear_individual_owner; sale_year_unknown_needs_enrichment,8475 E 28TH AVE,,CITY & COUNTY OF DENVER,R-MU-20,20069,,,128403034000,VACANT LAND /GENERAL COMMON ELEMENTS
not_clear_individual_owner,3509 N ALTON ST -3599,,CITY & COUNTY OF DENVER,R-MU-20,31828,2014,500,127200017000,VACANT LAND /GENERAL COMMON ELEMENTS
not_clear_individual_owner,5075 N SABLE ST,,GATEWAY VILLAGE HOMEOWNERS ASSOCIATION INC,R-1,40503,2002,10,18702027000,VACANT LAND /GENERAL COMMON ELEMENTS
non_residential_zoning; not_clear_individual_owner,14157 E 42ND AVE,,STATE OF COLORADO DEPARTMENT OF TRANSPORTATION,I-0,26679,1994,0,124600026000,VACANT LAND /GENERAL COMMON ELEMENTS
not_clear_individual_owner; sold_after_2021_not_5_year_hold,6032 N FULTON ST,,STAPLETON FILINGS 53 & 54 HOMEOWNERS ASSOCIATION INC,M-RX-5,10214,2025,0,110100038000,VACANT LAND /GENERAL COMMON ELEMENTS
non_residential_zoning; not_clear_individual_owner,18907 E 58TH AVE,,FIRST CREEK OWNERS ASSOCIATION,C-MU-30,11160,2010,0,10202086000,VACANT LAND /GENERAL COMMON ELEMENTS
not_clear_individual_owner; sold_after_2021_not_5_year_hold,6015 N BEELER ST,,CITY & COUNTY OF DENVER,M-RX-5,15405,2025,0,110300025000,VACANT LAND /GENERAL COMMON ELEMENTS
not_clear_individual_owner,9701 E 32ND AVE,,PARK CREEK METROPOLITAN DISTRICT,R-MU-20,39539,2005,10,127400020000,VACANT LAND /GENERAL COMMON ELEMENTS
not_clear_individual_owner,4781 N PICADILLY RD,,GVR METROPOLITAN DISTRICT,R-2,14932,2013,0,23108120000,VACANT LAND /GENERAL COMMON ELEMENTS
non_residential_zoning; not_clear_individual_owner; sale_year_unknown_needs_enrichment,3195 N FOX ST,,BURLINGTON NORTHERN RR CO PROPERTY TAX DEPARTMENT,C-MX-12,114384,,,227400075000,VACANT LAND
not_clear_individual_owner; sold_after_2021_not_5_year_hold,16107 E ELK PL,80239-5511,AVION AT DENVER CONNECTION TONWHOME ASSOCIATION,PUD,13154,2022,10,20200048000,VACANT LAND /GENERAL COMMON ELEMENTS
non_residential_zoning; not_clear_individual_owner,8397 E 27TH PL,,PARK CREEK METROPOLITAN DISTRICT,C-MX-16,23450,2021,10,128100051000,VACANT LAND /GENERAL COMMON ELEMENTS
non_residential_zoning; not_clear_individual_owner; sale_year_unknown_needs_enrichment,4800 N EMERSON ST,,CITY & COUNTY OF DENVER,OS-C,25000,,,214308001000,VACANT LAND /GENERAL COMMON ELEMENTS
not_clear_individual_owner; sold_after_2021_not_5_year_hold,8751 E 46TH PL APPRX,80202-5329,PARK CREEK METROPOLITAN DISTRICT,M-IMX-8,14450,2023,10,121100153000,VACANT LAND /GENERAL COMMON ELEMENTS
non_residential_zoning; not_clear_individual_owner; sale_year_unknown_needs_enrichment,4965 N WASHINGTON ST,,,G-MS-5,140593,,,215409055998,VACANT LAND
non_residential_zoning; not_clear_individual_owner,10325 E 49TH AVE MISC,,CITY & COUNTY OF DENVER,C-MU-30,54450,2015,10,115402008000,VACANT LAND /GENERAL COMMON ELEMENTS
not_clear_individual_owner; sold_after_2021_not_5_year_hold,9989 E 63RD PL,,PARK CREEK METROPOLITAN DISTRICT,M-RX-5,11195,2023,0,110100261000,VACANT LAND /GENERAL COMMON ELEMENTS
non_residential_zoning; not_clear_individual_owner; sale_year_unknown_needs_enrichment,17600 E 56TH AVE,,DIA COLORADO JV LLC,C-MU-30,2037134,,,16100214000,VACANT LAND
non_residential_zoning; not_clear_individual_owner,800 W 38TH AVE,,REGIONAL TRANSPORTATION DISTRICT,I-B,48758,2019,10,228100067000,VACANT LAND
non_residential_zoning; not_clear_individual_owner; sale_year_unknown_needs_enrichment,3930 W 38TH AVE,80212-1943,38PERRY LLC,U-MS-3,10611,,,230104046000,VACANT LAND
non_residential_zoning; not_clear_individual_owner,4736 N BRIGHTON BLVD,,QC VENTURES INC,I-MX-3,11500,2004,125000,223107031000,VACANT LAND
non_residential_zoning; not_clear_individual_owner; sale_year_unknown_needs_enrichment,1800 PLATTE ST MISC,80202-1183,CITY & COUNTY OF DENVER,C-MX-5,7240,,,228400042000,VACANT LAND /GENERAL COMMON ELEMENTS
non_residential_zoning; not_clear_individual_owner,17800 E 56TH AVE APPRX,80202-5329,CITY & COUNTY OF DENVER,C-MU-20,600410,2016,1,16100136000,VACANT LAND /GENERAL COMMON ELEMENTS
non_residential_zoning; not_clear_individual_owner,1875 CENTRAL ST,,HIGHLANDS PROPERTY LLC,C-MX-5,13200,2012,950000,228314032000,VACANT LAND
non_residential_zoning; not_clear_individual_owner; sale_year_unknown_needs_enrichment,5048 N HAVANA ST,80239-2101,UNION PACIFIC RAILROAD COMPANY,I-B,46200,,,114304028000,VACANT LAND
non_residential_zoning; not_clear_individual_owner,2101 WEWATTA ST VCNT,,REGIONAL TRANSPORTATION DISTRICT,C-MX-12,12373,2010,1000,227816015000,VACANT LAND
not_clear_individual_owner,21998 GREEN VALLEY RANCH BLVD,,GVR METROPOLITAN DISTRICT,R-2,14909,2008,0,23108119000,VACANT LAND /GENERAL COMMON ELEMENTS
not_clear_individual_owner; sale_year_unknown_needs_enrichment,21101 GREEN VALLEY RANCH BLVD,,CITY & COUNTY OF DENVER,R-MU-20,26567,,,23100038000,VACANT LAND /GENERAL COMMON ELEMENTS
not_clear_individual_owner,3523 N BEELER ST,,PARK CREEK METROPOLITAN DISTRICT,R-MU-20,9740,2009,10,127200030000,VACANT LAND /GENERAL COMMON ELEMENTS
not_clear_individual_owner; sold_after_2021_not_5_year_hold,8000 E 53RD DR,,CITY & COUNTY OF DENVER,M-RX-5,41982,2025,500,116100029000,VACANT LAND /GENERAL COMMON ELEMENTS
not_clear_individual_owner,2911 N XENIA ST,,PARK CREEK METROPOLITAN DISTRICT,R-MU-20,13770,2003,0,128417016000,VACANT LAND /GENERAL COMMON ELEMENTS
non_residential_zoning; not_clear_individual_owner,4000 N TRENTON ST,,UNION PACIFIC RAILROAD COMPANY,I-MX-5,17878,2009,104900,121300103000,VACANT LAND
non_residential_zoning; not_clear_individual_owner; sale_year_unknown_needs_enrichment,4045 N FOX ST,80216-4819,REGIONAL TRANSPORTATION DISTRICT,I-B,46235,,,222324023000,VACANT LAND
non_residential_zoning; sale_year_unknown_needs_enrichment,8125 E SMITH RD,,UNION PACIFIC RR CO,I-B,78436,,,121400109000,VACANT LAND /GENERAL COMMON ELEMENTS
not_clear_individual_owner,3216 N GENEVA ST,80238-3346,PARK CREEK METROPOLITAN DISTRICT,R-MU-20,9272,2007,0,127400130000,VACANT LAND /GENERAL COMMON ELEMENTS
non_residential_zoning; not_clear_individual_owner; sale_year_unknown_needs_enrichment,2801 N FIRTH CT,,CP VIII 2800 SPEER LLC,C-MX-5,25919,,,229416055000,VACANT LAND
non_residential_zoning; not_clear_individual_owner; sale_year_unknown_needs_enrichment,3850 N OLIVE ST,80207-1528,WHITTAKER TECHNICAL PRODUCTS INC,I-MX-3,61950,,,120426011000,VACANT LAND
not_clear_individual_owner,5275 N BEELER ST,,EXPRESSIONS & HERITAGE AT STAPLETON FILING 47 HOA INC,M-RX-5,9716,2017,10,115200116000,VACANT LAND /GENERAL COMMON ELEMENTS
not_clear_individual_owner,19397 E 38TH AVE,,GVR METROPOLITAN DISTRICT,R-2,29227,2013,0,22423049000,VACANT LAND /GENERAL COMMON ELEMENTS
non_residential_zoning; sale_year_unknown_needs_enrichment,3500 WAZEE ST,,UNION PACIFIC RR CO,I-B,26963,,,227115022000,VACANT LAND
non_residential_zoning; not_clear_individual_owner,1300 W 32ND AVE,,STATE OF COLORADO DEPARTMENT OF TRANSPORTATION,I-MX-3,74114,1991,279870,228400008000,VACANT LAND /GENERAL COMMON ELEMENTS
non_residential_zoning; not_clear_individual_owner; sale_year_unknown_needs_enrichment,2900 W COLFAX AVE,,STATE OF COLORADO DEPARTMENT OF TRANSPORTATION,C-MU-30,29400,,,232433008000,VACANT LAND /GENERAL COMMON ELEMENTS
non_residential_zoning; sale_year_unknown_needs_enrichment,4249 N MONACO ST,,UNION PACIFIC RR CO,I-B,536000,,,120300007000,VACANT LAND
non_residential_zoning; not_clear_individual_owner; sale_year_unknown_needs_enrichment,4590 N FOREST ST,80216-6418,GLENCOE LLC,I-B,45199,,,119103010000,VACANT LAND
non_residential_zoning; not_clear_individual_owner,10395 E 40TH AVE,,UNION PACIFIC RAILROAD COMPANY,O-1,11519,2016,10,122400023000,VACANT LAND
not_clear_individual_owner; sold_after_2021_not_5_year_hold,15535 E 40TH AVE,,NEW LAND LLC,GTWY,36856,2022,147500,20303006000,VACANT LAND
not_clear_individual_owner; sold_after_2021_not_5_year_hold,10094 E 59TH AVE,,PARK CREEK METROPOLITAN DISTRICT,M-RX-5,24738,2023,0,110400062000,VACANT LAND /GENERAL COMMON ELEMENTS
not_clear_individual_owner; sold_after_2021_not_5_year_hold,5667 N BEELER ST,,CITY & COUNTY OF DENVER,M-MX-5,30925,2025,0,110300123000,VACANT LAND /GENERAL COMMON ELEMENTS
non_residential_zoning; not_clear_individual_owner; sold_after_2021_not_5_year_hold,19290 E 59TH AVE 900,80202-1829,LANDINGS 39 LLC,C-MU-30,22656,2024,423800,10211041000,VACANT LAND /GENERAL COMMON ELEMENTS
non_residential_zoning; not_clear_individual_owner; sold_after_2021_not_5_year_hold,8094 E 31ST AVE MISC,,CITY & COUNTY OF DENVER,C-MU-20,21720,2025,500,128600030000,VACANT LAND /GENERAL COMMON ELEMENTS
not_clear_individual_owner,19837 E 39TH AVE,,GVR METROPOLITAN DISTRICT,R-2,29141,2004,10,22421036000,VACANT LAND /GENERAL COMMON ELEMENTS
not_clear_individual_owner; sale_year_unknown_needs_enrichment,4040 N YOSEMITE ST,,CITY & COUNTY OF DENVER,M-IMX-12,573421,,,122300059000,VACANT LAND /GENERAL COMMON ELEMENTS
not_clear_individual_owner,11179 E 28TH PL,80238,STAPLETON FILINGS 35 & 17 HOMEOWNERS ASSOCIATION INC,R-MU-20,10722,2014,940000,126300096000,VACANT LAND /GENERAL COMMON ELEMENTS
non_residential_zoning; not_clear_individual_owner,750 W 48TH AVE,,BURLINGTON NORTHERN RR CO PROPERTY TAX DEPARTMENT,I-B,12201,2019,10,222200078000,VACANT LAND
not_clear_individual_owner,8280 E 55TH AVE,,PARK CREEK METROPOLITAN DISTRICT,M-RX-5,8400,2014,0,116100083000,VACANT LAND /GENERAL COMMON ELEMENTS
not_clear_individual_owner; sold_after_2021_not_5_year_hold,4707 N TELLURIDE ST,,RIMROCK HOSPITALITY DIA EH LLC,PUD,79661,2025,3694500,21127004000,VACANT LAND
not_clear_individual_owner,5275 N AKRON ST,,PARK CREEK METROPOLITAN DISTRICT,M-RX-5,13883,2014,0,116100096000,VACANT LAND /GENERAL COMMON ELEMENTS
non_residential_zoning; not_clear_individual_owner; sold_after_2021_not_5_year_hold,3765 BLAKE ST,80205-2410,38TH & BLAKE LLC,C-MX-12,7846,2023,86000,227103044000,VACANT LAND /GENERAL COMMON ELEMENTS
not_clear_individual_owner; sold_after_2021_not_5_year_hold,6587 N CATHAY ST,80249-8650,ALTARIA AT HIGH POINT COMMUNITY ASSOCIATION INC,R-MU-20,11998,2022,0,3100077000,VACANT LAND /GENERAL COMMON ELEMENTS
not_clear_individual_owner,21124 E 44TH AVE,,CARRIAGE PARK AT GREEN VALLEY RANCH HOMEOWNERS ASSOCIATION,S-SU-I,7348,1987,0,23105016000,VACANT LAND /GENERAL COMMON ELEMENTS
non_residential_zoning; not_clear_individual_owner; sale_year_unknown_needs_enrichment,4812 N WASHINGTON ST,80216-6363,MOUNTAIN MEADOWS LAMB CORPORATION,I-B,70317,,,214306016000,VACANT LAND
non_residential_zoning; not_clear_individual_owner; sale_year_unknown_needs_enrichment,5596 N CROWN BLVD,,CITY & COUNTY OF DENVER,OS-A,23900,,,18106017000,VACANT LAND /GENERAL COMMON ELEMENTS
not_clear_individual_owner; sold_after_2021_not_5_year_hold,8760 E 54TH AVE,,CITY & COUNTY OF DENVER,M-RX-5,74522,2025,500,116100051000,VACANT LAND /GENERAL COMMON ELEMENTS
non_residential_zoning; not_clear_individual_owner; sale_year_unknown_needs_enrichment,3100 N DELAWARE ST,,BURLINGTON NORTHERN RR CO PROPERTY TAX DEPARTMENT,I-B,11439,,,227401006000,VACANT LAND
not_clear_individual_owner,3404 N YOSEMITE ST -3444,,PARK CREEK METROPOLITAN DISTRICT,R-MU-20,36568,2006,0,128500041000,VACANT LAND /GENERAL COMMON ELEMENTS
not_clear_individual_owner,3601 N INCA ST,,CITY & COUNTY OF DENVER,U-TU-B2,8422,1992,10,228115030000,VACANT LAND /GENERAL COMMON ELEMENTS
not_clear_individual_owner; sold_after_2021_not_5_year_hold,5990 N ELMIRA CT,,PARK CREEK METROPOLITAN DISTRICT,M-RX-5,10168,2023,0,110100027000,VACANT LAND /GENERAL COMMON ELEMENTS
non_residential_zoning; not_clear_individual_owner; sold_after_2021_not_5_year_hold,4665 N BEELER CT,,BROOKFIELD RESIDENTIAL LLC,CMP-H,19817,2024,0,115305050000,VACANT LAND /GENERAL COMMON ELEMENTS
not_clear_individual_owner,9056 E 35TH AVE -9296,,CITY & COUNTY OF DENVER,R-MU-20,165208,2014,500,127200011000,VACANT LAND /GENERAL COMMON ELEMENTS
not_clear_individual_owner; sold_after_2021_not_5_year_hold,6152 N EMPORIA ST,,PARK CREEK METROPOLITAN DISTRICT,M-RX-5,8528,2023,0,110100281000,VACANT LAND /GENERAL COMMON ELEMENTS
not_clear_individual_owner,2204 N SPRUCE ST,,STAPLETON PAIRED HOMEOWNERS ASSOCIATION INC,R-MU-20,17436,2010,10,133200028000,VACANT LAND /GENERAL COMMON ELEMENTS
not_clear_individual_owner,5368 N UINTA ST,,PARK CREEK METROPOLITAN DISTRICT,M-RX-5,17509,2014,0,116100090000,VACANT LAND /GENERAL COMMON ELEMENTS
not_clear_individual_owner,4620 N YORK ST,80216-2839,DEPARTMENT OF TRANSPORTATION STATE OF COLORADO,E-TU-B,7200,2015,165000,224212015000,VACANT LAND /GENERAL COMMON ELEMENTS
not_clear_individual_owner; sold_after_2021_not_5_year_hold,8700 E 48TH AVE,80205-3135,CITY & COUNTY OF DENVER,M-IMX-5,32636,2025,0,121100044000,VACANT LAND
not_clear_individual_owner; sold_after_2021_not_5_year_hold,9355 E 59TH NORTH PL,,CITY & COUNTY OF DENVER,M-RX-5,25139,2025,500,110300046000,VACANT LAND /GENERAL COMMON ELEMENTS
non_residential_zoning; not_clear_individual_owner,3200 N MARIPOSA ST,,STATE OF COLORADO DEPARTMENT OF TRANSPORTATION,I-MX-3,12477,1991,4867,228137010000,VACANT LAND /GENERAL COMMON ELEMENTS
non_residential_zoning; not_clear_individual_owner,20232 GREEN VALLEY RANCH BLVD,,GVR METROPOLITAN DISTRICT,B-3,29362,2002,10,22110019000,VACANT LAND /GENERAL COMMON ELEMENTS
not_clear_individual_owner,3493 N BEELER ST,,CITY & COUNTY OF DENVER,R-MU-20,40738,2014,500,127200020000,VACANT LAND /GENERAL COMMON ELEMENTS
not_clear_individual_owner,4147 N MALAYA ST,,GVR METROPOLITAN DISTRICT,R-2,7617,2005,0,23317013000,VACANT LAND /GENERAL COMMON ELEMENTS
not_clear_individual_owner,2535 N ALTON ST,,GARDEN COURTS II HOMEOWNERS ASSOCIATION,R-MU-20,9760,2005,0,134203038000,VACANT LAND /GENERAL COMMON ELEMENTS
non_residential_zoning; not_clear_individual_owner; sale_year_unknown_needs_enrichment,3305 LARIMER ST,80205-2417,LARIMER PLACE LLC,I-MX-3,13300,,,227128022000,VACANT LAND
non_residential_zoning; not_clear_individual_owner; sold_after_2021_not_5_year_hold,12100 E 39TH AVE,,SANDOVAL CAPITAL INVESTMENTS LLC,I-B,12515,2025,1200000,125200105000,VACANT LAND
not_clear_individual_owner; sold_after_2021_not_5_year_hold,9438 E 58TH AVE,,PARK CREEK METROPOLITAN DISTRICT,M-RX-5,9718,2023,0,110300113000,VACANT LAND /GENERAL COMMON ELEMENTS
not_clear_individual_owner,8795 E 55TH AVE,,EXPRESSIONS AND HERITAGE AT STAPLETON HOMEOWNERS ASSOC INC,M-RX-5,7346,2016,0,116100103000,VACANT LAND /GENERAL COMMON ELEMENTS
not_clear_individual_owner; sold_after_2021_not_5_year_hold,5823 N ALTON ST,,CITY & COUNTY OF DENVER,M-RX-5,28050,2025,500,110300096000,VACANT LAND /GENERAL COMMON ELEMENTS
not_clear_individual_owner; sold_after_2021_not_5_year_hold,6105 N ELMIRA CT,,PARK CREEK METROPOLITAN DISTRICT,M-RX-5,40110,2023,0,110100291000,VACANT LAND /GENERAL COMMON ELEMENTS
non_residential_zoning; not_clear_individual_owner; sale_year_unknown_needs_enrichment,4800 N QUEBEC ST,,CITY & COUNTY OF DENVER,OS-C,960008,,,116300017000,VACANT LAND /GENERAL COMMON ELEMENTS
not_clear_individual_owner,8018 E 25TH AVE,,PARK CREEK METROPOLITAN DISTRICT,R-MU-20,13714,2002,1100000,133231052000,VACANT LAND /GENERAL COMMON ELEMENTS
not_clear_individual_owner,3484 N BEELER ST,,PARK CREEK METROPOLITAN DISTRICT,R-MU-20,13075,2009,10,127200036000,VACANT LAND /GENERAL COMMON ELEMENTS
non_residential_zoning; not_clear_individual_owner; sale_year_unknown_needs_enrichment,4700 N BIRCH ST,,BURLINGTON NORTHERN RR CO PROPERTY TAX DEPARTMENT,I-B,174699,,,119200060000,VACANT LAND
non_residential_zoning; sold_after_2021_not_5_year_hold,5370 N MONROE ST,,"MARTINEZ,JOSEPH",I-A,18750,2026,285000,213104009000,VACANT LAND
non_residential_zoning; not_clear_individual_owner; sale_year_unknown_needs_enrichment,3201 N FOX ST,,BURLINGTON NORTHERN RR CO PROPERTY TAX DEPARTMENT,C-MX-5,28500,,,227300057000,VACANT LAND /GENERAL COMMON ELEMENTS
not_clear_individual_owner; sold_after_2021_not_5_year_hold,9358 E 59TH AVE,,PARK CREEK METROPOLITAN DISTRICT,M-RX-5,17791,2023,0,110300081000,VACANT LAND /GENERAL COMMON ELEMENTS
not_clear_individual_owner; sold_after_2021_not_5_year_hold,4845 N XANTHIA ST,80205-3135,CITY & COUNTY OF DENVER,M-IMX-5,22225,2025,0,121100043000,VACANT LAND
not_clear_individual_owner; sold_after_2021_not_5_year_hold,5232 N XENIA ST,,CITY & COUNTY OF DENVER,M-RX-5,9293,2025,500,116100063000,VACANT LAND /GENERAL COMMON ELEMENTS
not_clear_individual_owner; sale_year_unknown_needs_enrichment,2804 N SYRACUSE CT MISC,,CITY & COUNTY OF DENVER,R-MU-20,17132,,,128310019000,VACANT LAND /GENERAL COMMON ELEMENTS
not_clear_individual_owner,3486 N BEELER CT,,PARK CREEK METROPOLITAN DISTRICT,R-MU-20,15192,2009,10,127200038000,VACANT LAND /GENERAL COMMON ELEMENTS
not_clear_individual_owner,5201 N IDALIA ST,,PARKFIELD MASTER HOMEOWNERS ASSOCIATION INC,PUD,9077,1998,0,17310005000,VACANT LAND /GENERAL COMMON ELEMENTS
non_residential_zoning; not_clear_individual_owner; sold_after_2021_not_5_year_hold,17501 GREEN VALLEY RANCH BLVD,,EVC-WDG PENA LLC,C-MU-30,37318,2023,0,16100208000,VACANT LAND
non_residential_zoning; not_clear_individual_owner; sale_year_unknown_needs_enrichment,3600 DENARGO ST,,BURLINGTON NORTHERN RR CO PROPERTY TAX DEPARTMENT,I-B,57600,,,227300021000,VACANT LAND
non_residential_zoning; not_clear_individual_owner,8145 E 33RD AVE,,PARK CREEK METROPOLITAN DISTRICT,C-MU-20,13039,2011,0,128600059000,VACANT LAND /GENERAL COMMON ELEMENTS
not_clear_individual_owner,5530 N CHAMBERS RD,,PARKFIELD NORTH COMMUNITY ASSOCIATION INC,PUD,13205,2002,10,17208028000,VACANT LAND /GENERAL COMMON ELEMENTS
not_clear_individual_owner,4986 N UINTA ST,80216,PARK CREEK METROPOLITAN DISTRICT,M-RX-5,11536,2014,0,116500058000,VACANT LAND /GENERAL COMMON ELEMENTS
non_residential_zoning; not_clear_individual_owner; sale_year_unknown_needs_enrichment,6972 N ARGONNE ST APPRX,,ACM HIGH POINT VI LLC,C-MU-10,29726,,,3100111000,VACANT LAND /GENERAL COMMON ELEMENTS
non_residential_zoning; not_clear_individual_owner; sale_year_unknown_needs_enrichment,4348 W 45TH AVE,80212-2304,45TH & TENNYSON LLC,U-MX-3,13300,,,219123092000,VACANT LAND
not_clear_individual_owner,2804 N CLINTON WAY MISC,,PARK CREEK METROPOLITAN DISTRICT,R-MU-20,11547,2004,0,127417021000,VACANT LAND /GENERAL COMMON ELEMENTS
not_clear_individual_owner,9207 E 51ST DR,,CITY & COUNTY OF DENVER,M-RX-5,62228,2021,0,115200100000,VACANT LAND /GENERAL COMMON ELEMENTS
non_residential_zoning; not_clear_individual_owner; sold_after_2021_not_5_year_hold,11500 E MARTIN LUTHER KING JR BLVD APPRX,,CITY & COUNTY OF DENVER,C-MU-20,7032,2024,500,126400015000,VACANT LAND /GENERAL COMMON ELEMENTS
non_residential_zoning; not_clear_individual_owner,2200 N ZUNI ST,,CITY & COUNTY OF DENVER,OS-C,36753,2002,600600,233300056000,VACANT LAND
non_residential_zoning; not_clear_individual_owner,4650 N JASON ST,,UNION PACIFIC RAILROAD COMPANY,I-A,8732,1997,0,221111008000,VACANT LAND
non_residential_zoning; not_clear_individual_owner; sale_year_unknown_needs_enrichment,9204 E 56TH AVE,,CITY & COUNTY OF DENVER,OS-A,95403,,,115200020000,VACANT LAND /GENERAL COMMON ELEMENTS
non_residential_zoning; not_clear_individual_owner,3800 N HURON ST,,REGIONAL TRANSPORTATION DISTRICT,I-B,101197,2019,10,222300101000,VACANT LAND
non_residential_zoning; sale_year_unknown_needs_enrichment,6501 E 40TH AVE -6801,,UNION PACIFIC RR CO,I-B,189000,,,120400008000,VACANT LAND
not_clear_individual_owner,3112 N FULTON ST,,PARK CREEK METROPOLITAN DISTRICT,R-MU-20,19844,2006,0,127400120000,VACANT LAND /GENERAL COMMON ELEMENTS
non_residential_zoning; not_clear_individual_owner,1625 N PERRY ST APPRX,80202-5329,SLOANS BLOCK 3 OWNERS ASSOCIATION INC,C-MX-5,40734,2018,0,231434016000,VACANT LAND
not_clear_individual_owner,2866 N GENEVA ST,,PARK CREEK METROPOLITAN DISTRICT,R-MU-20,12209,2005,10,127400095000,VACANT LAND /GENERAL COMMON ELEMENTS
not_clear_individual_owner,5094 N ENID WAY #TR-A,,GATEWAY VILLAGE HOMEOWNERS ASSOCIATION INC,R-2,36028,2002,10,18409034000,VACANT LAND /GENERAL COMMON ELEMENTS
not_clear_individual_owner,2850 W 53RD AVE,80221-1259,ARIA MASTER ASSOCIATION INC,R-MU-30,13290,2020,0,217100192000,VACANT LAND /GENERAL COMMON ELEMENTS
not_clear_individual_owner,5440 N VERBENA ST,,EXPRESSIONS & HERITAGE AT STAPLETON HOA INC,M-RX-5,12294,2017,1,116100111000,VACANT LAND /GENERAL COMMON ELEMENTS
not_clear_individual_owner; sold_after_2021_not_5_year_hold,7855 E MONTVIEW BLVD,,PARK CREEK METROPOLITAN DISTRICT,R-MU-20,11174,2023,0,133200038000,VACANT LAND /GENERAL COMMON ELEMENTS
not_clear_individual_owner,3531 N YOSEMITE ST,,GARDEN COURTS AT STAPLETON III HOMEOWNERS ASSOCIATION,R-MU-20,21190,2007,0,128511029000,VACANT LAND /GENERAL COMMON ELEMENTS
not_clear_individual_owner,3507 N BOSTON ST,80238-3486,CITY & COUNTY OF DENVER,R-MU-20,36962,2014,0,127200058000,VACANT LAND /GENERAL COMMON ELEMENTS
non_residential_zoning; not_clear_individual_owner; sold_after_2021_not_5_year_hold,1998 29TH ST,,DENARGO MARKET METROPOLITAN DISTRICT NO 1,C-MX-20,67757,2025,10,227400101000,VACANT LAND /GENERAL COMMON ELEMENTS
not_clear_individual_owner,2750 N FLORENCE ST,,STAPLETON COACH HOUSE OWNERS ASSOCIATION NO 1,R-MU-20,7538,2009,0,127426028000,VACANT LAND /GENERAL COMMON ELEMENTS
non_residential_zoning; not_clear_individual_owner,4780 N GENEVA ST MISC,,SBC METROPOLITAN DISTRICT,C-MU-30,17424,2014,10,115405003000,VACANT LAND /GENERAL COMMON ELEMENTS
non_residential_zoning; not_clear_individual_owner; sale_year_unknown_needs_enrichment,14498 E 56TH AVE,,CITY & COUNTY OF DENVER,OS-A,42700,,,18214016000,VACANT LAND /GENERAL COMMON ELEMENTS
non_residential_zoning; not_clear_individual_owner; sale_year_unknown_needs_enrichment,4465 N FOX ST,80216-2633,REGIONAL TRANSPORTATION DISTRICT,I-B,21700,,,222200074000,VACANT LAND /GENERAL COMMON ELEMENTS
not_clear_individual_owner,19348 E 40TH AVE,,GVR METROPOLITAN DISTRICT,R-2,12380,2004,10,22423048000,VACANT LAND /GENERAL COMMON ELEMENTS
non_residential_zoning; not_clear_individual_owner; sold_after_2021_not_5_year_hold,5773 N TOWER RD,,IMKD 8 LLC,C-MU-30,42749,2025,0,9131004000,VACANT LAND
not_clear_individual_owner; sold_after_2021_not_5_year_hold,9373 E 58TH PL,,CITY & COUNTY OF DENVER,M-RX-5,35221,2025,500,110300084000,VACANT LAND /GENERAL COMMON ELEMENTS
not_clear_individual_owner; sale_year_unknown_needs_enrichment,2882 N SPRUCE ST MISC,,CITY & COUNTY OF DENVER,R-MU-20,15253,,,128311019000,VACANT LAND /GENERAL COMMON ELEMENTS
not_clear_individual_owner,11295 E 26TH AVE,80205-3135,CITY & COUNTY OF DENVER,R-MU-20,55002,2020,0,126300091000,VACANT LAND /GENERAL COMMON ELEMENTS
non_residential_zoning; not_clear_individual_owner,12110 E ALBROOK DR,,MONTBELLO FRESHLO LLC,B-8,20521,2021,0,124200086000,VACANT LAND /GENERAL COMMON ELEMENTS
non_residential_zoning; not_clear_individual_owner,2105 W COLFAX AVE,,CITY & COUNTY OF DENVER,OS-C,170718,2000,144464,232426027000,VACANT LAND
non_residential_zoning; not_clear_individual_owner; sold_after_2021_not_5_year_hold,4600 N WABASH ST,,SCP NORTHFIELD LLC,C-MU-20,11495,2022,66000000,121501049000,VACANT LAND
not_clear_individual_owner; sold_after_2021_not_5_year_hold,6292 N GALENA WAY,,PARK CREEK METROPOLITAN DISTRICT,M-RX-5,20464,2023,0,110100265000,VACANT LAND /GENERAL COMMON ELEMENTS
non_residential_zoning; not_clear_individual_owner; sale_year_unknown_needs_enrichment,4701 N WASHINGTON ST,,BURLINGTON NORTHERN RR CO PROPERTY TAX DEPARTMENT,I-MX-3,11000,,,222100003000,VACANT LAND
sale_year_unknown_needs_enrichment,5302 COLUMBINE RD,,SISTERS OF ST FRANCIS,R-MU-30,31654,,,217100025000,VACANT LAND
not_clear_individual_owner; sold_after_2021_not_5_year_hold,4000 N AIRPORT WAY,,SAND CREEK METROPOLITAN DISTRICT,GTWY,55588,2024,10,20402007000,VACANT LAND /GENERAL COMMON ELEMENTS
not_clear_individual_owner; sold_after_2021_not_5_year_hold,15510 E BOLLING DR,,DENVER CONNECTION WEST METROPOLITAN DISTRICT,PUD,30766,2023,0,20200032000,VACANT LAND /GENERAL COMMON ELEMENTS
non_residential_zoning; not_clear_individual_owner,3000 N BRIGHTON BLVD,80216-5013,2900 BRIGHTON OWNER LLC,I-MX-8,110673,2021,0,227500132000,VACANT LAND
non_residential_zoning; not_clear_individual_owner,3690 N UINTA ST,,PARK CREEK METROPOLITAN DISTRICT,C-MX-16,9783,2021,0,128104003000,VACANT LAND
not_clear_individual_owner,5201 N DAYTON ST VCNT,,PARK CREEK METROPOLITAN DISTRICT,M-RX-5,20808,2013,0,115300072000,VACANT LAND /GENERAL COMMON ELEMENTS
not_clear_individual_owner,10853 E 26TH AVE,,CITY & COUNTY OF DENVER,R-MU-20,40221,2019,500,126300037000,VACANT LAND /GENERAL COMMON ELEMENTS
non_residential_zoning; not_clear_individual_owner,5200 N MONROE ST,,HANEY PROPERTIES LLC,I-A,177782,2019,1776330,213111006000,VACANT LAND
non_residential_zoning; not_clear_individual_owner,3099 N SPRUCE ST,,INNOVATIONS AND COURTYARD TRADITIONS AT STAPLETON HOA,C-MU-20,13768,2011,0,128600066000,VACANT LAND /GENERAL COMMON ELEMENTS
not_clear_individual_owner,4700 W 17TH AVE,,4700 W 17TH LLC,U-SU-C2,25300,2016,1,231307015000,VACANT LAND
non_residential_zoning; not_clear_individual_owner; sale_year_unknown_needs_enrichment,4612 N JOSEPHINE ST APPRX,80216-2872,DEPARTMENT OF TRANSPORTATION STATE OF COLORADO,E-MX-2,9220,,,224226012000,VACANT LAND /GENERAL COMMON ELEMENTS
non_residential_zoning; not_clear_individual_owner; sold_after_2021_not_5_year_hold,8101 E 40TH AVE,80207-1712,RAIATEA LLP,I-B,311185,2023,0,121400116000,VACANT LAND
not_clear_individual_owner,2803 N IOLA ST,,GARDEN COURTS AT STAPLETON III HOMEOWNERS ASSOCIATION,R-MU-20,7693,2007,10,127400109000,VACANT LAND /GENERAL COMMON ELEMENTS
not_clear_individual_owner; sold_after_2021_not_5_year_hold,9200 E NORTHFIELD BLVD MISC,,PARK CREEK METROPOLITAN DISTRICT,M-IMX-8,11506,2023,10,121100136000,VACANT LAND /GENERAL COMMON ELEMENTS
non_residential_zoning; not_clear_individual_owner; sale_year_unknown_needs_enrichment,1001 W COLFAX AVE,,BOARD OF DIRECTORS OF THE AURARIA HIGHER EDUCATION CTR,CMP-EI,34300,,,233731004000,VACANT LAND /GENERAL COMMON ELEMENTS
not_clear_individual_owner; sold_after_2021_not_5_year_hold,15750 E BOLLING DR,,DENVER CONNECTION WEST METROPOLITAN DISTRICT,PUD,89680,2023,0,20200033000,VACANT LAND /GENERAL COMMON ELEMENTS
non_residential_zoning; not_clear_individual_owner; sale_year_unknown_needs_enrichment,4624 N BALDWIN CT,,DEPARTMENT OF TRANSPORTATION STATE OF COLORADO,I-MX-3,29290,,,223111039000,VACANT LAND /GENERAL COMMON ELEMENTS
non_residential_zoning; not_clear_individual_owner,4951 N TELLURIDE ST,,CITY & COUNTY OF DENVER,OS-A,43560,2021,0,16100175000,VACANT LAND
non_residential_zoning; not_clear_individual_owner; sale_year_unknown_needs_enrichment,4800 E 47TH AVE,,BURLINGTON NORTHERN RR CO PROPERTY TAX DEPARTMENT,I-B,25900,,,119100049000,VACANT LAND
non_residential_zoning; not_clear_individual_owner,5750 N CEYLON ST,,FIRST CREEK OWNERS ASSOCIATION,C-MU-30,11160,2010,0,10206025000,VACANT LAND /GENERAL COMMON ELEMENTS
not_clear_individual_owner,2778 N KINGSTON ST,,CITY & COUNTY OF DENVER,R-MU-20,25742,2020,0,126300068000,VACANT LAND /GENERAL COMMON ELEMENTS
non_residential_zoning; not_clear_individual_owner; sold_after_2021_not_5_year_hold,4761 N AIRPORT WAY,,DCG WEST 1 LLC,S-MX-3,44364,2022,4056300,20102006000,VACANT LAND
non_residential_zoning; not_clear_individual_owner,2503 E 40TH AVE,80205-3601,REGIONAL TRANSPORTATION DISTRICT,I-A,29777,2012,0,224300062000,VACANT LAND
non_residential_zoning; not_clear_individual_owner,3601 N BANNOCK ST,80202-1324,CITY & COUNTY OF DENVER,OS-C,320137,2015,0,227300116000,VACANT LAND /GENERAL COMMON ELEMENTS
non_residential_zoning; not_clear_individual_owner; sold_after_2021_not_5_year_hold,8390 E 32ND AVE,80238,CONTROL TOWER LLC,C-MU-20,16905,2025,0,128600088000,VACANT LAND
not_clear_individual_owner,3188 N GENEVA CT,80238-3347,PARK CREEK METROPOLITAN DISTRICT,R-MU-20,7636,2007,0,127400131000,VACANT LAND /GENERAL COMMON ELEMENTS
not_clear_individual_owner,1901 N KING WAY,,EAST BAY HOMEOWNERS ASSOCIATION,R-3,8546,1996,0,232306012000,VACANT LAND /GENERAL COMMON ELEMENTS
non_residential_zoning; not_clear_individual_owner,2601 N DAYTON ST MISC,,PARK CREEK METROPOLITAN DISTRICT,OS-A,82246,2004,0,127300023000,VACANT LAND
non_residential_zoning; not_clear_individual_owner,8299 E 29TH PL,,INNOVATIONS AND COURTYARD TRADITIONS AT STAPLETON,C-MU-20,8623,2015,0,128422018000,VACANT LAND /GENERAL COMMON ELEMENTS
not_clear_individual_owner; sold_after_2021_not_5_year_hold,9271 E 58TH AVE,,PARK CREEK METROPOLITAN DISTRICT,M-RX-5,9370,2023,0,110300091000,VACANT LAND /GENERAL COMMON ELEMENTS
non_residential_zoning; not_clear_individual_owner,8015 E 34TH AVE,,PARK CREEK METROPOLITAN DISTRICT,C-MU-20,12013,2011,0,128600057000,VACANT LAND /GENERAL COMMON ELEMENTS
not_clear_individual_owner; sold_after_2021_not_5_year_hold,8941 E 58TH AVE,,PARK CREEK METROPOLITAN DISTRICT,M-RX-5,19125,2023,0,110300098000,VACANT LAND /GENERAL COMMON ELEMENTS
non_residential_zoning; not_clear_individual_owner,5100 E 52ND AVE,,NDSC INDUSTRIAL PARK LLC,I-B,27923,2014,0,118400018000,VACANT LAND
non_residential_zoning; not_clear_individual_owner,5801 N BISCAY ST,,FIRST CREEK OWNERS ASSOCIATION,C-MU-30,9338,2010,0,10201016000,VACANT LAND /GENERAL COMMON ELEMENTS
not_clear_individual_owner,9991 E 59TH DR,,PORTRAIT F54 AT STAPLETON HOMEOWNERS ASSOCIATION INC,M-RX-5,11165,2021,0,110100301000,VACANT LAND /GENERAL COMMON ELEMENTS
non_residential_zoning; not_clear_individual_owner; sale_year_unknown_needs_enrichment,4499 N FOX ST,80216-2633,REGIONAL TRANSPORTATION DISTRICT,I-B,36578,,,222200076000,VACANT LAND /GENERAL COMMON ELEMENTS
tier1_confirmed_basic_filters_before_growth_proximity,4500 N COOK ST,80216-4276,"FOIANI,JUNE ELLEN",E-TU-B,7820,2017,0,224106006000,VACANT LAND
not_clear_individual_owner,3641 N AKRON ST,,PARK CREEK METROPOLITAN DISTRICT,R-MU-20,26077,2006,0,128507015000,VACANT LAND /GENERAL COMMON ELEMENTS
non_residential_zoning,5380 N MONROE ST,80216-2446,"MARTINEZ,JOSEPH CHARLES",I-A,12500,2005,120000,213104010000,VACANT LAND
not_clear_individual_owner; sold_after_2021_not_5_year_hold,2004 N TRENTON ST,,CITY & COUNTY OF DENVER,R-MU-20,20628,2025,500,133200033000,VACANT LAND /GENERAL COMMON ELEMENTS
not_clear_individual_owner,2709 N AKRON CT,,STAPLETON COACH HOUSE OWNERS ASSOCIATION NOS 5 & 6,R-MU-20,12905,2007,0,127308023000,VACANT LAND /GENERAL COMMON ELEMENTS
not_clear_individual_owner,16101 GREEN VALLEY RANCH BLVD,,CITY & COUNTY OF DENVER,DIA,1980094,1994,0,17400003000,VACANT LAND
not_clear_individual_owner; sold_after_2021_not_5_year_hold,5970 N GALENA CT,,PARK CREEK METROPOLITAN DISTRICT,M-RX-5,10744,2023,0,110400045000,VACANT LAND /GENERAL COMMON ELEMENTS
not_clear_individual_owner; sold_after_2021_not_5_year_hold,6112 N AKRON ST,,CITY & COUNTY OF DENVER,M-RX-5,27637,2025,0,110300006000,VACANT LAND /GENERAL COMMON ELEMENTS
non_residential_zoning; not_clear_individual_owner; sale_year_unknown_needs_enrichment,3701 PARK AVE W,,BURLINGTON NORTHERN RR CO PROPERTY TAX DEPARTMENT,I-B,46326,,,227300064000,VACANT LAND
non_residential_zoning; not_clear_individual_owner,19079 E 57TH PL,,FIRST CREEK OWNERS ASSOCIATION,C-MU-30,11160,2010,0,10205089000,VACANT LAND /GENERAL COMMON ELEMENTS
not_clear_individual_owner; sold_after_2021_not_5_year_hold,15551 E BOLLING DR,,DENVER CONNECTION WEST METROPOLITAN DISTRICT,PUD,9261,2023,0,20200029000,VACANT LAND /GENERAL COMMON ELEMENTS
not_clear_individual_owner; sold_after_2021_not_5_year_hold,5782 N CENTRAL PARK BLVD,,PARK CREEK METROPOLITAN DISTRICT,M-MX-5,7749,2023,0,110300100000,VACANT LAND /GENERAL COMMON ELEMENTS
not_clear_individual_owner,4401 N MALTA ST,,CARRIAGE PARK AT GREEN VALLEY RANCH HOMEOWNERS ASSOCIATION,S-SU-I,12277,1987,0,23104052000,VACANT LAND /GENERAL COMMON ELEMENTS
non_residential_zoning; not_clear_individual_owner,3727 DELGANY ST,80216-3635,MENALTO LLC,I-MX-8,13300,2018,1700000,227108041000,VACANT LAND
not_clear_individual_owner,6002 N EMPORIA ST,,SCHOOL DISTRICT NO 1,M-RX-5,409608,2020,0,110111001000,VACANT LAND
not_clear_individual_owner,9359 E 52ND AVE,,PARK CREEK METROPOLITAN DISTRICT,M-RX-5,13767,2019,10,115200108000,VACANT LAND /GENERAL COMMON ELEMENTS
non_residential_zoning; not_clear_individual_owner; sale_year_unknown_needs_enrichment,13500 E 56TH AVE,,CITY & COUNTY OF DENVER,OS-A,23700,,,113108017000,VACANT LAND /GENERAL COMMON ELEMENTS
not_clear_individual_owner; sold_after_2021_not_5_year_hold,8604 N WILLOW ST,,CITY & COUNTY OF DENVER,M-RX-5,28639,2025,500,116400061000,VACANT LAND /GENERAL COMMON ELEMENTS
non_residential_zoning; not_clear_individual_owner; sale_year_unknown_needs_enrichment,5100 N KINGSTON ST,,UNION PACIFIC RAILROAD COMPANY,I-B,43500,,,114307008000,VACANT LAND
non_residential_zoning; not_clear_individual_owner; sale_year_unknown_needs_enrichment,2381 E 46TH AVE APPRX,80216-3913,DEPT OF TRANSPORATION STATE OF COLORADO,I-A,15956,,,224227011000,VACANT LAND /GENERAL COMMON ELEMENTS
non_residential_zoning,4600 N IVY ST,,"WAGNER,JOSEPH H",I-B,14000,2006,300,120200027000,VACANT LAND /GENERAL COMMON ELEMENTS
not_clear_individual_owner; sold_after_2021_not_5_year_hold,6693 N CEYLON ST,80249-8650,ALTARIA AT HIGH POINT COMMUNITY ASSOCIATION INC,R-MU-20,10432,2022,0,3100084000,VACANT LAND /GENERAL COMMON ELEMENTS
not_clear_individual_owner; sold_after_2021_not_5_year_hold,5781 N BOSTON CT,,CITY & COUNTY OF DENVER,M-RX-5,12000,2025,500,110300112000,VACANT LAND /GENERAL COMMON ELEMENTS
non_residential_zoning; not_clear_individual_owner; sale_year_unknown_needs_enrichment,5000 N TELLURIDE ST,80203-1776,STATE OF COLORADO,C-MU-20,551930,,,16105001000,VACANT LAND
not_clear_individual_owner,3516 N BEELER CT,80238-3509,PARK CREEK METROPOLITAN DISTRICT,R-MU-20,11682,2013,0,127200054000,VACANT LAND /GENERAL COMMON ELEMENTS
not_clear_individual_owner,2359 N UINTA ST,,PARK CREEK METROPOLITAN DISTRICT,R-MU-20,20832,2006,0,133120034000,VACANT LAND /GENERAL COMMON ELEMENTS
non_residential_zoning; not_clear_individual_owner; sale_year_unknown_needs_enrichment,5101 N COLORADO BLVD,80216-3119,BURLINGTON NORTHERN RR CO PROPERTY TAX DEPARTMENT,I-A,104000,,,213400003000,VACANT LAND
non_residential_zoning; not_clear_individual_owner; sale_year_unknown_needs_enrichment,4638 N FRANKLIN ST,,STATE OF COLORADO DEPARTMENT OF TRANSPORTATION,CMP-NWC,16072,,,223110043000,VACANT LAND /GENERAL COMMON ELEMENTS
non_residential_zoning; not_clear_individual_owner,4505 N FLORENCE ST,80238-2409,CITY & COUNTY OF DENVER,C-MU-30,90169,2015,10,122101006000,VACANT LAND /GENERAL COMMON ELEMENTS
not_clear_individual_owner; sold_after_2021_not_5_year_hold,5952 N GALENA ST,,PARK CREEK METROPOLITAN DISTRICT,M-RX-5,16194,2023,0,110400056000,VACANT LAND /GENERAL COMMON ELEMENTS
non_residential_zoning; not_clear_individual_owner; sale_year_unknown_needs_enrichment,1203 3RD ST,,REGIONAL TRANSPORTATION DISTRICT,C-MX-5,12488,,,233810015000,VACANT LAND
not_clear_individual_owner; sold_after_2021_not_5_year_hold,8102 E 29TH PL MISC,,PARK CREEK METROPOLITAN DISTRICT,R-MU-30,13650,2023,10,128427004000,VACANT LAND /GENERAL COMMON ELEMENTS
not_clear_individual_owner,2804 N EMPORIA ST MISC,,PARK CREEK METROPOLITAN DISTRICT,R-MU-20,12281,2004,0,127416025000,VACANT LAND /GENERAL COMMON ELEMENTS
not_clear_individual_owner,4660 N HIMALAYA RD,,GVR METROPOLITAN DISTRICT,R-2,25002,2002,10,22112033000,VACANT LAND /GENERAL COMMON ELEMENTS
not_clear_individual_owner,4144 N MALAYA ST,,GVR METROPOLITAN DISTRICT,R-2,46924,2003,10,23406024000,VACANT LAND /GENERAL COMMON ELEMENTS
non_residential_zoning; not_clear_individual_owner; sale_year_unknown_needs_enrichment,5401 N HAVANA ST,,PROLOGIS,C-MU-30,71020,,,115100037000,VACANT LAND /GENERAL COMMON ELEMENTS
non_residential_zoning; not_clear_individual_owner,4000 N COLORADO BLVD,80216-4306,STATE OF COLORADO DEPARTMENT OF TRANSPORTATION,B-3,21292,1999,74600,119300007000,VACANT LAND /GENERAL COMMON ELEMENTS
non_residential_zoning; not_clear_individual_owner; sale_year_unknown_needs_enrichment,4201 N QUEBEC ST,,STATE OF COLORADO DEPARTMENT OF TRANSPORTATION,I-B,15118,,,120401024000,VACANT LAND /GENERAL COMMON ELEMENTS
non_residential_zoning; not_clear_individual_owner; sale_year_unknown_needs_enrichment,1828 W COLFAX AVE,,STATE OF COLORADO DEPARTMENT OF TRANSPORTATION,C-MX-5,8750,,,233810005000,VACANT LAND /GENERAL COMMON ELEMENTS
not_clear_individual_owner,5391 N UINTA ST,,PARK CREEK METROPOLITAN DISTRICT,M-RX-5,19362,2014,0,116100088000,VACANT LAND /GENERAL COMMON ELEMENTS
not_clear_individual_owner; sale_year_unknown_needs_enrichment,2814 N WILLOW ST,,CITY & COUNTY OF DENVER,R-MU-20,14986,,,128401027000,VACANT LAND /GENERAL COMMON ELEMENTS
not_clear_individual_owner,9108 E 35TH PL -9188,,CITY & COUNTY OF DENVER,R-MU-20,29220,2014,500,127200010000,VACANT LAND /GENERAL COMMON ELEMENTS
not_clear_individual_owner; sold_after_2021_not_5_year_hold,6157 N FLORENCE WAY,,PARK CREEK METROPOLITAN DISTRICT,M-RX-5,7920,2023,0,110100282000,VACANT LAND /GENERAL COMMON ELEMENTS
non_residential_zoning; not_clear_individual_owner,3601 E 46TH AVE,80216-6532,DEPARTMENT OF TRANSPORTATION STATE OF COLORADO,I-A,166083,2016,3400000,224100033000,VACANT LAND /GENERAL COMMON ELEMENTS
non_residential_zoning; not_clear_individual_owner,521 W 43RD AVE,80216-2607,FOX43 LLC,I-B,12500,2013,495000,222307021000,VACANT LAND
non_residential_zoning; not_clear_individual_owner,4400 N INCA ST,,UNION PACIFIC RAILROAD COMPANY,I-B,319673,1997,0,221100047000,VACANT LAND
non_residential_zoning; sale_year_unknown_needs_enrichment,4001 N OLIVE ST,,UNION PACIFIC RR CO,I-B,29300,,,120407001000,VACANT LAND
not_clear_individual_owner,5296 N DEEPHAVEN CT,80239-4138,GRACE CHRISTIAN CENTER LLC,S-SU-D,111353,2014,20,18610014000,VACANT LAND
non_residential_zoning; not_clear_individual_owner; sale_year_unknown_needs_enrichment,4201 N QUEBEC ST,,UPLAND INDUSTRIES CORP,I-B,11800,,,120401018000,VACANT LAND /GENERAL COMMON ELEMENTS
non_residential_zoning; not_clear_individual_owner,10431 E 51ST AVE,,1A DEVELOPMENT LLC,I-B,95537,2021,392040,115100041000,VACANT LAND
non_residential_zoning; not_clear_individual_owner; sale_year_unknown_needs_enrichment,2201 19TH ST,,CITY & COUNTY OF DENVER,OS-A,7333,,,227800070000,VACANT LAND /GENERAL COMMON ELEMENTS
non_residential_zoning; not_clear_individual_owner,4209 N ELATI ST,,SFF REAL ESTATE INVESTMENTS LLC,I-A,15625,2008,245000,222312005000,VACANT LAND
not_clear_individual_owner,3105 N ELMIRA CT,,PARK CREEK METROPOLITAN DISTRICT,R-MU-20,73643,2005,10,127400026000,VACANT LAND /GENERAL COMMON ELEMENTS
not_clear_individual_owner,8749 E 55TH AVE,,EXPRESSIONS AND HERITAGE AT STAPLETON HOMEOWNERS ASSOC INC,M-RX-5,8532,2016,10,116100102000,VACANT LAND /GENERAL COMMON ELEMENTS
not_clear_individual_owner,4908 N NEPAL ST,,CITY & COUNTY OF DENVER,R-MU-20,42149,2002,10,14403011000,VACANT LAND /GENERAL COMMON ELEMENTS
not_clear_individual_owner,1835 W 35TH AVE,,DENVER URBAN GARDENS,U-TU-B,7230,2021,1200000,228214062000,VACANT LAND
not_clear_individual_owner,3515 N BEELER CT,80238-3509,PARK CREEK METROPOLITAN DISTRICT,R-MU-20,9895,2013,0,127200055000,VACANT LAND /GENERAL COMMON ELEMENTS
non_residential_zoning; not_clear_individual_owner; sale_year_unknown_needs_enrichment,600 W 50TH AVE,,BURLINGTON NORTHERN RR CO PROPERTY TAX DEPARTMENT,I-B,46390,,,215300090000,VACANT LAND
not_clear_individual_owner; sale_year_unknown_needs_enrichment,8601 E 41ST AVE,,FC STAPLETON II LLC,M-IMX-12,182929,,,121402001000,VACANT LAND
non_residential_zoning; not_clear_individual_owner; sold_after_2021_not_5_year_hold,11225 E 51ST AVE,,MONKEY RANCH LLC,I-B,28438,2022,0,114401018000,VACANT LAND
non_residential_zoning; not_clear_individual_owner; sold_after_2021_not_5_year_hold,4114 N BRIGHTON BLVD,,HOTEL WYNKOOP LLC,I-MX-8,69140,2022,15548700,223300088000,VACANT LAND
not_clear_individual_owner; sold_after_2021_not_5_year_hold,10300 E 57TH AVE,,STAPLETON FILINGS 53 AND 54 HOMEOWNERS ASSOCIATION INC,M-RX-5,11571,2022,10,110400050000,VACANT LAND /GENERAL COMMON ELEMENTS
not_clear_individual_owner; sold_after_2021_not_5_year_hold,5802 N BOSTON ST,,CITY & COUNTY OF DENVER,M-RX-5,28110,2025,500,110300089000,VACANT LAND /GENERAL COMMON ELEMENTS
not_clear_individual_owner,3489 N ALTON ST,,PARK CREEK METROPOLITAN DISTRICT,R-MU-20,17295,2009,10,127200032000,VACANT LAND /GENERAL COMMON ELEMENTS
not_clear_individual_owner,5160 N AKRON ST,,PARK CREEK METROPOLITAN DISTRICT,M-RX-5,18182,2014,0,116100098000,VACANT LAND /GENERAL COMMON ELEMENTS
not_clear_individual_owner; sale_year_unknown_needs_enrichment,2812 N WABASH ST MISC,,CITY & COUNTY OF DENVER,R-MU-20,14986,,,128402027000,VACANT LAND /GENERAL COMMON ELEMENTS
non_residential_zoning; not_clear_individual_owner; sale_year_unknown_needs_enrichment,3894 N UINTA ST,,REGIONAL TRANSPORTATION DISTRICT,C-MX-16,314611,,,128104001000,VACANT LAND
non_residential_zoning; not_clear_individual_owner,3901 N DELAWARE ST,,STATE OF COLORADO DEPARTMENT OF TRANSPORTATION,I-A,122240,1995,903900,222300086000,VACANT LAND /GENERAL COMMON ELEMENTS
non_residential_zoning; not_clear_individual_owner; sold_after_2021_not_5_year_hold,8194 E 34TH AVE MISC,,CITY & COUNTY OF DENVER,C-MU-20,28800,2025,500,128600018000,VACANT LAND /GENERAL COMMON ELEMENTS
non_residential_zoning; not_clear_individual_owner; sale_year_unknown_needs_enrichment,4611 N BALDWIN CT,,STATE OF COLORADO DEPARTMENT OF TRANSPORTATION,I-MX-3,14865,,,223110045000,VACANT LAND /GENERAL COMMON ELEMENTS
non_residential_zoning; not_clear_individual_owner,4615 N BRIGHTON BLVD,,DEPARTMENT OF TRANSPORTATION STATE OF COLORADO,I-MX-3,17262,2000,716150,223111031000,VACANT LAND /GENERAL COMMON ELEMENTS
non_residential_zoning,5390 N MONROE ST,80216-2446,"MARTINEZ,JOSEPH CHARLES",I-A,18750,2008,110000,213104001000,VACANT LAND
not_clear_individual_owner,9242 E 36TH AVE,80238-3509,CITY & COUNTY OF DENVER,R-MU-20,11240,2014,0,127200050000,VACANT LAND /GENERAL COMMON ELEMENTS
non_residential_zoning; not_clear_individual_owner,4200 N TRENTON ST,,UNION PACIFIC RAILROAD COMPANY,I-MX-5,79564,2005,10,121300114000,VACANT LAND
non_residential_zoning; not_clear_individual_owner,4414 N WASHINGTON ST,80216-3508,REGIONAL TRANSPORTATION DISTRICT,I-MX-8,9322,2015,0,222138024000,VACANT LAND
non_residential_zoning; not_clear_individual_owner,4256 N CAHITA CT,,STATE OF COLORADO DEPARTMENT OF TRANSPORTATION,I-A,7500,1995,50000,222316003000,VACANT LAND /GENERAL COMMON ELEMENTS
non_residential_zoning; not_clear_individual_owner; sale_year_unknown_needs_enrichment,3801 E 50TH AVE,80216-3024,BURLINGTON NORTHERN RR CO PROPERTY TAX DEPARTMENT,I-A,24674,,,213400034000,VACANT LAND
not_clear_individual_owner,17200 E 64TH AVE,,CITY & COUNTY OF DENVER,DIA,1674674,1990,0,9100089000,VACANT LAND
non_residential_zoning; sale_year_unknown_needs_enrichment,9155 E SMITH RD,80202-5329,UNION PACIFIC RR CO,O-1,1029629,,,122300050000,VACANT LAND
non_residential_zoning; not_clear_individual_owner,8190 E 33RD AVE,,PARK CREEK METROPOLITAN DISTRICT,C-MU-20,10114,2019,0,128600050000,VACANT LAND /GENERAL COMMON ELEMENTS
non_residential_zoning; not_clear_individual_owner; sold_after_2021_not_5_year_hold,1523 N HOOKER ST,80204-1933,R CAP SLOAN LAKE TWO LLC,G-MU-3,10400,2022,0,232334032000,VACANT LAND
not_clear_individual_owner,5475 N MEMPHIS ST,,PARKFIELD PARTNERS LLC,PUD,28116,2000,10,17102002000,VACANT LAND /GENERAL COMMON ELEMENTS
not_clear_individual_owner; sold_after_2021_not_5_year_hold,5520 N VALENTIA ST,,CITY & COUNTY OF DENVER,M-RX-5,8747,2025,500,116100043000,VACANT LAND /GENERAL COMMON ELEMENTS
non_residential_zoning; not_clear_individual_owner,4195 N COLORADO BLVD,,ASTOWELL LLC,I-A,11700,2019,1000000,224416018000,VACANT LAND
non_residential_zoning; not_clear_individual_owner; sale_year_unknown_needs_enrichment,1380 BLAKE ST,,CITY & COUNTY OF DENVER,C-MX-8,17200,,,233514012000,VACANT LAND /GENERAL COMMON ELEMENTS
non_residential_zoning; not_clear_individual_owner; sold_after_2021_not_5_year_hold,3005 N ULSTER ST MISC,,CITY & COUNTY OF DENVER,C-MU-20,28080,2025,500,128600031000,VACANT LAND /GENERAL COMMON ELEMENTS
not_clear_individual_owner,8621 E BEEKMAN PL,,PARK CREEK METROPOLITAN DISTRICT,M-RX-5,7796,2016,10,116400064000,VACANT LAND /GENERAL COMMON ELEMENTS
non_residential_zoning; not_clear_individual_owner; sold_after_2021_not_5_year_hold,3750 N XANTHIA ST,,KH GEORGIA LLC,C-MU-30,52690,2022,0,128100032000,VACANT LAND
non_residential_zoning; not_clear_individual_owner; sale_year_unknown_needs_enrichment,6900 N ARGONNE ST,,BOTTLING GROUP LLC,C-MU-20,80538,,,3127001000,VACANT LAND
not_clear_individual_owner; sold_after_2021_not_5_year_hold,5632 N CENTRAL PARK BLVD,,CITY & COUNTY OF DENVER,M-RX-5,222026,2025,500,110300099000,VACANT LAND /GENERAL COMMON ELEMENTS
non_residential_zoning; not_clear_individual_owner,18253 E 49TH AVE,,EVC-WDG TOWER LLC,C-MU-20,55327,2019,8600000,16100120000,VACANT LAND /GENERAL COMMON ELEMENTS
not_clear_individual_owner; sold_after_2021_not_5_year_hold,9356 E 59TH SOUTH DR,,CITY & COUNTY OF DENVER,M-RX-5,15476,2025,500,110300043000,VACANT LAND /GENERAL COMMON ELEMENTS
not_clear_individual_owner,2278 N UINTA ST,,GARDEN COURTS AT STAPLETON IV HOMEOWNERS ASSOCIATION,R-MU-20,8696,2007,0,133123021000,VACANT LAND /GENERAL COMMON ELEMENTS
not_clear_individual_owner,4300 N MALTA ST MISC,,CARRIAGE PARK AT GREEN VALLEY RANCH HOMEOWNERS ASSOCIATION,S-SU-I,11808,1987,10,23402015000,VACANT LAND /GENERAL COMMON ELEMENTS
not_clear_individual_owner,5311 N VERBENA ST,,PARK CREEK METROPOLITAN DISTRICT,M-RX-5,11699,2014,0,116100093000,VACANT LAND /GENERAL COMMON ELEMENTS
non_residential_zoning; not_clear_individual_owner,8048 E SMITH RD,,PARK CREEK METROPOLITAN DISTRICT,C-MX-16,37156,2012,0,128100045000,VACANT LAND /GENERAL COMMON ELEMENTS
not_clear_individual_owner; sold_after_2021_not_5_year_hold,5275 N WILLOW WAY,,CITY & COUNTY OF DENVER,M-RX-5,18259,2025,500,116100060000,VACANT LAND /GENERAL COMMON ELEMENTS
not_clear_individual_owner,7990 E 55TH AVE,,STAPLETON NORTH FILINGS 42 & 45 HOA INC,M-RX-5,13107,2015,10,116100109000,VACANT LAND /GENERAL COMMON ELEMENTS
not_clear_individual_owner,19799 E 47TH DR,,GVR METROPOLITAN DISTRICT,R-2-A,46069,2008,0,22115045000,VACANT LAND /GENERAL COMMON ELEMENTS
non_residential_zoning; not_clear_individual_owner,5151 N FRANKLIN ST MISC,,CITY & COUNTY OF DENVER,I-B,7277,2004,10,214300147000,VACANT LAND /GENERAL COMMON ELEMENTS
not_clear_individual_owner; sold_after_2021_not_5_year_hold,9157 E 60TH AVE,,PARK CREEK METROPOLITAN DISTRICT,M-RX-5,7900,2023,0,110300024000,VACANT LAND /GENERAL COMMON ELEMENTS
not_clear_individual_owner; sale_year_unknown_needs_enrichment,9248 E 46TH PL,80238-2319,PARK CREEK METROPOLITAN DISTRICT,M-IMX-12,35495,,,115300137000,VACANT LAND /GENERAL COMMON ELEMENTS
non_residential_zoning; not_clear_individual_owner,2103 W COLFAX AVE,80204,CITY & COUNTY OF DENVER,C-MX-5,153059,2009,10,233800025000,VACANT LAND /GENERAL COMMON ELEMENTS
non_residential_zoning; not_clear_individual_owner; sale_year_unknown_needs_enrichment,11215 E 47TH AVE,,MILE HIGH BUSINESS CENTER METROPOLITAN DISTRICT,I-B,56695,,,123100087000,VACANT LAND /GENERAL COMMON ELEMENTS
non_residential_zoning; not_clear_individual_owner; sold_after_2021_not_5_year_hold,4801 N CLARKSON ST,80216-6363,CITY & COUNTY OF DENVER,I-B,16312,2024,10,214306015000,VACANT LAND
not_clear_individual_owner,5329 N VERBENA WAY,,PARK CREEK METROPOLITAN DISTRICT,M-RX-5,16683,2014,0,116100091000,VACANT LAND /GENERAL COMMON ELEMENTS
not_clear_individual_owner,9052 E 36TH AVE,,CITY & COUNTY OF DENVER,R-MU-20,50080,2014,0,127200044000,VACANT LAND /GENERAL COMMON ELEMENTS
non_residential_zoning; not_clear_individual_owner; sold_after_2021_not_5_year_hold,18800 E 63RD AVE,,BOULDER CREEK GATEWAY LLC,S-MX-3,51287,2025,2250000,10200234000,VACANT LAND /GENERAL COMMON ELEMENTS
non_residential_zoning; sale_year_unknown_needs_enrichment,6701 E SANDOWN RD,,UNION PACIFIC RR CO,I-B,59400,,,120400014000,VACANT LAND
non_residential_zoning; sale_year_unknown_needs_enrichment,7755 E SMITH RD,,UNION PACIFIC RR CO,I-MX-5,56940,,,121300080000,VACANT LAND
not_clear_individual_owner; sold_after_2021_not_5_year_hold,4695 W 37TH AVE,,TRC HGV LLC,PUD,109401,2024,26900000,230247057000,VACANT LAND /GENERAL COMMON ELEMENTS
not_clear_individual_owner; sold_after_2021_not_5_year_hold,8917 E 57TH AVE,,CITY & COUNTY OF DENVER,M-MX-5,105778,2025,0,110300106000,VACANT LAND /GENERAL COMMON ELEMENTS
non_residential_zoning; not_clear_individual_owner,5159 N FILLMORE ST,,THOMPSON COURT LLC,I-B,13500,2018,905000,213304039000,VACANT LAND
non_residential_zoning; not_clear_individual_owner; sale_year_unknown_needs_enrichment,4901 N JACKSON ST,,BURLINGTON NORTHERN RR CO PROPERTY TAX DEPARTMENT,I-A,15246,,,213402003000,VACANT LAND
not_clear_individual_owner,20498 E 40TH PL,,GVR METROPOLITAN DISTRICT,R-2-A,7828,2005,0,23309045000,VACANT LAND /GENERAL COMMON ELEMENTS
non_residential_zoning; not_clear_individual_owner,4500 N WASHINGTON ST,80216-3550,STATE OF COLORADO DEPARTMENT OF TRANSPORTATION,I-MX-8,10020,1992,0,222121014000,VACANT LAND /GENERAL COMMON ELEMENTS
not_clear_individual_owner; sold_after_2021_not_5_year_hold,5959 N BEELER ST,,CITY & COUNTY OF DENVER,M-RX-5,17482,2025,500,110300058000,VACANT LAND /GENERAL COMMON ELEMENTS
not_clear_individual_owner,5438 N TRENTON ST,,PARK CREEK METROPOLITAN DISTRICT,M-RX-5,9797,2014,0,116100087000,VACANT LAND /GENERAL COMMON ELEMENTS
non_residential_zoning; not_clear_individual_owner,4328 N YORK ST,,YORK HOLDINGS GROUP LLC,I-A,12540,2020,499,224247007000,VACANT LAND
not_clear_individual_owner,7952 E 50TH DR,80216,PARK CREEK METROPOLITAN DISTRICT,M-RX-5,10079,2014,0,116500055000,VACANT LAND /GENERAL COMMON ELEMENTS
non_residential_zoning; not_clear_individual_owner; sale_year_unknown_needs_enrichment,2600 CHAMPA ST APPRX,,GERMAIN INVESTMENT COMPANY,U-MX-2,7525,,,227631003000,VACANT LAND
not_clear_individual_owner,15541 E 51ST AVE,,PARKFIELD MASTER HOMEOWNERS ASSOCIATION INC,PUD,42600,1998,0,17303018000,VACANT LAND /GENERAL COMMON ELEMENTS
non_residential_zoning; not_clear_individual_owner; sale_year_unknown_needs_enrichment,3896 N ULSTER ST,,REGIONAL TRANSPORTATION DISTRICT,C-MX-16,191325,,,128103001000,VACANT LAND
not_clear_individual_owner; sold_after_2021_not_5_year_hold,6210 N FLORENCE WAY,,PARK CREEK METROPOLITAN DISTRICT,M-RX-5,14817,2023,0,110100269000,VACANT LAND /GENERAL COMMON ELEMENTS
not_clear_individual_owner,16000 E MAXWELL PL,80239-5246,PARKFIELD NORTH HOMEOWNERS ASSOCIATION INC,PUD,20392,2011,10,17109030000,VACANT LAND /GENERAL COMMON ELEMENTS
non_residential_zoning; sale_year_unknown_needs_enrichment,3901 N ULSTER ST,,UNION PACIFIC RR CO,I-MX-5,68025,,,121300059000,VACANT LAND
non_residential_zoning; not_clear_individual_owner; sale_year_unknown_needs_enrichment,4991 N TELLURIDE ST,,DIA COLORADO JV LLC,C-MU-30,11184,,,16100177000,VACANT LAND /GENERAL COMMON ELEMENTS
non_residential_zoning; not_clear_individual_owner,2851 DELGANY ST,,JV DENARGO LLC,C-MX-12,8731,2010,0,227400105000,VACANT LAND /GENERAL COMMON ELEMENTS
non_residential_zoning; not_clear_individual_owner,8197 E 37TH PL,,PARK CREEK METROPOLITAN DISTRICT,C-MX-16,36043,2012,0,128100058000,VACANT LAND /GENERAL COMMON ELEMENTS
non_residential_zoning; not_clear_individual_owner; sold_after_2021_not_5_year_hold,3009 N SPRUCE ST MISC,,CITY & COUNTY OF DENVER,C-MU-20,28791,2025,500,128600027000,VACANT LAND /GENERAL COMMON ELEMENTS
non_residential_zoning; not_clear_individual_owner; sold_after_2021_not_5_year_hold,4755 N AIRPORT WAY,,DCG WEST 1 LLC,S-MX-3,7694,2022,4056300,20100017000,VACANT LAND /GENERAL COMMON ELEMENTS
non_residential_zoning; not_clear_individual_owner,6300 E 47TH AVE,,DENVER ROCK ISLAND RAILROAD INC,I-B,19700,2005,1600000,120200105000,VACANT LAND
not_clear_individual_owner; sale_year_unknown_needs_enrichment,4502 N XENIA ST,,PARK CREEK METROPOLITAN DISTRICT,M-IMX-12,21151,,,121100014000,VACANT LAND /GENERAL COMMON ELEMENTS
non_residential_zoning; not_clear_individual_owner; sale_year_unknown_needs_enrichment,200 W 43RD AVE,,BURLINGTON NORTHERN RR CO PROPERTY TAX DEPARTMENT,I-A,108900,,,222400022000,VACANT LAND
non_residential_zoning; not_clear_individual_owner; sale_year_unknown_needs_enrichment,4801 N FRANKLIN ST,,BURLINGTON NORTHERN RR CO PROPERTY TAX DEPARTMENT,I-B,43990,,,214300172000,VACANT LAND
not_clear_individual_owner,7752 E 25TH AVE,,GARDEN COURTS AT STAPLETON I HOMEOWNERS ASSOCIATION,R-MU-20,10975,2004,0,133232025000,VACANT LAND /GENERAL COMMON ELEMENTS
not_clear_individual_owner; sold_after_2021_not_5_year_hold,9100 N CENTRAL PARK BLVD,,CITY & COUNTY OF DENVER,M-RX-5,271572,2025,500,116400049000,VACANT LAND /GENERAL COMMON ELEMENTS
not_clear_individual_owner; sold_after_2021_not_5_year_hold,9255 E 61ST AVE,,PARK CREEK METROPOLITAN DISTRICT,M-RX-5,14070,2023,0,110300016000,VACANT LAND /GENERAL COMMON ELEMENTS
non_residential_zoning; not_clear_individual_owner,3200 PLATTE ST,,DEPARTMENT OF TRANSPORTATION STATE OF COLORADO,I-MX-3,18326,1994,10,228137012000,VACANT LAND /GENERAL COMMON ELEMENTS
non_residential_zoning; not_clear_individual_owner; sale_year_unknown_needs_enrichment,3407 PARK AVE W,,DEPARTMENT OF TRANSPORTATION STATE OF COLORADO,I-B,56864,,,227300101000,VACANT LAND /GENERAL COMMON ELEMENTS
non_residential_zoning; not_clear_individual_owner; sale_year_unknown_needs_enrichment,5600 E 47TH AVE,,CHICAGO PACIFIC CORP,I-B,11100,,,120200043000,VACANT LAND
non_residential_zoning; not_clear_individual_owner; sale_year_unknown_needs_enrichment,3790 N GLOBEVILLE RD,,BURLINGTON NORTHERN RR CO PROPERTY TAX DEPARTMENT,I-A,84300,,,222300033000,VACANT LAND
not_clear_individual_owner,2957 N GENEVA CT -2998,,DILLON COMPANIES INC,M-MX-5,28160,2015,1157639,127400071000,VACANT LAND /GENERAL COMMON ELEMENTS
non_residential_zoning; not_clear_individual_owner; sale_year_unknown_needs_enrichment,21250 GREEN VALLEY RANCH BLVD,,CITY & COUNTY OF DENVER,OS-A,14471,,,23100018000,VACANT LAND /GENERAL COMMON ELEMENTS
non_residential_zoning; not_clear_individual_owner; sale_year_unknown_needs_enrichment,3499 N DAYTON ST -9508,,CITY & COUNTY OF DENVER,OS-A,33901,,,127200059000,VACANT LAND /GENERAL COMMON ELEMENTS
not_clear_individual_owner; sold_after_2021_not_5_year_hold,10152 E 60TH AVE,,PARK CREEK METROPOLITAN DISTRICT,M-RX-5,11120,2023,0,110100303000,VACANT LAND /GENERAL COMMON ELEMENTS
non_residential_zoning; not_clear_individual_owner,4100 N INCA ST,,UNION PACIFIC RAILROAD COMPANY,I-B,57800,1997,0,221417001000,VACANT LAND
not_clear_individual_owner; sale_year_unknown_needs_enrichment,8608 E 40TH AVE APPRX,,FC STAPLETON II LLC,M-IMX-12,41073,,,121400127000,VACANT LAND /GENERAL COMMON ELEMENTS
not_clear_individual_owner; sold_after_2021_not_5_year_hold,9359 E 59TH AVE,,PARK CREEK METROPOLITAN DISTRICT,M-RX-5,18528,2023,0,110300078000,VACANT LAND /GENERAL COMMON ELEMENTS
non_residential_zoning; sale_year_unknown_needs_enrichment,3900 N POPLAR ST,,UNION PACIFIC RR CO,I-B,26400,,,120410003000,VACANT LAND
non_residential_zoning; not_clear_individual_owner,4805 N BANNOCK ST,,STATE OF COLORADO DEPARTMENT OF TRANSPORTATION,I-A,28800,1991,274000,215300075000,VACANT LAND /GENERAL COMMON ELEMENTS
not_clear_individual_owner,3344 N WABASH ST,,PARK CREEK METROPOLITAN DISTRICT,R-MU-20,17295,2006,0,128516022000,VACANT LAND /GENERAL COMMON ELEMENTS
not_clear_individual_owner; sold_after_2021_not_5_year_hold,5449 N TAMARAC WAY,,CITY & COUNTY OF DENVER,M-RX-5,14905,2025,500,116100032000,VACANT LAND /GENERAL COMMON ELEMENTS
not_clear_individual_owner,8552 E 36TH AVE,,PARK CREEK METROPOLITAN DISTRICT,R-MU-20,7148,2006,0,128505011000,VACANT LAND
not_clear_individual_owner; sale_year_unknown_needs_enrichment,21095 E BEEKMAN PL,,CITY & COUNTY OF DENVER,R-MU-20,51866,,,14405029000,VACANT LAND /GENERAL COMMON ELEMENTS
not_clear_individual_owner; sold_after_2021_not_5_year_hold,6282 N GALENA WAY,,PARK CREEK METROPOLITAN DISTRICT,M-RX-5,35854,2023,0,110100294000,VACANT LAND /GENERAL COMMON ELEMENTS
non_residential_zoning; not_clear_individual_owner,900 E 46TH AVE,,DEPARTMENT OF TRANSPORTATION STATE OF COLORADO,I-A,12689,1997,60330,223200211000,VACANT LAND /GENERAL COMMON ELEMENTS
non_residential_zoning; sold_after_2021_not_5_year_hold,2117 N XANTHIA WAY,,"MURRAY,HOWARD GLENN",C-MU-20,22488,2025,1300000,133112032000,VACANT LAND
non_residential_zoning; not_clear_individual_owner,8153 E 34TH AVE,,PARK CREEK METROPOLITAN DISTRICT,C-MU-20,11920,2011,0,128600058000,VACANT LAND /GENERAL COMMON ELEMENTS
non_residential_zoning; not_clear_individual_owner; sale_year_unknown_needs_enrichment,3200 N DAYTON ST VCNT,,CITY & COUNTY OF DENVER,OS-A,15836,,,127100011000,VACANT LAND /GENERAL COMMON ELEMENTS
not_clear_individual_owner; sale_year_unknown_needs_enrichment,2545 N CENTRAL PARK BLVD,,PARK CREEK METROPOLITAN DISTRICT,R-MU-20,13230,,,133102022000,VACANT LAND /GENERAL COMMON ELEMENTS
non_residential_zoning; not_clear_individual_owner; sold_after_2021_not_5_year_hold,18147 E 59TH AVE,,IMKD 8 LLC,C-MU-30,402715,2025,29616600,9124001000,VACANT LAND
not_clear_individual_owner,2626 N XANTHIA CT,,PARK CREEK METROPOLITAN DISTRICT,R-MU-20,13729,2002,0,128413026000,VACANT LAND /GENERAL COMMON ELEMENTS
tier1_confirmed_basic_filters_before_growth_proximity,4901 N QUENTIN ST,,"LOZANO,KELLY HADID CASTANEDA",S-SU-D,9500,2015,55000,113307009000,VACANT LAND
non_residential_zoning; not_clear_individual_owner,8695 E 21ST AVE,,PARK CREEK METROPOLITAN DISTRICT,C-MU-20,13430,2013,0,133100046000,VACANT LAND /GENERAL COMMON ELEMENTS
non_residential_zoning; not_clear_individual_owner,8751 E 23RD AVE,,NANTUCKET CLOSE OWNERS ASSOCIATION INC,C-MU-20,23089,2006,10,133109049000,VACANT LAND /GENERAL COMMON ELEMENTS
non_residential_zoning; not_clear_individual_owner; sold_after_2021_not_5_year_hold,7889 E 54TH PL,,CITY & COUNTY OF DENVER,OS-B,9744,2025,500,116100026000,VACANT LAND /GENERAL COMMON ELEMENTS
not_clear_individual_owner,1606 LITTLE RAVEN ST,,CENTRAL PLATTE VALLEY METROPOLITAN DISTRICT,PUD,17904,2009,0,233221549000,VACANT LAND /GENERAL COMMON ELEMENTS
not_clear_individual_owner,8911 E 35TH DR,,PARK CREEK METROPOLITAN DISTRICT,R-MU-20,7053,2006,0,128500042000,VACANT LAND /GENERAL COMMON ELEMENTS
not_clear_individual_owner,8543 E 55TH AVE,,PARK CREEK METROPOLITAN DISTRICT,M-RX-5,7211,2014,0,116100072000,VACANT LAND /GENERAL COMMON ELEMENTS
not_clear_individual_owner; sold_after_2021_not_5_year_hold,18907 E 64TH AVE,80249-8650,ALTARIA AT HIGH POINT COMMUNITY ASSOCIATION INC,R-MU-20,47501,2022,0,3100068000,VACANT LAND /GENERAL COMMON ELEMENTS
not_clear_individual_owner; sold_after_2021_not_5_year_hold,8999 N AKRON ST,,CITY & COUNTY OF DENVER,M-RX-5,21311,2025,500,116400051000,VACANT LAND /GENERAL COMMON ELEMENTS
non_residential_zoning; not_clear_individual_owner; sale_year_unknown_needs_enrichment,4050 E SMITH RD,,CITY & COUNTY OF DENVER,B-3,69696,,,119300006000,VACANT LAND /GENERAL COMMON ELEMENTS
non_residential_zoning; not_clear_individual_owner,3501 DENARGO ST,,REGIONAL TRANSPORTATION DISTRICT,I-B,36200,2015,0,227300020000,VACANT LAND
non_residential_zoning; not_clear_individual_owner,3019 N SPRUCE ST,,PARK CREEK METROPOLITAN DISTRICT,C-MU-20,14788,2019,0,128600056000,VACANT LAND /GENERAL COMMON ELEMENTS
non_residential_zoning; not_clear_individual_owner,1686 E 46TH AVE,,STATE OF COLORADO DEPARTMENT OF TRANSPORTATION,I-MX-8,25694,1998,425000,223100004000,VACANT LAND /GENERAL COMMON ELEMENTS
not_clear_individual_owner,18600 E 43RD AVE MISC,,GVR METROPOLITAN DISTRICT,R-2-A,125801,2008,0,22300035000,VACANT LAND /GENERAL COMMON ELEMENTS
not_clear_individual_owner; sold_after_2021_not_5_year_hold,9100 E NORTHFIELD BLVD APPRX,,CITY & COUNTY OF DENVER,M-IMX-8,29253,2025,0,121100087000,VACANT LAND /GENERAL COMMON ELEMENTS
not_clear_individual_owner; sold_after_2021_not_5_year_hold,9277 E 60TH AVE,,PARK CREEK METROPOLITAN DISTRICT,M-RX-5,7900,2023,0,110300029000,VACANT LAND /GENERAL COMMON ELEMENTS
not_clear_individual_owner,3568 N AKRON CT,80238-3404,PARK CREEK METROPOLITAN DISTRICT,R-MU-20,13231,2009,10,127200026000,VACANT LAND /GENERAL COMMON ELEMENTS
non_residential_zoning; sale_year_unknown_needs_enrichment,3998 N QUEBEC ST,,UNION PACIFIC RR CO,I-MX-5,685703,,,121300055000,VACANT LAND
not_clear_individual_owner,1540 LITTLE RAVEN ST,,CITY & COUNTY OF DENVER,PUD,7200,2018,10,233213091000,VACANT LAND /GENERAL COMMON ELEMENTS
non_residential_zoning; not_clear_individual_owner; sold_after_2021_not_5_year_hold,8221 E 29TH AVE,80238-2734,PARK CREEK METROPOLITAN DISTRICT,C-MU-20,16504,2023,10,128422026000,VACANT LAND
non_residential_zoning; not_clear_individual_owner; sold_after_2021_not_5_year_hold,3001 N TRENTON ST MISC,,CITY & COUNTY OF DENVER,C-MU-20,28112,2025,500,128600028000,VACANT LAND /GENERAL COMMON ELEMENTS
non_residential_zoning; not_clear_individual_owner,2100 E 40TH AVE,,CITY & COUNTY OF DENVER,I-B,46500,2017,4300000,223400016000,VACANT LAND
not_clear_individual_owner,8155 E 22ND AVE,,PARK CREEK METROPOLITAN DISTRICT,R-MU-20,18651,2006,0,133122034000,VACANT LAND /GENERAL COMMON ELEMENTS
sale_year_unknown_needs_enrichment,2615 E 46TH AVE,80216,COLORADO DEPT OF TRANSPORTATION,E-SU-D,52328,,,224215018000,VACANT LAND /GENERAL COMMON ELEMENTS
not_clear_individual_owner; sale_year_unknown_needs_enrichment,4506 N WALDEN ST,80249-6684,CITY & COUNTY OF DENVER,PUD,55888,,,21100029000,VACANT LAND /GENERAL COMMON ELEMENTS
non_residential_zoning; sale_year_unknown_needs_enrichment,4700 N HAVANA ST,80239-2405,UNION PACIFIC RR CO,I-B,8380,,,123210005000,VACANT LAND
not_clear_individual_owner; sold_after_2021_not_5_year_hold,15801 E BOLLING DR,,AVION METROPOLITAN DISTRICT,PUD,437722,2025,0,20200011000,VACANT LAND /GENERAL COMMON ELEMENTS
not_clear_individual_owner,15555 E 40TH AVE # TR-L,,GATEWAY PARK TOWNHOMES HOMEOWNERS ASSOCIATION,GTWY,58703,2003,10,20202102000,VACANT LAND /GENERAL COMMON ELEMENTS
not_clear_individual_owner,2812 N ALTON ST,,PARK CREEK METROPOLITAN DISTRICT,R-MU-20,24316,2003,0,127304022000,VACANT LAND /GENERAL COMMON ELEMENTS
non_residential_zoning; not_clear_individual_owner; sold_after_2021_not_5_year_hold,6800 N TOWER RD,80249-6326,SKY CITY CORPORATION,C-MU-20,86937,2023,2000000,3100048000,VACANT LAND
non_residential_zoning; not_clear_individual_owner; sale_year_unknown_needs_enrichment,5590 N ELKHART ST,,CITY & COUNTY OF DENVER,OS-A,20000,,,18105014000,VACANT LAND /GENERAL COMMON ELEMENTS
non_residential_zoning; not_clear_individual_owner; sale_year_unknown_needs_enrichment,3875 WALNUT ST,,DENVER WTC OFFICE OWNER LLC,I-MX-12,37990,,,223315061000,VACANT LAND
non_residential_zoning; not_clear_individual_owner,2100 19TH ST,,UNION PACIFIC RAILROAD COMPANY,C-RX-12,38197,1998,0,233200056000,VACANT LAND
non_residential_zoning; not_clear_individual_owner; sold_after_2021_not_5_year_hold,6206 N SALIDA ST,,CANVAS GATEWAY II OWNER LLC,S-MX-8,122592,2025,2250000,9103003000,VACANT LAND
not_clear_individual_owner,8953 E 29TH PL MISC,,PARK CREEK METROPOLITAN DISTRICT,R-MU-30,28831,2004,0,127311007000,VACANT LAND
not_clear_individual_owner; sold_after_2021_not_5_year_hold,5201 E DAYTON AVE VCNT,,CITY & COUNTY OF DENVER,M-RX-5,170295,2025,500,115200008000,VACANT LAND /GENERAL COMMON ELEMENTS
tier1_confirmed_basic_filters_before_growth_proximity,2233 GLENARM PL VCNT,,"IWAKIRI,NED H",G-RX-5,9381,2016,10,234115012000,VACANT LAND
not_clear_individual_owner; sale_year_unknown_needs_enrichment,5 W 51ST AVE,,HOUSING AUTHORITY OF THE CITY & COUNTY OF DENVER,E-RH-2.5,114133,,,215304011000,VACANT LAND
non_residential_zoning; not_clear_individual_owner,18349 E 67TH AVE,,DND HOSPITALITY LLC,C-MU-20,77860,2016,1200000,4102004000,VACANT LAND
non_residential_zoning; not_clear_individual_owner,3900 N MADISON ST,,CITY & COUNTY OF DENVER,I-MX-3,11119,2016,10,224428001000,VACANT LAND
not_clear_individual_owner,9101 E PRAIRIE MEADOW DR,,CITY & COUNTY OF DENVER,M-RX-5,303119,2021,0,115200123000,VACANT LAND /GENERAL COMMON ELEMENTS
not_clear_individual_owner,15555 E 40TH AVE # TR-A,,SAND CREEK METROPOLITAN DISTRICT,GTWY,14593,1999,10,20304045000,VACANT LAND /GENERAL COMMON ELEMENTS
non_residential_zoning; not_clear_individual_owner,3831 N INCA ST,80211-2630,CC W64TH AVE LLC,I-MX-3,9375,2019,995000,221447009000,VACANT LAND
non_residential_zoning; not_clear_individual_owner; sale_year_unknown_needs_enrichment,4201 N QUEBEC ST,,UPLAND INDUSTRIES CORP,I-B,20000,,,120401019000,VACANT LAND /GENERAL COMMON ELEMENTS
non_residential_zoning; not_clear_individual_owner,6208 N ARGONNE ST,,DENVER GATEWAY CENTER METROPOLITAN DISTRICT,C-MU-20,330536,2021,0,10200221000,VACANT LAND /GENERAL COMMON ELEMENTS
non_residential_zoning; not_clear_individual_owner; sale_year_unknown_needs_enrichment,10500 E 41ST AVE -1070,,STATE OF COLORADO DEPARTMENT OF TRANSPORTATION,I-B,303002,,,123300004000,VACANT LAND /GENERAL COMMON ELEMENTS
not_clear_individual_owner; sold_after_2021_not_5_year_hold,9227 E 57TH AVE,,PARK CREEK METROPOLITAN DISTRICT,M-RX-5,52649,2023,0,110300107000,VACANT LAND /GENERAL COMMON ELEMENTS
non_residential_zoning; not_clear_individual_owner; sale_year_unknown_needs_enrichment,4001 N SALIDA WAY,,GATEWAY EAST RESIDENTIAL LLC,C-MX-8,241795,,,21307001000,VACANT LAND
non_residential_zoning; not_clear_individual_owner,18501 E 52ND AVE APPRX,,CITY & COUNTY OF DENVER,C-MU-20,95823,2015,0,15200173000,VACANT LAND /GENERAL COMMON ELEMENTS
not_clear_individual_owner,2806 N MACON ST,80238,CITY & COUNTY OF DENVER,R-MU-20,12834,2020,0,126300089000,VACANT LAND /GENERAL COMMON ELEMENTS
non_residential_zoning; not_clear_individual_owner; sale_year_unknown_needs_enrichment,9255 E 62ND AVE,80238-2721,PARK CREEK METROPOLITAN DISTRICT,OS-B,50434,,,110202016000,VACANT LAND
not_clear_individual_owner; sold_after_2021_not_5_year_hold,6090 N CENTRAL PARK BLVD,,PARK CREEK METROPOLITAN DISTRICT,M-RX-5,17869,2023,0,110300021000,VACANT LAND /GENERAL COMMON ELEMENTS
not_clear_individual_owner,5089 N WILLOW ST,,PARK CREEK METROPOLITAN DISTRICT,M-RX-5,10427,2016,10,116400063000,VACANT LAND /GENERAL COMMON ELEMENTS
not_clear_individual_owner,20910 E 42ND AVE,,GVR METROPOLITAN DISTRICT,R-2,367223,2008,0,23316014000,VACANT LAND /GENERAL COMMON ELEMENTS
non_residential_zoning; not_clear_individual_owner,5050 E 50TH AVE,80216-3107,NEW PST INTERMEDIARY LLC,I-B,115052,2008,0,118401011000,VACANT LAND
non_residential_zoning; sale_year_unknown_needs_enrichment,4300 N KEARNEY ST,,UNION PACIFIC RR CO,I-B,35700,,,120200013000,VACANT LAND /GENERAL COMMON ELEMENTS
not_clear_individual_owner; sale_year_unknown_needs_enrichment,8500 PENA BLVD,80249-6205,CITY & COUNTY OF DENVER,DIA,1326890,,,20400009000,VACANT LAND
non_residential_zoning; not_clear_individual_owner,700 WATER ST,80211-5210,CITY & COUNTY OF DENVER,OS-A,50632,2003,197188,233300055000,VACANT LAND
non_residential_zoning; not_clear_individual_owner,6972 N ARGONNE ST MISC,,CITY & COUNTY OF DENVER,C-MU-30,357126,2021,0,3100112000,VACANT LAND /GENERAL COMMON ELEMENTS
not_clear_individual_owner,10995 E 28TH AVE,,CITY & COUNTY OF DENVER,R-MU-20,22463,2020,0,126300070000,VACANT LAND /GENERAL COMMON ELEMENTS
non_residential_zoning; not_clear_individual_owner; sold_after_2021_not_5_year_hold,4050 N COLORADO BLVD,80216-4300,PHVW TOD LLC,C-MX-8,58026,2024,0,119300050000,VACANT LAND
non_residential_zoning; not_clear_individual_owner; sale_year_unknown_needs_enrichment,3190 N FOX ST,80202-7110,BURLINGTON NORTHERN RR CO PROPERTY TAX DEPARTMENT,I-B,655886,,,227400124000,VACANT LAND
not_clear_individual_owner,21000 E MITCHELL PL,,CARRIAGE PARK AT GREEN VALLEY RANCH HOMEOWNERS ASSOCIATION,S-SU-I,26440,1987,0,23401038000,VACANT LAND /GENERAL COMMON ELEMENTS
non_residential_zoning; not_clear_individual_owner; sold_after_2021_not_5_year_hold,3193 N TAMARAC ST MISC,,CITY & COUNTY OF DENVER,C-MU-20,16800,2025,500,128600029000,VACANT LAND /GENERAL COMMON ELEMENTS
not_clear_individual_owner; sold_after_2021_not_5_year_hold,5026 E STOLL PL,,CITY & COUNTY OF DENVER,M-RX-5,26539,2025,500,116400053000,VACANT LAND /GENERAL COMMON ELEMENTS
non_residential_zoning; not_clear_individual_owner; sale_year_unknown_needs_enrichment,4700 N LAFAYETTE ST,,BURLINGTON NORTHERN RR CO PROPERTY TAX DEPARTMENT,I-B,52307,,,223200250000,VACANT LAND
non_residential_zoning; not_clear_individual_owner; sold_after_2021_not_5_year_hold,17720 E 64TH AVE,,CONTINENTAL 555 FUND LLC,S-MX-8,12197,2023,0,9109003000,VACANT LAND
non_residential_zoning; not_clear_individual_owner,3401 N CENTRAL PARK BLVD,,STAPLETON FILING 32 HOMEOWNERS ASSOCIATION INC,C-MU-20,8388,2013,10,128603059000,VACANT LAND /GENERAL COMMON ELEMENTS
not_clear_individual_owner,4803 N PICADILLY RD -5101,,CITY & COUNTY OF DENVER,R-MU-20,213370,2002,10,14300034000,VACANT LAND /GENERAL COMMON ELEMENTS
non_residential_zoning; not_clear_individual_owner; sold_after_2021_not_5_year_hold,3203 N ULSTER ST MISC,,CITY & COUNTY OF DENVER,C-MU-20,23118,2025,500,128600024000,VACANT LAND /GENERAL COMMON ELEMENTS
non_residential_zoning; not_clear_individual_owner; sale_year_unknown_needs_enrichment,1001 4TH ST,,REGIONAL TRANSPORTATION DISTRICT,C-MX-16,19003,,,233810017000,VACANT LAND
non_residential_zoning; not_clear_individual_owner; sold_after_2021_not_5_year_hold,3007 N ULSTER ST,,CITY & COUNTY OF DENVER,C-MU-20,28080,2025,500,128600032000,VACANT LAND /GENERAL COMMON ELEMENTS
non_residential_zoning; not_clear_individual_owner; sold_after_2021_not_5_year_hold,18653 E 57TH AVE,,DENVER AIRPORT DEVELOPMENT OWNER LLC,C-MU-20,108035,2025,0,10222003000,VACANT LAND
non_residential_zoning; not_clear_individual_owner,3205 DENARGO ST,,JV DENARGO LLC,C-MX-16,11731,2019,31945100,227400119000,VACANT LAND /GENERAL COMMON ELEMENTS
not_clear_individual_owner; sold_after_2021_not_5_year_hold,8848 N YOSEMITE CT,,CITY & COUNTY OF DENVER,M-RX-5,42819,2025,500,116400047000,VACANT LAND /GENERAL COMMON ELEMENTS
not_clear_individual_owner; sold_after_2021_not_5_year_hold,9637 E 63RD DR,,PARK CREEK METROPOLITAN DISTRICT,M-RX-5,13006,2023,0,110100256000,VACANT LAND /GENERAL COMMON ELEMENTS
not_clear_individual_owner; sale_year_unknown_needs_enrichment,9590 E NORTHFIELD BLVD,,CITY & COUNTY OF DENVER,M-IMX-12,13794,,,115300061000,VACANT LAND /GENERAL COMMON ELEMENTS
non_residential_zoning; not_clear_individual_owner; sold_after_2021_not_5_year_hold,6006 N SALIDA ST,80202-5329,AVIATION STATION NORTH METROPOLITAN DISTRICT 1,C-MX-12,105463,2022,757200,9100144000,VACANT LAND /GENERAL COMMON ELEMENTS
non_residential_zoning; not_clear_individual_owner; sale_year_unknown_needs_enrichment,4500 E 47TH AVE,,BURLINGTON NORTHERN RR CO PROPERTY TAX DEPARTMENT,I-B,45300,,,119200040000,VACANT LAND
non_residential_zoning; not_clear_individual_owner; sale_year_unknown_needs_enrichment,5592 N PEORIA ST,,CITY & COUNTY OF DENVER,OS-A,11400,,,113601016000,VACANT LAND /GENERAL COMMON ELEMENTS
not_clear_individual_owner; sale_year_unknown_needs_enrichment,5653 N HANOVER ST APPRX,,PARK CREEK METROPOLITAN DISTRICT,M-RX-5,316057,,,110400068000,VACANT LAND /GENERAL COMMON ELEMENTS
non_residential_zoning; not_clear_individual_owner; sale_year_unknown_needs_enrichment,2300 E 38TH AVE MISC,,CITY & COUNTY OF DENVER,I-1,8097,,,224300116000,VACANT LAND /GENERAL COMMON ELEMENTS
non_residential_zoning; not_clear_individual_owner; sold_after_2021_not_5_year_hold,18394 E 58TH AVE,,STELLAR AT LINK 56 LLC,C-MU-30,120762,2025,7056900,9131001000,VACANT LAND
not_clear_individual_owner; sold_after_2021_not_5_year_hold,5400 N VERBENA ST,,CITY & COUNTY OF DENVER,M-RX-5,32873,2025,500,116100048000,VACANT LAND /GENERAL COMMON ELEMENTS
non_residential_zoning; not_clear_individual_owner; sold_after_2021_not_5_year_hold,18707 E 59TH AVE,80202,DHIC - LANDINGS AT GATEWAY LLC,C-MU-30,242626,2023,11750000,10200204000,VACANT LAND /GENERAL COMMON ELEMENTS
not_clear_individual_owner; sale_year_unknown_needs_enrichment,3000 E 31ST AVE,,CITY & COUNTY OF DENVER,E-SU-D1X,7030,,,225317016000,VACANT LAND /GENERAL COMMON ELEMENTS
non_residential_zoning; sale_year_unknown_needs_enrichment,9701 E 38TH AVE 10400,,UNION PACIFIC RR CO,O-1,530000,,,122400002000,VACANT LAND
non_residential_zoning; sale_year_unknown_needs_enrichment,4001 N PONTIAC ST,,UNION PACIFIC RR CO,I-B,39300,,,120408003000,VACANT LAND
not_clear_individual_owner,5018 N AKRON ST,,EXPRESSIONS & HERITAGE AT STAPLETON HOA INC,M-RX-5,7120,2017,1,116400078000,VACANT LAND /GENERAL COMMON ELEMENTS
not_clear_individual_owner,2250 N ULSTER ST,,STAPLETON NEIGHBORHOOD NO 7,R-MU-20,8398,2010,0,133122032000,VACANT LAND /GENERAL COMMON ELEMENTS
non_residential_zoning; not_clear_individual_owner; sold_after_2021_not_5_year_hold,4841 N EMERSON ST,,CITY & COUNTY OF DENVER,I-B,9375,2024,787500,214307025000,VACANT LAND
not_clear_individual_owner; sold_after_2021_not_5_year_hold,6010 N BOSTON ST,,CITY & COUNTY OF DENVER,M-RX-5,23700,2025,500,110300030000,VACANT LAND /GENERAL COMMON ELEMENTS
not_clear_individual_owner,2900 N IRONTON ST,,CITY & COUNTY OF DENVER,R-MU-20,25870,2019,500,126300027000,VACANT LAND /GENERAL COMMON ELEMENTS
non_residential_zoning,5385 N GARFIELD ST,80216-2435,"JAMISON,ERNEST STANLEY",I-A,15625,1999,25500,213104008000,VACANT LAND
non_residential_zoning; not_clear_individual_owner,3965 N FOX ST,80216-4817,HOUSING AUTHORITY OF CITY & COUNTY OF DENVER,C-MS-12,35112,2020,5000000,222327017000,VACANT LAND
non_residential_zoning; not_clear_individual_owner; sold_after_2021_not_5_year_hold,5956 N SALIDA WAY,,IMKD 8 LLC,C-MU-30,356846,2025,29616600,9123001000,VACANT LAND
not_clear_individual_owner; sold_after_2021_not_5_year_hold,5520 N VALENTIA CT,80238-3839,CITY & COUNTY OF DENVER,M-RX-5,8747,2025,500,116100044000,VACANT LAND /GENERAL COMMON ELEMENTS
not_clear_individual_owner,8014 E 49TH DR,80216,EXPRESSIONS AND HERITAGE AT STAPLETON HOMEOWNERS ASSN INC,M-RX-5,7919,2014,0,116500075000,VACANT LAND /GENERAL COMMON ELEMENTS
non_residential_zoning; not_clear_individual_owner; sale_year_unknown_needs_enrichment,2430 DELGANY ST,80216,UNION PACIFIC RAILROAD COMPANY,I-B,314003,,,227400127000,VACANT LAND
not_clear_individual_owner; sold_after_2021_not_5_year_hold,9276 E 60TH AVE,,PARK CREEK METROPOLITAN DISTRICT,M-RX-5,11921,2023,0,110300053000,VACANT LAND /GENERAL COMMON ELEMENTS
not_clear_individual_owner,2779 N JAMAICA ST,,CITY & COUNTY OF DENVER,R-MU-20,12790,2019,500,126300032000,VACANT LAND /GENERAL COMMON ELEMENTS
not_clear_individual_owner,14388 E 47TH DR,,VISTAS OWNERS ASSOCIATION,R-2,25987,2000,10,124118064000,VACANT LAND /GENERAL COMMON ELEMENTS
not_clear_individual_owner,15555 E 40TH AVE,,GATEWAY PARK TOWNHOMES HOMEOWNERS ASSOCIATION,GTWY,30721,2003,10,20202092000,VACANT LAND /GENERAL COMMON ELEMENTS
non_residential_zoning; not_clear_individual_owner,16000 E MAXWELL PL,80239-5246,CITY & COUNTY OF DENVER,OS-A,16183,2001,0,17205005000,VACANT LAND /GENERAL COMMON ELEMENTS
non_residential_zoning; not_clear_individual_owner; sale_year_unknown_needs_enrichment,5598 N FAIRPLAY ST,,CITY & COUNTY OF DENVER,OS-A,105000,,,18104054000,VACANT LAND /GENERAL COMMON ELEMENTS
not_clear_individual_owner; sale_year_unknown_needs_enrichment,8498 E NORTHFIELD BLVD,,CITY & COUNTY OF DENVER,M-IMX-12,74154,,,121100030000,VACANT LAND /GENERAL COMMON ELEMENTS
not_clear_individual_owner,2656 N EMPORIA ST MISC,,GARDEN COURTS AT STAPLETON III HOMEOWNERS ASSOCIATION,R-MU-20,10328,2010,0,127423018000,VACANT LAND /GENERAL COMMON ELEMENTS
not_clear_individual_owner; sold_after_2021_not_5_year_hold,5792 N ALTON ST,,CITY & COUNTY OF DENVER,M-RX-5,32561,2025,500,110300101000,VACANT LAND /GENERAL COMMON ELEMENTS
non_residential_zoning; sale_year_unknown_needs_enrichment,4501 N RACE ST,,UNION PACIFIC RR CO,I-A,9760,,,223123002000,VACANT LAND
non_residential_zoning; not_clear_individual_owner; sale_year_unknown_needs_enrichment,1300 E 46TH AVE,,DEPARTMENT OF TRANSPORTATION STATE OF COLORADO,CMP-NWC,19570,,,223204044000,VACANT LAND /GENERAL COMMON ELEMENTS
not_clear_individual_owner,2645 N KINGSTON ST,,CITY & COUNTY OF DENVER,R-MU-20,15011,2020,0,126300074000,VACANT LAND /GENERAL COMMON ELEMENTS
not_clear_individual_owner; sale_year_unknown_needs_enrichment,2124 N TRENTON ST,,PARK CREEK METROPOLITAN DISTRICT,R-MU-20,15743,,,133200024000,VACANT LAND /GENERAL COMMON ELEMENTS
not_clear_individual_owner; sold_after_2021_not_5_year_hold,2013 N TAMARAC ST,,PARK CREEK METROPOLITAN DISTRICT,R-MU-20,13616,2023,0,133200039000,VACANT LAND /GENERAL COMMON ELEMENTS
non_residential_zoning; not_clear_individual_owner; sale_year_unknown_needs_enrichment,800 W 38TH AVE,,BURLINGTON NORTHERN RR CO PROPERTY TAX DEPARTMENT,I-B,172042,,,228100066000,VACANT LAND
not_clear_individual_owner; sold_after_2021_not_5_year_hold,6352 N DALLAS WAY,,PARK CREEK METROPOLITAN DISTRICT,M-RX-5,13477,2023,0,110100290000,VACANT LAND /GENERAL COMMON ELEMENTS
non_residential_zoning; not_clear_individual_owner; sold_after_2021_not_5_year_hold,5292 N VERBENA ST,,CITY & COUNTY OF DENVER,OS-B,64003,2025,500,116100068000,VACANT LAND /GENERAL COMMON ELEMENTS
non_residential_zoning; not_clear_individual_owner,3925 N MADISON ST,,COOK STREET RESIDENTIAL TRUST,I-MX-3,13241,2021,0,224427025000,VACANT LAND
non_residential_zoning; not_clear_individual_owner; sold_after_2021_not_5_year_hold,3728 ARKINS CT,80216-3624,MENALTO III LLC,I-MX-8,12251,2023,10,227109027000,VACANT LAND
not_clear_individual_owner; sold_after_2021_not_5_year_hold,8650 E 54TH DR,,CITY & COUNTY OF DENVER,M-RX-5,9892,2025,500,116100055000,VACANT LAND /GENERAL COMMON ELEMENTS
not_clear_individual_owner; sale_year_unknown_needs_enrichment,1460 21ST ST,,PUBLIC SERVICE CO OF COLO,PUD,12935,,,227909046000,VACANT LAND
not_clear_individual_owner; sold_after_2021_not_5_year_hold,16022 E WARNER DR,,DENVER CONNECTION WEST METROPOLITAN DISTRICT,PUD,12715,2023,0,20200016000,VACANT LAND /GENERAL COMMON ELEMENTS
non_residential_zoning; sale_year_unknown_needs_enrichment,3200 E 43RD AVE,,UNION PACIFIC RR CO,I-A,273671,,,224400040000,VACANT LAND
non_residential_zoning; not_clear_individual_owner,4550 N BRIGHTON BLVD,80216-3714,STATE OF COLORADO DEPARTMENT OF TRANSPORTATION,I-B,15155,2009,0,223100068000,VACANT LAND /GENERAL COMMON ELEMENTS
not_clear_individual_owner; sale_year_unknown_needs_enrichment,4055 N XENIA ST APPRX,,FC STAPLETON II LLC,M-IMX-12,19886,,,121400130000,VACANT LAND /GENERAL COMMON ELEMENTS
not_clear_individual_owner; sale_year_unknown_needs_enrichment,7709 E 25TH AVE MISC,,CITY & COUNTY OF DENVER,R-MU-20,15696,,,133229025000,VACANT LAND /GENERAL COMMON ELEMENTS
non_residential_zoning; not_clear_individual_owner,8346 E 37TH PL,,PARK CREEK METROPOLITAN DISTRICT,C-MX-16,17101,2015,0,128100052000,VACANT LAND /GENERAL COMMON ELEMENTS
non_residential_zoning; not_clear_individual_owner,4801 N FRANKLIN ST,,CITY & COUNTY OF DENVER,I-B,26948,2016,0,214300174000,VACANT LAND
non_residential_zoning; not_clear_individual_owner,3900 N MADISON ST,,CITY & COUNTY OF DENVER,I-MX-3,14900,2016,10,224428003000,VACANT LAND
not_clear_individual_owner; sold_after_2021_not_5_year_hold,9273 E 61ST PL,,CITY & COUNTY OF DENVER,M-RX-5,33223,2025,0,110300010000,VACANT LAND /GENERAL COMMON ELEMENTS
non_residential_zoning; not_clear_individual_owner; sold_after_2021_not_5_year_hold,5300 N FRANKLIN ST,80216-1506,MCDONALD FAMILY LIMITED LIABILITY LIMITED PARTNERSHIP,I-B,15200,2023,0,214100012000,VACANT LAND
non_residential_zoning; not_clear_individual_owner; sold_after_2021_not_5_year_hold,8401 E 36TH AVE,,CITY & COUNTY OF DENVER,C-MX-16,190022,2025,500,128100043000,VACANT LAND /GENERAL COMMON ELEMENTS
not_clear_individual_owner,15667 E 50TH AVE,,PARKFIELD MASTER OWNERS ASSOCIATION INC,PUD,16160,2003,10,17311042000,VACANT LAND /GENERAL COMMON ELEMENTS
not_clear_individual_owner; sold_after_2021_not_5_year_hold,8302 E PRAIRIE MEADOW DR,,CITY & COUNTY OF DENVER,M-RX-5,86516,2025,500,116100039000,VACANT LAND /GENERAL COMMON ELEMENTS
not_clear_individual_owner,4985 N VERBENA ST,80216,PARK CREEK METROPOLITAN DISTRICT,M-RX-5,11472,2014,0,116500059000,VACANT LAND /GENERAL COMMON ELEMENTS
not_clear_individual_owner,16100 E 56TH AVE,,PARKFIELD NORTH HOMEOWNERS ASSOCIATION INC,PUD,73134,2011,10,17103036000,VACANT LAND /GENERAL COMMON ELEMENTS
not_clear_individual_owner; sold_after_2021_not_5_year_hold,18752 HIGH POINT BLVD,80249-8650,ALTARIA AT HIGH POINT COMMUNITY ASSOCIATION INC,R-MU-20,22140,2022,0,3100083000,VACANT LAND /GENERAL COMMON ELEMENTS
non_residential_zoning; not_clear_individual_owner,5360 N STEELE ST,,5360 STEELE STREET LLC,I-A,30567,2010,0,213106014000,VACANT LAND
non_residential_zoning; sale_year_unknown_needs_enrichment,4201 N QUEBEC ST A,,COLORADO & EASTERN RR CO,I-B,15232,,,120401025000,VACANT LAND
non_residential_zoning; not_clear_individual_owner; sale_year_unknown_needs_enrichment,2101 WEWATTA ST,,CITY & COUNTY OF DENVER,C-MX-12,39843,,,227816018000,VACANT LAND /GENERAL COMMON ELEMENTS
not_clear_individual_owner,3698 N XANTHIA ST,,PARK CREEK METROPOLITAN DISTRICT,R-MU-20,9644,2006,0,128500040000,VACANT LAND /GENERAL COMMON ELEMENTS
not_clear_individual_owner; sold_after_2021_not_5_year_hold,2997 N GENEVA CT,80238-3053,CENTRAL PARK ROW HOME COMMUNITY ASSOCIATION,R-MU-20,7880,2025,0,127438033000,VACANT LAND
not_clear_individual_owner; sold_after_2021_not_5_year_hold,5971 N CHESTER WAY,,CITY & COUNTY OF DENVER,M-RX-5,33455,2025,500,110300039000,VACANT LAND /GENERAL COMMON ELEMENTS
non_residential_zoning; not_clear_individual_owner,10100 E 47TH AVE MISC,,PARK CREEK METROPOLITAN DISTRICT,U-MX-3,232832,2004,10,115300013000,VACANT LAND /GENERAL COMMON ELEMENTS
non_residential_zoning; sale_year_unknown_needs_enrichment,2900 WAZEE ST,,UNION PACIFIC RR CO,I-B,344416,,,227500079000,VACANT LAND
not_clear_individual_owner; sale_year_unknown_needs_enrichment,3937 N YOSEMITE ST,,FC STAPLETON II LLC,M-IMX-12,24867,,,121407001000,VACANT LAND
not_clear_individual_owner,9154 E 29TH PL,,GARDEN COURTS AT STAPLETON III HOMEOWNERS ASSOCIATION,R-MU-20,8555,2010,0,127303020000,VACANT LAND /GENERAL COMMON ELEMENTS
non_residential_zoning; not_clear_individual_owner; sold_after_2021_not_5_year_hold,2801 CHESNUT PL,,DENARGO MARKET METROPOLITAN DISTRICT NO 1,C-MX-8,40065,2025,10,227400098000,VACANT LAND /GENERAL COMMON ELEMENTS
non_residential_zoning; not_clear_individual_owner,2103 E 48TH AVE,,CITY & COUNTY OF DENVER,C-MX-8,16461,2020,0,214403007000,VACANT LAND /GENERAL COMMON ELEMENTS
non_residential_zoning; not_clear_individual_owner; sale_year_unknown_needs_enrichment,6192 N TOWER RD,,DENVER GATEWAY CENTER METROPOLITAN DISTRICT,C-MU-20,55450,,,10200207000,VACANT LAND /GENERAL COMMON ELEMENTS
not_clear_individual_owner,14390 E ELK DR,,VISTAS OWNERS ASSOCIATION,R-2,23638,2000,10,124119041000,VACANT LAND /GENERAL COMMON ELEMENTS
not_clear_individual_owner; sale_year_unknown_needs_enrichment,7731 E 26TH AVE,,CITY & COUNTY OF DENVER,R-MU-20,7800,,,128314012000,VACANT LAND /GENERAL COMMON ELEMENTS
non_residential_zoning; not_clear_individual_owner; sale_year_unknown_needs_enrichment,801 W 48TH AVE,,BURLINGTON NORTHERN RR CO PROPERTY TAX DEPARTMENT,I-B,119150,,,215300082000,VACANT LAND
non_residential_zoning; not_clear_individual_owner,4280 N MONACO ST,80216-6606,EEN REAL ESTATE INC,I-B,219268,2014,2250000,120400018000,VACANT LAND
non_residential_zoning; not_clear_individual_owner; sold_after_2021_not_5_year_hold,4903 N TOWER RD APPRX,80249-7996,CLAYTON PROPERTIES GROUP INCOAKWOOD HOMES,C-MU-20,59819,2025,0,16106008000,VACANT LAND
not_clear_individual_owner; sale_year_unknown_needs_enrichment,4637 N CLAUDE CT,80216-2830,DEPARTMENT OF TRANSPORTATION STATE OF COLORADO,E-TU-B,21324,,,223117024000,VACANT LAND /GENERAL COMMON ELEMENTS
non_residential_zoning; not_clear_individual_owner; sold_after_2021_not_5_year_hold,5603 N TOWER RD,,IMKD 8 LLC,C-MU-30,268228,2025,29616600,9134001000,VACANT LAND
not_clear_individual_owner,2671 N JOLIET ST,,CITY & COUNTY OF DENVER,R-MU-20,13200,2019,500,126300036000,VACANT LAND /GENERAL COMMON ELEMENTS
non_residential_zoning; not_clear_individual_owner,3223 E 46TH AVE,,DEPARTMENT OF TRANSPORTATION STATE OF COLORADO,I-A,217525,2017,17133270,224100029000,VACANT LAND /GENERAL COMMON ELEMENTS
non_residential_zoning; not_clear_individual_owner,1580 N COLORADO BLVD,80220-1054,TWIN STAR ENERGY LLC,C-MS-8,19620,2021,590000,131326001000,VACANT LAND
not_clear_individual_owner; sold_after_2021_not_5_year_hold,6010 N GENEVA ST,,PARK CREEK METROPOLITAN DISTRICT,M-RX-5,13765,2023,0,110100033000,VACANT LAND /GENERAL COMMON ELEMENTS
non_residential_zoning; not_clear_individual_owner,1998 E 43RD AVE,,CITY & COUNTY OF DENVER,I-B,15973,2011,0,223400060000,VACANT LAND /GENERAL COMMON ELEMENTS
non_residential_zoning; not_clear_individual_owner; sold_after_2021_not_5_year_hold,6972 N ARGONNE ST APPRX,,ACM HIGH POINT VI C LLC,C-MU-20,7109,2022,0,3100110000,VACANT LAND /GENERAL COMMON ELEMENTS
non_residential_zoning; not_clear_individual_owner; sold_after_2021_not_5_year_hold,5658 N TELLURIDE WAY,,IMKD 8 LLC,C-MU-30,433045,2025,29616600,9100176000,VACANT LAND /GENERAL COMMON ELEMENTS
non_residential_zoning; not_clear_individual_owner; sale_year_unknown_needs_enrichment,3000 N SANTA FE DR,,BURLINGTON NORTHERN RR CO PROPERTY TAX DEPARTMENT,C-MX-12,15614,,,227805037000,VACANT LAND
non_residential_zoning; not_clear_individual_owner,2300 E 40TH AVE,80205-3538,CITY & COUNTY OF DENVER,I-B,45278,2018,1454118,224300080000,VACANT LAND
non_residential_zoning; not_clear_individual_owner,7907 E 36TH AVE,80202-5329,PUBLIC SERVICE COMPANY OF COLORADO,C-MX-16,20788,2017,385845,128102010000,VACANT LAND
non_residential_zoning; not_clear_individual_owner; sale_year_unknown_needs_enrichment,3300 ROCKMONT DR,,BURLINGTON NORTHERN RR CO PROPERTY TAX DEPARTMENT,I-B,66400,,,228100030000,VACANT LAND
non_residential_zoning; not_clear_individual_owner,6845 E 46TH AVENUE DR,,H-M PARTNERS,I-B,43560,1994,316000,120120015000,VACANT LAND
non_residential_zoning,5101 N FOX ST,,"ATCHISON,TOPEKA & SANTA FE RAILWAY CO",I-B,50989,1996,0,215300076000,VACANT LAND
non_residential_zoning,2000 15TH ST,,BURLINGTON NORTHERN RAILROAD CO,C-RX-8,19236,1997,10,233215016000,VACANT LAND
not_clear_individual_owner,7753 E 25TH AVE,,GARDEN COURTS AT STAPLETON I HOMEOWNERS ASSOCIATION,R-MU-20,9280,2004,0,133229026000,VACANT LAND /GENERAL COMMON ELEMENTS
non_residential_zoning; not_clear_individual_owner; sale_year_unknown_needs_enrichment,1200 WALNUT ST,,CITY & COUNTY OF DENVER,CMP-EI,13059,,,233702034000,VACANT LAND /GENERAL COMMON ELEMENTS
non_residential_zoning; not_clear_individual_owner; sold_after_2021_not_5_year_hold,5789 N WALDEN ST,,IMKD 8 LLC,C-MU-30,486781,2025,29616600,9129001000,VACANT LAND
not_clear_individual_owner; sold_after_2021_not_5_year_hold,9111 E 40TH AVE BLDG 4,,RUNWAY 35 SOUTH LLC,M-IMX-12,23648,2025,0,122300085000,VACANT LAND
not_clear_individual_owner,8448 E 25TH DR,,PARK CREEK METROPOLITAN DISTRICT,R-MU-20,14136,2003,10,133103023000,VACANT LAND /GENERAL COMMON ELEMENTS
non_residential_zoning; not_clear_individual_owner,3027 N SYRACUSE ST MISC,,CITY & COUNTY OF DENVER,C-MU-20,153026,2009,25000,128325003000,VACANT LAND /GENERAL COMMON ELEMENTS
non_residential_zoning; sale_year_unknown_needs_enrichment,5301 N JACKSON ST,,"ELLIOTT,EDWARD",I-A,46515,,,213103027000,VACANT LAND
not_clear_individual_owner; sale_year_unknown_needs_enrichment,4015 N XENIA ST APPRX,,FC STAPLETON II LLC,M-IMX-12,10852,,,121400134000,VACANT LAND /GENERAL COMMON ELEMENTS
non_residential_zoning; not_clear_individual_owner,3200 N BRIGHTON BLVD,80216-5067,CITY & COUNTY OF DENVER,C-MX-12,8176,2011,4148900,227500098000,VACANT LAND /GENERAL COMMON ELEMENTS
not_clear_individual_owner,5171 N BROADWAY,,STATE OF COLORADO DEPARTMENT OF TRANSPORTATION,PUD,21125,1993,60000,215301012000,VACANT LAND
non_residential_zoning; not_clear_individual_owner,8208 E SMITH RD,,PARK CREEK METROPOLITAN DISTRICT,C-MX-16,14476,2021,10,128100057000,VACANT LAND /GENERAL COMMON ELEMENTS
non_residential_zoning; not_clear_individual_owner,3901 N ELATI ST,80216-4832,FOX STREET INVESTMENTS LLC,C-MX-20,29688,2007,1500000,222326016000,VACANT LAND
not_clear_individual_owner; sold_after_2021_not_5_year_hold,8802 E 52ND PL,,CITY & COUNTY OF DENVER,M-RX-5,32017,2025,500,116100062000,VACANT LAND /GENERAL COMMON ELEMENTS
non_residential_zoning; not_clear_individual_owner,3600 N INCA ST,,UNION PACIFIC RAILROAD COMPANY,I-B,70700,1997,0,228116001000,VACANT LAND
not_clear_individual_owner; sale_year_unknown_needs_enrichment,6648 N DALLAS ST APPRX,,FC STAPLETON II LLC,M-RX-5,127567,,,110400069000,VACANT LAND /GENERAL COMMON ELEMENTS
non_residential_zoning,4238 N CLAYTON ST,,"GUERRA,MARCO",I-A,7664,2004,15000,224304027000,VACANT LAND
not_clear_individual_owner,4452 E SMITH RD,,PARK HILL VILLAGE NEIGHBORHOOD ASSOCIATION,R-2-A,11961,2015,10,119302079000,VACANT LAND /GENERAL COMMON ELEMENTS
non_residential_zoning; not_clear_individual_owner; sold_after_2021_not_5_year_hold,3687 N ULSTER ST,,PARK CREEK METROPOLITAN DISTRICT,C-MX-16,10447,2024,0,128105003000,VACANT LAND /GENERAL COMMON ELEMENTS
non_residential_zoning; sale_year_unknown_needs_enrichment,6500 E 40TH AVE,,UNION PACIFIC RR CO,I-B,268000,,,120400002000,VACANT LAND
not_clear_individual_owner,20611 E SCOTT CIR APPRX,,GVR METROPOLITAN DISTRICT,R-2,9090,2019,10,23203050000,VACANT LAND /GENERAL COMMON ELEMENTS
non_residential_zoning; not_clear_individual_owner,5163 N FILLMORE ST,80216-2343,THOMPSON COURT LLC,I-B,10105,2018,905000,213304040000,VACANT LAND
not_clear_individual_owner; sold_after_2021_not_5_year_hold,2753 N HAVANA WAY,,CITY & COUNTY OF DENVER,R-MU-20,36762,2024,500,126300104000,VACANT LAND /GENERAL COMMON ELEMENTS
not_clear_individual_owner; sold_after_2021_not_5_year_hold,4733 N XENIA ST,80205-3135,CITY & COUNTY OF DENVER,M-IMX-8,28158,2025,0,121100047000,VACANT LAND
non_residential_zoning; not_clear_individual_owner,4300 N PONTIAC ST,,STATE OF COLORADO DEPARTMENT OF TRANSPORTATION,I-B,96600,1988,0,120100052000,VACANT LAND /GENERAL COMMON ELEMENTS
not_clear_individual_owner,2652 N CLINTON WAY MISC,,PARK CREEK METROPOLITAN DISTRICT,R-MU-20,7953,2004,0,127421020000,VACANT LAND /GENERAL COMMON ELEMENTS
non_residential_zoning; not_clear_individual_owner; sold_after_2021_not_5_year_hold,3700 E 53RD AVE,,A&E VENTURES - JACKSON LLC,I-A,24400,2024,315000,213112004000,VACANT LAND
not_clear_individual_owner,20995 E 47TH AVE,,GVR METROPOLITAN DISTRICT,R-2,29291,2008,0,23210036000,VACANT LAND /GENERAL COMMON ELEMENTS
non_residential_zoning; not_clear_individual_owner,6400 E 47TH AVE,,MONACO I LLC,I-B,57708,2007,4500000,120200056000,VACANT LAND
not_clear_individual_owner,3530 N XANTHIA CT,,GARDEN COURTS AT STAPLETON III HOMEOWNERS ASSOCIATION,R-MU-20,19289,2007,0,128511028000,VACANT LAND /GENERAL COMMON ELEMENTS
non_residential_zoning; not_clear_individual_owner; sale_year_unknown_needs_enrichment,3160 W 38TH AVE,80211-2061,PUBLIC SERVICE CO,U-MS-3,22600,,,229202009000,VACANT LAND
not_clear_individual_owner; sale_year_unknown_needs_enrichment,4608 N CLAYTON ST,80216-2931,DEPARTMENT OF TRANSPORTATION STATE OF COLORADO,E-SU-D,17870,,,224217023000,VACANT LAND /GENERAL COMMON ELEMENTS
non_residential_zoning; not_clear_individual_owner; sold_after_2021_not_5_year_hold,8309 E 23RD AVE,,PARK CREEK METROPOLITAN DISTRICT,C-MU-20,11338,2023,10,133118066000,VACANT LAND /GENERAL COMMON ELEMENTS
not_clear_individual_owner,4940 N WABASH ST,80216,PARK CREEK METROPOLITAN DISTRICT,M-MX-5,9434,2014,0,116500061000,VACANT LAND /GENERAL COMMON ELEMENTS
not_clear_individual_owner,5460 N TRENTON ST,,PARK CREEK METROPOLITAN DISTRICT,M-RX-5,12183,2014,0,116100086000,VACANT LAND /GENERAL COMMON ELEMENTS
not_clear_individual_owner,2844 N ALTON ST,,GARDEN COURTS AT STAPLETON III HOMEOWNERS ASSOCIATION,R-MU-20,14718,2010,0,127304023000,VACANT LAND /GENERAL COMMON ELEMENTS
not_clear_individual_owner,8608 E 45TH AVE,,CITY & COUNTY OF DENVER,M-IMX-12,30084,2012,500,121100011000,VACANT LAND /GENERAL COMMON ELEMENTS
not_clear_individual_owner; sold_after_2021_not_5_year_hold,6569 N DUNKIRK ST,80249-8770,DENVER HIGH POINT AT DIA METROPOLITAN DISTRICT,R-MU-20,94047,2025,10,3100062000,VACANT LAND /GENERAL COMMON ELEMENTS
not_clear_individual_owner,21200 E 44TH AVE,,CARRIAGE PARK AT GREEN VALLEY RANCH HOMEOWNERS ASSOCIATION,S-SU-I,11757,1987,0,23106021000,VACANT LAND /GENERAL COMMON ELEMENTS
non_residential_zoning; not_clear_individual_owner; sale_year_unknown_needs_enrichment,2001 19TH ST,,BURLINGTON NORTHERN RR CO PROPERTY TAX DEPARTMENT,C-RX-12,14569,,,227808024000,VACANT LAND
non_residential_zoning; not_clear_individual_owner,1900 15TH ST,,REGIONAL TRANSPORTATION DISTRICT,C-RX-8,16199,1996,10,233215015000,VACANT LAND
not_clear_individual_owner,5043 N VERBENA ST,80216,EXPRESSIONS AND HERITAGE AT STAPLETON HOMEOWNERS ASSN INC,M-RX-5,13322,2013,620000,116500070000,VACANT LAND /GENERAL COMMON ELEMENTS
not_clear_individual_owner; sale_year_unknown_needs_enrichment,2764 N TRENTON ST MISC,,CITY & COUNTY OF DENVER,R-MU-20,12903,,,128317026000,VACANT LAND /GENERAL COMMON ELEMENTS
not_clear_individual_owner,21448 E 46TH AVE,,BUNGALOWS AT GREEN VALLEY RANCH HOMEOWNERS ASSOC. INC,R-2,14144,2011,10,23108100000,VACANT LAND /GENERAL COMMON ELEMENTS
not_clear_individual_owner,8600 E 54TH DR,,PARK CREEK METROPOLITAN DISTRICT,M-RX-5,25051,2014,0,116100124000,VACANT LAND /GENERAL COMMON ELEMENTS
non_residential_zoning; not_clear_individual_owner,2931 N TRENTON ST,,CP TRENTON HOMES LLC,C-MU-20,87171,2021,3141360,128328097000,VACANT LAND
non_residential_zoning; not_clear_individual_owner,5100 N WASHINGTON ST,,CITY & COUNTY OF DENVER,I-B,38927,2000,76900,214300133000,VACANT LAND /GENERAL COMMON ELEMENTS
not_clear_individual_owner; sold_after_2021_not_5_year_hold,4797 N XANTHIA ST,80205-3135,CITY & COUNTY OF DENVER,M-IMX-5,71185,2025,0,121100045000,VACANT LAND
non_residential_zoning; not_clear_individual_owner,3405 E 39TH AVE,,CITY & COUNTY OF DENVER,I-MX-3,9445,2016,10,224427026000,VACANT LAND /GENERAL COMMON ELEMENTS
non_residential_zoning; not_clear_individual_owner,7600 E 48TH AVE,,CITY & COUNTY OF DENVER,OS-A,1159130,2008,0,121200004000,VACANT LAND
not_clear_individual_owner,1602 LITTLE RAVEN ST,,CITY & COUNTY OF DENVER,PUD,7473,2009,0,233221548000,VACANT LAND /GENERAL COMMON ELEMENTS
non_residential_zoning; sale_year_unknown_needs_enrichment,3500 WAZEE ST,,UNION PACIFIC RR CO,I-B,23779,,,227115023000,VACANT LAND
not_clear_individual_owner,9256 E 52ND AVE,,CITY & COUNTY OF DENVER,M-RX-5,66714,2021,0,115200097000,VACANT LAND /GENERAL COMMON ELEMENTS
not_clear_individual_owner,4055 N PICADILLY RD,,CITY & COUNTY OF DENVER,R-2,714816,1999,0,23409047000,VACANT LAND /GENERAL COMMON ELEMENTS
non_residential_zoning; not_clear_individual_owner; sold_after_2021_not_5_year_hold,5101 E 51ST AVE,,CITY & COUNTY OF DENVER,OS-B,67200,2025,500,116400041000,VACANT LAND /GENERAL COMMON ELEMENTS
not_clear_individual_owner,3405 N XANTHIA CT,,PARK CREEK METROPOLITAN DISTRICT,R-MU-20,37136,2006,0,128500044000,VACANT LAND /GENERAL COMMON ELEMENTS
non_residential_zoning; not_clear_individual_owner; sale_year_unknown_needs_enrichment,9660 E 56TH AVE,,SBC METROPOLITAN DISTRICT,C-MU-30,111644,,,115100036000,VACANT LAND /GENERAL COMMON ELEMENTS
not_clear_individual_owner,3497 N FLORENCE WAY,,PARK CREEK METROPOLITAN DISTRICT,R-MU-20,20332,2005,10,127402060000,VACANT LAND /GENERAL COMMON ELEMENTS
not_clear_individual_owner,3514 N YOSEMITE ST,,PARK CREEK METROPOLITAN DISTRICT,R-MU-20,9061,2006,0,128510015000,VACANT LAND /GENERAL COMMON ELEMENTS
not_clear_individual_owner,5466 N XENIA ST,,PARK CREEK METROPOLITAN DISTRICT,M-RX-5,25779,2014,0,116100078000,VACANT LAND /GENERAL COMMON ELEMENTS
not_clear_individual_owner; sold_after_2021_not_5_year_hold,9100 E NORTHFIELD BLVD MISC,,CITY & COUNTY OF DENVER,M-IMX-5,20322,2025,0,121100085000,VACANT LAND /GENERAL COMMON ELEMENTS
non_residential_zoning; not_clear_individual_owner,6297 N TELLURIDE WAY,,AVIATION STATION NORTH METROPOLITAN DISTRICT,S-MX-8,74255,2018,0,9100141000,VACANT LAND /GENERAL COMMON ELEMENTS
not_clear_individual_owner,4605 N ODESSA ST,,BUNGALOWS AT GREEN VALLEY RANCH HOMEOWNERS ASSOC.INC,R-2,8014,2011,10,23108109000,VACANT LAND /GENERAL COMMON ELEMENTS
non_residential_zoning; not_clear_individual_owner; sale_year_unknown_needs_enrichment,4500 N WASHINGTON ST,80216-3550,STATE OF COLORADO DEPARTMENT OF TRANSPORTATION,I-A,10100,,,223200038000,VACANT LAND /GENERAL COMMON ELEMENTS
non_residential_zoning; not_clear_individual_owner,3485 RINGSBY CT APPRX,80216-4900,REGIONAL TRANSPORTATION DISTRICT,C-MX-8,11231,2015,0,222400107000,VACANT LAND
non_residential_zoning; not_clear_individual_owner; sold_after_2021_not_5_year_hold,4756 N MEMPHIS ST,,DCG WEST 1 LLC,S-MX-3,18380,2022,4056300,20100016000,VACANT LAND /GENERAL COMMON ELEMENTS
not_clear_individual_owner,3377 N BOSTON ST -3497,,CITY & COUNTY OF DENVER,R-MU-20,40666,2014,500,127200024000,VACANT LAND /GENERAL COMMON ELEMENTS
not_clear_individual_owner; sale_year_unknown_needs_enrichment,4640 N RACE ST,80216-2877,DEPARTMENT OF TRANSPORTATION STATE OF COLORADO,E-TU-B,33004,,,223115043000,VACANT LAND /GENERAL COMMON ELEMENTS
non_residential_zoning; not_clear_individual_owner,4005 N HAVANA ST,,UNION PACIFIC RAILROAD COMPANY,O-1,93389,2016,10,122400015000,VACANT LAND
not_clear_individual_owner,15555 E 40TH AVE # TR-G,,SAND CREEK METROPOLITAN DISTRICT,GTWY,8788,1999,10,20304051000,VACANT LAND /GENERAL COMMON ELEMENTS
not_clear_individual_owner,5983 N BOSTON CT,,KB HOME COLORADO INC,M-RX-5,13831,2017,770000,110300049000,VACANT LAND /GENERAL COMMON ELEMENTS
non_residential_zoning; not_clear_individual_owner; sold_after_2021_not_5_year_hold,11192 E 45TH AVE,,"CSHV MILE HIGH LOGISTICS, LLC",I-B,110005,2025,38000000,123100088000,VACANT LAND /GENERAL COMMON ELEMENTS
non_residential_zoning; not_clear_individual_owner,4100 N POTOMAC WAY,,STATE OF COLORADO DEPARTMENT OF TRANSPORTATION,I-0,171190,1994,0,19300010000,VACANT LAND /GENERAL COMMON ELEMENTS
non_residential_zoning; not_clear_individual_owner; sale_year_unknown_needs_enrichment,5083 N KINGSTON ST,,UNION PACIFIC RAILROAD COMPANY,I-B,48700,,,114303018000,VACANT LAND
not_clear_individual_owner,20600 E SCOTT CIR,,GVR METROPOLITAN DISTRICT,R-2,13500,2019,10,23204023000,VACANT LAND /GENERAL COMMON ELEMENTS
non_residential_zoning; not_clear_individual_owner; sold_after_2021_not_5_year_hold,7701 E 33RD AVE MISC,,CITY & COUNTY OF DENVER,C-MU-20,143193,2025,500,128600021000,VACANT LAND /GENERAL COMMON ELEMENTS
not_clear_individual_owner; sold_after_2021_not_5_year_hold,5450 N VERBENA ST,,CITY & COUNTY OF DENVER,M-RX-5,59866,2025,500,116100045000,VACANT LAND /GENERAL COMMON ELEMENTS
not_clear_individual_owner; sold_after_2021_not_5_year_hold,5971 N FULTON ST,,PARK CREEK METROPOLITAN DISTRICT,M-RX-5,10131,2023,0,110400043000,VACANT LAND /GENERAL COMMON ELEMENTS
not_clear_individual_owner; sold_after_2021_not_5_year_hold,4652 E 46TH PL,,PARK CREEK METROPOLITAN DISTRICT,M-IMX-12,82029,2024,0,115300108000,VACANT LAND /GENERAL COMMON ELEMENTS
not_clear_individual_owner; sold_after_2021_not_5_year_hold,2251 E 37TH AVE,,CBC CENTER LLC,U-RX-5,11801,2022,0,226101016000,VACANT LAND
non_residential_zoning; not_clear_individual_owner; sale_year_unknown_needs_enrichment,10100 E 40TH AVE VCNT,,STAPLETON DEVELOPMENT CORPORATION,OS-B,476421,,,122400022000,VACANT LAND
non_residential_zoning; not_clear_individual_owner,4070 N JACKSON ST,,JACKSON4070 LLC,I-A,26493,2016,10,224418009000,VACANT LAND
non_residential_zoning; not_clear_individual_owner; sale_year_unknown_needs_enrichment,4991 N TELLURIDE ST APPRX,,DIA COLORADO JV LLC,OS-A,87120,,,16100180000,VACANT LAND
not_clear_individual_owner,9103 E 52ND DR,,CITY & COUNTY OF DENVER,M-RX-5,16807,2021,0,115200093000,VACANT LAND /GENERAL COMMON ELEMENTS
non_residential_zoning; not_clear_individual_owner; sale_year_unknown_needs_enrichment,600 W 48TH AVE,80216-1810,BURLINGTON NORTHERN RR CO PROPERTY TAX DEPARTMENT,I-B,151175,,,222200062000,VACANT LAND
non_residential_zoning; not_clear_individual_owner,18501 E 64TH AVE,,ACM HIGH POINT VI LLC,C-MU-20,139112,2017,12500000,3108006000,VACANT LAND /GENERAL COMMON ELEMENTS
not_clear_individual_owner,11249 E 28TH PL,80238,STAPLETON FILINGS 35 & 17 HOMEOWNERS ASSOCIATION INC,R-MU-20,8578,2015,10,126300097000,VACANT LAND /GENERAL COMMON ELEMENTS
non_residential_zoning; not_clear_individual_owner; sale_year_unknown_needs_enrichment,18351 E 61ST AVE,,RAIL STOP LLC CORPORATION,S-MX-8A,207166,,,9111001000,VACANT LAND
not_clear_individual_owner,4785 N ANDES ST MISC,,GVR METROPOLITAN DISTRICT,R-2-A,9173,2009,10,22200056000,VACANT LAND /GENERAL COMMON ELEMENTS
non_residential_zoning; not_clear_individual_owner; sale_year_unknown_needs_enrichment,5600 E 46TH AVE,,CHICAGO PACIFIC CORP,I-B,11100,,,120200044000,VACANT LAND
not_clear_individual_owner; sold_after_2021_not_5_year_hold,5828 N ELMIRA CT APPRX,,PARK CREEK METROPOLITAN DISTRICT,M-RX-5,20699,2023,0,110400054000,VACANT LAND /GENERAL COMMON ELEMENTS
non_residential_zoning; not_clear_individual_owner,4300 N HURON ST MS,,REGIONAL TRANSPORTATION DISTRICT,I-B,25704,2020,10,222300099000,VACANT LAND
not_clear_individual_owner; sold_after_2021_not_5_year_hold,8092 E 55TH AVE,,CITY & COUNTY OF DENVER,M-RX-5,34356,2025,500,116100034000,VACANT LAND /GENERAL COMMON ELEMENTS
not_clear_individual_owner,8413 E 50TH DR,80216,PARK CREEK METROPOLITAN DISTRICT,M-RX-5,11850,2014,0,116500047000,VACANT LAND /GENERAL COMMON ELEMENTS
non_residential_zoning; sale_year_unknown_needs_enrichment,4501 N RACE ST,,UNION PACIFIC RR CO,I-A,21300,,,223123003000,VACANT LAND
non_residential_zoning; sold_after_2021_not_5_year_hold,2001 CHESTNUT PL,80202-1114,RPAI CHESTNUT LP,C-MX-12,14122,2022,3150000,227809040000,VACANT LAND
non_residential_zoning; not_clear_individual_owner; sold_after_2021_not_5_year_hold,18396 E 59TH AVE,,IMKD 8 LLC,C-MU-30,125644,2025,29616600,9128001000,VACANT LAND
not_clear_individual_owner,5480 N UINTA ST,,STAPLETON NORTH FILINGS 42 & 45 HOA INC,M-RX-5,9425,2015,10,116100107000,VACANT LAND /GENERAL COMMON ELEMENTS
non_residential_zoning; not_clear_individual_owner; sold_after_2021_not_5_year_hold,7904 E 34TH AVE MISC,,CITY & COUNTY OF DENVER,C-MU-20,27604,2025,500,128600016000,VACANT LAND /GENERAL COMMON ELEMENTS
not_clear_individual_owner,3505 N BEELER ST,,CITY & COUNTY OF DENVER,R-MU-20,24238,2014,0,127200057000,VACANT LAND /GENERAL COMMON ELEMENTS
not_clear_individual_owner,21300 E 44TH AVE,,CARRIAGE PARK AT GREEN VALLEY RANCH HOMEOWNERS ASSOCIATION,S-SU-I,13419,1987,0,23107019000,VACANT LAND /GENERAL COMMON ELEMENTS
non_residential_zoning; not_clear_individual_owner,8011 E 33RD AVE,,PARK CREEK METROPOLITAN DISTRICT,C-MU-20,13061,2011,0,128600060000,VACANT LAND /GENERAL COMMON ELEMENTS
not_clear_individual_owner; sale_year_unknown_needs_enrichment,4613 N CLAYTON ST,80216-2948,DEPARTMENT OF TRANSPORTATION STATE OF COLORADO,E-SU-D,19500,,,224216012000,VACANT LAND /GENERAL COMMON ELEMENTS
not_clear_individual_owner,4261 N DURHAM CT,,STATE OF COLORADO DEPARTMENT OF TRANSPORTATION,R-1,8139,1993,55500,19310037000,VACANT LAND /GENERAL COMMON ELEMENTS
not_clear_individual_owner,4407 N CORNISH WAY,,VISTAS OWNERS ASSOCIATION,R-2,17805,2000,10,124117039000,VACANT LAND /GENERAL COMMON ELEMENTS
not_clear_individual_owner,3232 LARIMER ST,,SON POWER LLC,R-MU-30,9363,2010,405000,226313025000,VACANT LAND
not_clear_individual_owner; sold_after_2021_not_5_year_hold,10153 E 60TH AVE,,PARK CREEK METROPOLITAN DISTRICT,M-RX-5,17364,2023,0,110100031000,VACANT LAND /GENERAL COMMON ELEMENTS
not_clear_individual_owner; sale_year_unknown_needs_enrichment,3601 N COLORADO BLVD,,CITY & COUNTY OF DENVER,E-SU-DX,7500,,,225118022000,VACANT LAND /GENERAL COMMON ELEMENTS
non_residential_zoning; not_clear_individual_owner; sold_after_2021_not_5_year_hold,4776 N MEMPHIS ST,,DCG WEST 1 LLC,S-MX-3,79849,2022,4056300,20100018000,VACANT LAND /GENERAL COMMON ELEMENTS
not_clear_individual_owner; sold_after_2021_not_5_year_hold,16157 E ELK PL,80239-5511,DENVER CONNECTION WEST METROPOLITAN DISTRICT,PUD,13815,2023,0,20200020000,VACANT LAND /GENERAL COMMON ELEMENTS
non_residential_zoning; not_clear_individual_owner,9255 E 62ND AVE,,PARK CREEK METROPOLITAN DISTRICT,OS-B,92458,2016,10,110202008000,VACANT LAND
not_clear_individual_owner; sold_after_2021_not_5_year_hold,6034 N DAYTON ST,,STAPLETON FILINGS 53 & 54 HOMEOWNERS ASSOCIATION INC,M-RX-5,8849,2025,0,110100037000,VACANT LAND /GENERAL COMMON ELEMENTS
not_clear_individual_owner,5743 N CHESTER WAY,,PORTRAIT AT STAPLETON FILING 49 HOMEOWNERS ASSOC INC,M-RX-5,9031,2019,10,110300115000,VACANT LAND /GENERAL COMMON ELEMENTS
not_clear_individual_owner,4647 N CORNISH WAY,80239-4993,VISTAS OWNERS ASSOCIATION,R-2,11855,2000,10,124117040000,VACANT LAND /GENERAL COMMON ELEMENTS
non_residential_zoning; not_clear_individual_owner,2800 N HAVANA WAY,,CITY & COUNTY OF DENVER,OS-B,901980,2021,0,126400003000,VACANT LAND
not_clear_individual_owner,4650 N COLUMBINE ST APPRX,80216-2833,COLORADO DEPARTMENT OF TRANSPORTATION,E-TU-B,46389,2018,10,224214009000,VACANT LAND /GENERAL COMMON ELEMENTS
non_residential_zoning; not_clear_individual_owner,7995 E 35TH AVE,,CITY & COUNTY OF DENVER,C-MU-20,46091,2009,0,128100019000,VACANT LAND /GENERAL COMMON ELEMENTS
not_clear_individual_owner; sold_after_2021_not_5_year_hold,18829 E 66TH AVE,80249-8650,ALTARIA AT HIGH POINT COMMUNITY ASSOCIATION INC,R-MU-20,7656,2022,0,3100079000,VACANT LAND /GENERAL COMMON ELEMENTS
non_residential_zoning,3635 N BRIGHTON BLVD,80216-3612,"BURGESS,LARRY L & MARY JANE",I-MX-12,9375,2000,0,227107026000,VACANT LAND
non_residential_zoning; not_clear_individual_owner,3365 RINGSBY CT APPRX,80216-4934,REGIONAL TRANSPORTATION DISTRICT,C-MX-8,22048,2015,0,222400105000,VACANT LAND
non_residential_zoning; not_clear_individual_owner,4041 N COLUMBINE ST,,REGIONAL TRANSPORTATION DISTRICT,I-B,20925,2014,1425000,224300068000,VACANT LAND
not_clear_individual_owner; sold_after_2021_not_5_year_hold,6102 N DAYTON ST,,PARK CREEK METROPOLITAN DISTRICT,M-RX-5,19191,2023,0,110100280000,VACANT LAND /GENERAL COMMON ELEMENTS
non_residential_zoning; not_clear_individual_owner; sold_after_2021_not_5_year_hold,3485 N ALBION ST,80207-1815,3435 ALBION LLC,E-MX-2X,7583,2023,0,130207047000,VACANT LAND
tier1_confirmed_basic_filters_before_growth_proximity,4525 N MILWAUKEE ST,,"ARRIETA,RAUL",E-TU-B,15800,2006,90000,224221016000,VACANT LAND
non_residential_zoning; not_clear_individual_owner; sold_after_2021_not_5_year_hold,18404 E 58TH AVE,,IMKD 8 LLC,C-MU-30,17289,2025,29616600,9100177000,VACANT LAND /GENERAL COMMON ELEMENTS
not_clear_individual_owner; sold_after_2021_not_5_year_hold,9161 E 29TH PL,,PARK CREEK METROPOLITAN DISTRICT,R-MU-30,17876,2023,10,127300030000,VACANT LAND /GENERAL COMMON ELEMENTS
not_clear_individual_owner; sold_after_2021_not_5_year_hold,5809 N HANOVER ST,,PARK CREEK METROPOLITAN DISTRICT,M-RX-5,11979,2023,0,110400038000,VACANT LAND /GENERAL COMMON ELEMENTS
not_clear_individual_owner,2634 N DAYTON ST MISC,,PARK CREEK METROPOLITAN DISTRICT,R-MU-20,13644,2004,0,127422025000,VACANT LAND /GENERAL COMMON ELEMENTS
not_clear_individual_owner,2267 N ULSTER ST,,PARK CREEK METROPOLITAN DISTRICT,R-MU-20,11531,2006,0,133121025000,VACANT LAND /GENERAL COMMON ELEMENTS
not_clear_individual_owner; sale_year_unknown_needs_enrichment,4626 N HIGH ST APPRX,,DEPARTMENT OF TRANSPORTATION STATE OF COLORADO,E-TU-B,14981,,,223114054000,VACANT LAND /GENERAL COMMON ELEMENTS
non_residential_zoning; not_clear_individual_owner; sale_year_unknown_needs_enrichment,2800 N SPEER BLVD,80211-4225,CP VIII 2800 SPEER LLC,C-MX-5,21539,,,229416052000,VACANT LAND
non_residential_zoning; sold_after_2021_not_5_year_hold,3995 N CHAMBERS RD,,"SWAZER,WALT",B-4,12001,2022,8000,19400003000,VACANT LAND /GENERAL COMMON ELEMENTS
not_clear_individual_owner,2845 N IOLA ST,,GARDEN COURTS AT STAPLETON III HOMEOWNERS ASSOCIATION,R-MU-20,7731,2007,10,127400108000,VACANT LAND /GENERAL COMMON ELEMENTS
not_clear_individual_owner,3501 N BEELER ST,,CITY & COUNTY OF DENVER,R-MU-20,25521,2014,500,127200022000,VACANT LAND /GENERAL COMMON ELEMENTS
not_clear_individual_owner,5203 N CHESTER ST,80238-3930,CITY & COUNTY OF DENVER,M-RX-5,26392,2021,0,115200096000,VACANT LAND /GENERAL COMMON ELEMENTS
not_clear_individual_owner; sold_after_2021_not_5_year_hold,6010 N ALTON ST,,CITY & COUNTY OF DENVER,M-RX-5,23700,2025,0,110300023000,VACANT LAND /GENERAL COMMON ELEMENTS
not_clear_individual_owner; sold_after_2021_not_5_year_hold,18928 E 64TH PL,80249-8650,ALTARIA AT HIGH POINT COMMUNITY ASSOCIATION INC,R-MU-20,11256,2022,0,3100069000,VACANT LAND /GENERAL COMMON ELEMENTS
non_residential_zoning; not_clear_individual_owner; sale_year_unknown_needs_enrichment,6208 N YAMPA ST,80202-5329,AVIATION STATION NORTH METROPOLITAN DISTRICT,S-MX-8,109741,,,9100161000,VACANT LAND /GENERAL COMMON ELEMENTS
not_clear_individual_owner; sale_year_unknown_needs_enrichment,8799 E 39TH DR,,FC STAPLETON II LLC,M-IMX-12,41820,,,121405001000,VACANT LAND
non_residential_zoning; not_clear_individual_owner,4300 N CHEROKEE ST,,PUBLIC SERVICE COMPANY OF COLORADO,I-A,25029,2018,1400000,222304014000,VACANT LAND
non_residential_zoning; not_clear_individual_owner; sold_after_2021_not_5_year_hold,4758 N MEMPHIS ST,,DCG WEST 1 LLC,S-MX-3,10093,2022,4056300,20100015000,VACANT LAND /GENERAL COMMON ELEMENTS
non_residential_zoning; not_clear_individual_owner,4729 N IRELAND ST,,GVR METROPOLITAN DISTRICT,B-3,28271,2005,0,22111017000,VACANT LAND /GENERAL COMMON ELEMENTS
non_residential_zoning; not_clear_individual_owner; sold_after_2021_not_5_year_hold,3600 ARKINS CT,,MENALTO III LLC,I-MX-8,9698,2023,0,227109026000,VACANT LAND
non_residential_zoning; not_clear_individual_owner,4800 N INCA ST,,UNION PACIFIC RAILROAD COMPANY,I-B,250000,1997,0,216400002000,VACANT LAND
non_residential_zoning,3560 DELGANY ST,80216-3669,"BURGESS,LARRY LEE",I-MX-8,18750,1989,0,227112023000,VACANT LAND
not_clear_individual_owner; sale_year_unknown_needs_enrichment,8928 E 46TH AVE APPRX,,RUNWAY 35 NORTH LLC,M-IMX-12,23500,,,121100146000,VACANT LAND
not_clear_individual_owner; sold_after_2021_not_5_year_hold,9422 E 61ST PL,,PARK CREEK METROPOLITAN DISTRICT,M-RX-5,7794,2023,0,110300012000,VACANT LAND /GENERAL COMMON ELEMENTS
non_residential_zoning; not_clear_individual_owner; sold_after_2021_not_5_year_hold,19192 HIGH POINT BLVD,80249-8770,DENVER HIGH POINT AT DIA METROPOLITAN DISTRICT,C-MU-30,117690,2025,10,3100064000,VACANT LAND /GENERAL COMMON ELEMENTS
non_residential_zoning; not_clear_individual_owner; sold_after_2021_not_5_year_hold,3301 N TRENTON ST MISC,,CITY & COUNTY OF DENVER,C-MU-20,47465,2025,500,128600015000,VACANT LAND /GENERAL COMMON ELEMENTS
not_clear_individual_owner; sold_after_2021_not_5_year_hold,4690 N XENIA ST APPR,,PARK CREEK METROPOLITAN DISTRICT,M-IMX-8,7076,2023,10,121100135000,VACANT LAND /GENERAL COMMON ELEMENTS
not_clear_individual_owner,10007 E 31ST AVE,,PARK CREEK METROPOLITAN DISTRICT,R-MU-20,18143,2005,10,127403029000,VACANT LAND /GENERAL COMMON ELEMENTS
non_residential_zoning; not_clear_individual_owner; sold_after_2021_not_5_year_hold,5009 N BEELER ST,,CITY & COUNTY OF DENVER,I-A,22032,2025,10,115300085000,VACANT LAND /GENERAL COMMON ELEMENTS
non_residential_zoning; not_clear_individual_owner,3301 ARKINS CT,,CITY & COUNTY OF DENVER,OS-C,26000,1995,0,227100026000,VACANT LAND /GENERAL COMMON ELEMENTS
non_residential_zoning; not_clear_individual_owner,18997 E 58TH AVE,,FIRST CREEK OWNERS ASSOCIATION,C-MU-30,7440,2010,0,10202087000,VACANT LAND /GENERAL COMMON ELEMENTS
non_residential_zoning; not_clear_individual_owner; sale_year_unknown_needs_enrichment,4700 N LAFAYETTE ST,,BURLINGTON NORTHERN RR CO PROPERTY TAX DEPARTMENT,I-B,88437,,,223200249000,VACANT LAND
non_residential_zoning; not_clear_individual_owner; sale_year_unknown_needs_enrichment,3300 N DELAWARE ST,,BURLINGTON NORTHERN RR CO PROPERTY TAX DEPARTMENT,I-B,18125,,,227404002000,VACANT LAND
not_clear_individual_owner,3620 N WOLFF ST,,HIGHLAND GARDEN VILLAGE MASTER ASSOCIATION,PUD,7708,2002,10,230241013000,VACANT LAND /GENERAL COMMON ELEMENTS
non_residential_zoning; not_clear_individual_owner,4501 N GARFIELD ST,80216-6529,DEPARTMENT OF TRANSPORTATION STATE OF COLORADO,I-B,107109,2016,1900000,224104012000,VACANT LAND /GENERAL COMMON ELEMENTS
non_residential_zoning; not_clear_individual_owner; sale_year_unknown_needs_enrichment,3595 N TAMARAC ST MISC,,CITY & COUNTY OF DENVER,C-MX-16,23990,,,128201005000,VACANT LAND /GENERAL COMMON ELEMENTS
non_residential_zoning; not_clear_individual_owner; sold_after_2021_not_5_year_hold,3303 N ULSTER ST MISC,,CITY & COUNTY OF DENVER,C-MU-20,41038,2025,500,128600017000,VACANT LAND /GENERAL COMMON ELEMENTS
non_residential_zoning; not_clear_individual_owner,3300 ARKINS CT,,CP VI RINO LLC,C-MX-8,42745,2018,30000000,227100044000,VACANT LAND
not_clear_individual_owner,1901 N KING ST,,EAST BAY HOMEOWNERS ASSOCIATION,R-3,10826,1996,0,232306038000,VACANT LAND /GENERAL COMMON ELEMENTS
non_residential_zoning; not_clear_individual_owner; sold_after_2021_not_5_year_hold,3423 BLAKE ST,,BLAKE 34 LLC,C-MX-8,8023,2024,10,227120029000,VACANT LAND
non_residential_zoning; not_clear_individual_owner; sale_year_unknown_needs_enrichment,4600 NIAGARA ST MISC,,DENVER ROCK ISLAND RAILROAD INC,I-B,727143,,,120100084000,VACANT LAND
non_residential_zoning; not_clear_individual_owner,10300 E 47TH AVE,,STATE OF COLORADO DEPARTMENT OF TRANSPORTATION,OS-B,552381,2011,0,115300048000,VACANT LAND /GENERAL COMMON ELEMENTS
not_clear_individual_owner,16900 E 56TH AVE,,CITY & COUNTY OF DENVER,DIA,6634253,1992,0,16100122000,VACANT LAND
non_residential_zoning; not_clear_individual_owner; sold_after_2021_not_5_year_hold,18415 E 58TH AVE,,IMKD 8 LLC,C-MU-30,44655,2025,29616600,9128004000,VACANT LAND
not_clear_individual_owner; sold_after_2021_not_5_year_hold,5790 N GALENA ST,,PARK CREEK METROPOLITAN DISTRICT,M-RX-5,11160,2023,0,110400036000,VACANT LAND /GENERAL COMMON ELEMENTS
sold_after_2021_not_5_year_hold,4770 N LEAF CT,,"SOTO-TAVIZON,SANJUANA",E-SU-D,8601,2022,0,222100011000,VACANT LAND /GENERAL COMMON ELEMENTS
non_residential_zoning; not_clear_individual_owner; sold_after_2021_not_5_year_hold,3871 N HIMALAYA RD APPRX,,CLAYTON PROPERTIES GROUP INCOAKWOOD HOMES,S-MX-3,89382,2023,0,22400028000,VACANT LAND /GENERAL COMMON ELEMENTS
non_residential_zoning; not_clear_individual_owner; sold_after_2021_not_5_year_hold,3053 E 31ST AVE,,PARK CREEK METROPOLITAN DISTRICT,C-MU-20,7980,2023,0,128600067000,VACANT LAND /GENERAL COMMON ELEMENTS
non_residential_zoning; not_clear_individual_owner; sale_year_unknown_needs_enrichment,6900 E 43RD AVE,,UPLAND INDUSTRIES CORP,I-B,15700,,,120100019000,VACANT LAND /GENERAL COMMON ELEMENTS
non_residential_zoning; not_clear_individual_owner,4395 N WASHINGTON ST APPRX,80216-3573,REGIONAL TRANSPORTATION DISTRICT,I-MX-8,102006,2015,0,222400101000,VACANT LAND
not_clear_individual_owner; sold_after_2021_not_5_year_hold,9889 E 62ND PL,,PARK CREEK METROPOLITAN DISTRICT,M-RX-5,15784,2023,0,110100273000,VACANT LAND /GENERAL COMMON ELEMENTS
non_residential_zoning; not_clear_individual_owner; sale_year_unknown_needs_enrichment,4800 N HOOKER ST,,CITY & COUNTY OF DENVER,OS-A,53200,,,217314019000,VACANT LAND /GENERAL COMMON ELEMENTS
not_clear_individual_owner; sale_year_unknown_needs_enrichment,4601 N RACE ST,,STATE OF COLORADO DEPARTMENT OF TRANSPORTATION,E-TU-B,15000,,,223114056000,VACANT LAND /GENERAL COMMON ELEMENTS
not_clear_individual_owner; sale_year_unknown_needs_enrichment,4600 N GAYLORD ST,,CITY & COUNTY OF DENVER,E-TU-B,13500,,,223117002000,VACANT LAND /GENERAL COMMON ELEMENTS
non_residential_zoning; not_clear_individual_owner; sold_after_2021_not_5_year_hold,4810 N CLARKSON ST,,CITY & COUNTY OF DENVER,I-B,7810,2024,10,214307024000,VACANT LAND
not_clear_individual_owner; sold_after_2021_not_5_year_hold,4578 N CENTRAL PARK BLVD,,DRURY DEVELOPMENT CORP,M-IMX-12,50459,2025,2000000,115300054000,VACANT LAND
not_clear_individual_owner; sold_after_2021_not_5_year_hold,8760 E PRAIRIE MEADOW DR,,CITY & COUNTY OF DENVER,M-RX-5,160455,2025,500,116100067000,VACANT LAND /GENERAL COMMON ELEMENTS
not_clear_individual_owner; sold_after_2021_not_5_year_hold,6011 N FULTON ST,,PARK CREEK METROPOLITAN DISTRICT,M-RX-5,13355,2023,0,110100030000,VACANT LAND /GENERAL COMMON ELEMENTS
non_residential_zoning; not_clear_individual_owner; sale_year_unknown_needs_enrichment,4800 E 42ND AVE,,UNION PACIFIC RAILROAD COMPANY,I-B,268000,,,119400005000,VACANT LAND
not_clear_individual_owner; sold_after_2021_not_5_year_hold,5988 N DAYTON ST,,PARK CREEK METROPOLITAN DISTRICT,M-RX-5,18694,2023,0,110100028000,VACANT LAND /GENERAL COMMON ELEMENTS
non_residential_zoning; not_clear_individual_owner; sold_after_2021_not_5_year_hold,4784 N MEMPHIS ST,,DCG WEST 1 LLC,S-MX-3,32502,2022,4056300,20102012000,VACANT LAND
not_clear_individual_owner,5209 N BEELER ST,,EXPRESSIONS AND HERITAGE AT STAPLETON FILING 47 HOA,M-RX-5,9806,2017,10,115200120000,VACANT LAND /GENERAL COMMON ELEMENTS
non_residential_zoning; not_clear_individual_owner,6180 N ARGONNE ST,,DENVER GATEWAY CENTER METROPOLITAN DISTRICT,C-MU-30,282392,2021,10,10200213000,VACANT LAND /GENERAL COMMON ELEMENTS
not_clear_individual_owner,5995 N GENEVA ST,,PORTRAIT F54 AT STAPLETON HOMEOWNERS ASSOCIATION INC,M-RX-5,11325,2021,0,110100034000,VACANT LAND /GENERAL COMMON ELEMENTS
non_residential_zoning; not_clear_individual_owner; sold_after_2021_not_5_year_hold,4815 N WASHINGTON ST,,CITY & COUNTY OF DENVER,I-MX-3,19302,2023,2220000,215424015000,VACANT LAND
non_residential_zoning; not_clear_individual_owner; sale_year_unknown_needs_enrichment,4601 N DEXTER ST,,BURLINGTON NORTHERN RR CO PROPERTY TAX DEPARTMENT,I-B,20501,,,119202007000,VACANT LAND
non_residential_zoning,4800 E 48TH AVE,80216-3214,"MORENO,ISRAEL M",I-B,91194,2006,1,119100087000,VACANT LAND
not_clear_individual_owner; sold_after_2021_not_5_year_hold,4591 N BEELER CT,,DRURY DEVELOPMENT CORP,M-IMX-12,35077,2025,2000000,115308004000,VACANT LAND
non_residential_zoning; not_clear_individual_owner; sale_year_unknown_needs_enrichment,3648 N DOWNING ST,80205-2414,DOMA LLC,C-MX-5,84921,,,226302029000,VACANT LAND
non_residential_zoning; not_clear_individual_owner,3850 N QUENTIN ST,,DERMODY FAMILY LIMITED PARTNERSHIP II,I-B,52293,2008,2050000,125200080000,VACANT LAND
not_clear_individual_owner,5240 N CENTRAL PARK BLVD,,PARK CREEK METROPOLITAN DISTRICT,M-RX-5,14863,2019,10,115200113000,VACANT LAND /GENERAL COMMON ELEMENTS
not_clear_individual_owner; sale_year_unknown_needs_enrichment,4693 N DILLON ST,,MONTBELLO 14400 LLC,S-RH-2.5,37379,,,19217001000,VACANT LAND
non_residential_zoning; not_clear_individual_owner; sold_after_2021_not_5_year_hold,2800 CHESTNUT PL,,DENARGO MARKET METROPOLITAN DISTRICT NO 1,C-MX-20,16297,2025,10,227400103000,VACANT LAND /GENERAL COMMON ELEMENTS
non_residential_zoning; not_clear_individual_owner,3920 N FOX ST,,39FOXST LLC,I-A,18750,2020,10,222326009000,VACANT LAND
non_residential_zoning; not_clear_individual_owner; sold_after_2021_not_5_year_hold,19202 HIGH POINT BLVD,,ACM HIGH POINT VI C LLC,C-MU-30,428520,2023,0,3109005000,VACANT LAND
not_clear_individual_owner,19410 E 40TH AVE,,GVR METROPOLITAN DISTRICT,R-2,29122,2004,10,22422022000,VACANT LAND /GENERAL COMMON ELEMENTS
non_residential_zoning; sale_year_unknown_needs_enrichment,4500 ELATI WAY,80216,VITA FOX NORTH LP,C-MX-12,92132,,,222212001000,VACANT LAND
non_residential_zoning; not_clear_individual_owner,4891 N SPRUCE WAY,,CITY & COUNTY OF DENVER,OS-A,285361,2008,0,116300016000,VACANT LAND /GENERAL COMMON ELEMENTS
not_clear_individual_owner; sold_after_2021_not_5_year_hold,5883 N BOSTON CT,,PARK CREEK METROPOLITAN DISTRICT,M-RX-5,17235,2023,0,110300075000,VACANT LAND /GENERAL COMMON ELEMENTS
non_residential_zoning; not_clear_individual_owner,1000 CHOPPER CIR APPRX,80204-5805,REGIONAL TRANSPORTATION DISTRICT,C-MU-30,10242,2019,10,233503037000,VACANT LAND /GENERAL COMMON ELEMENTS
not_clear_individual_owner; sold_after_2021_not_5_year_hold,8902 E NORTHFIELD BLVD APPRX,,CITY & COUNTY OF DENVER,M-IMX-5,27726,2025,0,121100063000,VACANT LAND /GENERAL COMMON ELEMENTS
not_clear_individual_owner; sale_year_unknown_needs_enrichment,7989 E 25TH AVE,,CITY & COUNTY OF DENVER,R-MU-20,8773,,,133230019000,VACANT LAND /GENERAL COMMON ELEMENTS
not_clear_individual_owner; sold_after_2021_not_5_year_hold,5075 E 50TH DR,,CITY & COUNTY OF DENVER,M-RX-5,45863,2025,500,116400045000,VACANT LAND /GENERAL COMMON ELEMENTS
non_residential_zoning; not_clear_individual_owner,19013 E 57TH PL,,FIRST CREEK OWNERS ASSOCIATION,C-MU-30,7440,2010,0,10205088000,VACANT LAND /GENERAL COMMON ELEMENTS
not_clear_individual_owner,4977 N TAMARAC ST,80216,EXPRESSIONS AND HERITAGE AT STAPLETON HOMEOWNERS ASSN INC,M-RX-5,9136,2012,558000,116500074000,VACANT LAND /GENERAL COMMON ELEMENTS
not_clear_individual_owner,4932 N AKRON ST,,STAPLETON NORTH FILINGS 42 & 45 HOA INC,M-RX-5,7872,2015,10,116400095000,VACANT LAND /GENERAL COMMON ELEMENTS
not_clear_individual_owner,5475 N MEMPHIS ST,,PARKFIELD FILING NO 14 HOMEOWNERS ASSOCIATION INC,PUD,164892,2011,10,17100026000,VACANT LAND /GENERAL COMMON ELEMENTS
non_residential_zoning; not_clear_individual_owner,5331 N ROSLYN ST VCNT,,CITY & COUNTY OF DENVER,I-B,96528,2020,10,116200018000,VACANT LAND
non_residential_zoning; not_clear_individual_owner; sale_year_unknown_needs_enrichment,4801 N FEDERAL BLVD,,STATE OF COLORADO DEPARTMENT OF TRANSPORTATION,B-2,170000,,,217300007000,VACANT LAND /GENERAL COMMON ELEMENTS
not_clear_individual_owner,4984 N WILLOW ST,,PARK CREEK METROPOLITAN DISTRICT,M-RX-5,15491,2016,10,116400070000,VACANT LAND /GENERAL COMMON ELEMENTS
not_clear_individual_owner,5081 N VERBENA ST,80216,EXPRESSIONS AND HERITAGE AT STAPLETON HOMEOWNERS ASSN INC,M-RX-5,10924,2013,558000,116500069000,VACANT LAND /GENERAL COMMON ELEMENTS
not_clear_individual_owner,10519 E 28TH AVE,,PARK CREEK METROPOLITAN DISTRICT,R-MU-20,9828,2005,10,127400099000,VACANT LAND /GENERAL COMMON ELEMENTS
non_residential_zoning; not_clear_individual_owner,4001 N COLUMBINE ST,,CLAUDREY LLC,I-B,16442,2015,1275000,224300067000,VACANT LAND
tier1_confirmed_basic_filters_before_growth_proximity,4900 N GRANT ST,80216-2052,"ARCHULETA,BARBARA A & WESLEY D",E-SU-D,9370,2015,10,215412007000,VACANT LAND
not_clear_individual_owner,9358 N CHESTER WAY,,KB HOME COLORADO INC,M-RX-5,9093,2017,1190000,110300117000,VACANT LAND /GENERAL COMMON ELEMENTS
non_residential_zoning; not_clear_individual_owner; sale_year_unknown_needs_enrichment,3801 N ULSTER ST,,REGIONAL TRANSPORTATION DISTRICT,C-MX-16,290512,,,128102001000,VACANT LAND
non_residential_zoning; not_clear_individual_owner,9000 E SMITH RD VCNT,,PARK CREEK METROPOLITAN DISTRICT,OS-B,11828,2007,0,128100023000,VACANT LAND
non_residential_zoning; not_clear_individual_owner,4600 N LEYDEN ST,,MONACO I LLC,I-B,11710,2007,4500000,120200127000,VACANT LAND
non_residential_zoning; not_clear_individual_owner; sale_year_unknown_needs_enrichment,19006 E 72ND AVE,,BOTTLING GROUP LLC,C-MU-20,220376,,,3100124000,VACANT LAND /GENERAL COMMON ELEMENTS
not_clear_individual_owner,4598 W 37TH AVE,,HIGHLANDS GARDEN VILLAGE MASTER ASSOCIATION,PUD,7750,1999,10,230246003000,VACANT LAND /GENERAL COMMON ELEMENTS
non_residential_zoning; not_clear_individual_owner; sale_year_unknown_needs_enrichment,3200 N GALAPAGO ST,,BURLINGTON NORTHERN RR CO PROPERTY TAX DEPARTMENT,C-MX-12,11288,,,227800004000,VACANT LAND
not_clear_individual_owner; sale_year_unknown_needs_enrichment,100 E 48TH AVE,,BURLINGTON NORTHERN RR CO PROPERTY TAX DEPARTMENT,E-SU-D,49900,,,215400011000,VACANT LAND /GENERAL COMMON ELEMENTS
non_residential_zoning; not_clear_individual_owner,5055 W RIVER DR,,CITY & COUNTY OF DENVER,I-B,78220,2019,10,214300112000,VACANT LAND
non_residential_zoning; not_clear_individual_owner,4435 N BRIGHTON BLVD,,STATE OF COLORADO DEPARTMENT OF TRANSPORTATION,I-MX-8,15350,1998,124150,223100070000,VACANT LAND /GENERAL COMMON ELEMENTS
not_clear_individual_owner; sale_year_unknown_needs_enrichment,4101 N WILLOW ST APPRX,,FC STAPLETON II LLC,M-IMX-12,13895,,,121400131000,VACANT LAND /GENERAL COMMON ELEMENTS
not_clear_individual_owner; sold_after_2021_not_5_year_hold,6360 N GALENA WAY,,PARK CREEK METROPOLITAN DISTRICT,M-RX-5,9889,2023,0,110100293000,VACANT LAND /GENERAL COMMON ELEMENTS
non_residential_zoning; not_clear_individual_owner; sold_after_2021_not_5_year_hold,19292 HIGH POINT BLVD,,CITY & COUNTY OF DENVER,OS-A,364957,2023,4641903,3109006000,VACANT LAND
not_clear_individual_owner,4980 N AKRON ST,,STAPLETON NORTH FILINGS 42 & 45 HOA INC,M-RX-5,7488,2015,10,116400081000,VACANT LAND /GENERAL COMMON ELEMENTS
not_clear_individual_owner; sold_after_2021_not_5_year_hold,6684 N CEYLON ST,80249-8650,ALTARIA AT HIGH POINT COMMUNITY ASSOCIATION INC,R-MU-20,16356,2022,0,3100088000,VACANT LAND /GENERAL COMMON ELEMENTS
not_clear_individual_owner,2913 N ALTON CT,,PARK CREEK METROPOLITAN DISTRICT,R-MU-20,10067,2003,0,127302012000,VACANT LAND /GENERAL COMMON ELEMENTS
non_residential_zoning; not_clear_individual_owner; sale_year_unknown_needs_enrichment,1700 13TH ST,,CITY & COUNTY OF DENVER,CPV-C,66864,,,233501023000,VACANT LAND /GENERAL COMMON ELEMENTS
not_clear_individual_owner; sale_year_unknown_needs_enrichment,4553 N FILLMORE ST,80216-4034,DEPT OF TRANSPORTATION STATE OF COLORADO,E-TU-B,11044,,,224222026000,VACANT LAND /GENERAL COMMON ELEMENTS
not_clear_individual_owner; sold_after_2021_not_5_year_hold,6350 N EMPORIA CT,,PARK CREEK METROPOLITAN DISTRICT,M-RX-5,8438,2023,0,110100289000,VACANT LAND /GENERAL COMMON ELEMENTS
not_clear_individual_owner,4102 N HIMALAYA RD,,GVR METROPOLITAN DISTRICT,R-2-A,8239,2002,10,23305016000,VACANT LAND /GENERAL COMMON ELEMENTS
non_residential_zoning,4754 N BRIGHTON BLVD,80216-2215,"RIBOTA,PEDRO & SERGIO",I-MX-3,8060,2010,0,223107034000,VACANT LAND
not_clear_individual_owner; sale_year_unknown_needs_enrichment,6970 N BUCKLEY RD,,CITY & COUNTY OF DENVER,DIA,12525131,,,4100170000,VACANT LAND
not_clear_individual_owner; sold_after_2021_not_5_year_hold,9390 E 61ST AVE,,PARK CREEK METROPOLITAN DISTRICT,M-RX-5,25873,2023,0,110300032000,VACANT LAND /GENERAL COMMON ELEMENTS
not_clear_individual_owner; sold_after_2021_not_5_year_hold,4708 N LAREDO ST,,DENVER CONNECTION WEST METROPOLITAN DISTRICT,PUD,9555,2023,0,20200025000,VACANT LAND /GENERAL COMMON ELEMENTS
not_clear_individual_owner; sold_after_2021_not_5_year_hold,4671 N TELLURIDE ST,,CITY & COUNTY OF DENVER,PUD,135591,2024,0,21127002000,VACANT LAND /GENERAL COMMON ELEMENTS
non_residential_zoning; not_clear_individual_owner; sale_year_unknown_needs_enrichment,5085 N KINGSTON ST,,UNION PACIFIC RAILROAD COMPANY,I-B,16000,,,114303019000,VACANT LAND
non_residential_zoning; not_clear_individual_owner; sale_year_unknown_needs_enrichment,5330 N COOK ST,,CITY & COUNTY OF DENVER,I-A,12750,,,213100021000,VACANT LAND /GENERAL COMMON ELEMENTS
not_clear_individual_owner,15445 E ANDREWS DR,,SAND CREEK METROPOLITAN DISTRICT,GTWY,43565,2000,10,20303003000,VACANT LAND /GENERAL COMMON ELEMENTS
not_clear_individual_owner; sale_year_unknown_needs_enrichment,4084 N WILLOW ST APPRX,,FC STAPLETON II LLC,M-IMX-12,11288,,,121400132000,VACANT LAND /GENERAL COMMON ELEMENTS
non_residential_zoning; not_clear_individual_owner,4153 N PICADILLY RD,80249-8648,CLUNY LLC,S-MX-3,73032,2020,0,23409061000,VACANT LAND
not_clear_individual_owner,10800 E 27TH AVE,,CITY & COUNTY OF DENVER,R-MU-20,38947,2019,500,126300034000,VACANT LAND /GENERAL COMMON ELEMENTS
not_clear_individual_owner; sale_year_unknown_needs_enrichment,2601 N HAVANA ST -3101,,CITY & COUNTY OF DENVER,M-RX-5,36761,,,127400116000,VACANT LAND /GENERAL COMMON ELEMENTS
not_clear_individual_owner,4934 N XENIA ST,,CITY & COUNTY OF DENVER,M-RX-5,93667,2020,0,116400088000,VACANT LAND /GENERAL COMMON ELEMENTS
not_clear_individual_owner,3467 N DAYTON CT,,PARK CREEK METROPOLITAN DISTRICT,R-MU-20,10247,2005,10,127401016000,VACANT LAND /GENERAL COMMON ELEMENTS
not_clear_individual_owner; sold_after_2021_not_5_year_hold,2046 N TAMARAC ST,,CITY & COUNTY OF DENVER,R-MU-20,10560,2025,500,133200035000,VACANT LAND /GENERAL COMMON ELEMENTS
not_clear_individual_owner; sold_after_2021_not_5_year_hold,10273 E 60TH AVE,,PARK CREEK METROPOLITAN DISTRICT,M-RX-5,12212,2023,0,110100032000,VACANT LAND /GENERAL COMMON ELEMENTS
not_clear_individual_owner,9200 E 52ND DR,,CITY & COUNTY OF DENVER,M-RX-5,28730,2021,0,115200094000,VACANT LAND /GENERAL COMMON ELEMENTS
non_residential_zoning; not_clear_individual_owner,5500 N TOWER RD,,CITY & COUNTY OF DENVER,C-MU-20,120733,2015,0,15200169000,VACANT LAND /GENERAL COMMON ELEMENTS
not_clear_individual_owner,16100 E 56TH AVE,,CITY & COUNTY OF DENVER,DIA,666938,1994,0,17100005000,VACANT LAND
non_residential_zoning; not_clear_individual_owner; sold_after_2021_not_5_year_hold,2240 VERBENA ST,80238-3303,RK LAND INVESTMENTS LLC,C-MU-20,21089,2025,0,133112033000,VACANT LAND
non_residential_zoning; not_clear_individual_owner; sale_year_unknown_needs_enrichment,1800 PARK AVE W,,BURLINGTON NORTHERN RR CO PROPERTY TAX DEPARTMENT,C-MX-12,44121,,,227800245000,VACANT LAND
not_clear_individual_owner; sold_after_2021_not_5_year_hold,8125 E MONTVIEW BLVD,,PARK CREEK METROPOLITAN DISTRICT,R-MU-20,17749,2023,0,133200041000,VACANT LAND /GENERAL COMMON ELEMENTS
non_residential_zoning; not_clear_individual_owner,2450 CURTIS ST,80205-2630,FIRSTGROUP SERVICES,U-MX-3,40798,2021,414600,234211018000,VACANT LAND
not_clear_individual_owner; sold_after_2021_not_5_year_hold,9041 E 61ST AVE,,CITY & COUNTY OF DENVER,M-RX-5,80929,2025,0,110300020000,VACANT LAND /GENERAL COMMON ELEMENTS
non_residential_zoning; not_clear_individual_owner,2247 LARIMER ST,,LARIMER 23 LLC,C-MX-8,15627,2012,1562500,227901011000,VACANT LAND
not_clear_individual_owner; sale_year_unknown_needs_enrichment,4054 N WILLOW ST,,FC STAPLETON II LLC,M-IMX-12,101917,,,121403002000,VACANT LAND
non_residential_zoning; not_clear_individual_owner; sale_year_unknown_needs_enrichment,6310 N TELLURIDE WAY,,AVIATION STATION NORTH METROPOLITAN DISTRICT,S-MX-8,97222,,,9100159000,VACANT LAND /GENERAL COMMON ELEMENTS
non_residential_zoning; not_clear_individual_owner,4901 N FOREST ST,,BN LEASING CORP,I-B,45252,1991,10,118401007000,VACANT LAND
non_residential_zoning; not_clear_individual_owner; sold_after_2021_not_5_year_hold,18072 E 57TH AV,,IMKD 8 LLC,C-MU-30,114250,2025,29616600,9100175000,VACANT LAND /GENERAL COMMON ELEMENTS
not_clear_individual_owner; sold_after_2021_not_5_year_hold,6308 N FULTON CT,,PARK CREEK METROPOLITAN DISTRICT,M-RX-5,27531,2023,0,110100266000,VACANT LAND /GENERAL COMMON ELEMENTS
not_clear_individual_owner; sold_after_2021_not_5_year_hold,8600 N WILLOW ST,,CITY & COUNTY OF DENVER,M-RX-5,53452,2025,500,116400042000,VACANT LAND /GENERAL COMMON ELEMENTS
sold_after_2021_not_5_year_hold,2861 W 52ND AVE,80221-1259,FRONT LINE FARMING,R-MU-30,18884,2024,0,217100362000,VACANT LAND
non_residential_zoning; not_clear_individual_owner,10004 E 45TH AVE MISC,,CITY & COUNTY OF DENVER,C-MU-30,49658,2015,10,115407005000,VACANT LAND /GENERAL COMMON ELEMENTS
not_clear_individual_owner,5048 N AKRON ST,,EXPRESSIONS AT STAPLETON LLC,M-RX-5,7120,2014,600000,116400077000,VACANT LAND /GENERAL COMMON ELEMENTS
non_residential_zoning; not_clear_individual_owner; sale_year_unknown_needs_enrichment,14800 E 56TH AVE,,CITY & COUNTY OF DENVER,OS-A,40900,,,18105015000,VACANT LAND /GENERAL COMMON ELEMENTS
not_clear_individual_owner,5294 N CHESTER ST,,PARK CREEK METROPOLITAN DISTRICT,M-RX-5,17201,2019,10,115200109000,VACANT LAND /GENERAL COMMON ELEMENTS
not_clear_individual_owner,3330 N CENTRAL PARK BLVD,80238-3385,PARK CREEK METROPOLITAN DISTRICT,R-MU-20,18575,2006,0,128515017000,VACANT LAND /GENERAL COMMON ELEMENTS
non_residential_zoning; not_clear_individual_owner,13200 E 43RD AVE,,STATE OF COLORADO DEPARTMENT OF TRANSPORTATION,I-0,466202,1994,0,124600024000,VACANT LAND /GENERAL COMMON ELEMENTS
non_residential_zoning; not_clear_individual_owner,8901 E 20TH AVE,,CITY & COUNTY OF DENVER,OS-A,8633,2005,500,134200007000,VACANT LAND
not_clear_individual_owner; sale_year_unknown_needs_enrichment,4201 N DURHAM CT REAR,,STATE OF COLORADO DEPARTMENT OF TRANSPORTATION,R-1,7634,,,19310046000,VACANT LAND /GENERAL COMMON ELEMENTS
not_clear_individual_owner; sold_after_2021_not_5_year_hold,5470 N WILLOW ST,,CITY & COUNTY OF DENVER,M-RX-5,32683,2025,500,116100054000,VACANT LAND /GENERAL COMMON ELEMENTS
non_residential_zoning; not_clear_individual_owner,18501 E 52ND AVE APPRX,,CITY & COUNTY OF DENVER,C-MU-20,45531,2015,0,15200177000,VACANT LAND /GENERAL COMMON ELEMENTS
not_clear_individual_owner; sold_after_2021_not_5_year_hold,5964 N BEELER CT,80238-2367,CITY & COUNTY OF DENVER,M-RX-5,17482,2025,500,110300052000,VACANT LAND /GENERAL COMMON ELEMENTS
non_residential_zoning; not_clear_individual_owner,4800 N KALAMATH ST,,UNION PACIFIC RAILROAD COMPANY,I-B,118150,1997,0,216400024000,VACANT LAND
not_clear_individual_owner; sold_after_2021_not_5_year_hold,6596 N CEYLON ST,80249-8650,ALTARIA AT HIGH POINT COMMUNITY ASSOCIATION INC,R-MU-20,16439,2022,0,3100089000,VACANT LAND /GENERAL COMMON ELEMENTS
not_clear_individual_owner; sale_year_unknown_needs_enrichment,2798 DELGANY ST,,DENARGO MARKET METROPOLITAN DISTRICT NO 1,PUD,13006,,,227400116000,VACANT LAND /GENERAL COMMON ELEMENTS
not_clear_individual_owner,10421 E 26TH AVE,,PARK CREEK METROPOLITAN DISTRICT,R-MU-20,11388,2005,10,127400101000,VACANT LAND /GENERAL COMMON ELEMENTS
not_clear_individual_owner,19348 E 40TH AVE MISC,,GVR METROPOLITAN DISTRICT,R-2,27997,2004,10,22423047000,VACANT LAND /GENERAL COMMON ELEMENTS
not_clear_individual_owner,9751 E 63RD DR APPRX,,FC STAPLETON II LLC,M-RX-5,17180,2016,0,110100311000,VACANT LAND /GENERAL COMMON ELEMENTS
not_clear_individual_owner; sale_year_unknown_needs_enrichment,4004 N WILLOW ST,,FC STAPLETON II LLC,M-IMX-12,35509,,,121403003000,VACANT LAND
non_residential_zoning; not_clear_individual_owner; sold_after_2021_not_5_year_hold,8048 E SMITH RD,,PARK CREEK METROPOLITAN DISTRICT,C-MX-16,11082,2024,0,128100055000,VACANT LAND /GENERAL COMMON ELEMENTS
non_residential_zoning; not_clear_individual_owner,4300 N PONTIAC ST,,STATE OF COLORADO DEPARTMENT OF TRANSPORTATION,I-B,14701,1988,0,120100058000,VACANT LAND /GENERAL COMMON ELEMENTS
not_clear_individual_owner,7972 E 49TH PL,80216,PARK CREEK METROPOLITAN DISTRICT,M-RX-5,7738,2014,0,116500065000,VACANT LAND /GENERAL COMMON ELEMENTS
not_clear_individual_owner; sale_year_unknown_needs_enrichment,14396 E ANDREWS AVE,80239,MONTBELLO 14400 LLC,S-RH-2.5,8094,,,19200048000,VACANT LAND /GENERAL COMMON ELEMENTS
not_clear_individual_owner,4791 N FLANDERS WAY,,GVR METROPOLITAN DISTRICT,R-2,11660,2008,0,22100038000,VACANT LAND /GENERAL COMMON ELEMENTS
non_residential_zoning; not_clear_individual_owner,6850 N ARGONNE ST,80249-8770,DENVER HIGH POINT AT DIA METRO DISTRICT,C-MU-20,156323,2008,0,3100040000,VACANT LAND
not_clear_individual_owner; sale_year_unknown_needs_enrichment,8708 E 40TH AVE APPRX,,FC STAPLETON II LLC,M-IMX-12,68694,,,121400137000,VACANT LAND /GENERAL COMMON ELEMENTS
not_clear_individual_owner; sold_after_2021_not_5_year_hold,4201 N PICADILLY RD,80249,CITY & COUNTY OF DENVER,S-RH-2.5,111845,2022,0,23400039000,VACANT LAND
not_clear_individual_owner,15555 E 40TH AVE # TR-F,,PHASE 1 GATEWAY PARK TOWNHOMES HOMEOWNERS ASSOCIATION,GTWY,37784,2000,10,20304050000,VACANT LAND /GENERAL COMMON ELEMENTS
non_residential_zoning; not_clear_individual_owner; sale_year_unknown_needs_enrichment,3700 DELGANY ST,,ECI SRC HUDSON LLC,I-MX-8,18076,,,227107074000,VACANT LAND
non_residential_zoning; not_clear_individual_owner,602 W 29TH AVE,,CENTERFIELD DEVELOPMENT LLC,C-MX-12,15002,2018,2000000,227816011000,VACANT LAND
non_residential_zoning; not_clear_individual_owner; sold_after_2021_not_5_year_hold,2601 N PEORIA ST APPRX,,CITY & COUNTY OF DENVER,C-MU-20,42352,2025,10,126400008000,VACANT LAND /GENERAL COMMON ELEMENTS
non_residential_zoning; not_clear_individual_owner,19085 E 58TH AVE MISC,,FIRST CREEK OWNERS ASSOCIATION,C-MU-30,7440,2010,0,10202089000,VACANT LAND /GENERAL COMMON ELEMENTS
non_residential_zoning; not_clear_individual_owner,3501 E 46TH AVE,80216-4214,DEPARTMENT OF TRANSPORTATION STATE OF COLORADO,I-A,59868,2015,2045000,224100028000,VACANT LAND /GENERAL COMMON ELEMENTS
non_residential_zoning; not_clear_individual_owner; sale_year_unknown_needs_enrichment,5400 E 43RD AVE,,UNION PACIFIC RAILROAD COMPANY,I-B,17000,,,119100025000,VACANT LAND
non_residential_zoning; not_clear_individual_owner; sold_after_2021_not_5_year_hold,2060 38TH ST,,MENALTO III LLC,I-MX-8,8771,2023,10,227109023000,VACANT LAND
not_clear_individual_owner; sold_after_2021_not_5_year_hold,9105 E 61ST DR,,CITY & COUNTY OF DENVER,M-RX-5,15041,2025,0,110300001000,VACANT LAND /GENERAL COMMON ELEMENTS
non_residential_zoning; not_clear_individual_owner; sale_year_unknown_needs_enrichment,4200 N SHERMAN ST,,BURLINGTON NORTHERN RR CO PROPERTY TAX DEPARTMENT,I-A,31457,,,222406001000,VACANT LAND
not_clear_individual_owner,8090 E 55TH AVE,,PARK CREEK METROPOLITAN DISTRICT,M-RX-5,8621,2014,0,116100085000,VACANT LAND /GENERAL COMMON ELEMENTS
not_clear_individual_owner; sold_after_2021_not_5_year_hold,5791 N BEELER ST,,CITY & COUNTY OF DENVER,M-RX-5,18762,2025,500,110300103000,VACANT LAND /GENERAL COMMON ELEMENTS
not_clear_individual_owner,5998 N FULTON ST,,PORTRAIT F54 AT STAPLETON HOMEOWNERS ASSOCIATION INC,M-RX-5,12684,2021,0,110100035000,VACANT LAND /GENERAL COMMON ELEMENTS
not_clear_individual_owner,2250 N UINTA ST,,GARDEN COURTS AT STAPLETON IV HOMEOWNERS ASSOCIATION,R-MU-20,8123,2009,10,133123060000,VACANT LAND /GENERAL COMMON ELEMENTS
non_residential_zoning; not_clear_individual_owner; sold_after_2021_not_5_year_hold,6755 N DUNKIRK ST APPRX,,STORAGE BROTHERS LLC,C-MU-30,9731,2026,0,3109008000,VACANT LAND
non_residential_zoning; not_clear_individual_owner; sale_year_unknown_needs_enrichment,1315 N FEDERAL BLVD,,REGIONAL TRANSPORTATION DISTRICT,C-MX-5,14743,,,505218038000,VACANT LAND
non_residential_zoning; not_clear_individual_owner; sale_year_unknown_needs_enrichment,5660 E JEWELL AVE,80224-2302,CITY & COUNTY OF DENVER,OS-A,101000,,,629200052000,VACANT LAND
not_clear_individual_owner; sold_after_2021_not_5_year_hold,4804 N ORLEANS ST,,EBERT METROPOLITAN DISTRICT,R-MU-20,13971,2025,0,23113027000,VACANT LAND /GENERAL COMMON ELEMENTS
non_residential_zoning; not_clear_individual_owner; sold_after_2021_not_5_year_hold,1055 N CLERMONT ST APPRX,80220-3808,GME I LLC,CMP-H,9923,2023,0,606300076000,VACANT LAND /GENERAL COMMON ELEMENTS
non_residential_zoning; not_clear_individual_owner; sale_year_unknown_needs_enrichment,501 N FEDERAL BLVD,,CITY & COUNTY OF DENVER,OS-A,8520,,,508301005000,VACANT LAND /GENERAL COMMON ELEMENTS
non_residential_zoning; not_clear_individual_owner; sold_after_2021_not_5_year_hold,6755 N DUNKIRK ST,,STORAGE BROTHERS LLC,C-MU-30,127356,2026,0,3109007000,VACANT LAND
non_residential_zoning; not_clear_individual_owner,780 N ACOMA ST,80204-4020,KLR COMPANY,D-GT,67635,1992,0,503714026000,VACANT LAND
non_residential_zoning; not_clear_individual_owner,931 S BROADWAY ST APPRX,,BSP EAST LLC,C-MX-12,16463,2017,10,515506028000,VACANT LAND /GENERAL COMMON ELEMENTS
non_residential_zoning; not_clear_individual_owner; sold_after_2021_not_5_year_hold,18501 E 63RD AVE,80249-9272,GATEWAY NORTH LLC,C-MU-10,74640,2026,0,10223004000,VACANT LAND
non_residential_zoning; not_clear_individual_owner; sold_after_2021_not_5_year_hold,18381 GREEN VALLEY RANCH BL,80249-7761,BELLA BLUE LLC,C-MU-10,32914,2026,0,16103013000,VACANT LAND
non_residential_zoning; not_clear_individual_owner; sale_year_unknown_needs_enrichment,5001 N RACE ST,,PUBLIC SERVICE CO,I-B,20400,,,214400013000,VACANT LAND
not_clear_individual_owner,7805 E 9TH AVE,,LOWRY COMMUNITY MASTER ASSOCIATION INC,R-2-A,42811,2004,10,604325018000,VACANT LAND /GENERAL COMMON ELEMENTS
not_clear_individual_owner,20302 GREEN VALLEY RANCH BLVD,,GVR METROPOLITAN DISTRICT,R-2,19600,2002,10,23207017000,VACANT LAND /GENERAL COMMON ELEMENTS
non_residential_zoning; not_clear_individual_owner; sold_after_2021_not_5_year_hold,18606 E 64TH AVE,80249,GATEWAY NORTH LLC,C-MU-10,67230,2026,0,10223006000,VACANT LAND
non_residential_zoning; not_clear_individual_owner; sold_after_2021_not_5_year_hold,18651 E 63RD AVE,80249,GATEWAY NORTH LLC,C-MU-10,90523,2026,0,10223005000,VACANT LAND
not_clear_individual_owner; sale_year_unknown_needs_enrichment,1401 S ZENOBIA ST,,POPLAR GROVE HOMEOWNERS ASSOCIATION INC,PUD,12400,,,519221032000,VACANT LAND /GENERAL COMMON ELEMENTS
not_clear_individual_owner; sold_after_2021_not_5_year_hold,4803 N ORLEANS ST MISC,,EBERT METROPOLITAN DISTRICT,R-MU-20,20564,2025,0,23114016000,VACANT LAND /GENERAL COMMON ELEMENTS
non_residential_zoning; not_clear_individual_owner; sold_after_2021_not_5_year_hold,4801 N FUNDY ST,,EBERT METROPOLITAN DISTRICT,C-MU-20,7352,2025,0,15413009000,VACANT LAND /GENERAL COMMON ELEMENTS
non_residential_zoning; not_clear_individual_owner,792 N FEDERAL BLVD,,CITY & COUNTY OF DENVER,I-A,7188,2016,0,508100153000,VACANT LAND /GENERAL COMMON ELEMENTS
non_residential_zoning; not_clear_individual_owner; sale_year_unknown_needs_enrichment,4600 N WASHINGTON ST,,CITY & COUNTY OF DENVER,I-A,10412,,,223200271000,VACANT LAND /GENERAL COMMON ELEMENTS
not_clear_individual_owner; sold_after_2021_not_5_year_hold,9912 E 61ST AVE,,CITY & COUNTY OF DENVER,M-RX-5,72728,2026,10,110100044000,VACANT LAND /GENERAL COMMON ELEMENTS
non_residential_zoning; not_clear_individual_owner,2100 S SANTA FE DR,,UNION PACIFIC RAILROAD COMPANY,I-MX-3,29100,1997,0,527200031000,VACANT LAND
tier1_confirmed_basic_filters_before_growth_proximity,3737 N FILLMORE ST,80205-3643,"FLECK,ROSS",U-SU-B1,7930,2021,399900,225204006000,VACANT LAND
non_residential_zoning; not_clear_individual_owner,9791 W STANFORD AVE,80123-1076,STANFORD COMMONS HOA INC,B-2,14612,2016,0,910201121000,VACANT LAND /GENERAL COMMON ELEMENTS
not_clear_individual_owner,475 N DALLAS ST,80230,LOWRY COMMUNITY MASTER ASSOCIATION,R-2-A,18335,2011,10,610200027000,VACANT LAND /GENERAL COMMON ELEMENTS
non_residential_zoning; not_clear_individual_owner,1635 W 13TH AVE MISC,80204-2403,REGIONAL TRANSPORTATION DISTRICT,I-MX-5,74230,2011,0,504217014000,VACANT LAND
sold_after_2021_not_5_year_hold,6840 E 6TH AVENUE PKWY,80220-6056,"BURT,NICOLE",E-SU-DX,11000,2023,0,608103014000,VACANT LAND
non_residential_zoning,123 E SPEER BLVD,80203-3417,123 SPEER OWNER LP,C-MX-12,100525,2021,100,503907013000,VACANT LAND
not_clear_individual_owner; sale_year_unknown_needs_enrichment,26100 E 88TH AVE APPRX,,CITY & COUNTY OF DENVER,DIA,27940564,,,1211100022000,VACANT LAND
non_residential_zoning; not_clear_individual_owner,3700 W HAMPDEN AVE,,TRANS AM DENVER LTD,OS-B,41799,1997,10,531500017000,VACANT LAND /GENERAL COMMON ELEMENTS
non_residential_zoning; not_clear_individual_owner; sale_year_unknown_needs_enrichment,8625 E 11TH AVE,,CITY & COUNTY OF DENVER,OS-A,46714,,,604135054000,VACANT LAND
not_clear_individual_owner; sold_after_2021_not_5_year_hold,4502 S NEWPORT WAY,,MADRE INVESTMENT CO,T-MU-30,87995,2022,0,708411014000,VACANT LAND
not_clear_individual_owner,6900 W GRANT RANCH BLVD TR-G,,POPPY HILLS OWNERS ASSOCIATION INC,R-2-A,22525,1998,0,914501103000,VACANT LAND /GENERAL COMMON ELEMENTS
not_clear_individual_owner,6900 W GRANT RANCH BLVD TR-H,,POPPY HILLS OWNERS ASSOCIATION INC,R-2-A,7081,1998,0,914501104000,VACANT LAND /GENERAL COMMON ELEMENTS
non_residential_zoning; not_clear_individual_owner; sale_year_unknown_needs_enrichment,1800 S SHERIDAN BLVD,80232-8000,CITY & COUNTY OF DENVER,OS-A,57700,,,519300017000,VACANT LAND /GENERAL COMMON ELEMENTS
non_residential_zoning; not_clear_individual_owner; sale_year_unknown_needs_enrichment,2000 S DEXTER ST,,REGIONAL TRANSPORTATION DISTRICT,S-MX-3A,45000,,,630200001000,VACANT LAND
non_residential_zoning; not_clear_individual_owner; sale_year_unknown_needs_enrichment,2500 S COOK ST,80210-6234,CITY & COUNTY OF DENVER,OS-A,9560,,,525420010000,VACANT LAND /GENERAL COMMON ELEMENTS
not_clear_individual_owner,764 N SYRACUSE ST,,LOWRY COMMUNITY MASTER ASSOCIATION INC,R-1,11325,2005,0,604309016000,VACANT LAND /GENERAL COMMON ELEMENTS
non_residential_zoning; not_clear_individual_owner; sold_after_2021_not_5_year_hold,7600 E 53RD PL,80216,CITY & COUNTY OF DENVER,OS-B,111917,2026,500,116500001000,VACANT LAND /GENERAL COMMON ELEMENTS
non_residential_zoning; not_clear_individual_owner,2508 W COLFAX AVE,,CITY & COUNTY OF DENVER,OS-C,10900,2000,0,505100012000,VACANT LAND
non_residential_zoning; not_clear_individual_owner; sale_year_unknown_needs_enrichment,185 S SANTA FE DR APPRX,80223-1814,BURLINGTON NORTHERN RR CO PROPERTY TAX DEPARTMENT,I-A,29107,,,509600074000,VACANT LAND
not_clear_individual_owner; sold_after_2021_not_5_year_hold,9958 E 63RD DR,,CITY & COUNTY OF DENVER,M-RX-5,93245,2026,10,110100247000,VACANT LAND /GENERAL COMMON ELEMENTS
non_residential_zoning; not_clear_individual_owner; sale_year_unknown_needs_enrichment,5501 E PACIFIC PL,,REGIONAL TRANSPORTATION DISTRICT,S-MX-3A,35000,,,630100025000,VACANT LAND
not_clear_individual_owner; sold_after_2021_not_5_year_hold,790 N GRAPE ST,80220-5259,790 GRAPE STREET LLC,E-SU-D1X,8386,2025,1200000,606419015000,VACANT LAND
non_residential_zoning; not_clear_individual_owner; sold_after_2021_not_5_year_hold,907 S CHEROKEE ST APPRX,,BROADWAY STATION METROPOLITAN DISTRICT NO 1,C-MX-16,32647,2022,0,515500112000,VACANT LAND /GENERAL COMMON ELEMENTS
non_residential_zoning; sale_year_unknown_needs_enrichment,3700 S TENNYSON ST -3800,,UNITED STATES OF AMERICA,OS-B,125017,,,806100002000,VACANT LAND
not_clear_individual_owner,4605 S YOSEMITE ST,80237-2523,TERRACE AT STONEY BROOK TOWNHOMES,R-2,43570,1990,0,709121109000,VACANT LAND /GENERAL COMMON ELEMENTS
non_residential_zoning; not_clear_individual_owner; sold_after_2021_not_5_year_hold,5547 N IRELAND ST,,EBERT METROPOLITAN DISTRICT,C-MU-20,7266,2025,0,15100023000,VACANT LAND /GENERAL COMMON ELEMENTS
non_residential_zoning; not_clear_individual_owner; sale_year_unknown_needs_enrichment,5999 W 48TH AVE,80212-2711,5999 W 48TH AVE LLC,E-CC-3X,12230,,,313418020000,VACANT LAND
not_clear_individual_owner; sold_after_2021_not_5_year_hold,6350 N DALLAS WAY,,CITY & COUNTY OF DENVER,M-RX-5,27837,2026,10,110100233000,VACANT LAND /GENERAL COMMON ELEMENTS
not_clear_individual_owner; sold_after_2021_not_5_year_hold,9970 E 63RD AVE,,CITY & COUNTY OF DENVER,M-RX-5,28210,2026,10,110100246000,VACANT LAND /GENERAL COMMON ELEMENTS
not_clear_individual_owner; sold_after_2021_not_5_year_hold,5608 N DALLAS ST,,CITY & COUNTY OF DENVER,M-RX-5,127736,2026,10,110400058000,VACANT LAND /GENERAL COMMON ELEMENTS
non_residential_zoning; not_clear_individual_owner; sale_year_unknown_needs_enrichment,3900 E HAPPY CANYON RD,,BOARD OF WATER COMMISSIONERS CITY & COUNTY OF DENVER,OS-B,10606,,,705500011000,VACANT LAND
non_residential_zoning; not_clear_individual_owner; sale_year_unknown_needs_enrichment,6801 E CHERRY CREEK NORTH DR,,CITY & COUNTY OF DENVER,OS-C,43560,,,620106002000,VACANT LAND /GENERAL COMMON ELEMENTS
not_clear_individual_owner; sale_year_unknown_needs_enrichment,2401 W YALE AVE,,CITY & COUNTY OF DENVER,S-SU-F1,8090,,,532101040000,VACANT LAND /GENERAL COMMON ELEMENTS
non_residential_zoning; not_clear_individual_owner,1197 W ALAMEDA AVE,80223-2036,CITY & COUNTY OF DENVER,E-MX-3A,12795,2016,0,509600058000,VACANT LAND
non_residential_zoning,2450 W 13TH AVE APPRX,,GENERAL AIR SERVICE & SUPPLY,I-B,18229,2000,127970,504224008000,VACANT LAND
not_clear_individual_owner; sale_year_unknown_needs_enrichment,2699 S CLAY ST,80219-3513,PUBLIC SERVICE CO,E-SU-D1,19900,,,517421009000,VACANT LAND
not_clear_individual_owner,7449 E LOWRY BLVD,,STANDARD PACIFIC OF COLORADO INC,R-2-A,7969,2003,0,609302005000,VACANT LAND /GENERAL COMMON ELEMENTS
non_residential_zoning; not_clear_individual_owner,8135 E LOWRY BLVD,,THE HEIGHTS AT LOWRY HOMEOWNERS ASSOCIATION INC,B-3,8054,2016,0,609100149000,VACANT LAND /GENERAL COMMON ELEMENTS
non_residential_zoning; not_clear_individual_owner; sale_year_unknown_needs_enrichment,931 14TH ST,80202-2994,U S WEST COMMUNICATIONS INC,D-TD,31250,,,234539013000,VACANT LAND
not_clear_individual_owner,6803 E UNION BLVD,80202-5329,MADRE METROPOLITAN DIST NO 1,T-MU-30,80872,2013,0,708411011000,VACANT LAND /GENERAL COMMON ELEMENTS
non_residential_zoning; not_clear_individual_owner; sale_year_unknown_needs_enrichment,4701 S ULSTER ST,,GOLDSMITH METROPOLITAN DISTRICT,B-8,60373,,,709300092000,VACANT LAND /GENERAL COMMON ELEMENTS
not_clear_individual_owner; sold_after_2021_not_5_year_hold,343 S GAYLORD ST,80209-2714,343 S GAYLORD STREET LLC,U-SU-C,11340,2026,1800000,514103031000,VACANT LAND
non_residential_zoning; not_clear_individual_owner; sale_year_unknown_needs_enrichment,101 N QUITMAN ST,,CITY & COUNTY OF DENVER,OS-A,9370,,,507138005000,VACANT LAND /GENERAL COMMON ELEMENTS
non_residential_zoning; not_clear_individual_owner,3401 S AKRON ST,80231-4638,FIRSTBANK OF TECH CENTER,S-CC-3X,8320,1993,0,634316019000,VACANT LAND /GENERAL COMMON ELEMENTS
not_clear_individual_owner; sold_after_2021_not_5_year_hold,20596 E 55TH AVE MISC,,EBERT METROPOLITAN DISTRICT,R-MU-20,143704,2025,0,14300048000,VACANT LAND /GENERAL COMMON ELEMENTS
not_clear_individual_owner; sold_after_2021_not_5_year_hold,3298 N DAYTON CT,,STAPLETON COACH HOUSE OWNERS ASSOCIATION 9 11 & 12 INC,R-MU-20,10766,2025,10,127402054000,VACANT LAND /GENERAL COMMON ELEMENTS
non_residential_zoning; not_clear_individual_owner,8143 E LOWRY BLVD,,THE HEIGHTS AT LOWRY HOMEOWNERS ASSOCIATION INC,B-3,17374,2016,0,609100153000,VACANT LAND /GENERAL COMMON ELEMENTS
non_residential_zoning; not_clear_individual_owner,2888 W WARREN AVE,,HARVEY PARK BUILDING LLC,S-MU-3,17700,2002,10,529112016000,VACANT LAND
not_clear_individual_owner; sold_after_2021_not_5_year_hold,4670 S KIPLING CIR,,KIPLING WEST HOMEOWNERS ASSOCIATION INC,S-RH-2.5,34110,2024,0,910200013000,VACANT LAND /GENERAL COMMON ELEMENTS
not_clear_individual_owner; sold_after_2021_not_5_year_hold,3062 S BRYANT ST,80236-2833,CHATEAU BOUDREAUX LLC,S-SU-F1,9924,2026,1033000,532112075000,VACANT LAND
non_residential_zoning; not_clear_individual_owner; sale_year_unknown_needs_enrichment,700 N RARITAN ST,,BOARD OF WATER COMMISSIONERS CITY & COUNTY OF DENVER,I-B,191955,,,509200095000,VACANT LAND
non_residential_zoning; not_clear_individual_owner; sale_year_unknown_needs_enrichment,2750 W 14TH AVE,,REGIONAL TRANSPORTATION DISTRICT,C-MX-8,8929,,,505104063000,VACANT LAND /GENERAL COMMON ELEMENTS
non_residential_zoning; not_clear_individual_owner,5101 N HARLAN ST,,STATE OF COLORADO,I-MX-3,7790,1974,0,313404002000,VACANT LAND /GENERAL COMMON ELEMENTS
not_clear_individual_owner,6100 W QUINCY AVE APPRX,,TOWN OF BOW-MAR,R-1,23694,1995,944000,913200007000,VACANT LAND /GENERAL COMMON ELEMENTS
non_residential_zoning; not_clear_individual_owner; sale_year_unknown_needs_enrichment,301 N RARITAN WAY,,ATCHISON TOPEKA & SANTA FE RR CO,I-A,8640,,,509300018000,VACANT LAND
non_residential_zoning; not_clear_individual_owner; sold_after_2021_not_5_year_hold,4108 E 10TH AVE,80220-3718,9TH AVENUE METROPOLITAN DISTRICT NO 1,C-MU-10,31358,2025,0,606325002000,VACANT LAND /GENERAL COMMON ELEMENTS
not_clear_individual_owner; sold_after_2021_not_5_year_hold,9772 E 63RD DR,,CITY & COUNTY OF DENVER,M-RX-5,45822,2026,10,110100230000,VACANT LAND /GENERAL COMMON ELEMENTS
non_residential_zoning; not_clear_individual_owner; sold_after_2021_not_5_year_hold,5403 N ORLEANS ST -5493,,EBERT METROPOLITAN DISTRICT,C-MU-20,11985,2025,0,14100025000,VACANT LAND /GENERAL COMMON ELEMENTS
non_residential_zoning; not_clear_individual_owner,2801 W DARTMOUTH AVE,80236-2705,MILE HI CABLE PARTNERS LP,S-MX-3,11400,1993,0,532114042000,VACANT LAND
not_clear_individual_owner; sold_after_2021_not_5_year_hold,10300 E 47TH AVE,,CITY & COUNTY OF DENVER,M-IMX-12,39112,2026,10,115300076000,VACANT LAND /GENERAL COMMON ELEMENTS
non_residential_zoning; not_clear_individual_owner,200 W VIRGINIA AVE,,UNION PACIFIC RAILROAD COMPANY,I-B,139266,1997,0,515300043000,VACANT LAND
not_clear_individual_owner,26100 E 88TH AVE APPRX,,CITY & COUNTY OF DENVER,DIA,1249214,1988,0,1218100007000,VACANT LAND
not_clear_individual_owner; sold_after_2021_not_5_year_hold,28561 E 114TH AVE,,CITY & COUNTY OF DENVER,DIA,2497638,2022,0,1203100003000,VACANT LAND
not_clear_individual_owner; sold_after_2021_not_5_year_hold,859 N BELLAIRE ST,,9TH AVENUE METROPOLITAN DISTRICT NO 1,R-MU-20,34580,2025,0,606300077000,VACANT LAND
not_clear_individual_owner,7726 E SEVERN PL,,LOWRY COMMUNITY MASTER ASSOCIATION INC,R-1,15025,2005,0,604308019000,VACANT LAND /GENERAL COMMON ELEMENTS
non_residential_zoning; not_clear_individual_owner,3001 S PLATTE RIVER DR,,GENERAL SHALE BRICK INC,I-B,126737,2008,0,533100021000,VACANT LAND
non_residential_zoning; not_clear_individual_owner,8961 E HAMPDEN AVE,,KAMM PROPERTIES,S-MX-5A,21416,2014,185000,634300205000,VACANT LAND
non_residential_zoning; not_clear_individual_owner,2727 W 6TH AVE,80204-4140,DEPARTMENT OF TRANSPORTATION STATE OF COLORADO,I-A,60201,2010,0,508100119000,VACANT LAND /GENERAL COMMON ELEMENTS
non_residential_zoning; not_clear_individual_owner; sale_year_unknown_needs_enrichment,1903 W COLFAX AVE,,STATE OF COLORADO DEPARTMENT OF TRANSPORTATION,C-MX-5,38900,,,233809004000,VACANT LAND /GENERAL COMMON ELEMENTS
non_residential_zoning; not_clear_individual_owner; sale_year_unknown_needs_enrichment,201 S STEELE ST,,POLO CLUB PLACE HOME OWNERS ASSOCIATION,S-MU-20,8740,,,512400015000,VACANT LAND /GENERAL COMMON ELEMENTS
non_residential_zoning; not_clear_individual_owner,2515 W HOLDEN PL,80204-3346,HOUSING AUTHORITY OF THE CITY AND COUNTY OF DENVER,I-A,8301,2020,858600,505400029000,VACANT LAND
not_clear_individual_owner,7728 E 11TH AVE,,LOWRY COMMUNITY MASTER ASSOCIATION INC,R-2-A,10540,2005,0,604323022000,VACANT LAND /GENERAL COMMON ELEMENTS
not_clear_individual_owner; sale_year_unknown_needs_enrichment,503 S FULTON ST APPRX,,CITY & COUNTY OF DENVER,R-2-A,13500,,,615100009000,VACANT LAND /GENERAL COMMON ELEMENTS
non_residential_zoning; not_clear_individual_owner; sale_year_unknown_needs_enrichment,144 N LOWELL BLVD,80219-1329,CITY & COUNTY OF DENVER,OS-A,18700,,,508340019000,VACANT LAND
non_residential_zoning; not_clear_individual_owner; sale_year_unknown_needs_enrichment,770 N WYANDOT ST,,STATE OF COLORADO DEPARTMENT OF TRANSPORTATION,I-A,16272,,,509207034000,VACANT LAND /GENERAL COMMON ELEMENTS
non_residential_zoning; not_clear_individual_owner; sold_after_2021_not_5_year_hold,18609 53RD DR,,EBERT METROPOLITAN DISTRICT,C-MU-20,8949,2025,0,15200197000,VACANT LAND /GENERAL COMMON ELEMENTS
non_residential_zoning; not_clear_individual_owner; sale_year_unknown_needs_enrichment,2900 W BARBERRY PL,,CITY & COUNTY OF DENVER,OS-A,23600,,,505423041000,VACANT LAND
not_clear_individual_owner; sale_year_unknown_needs_enrichment,5501 W CLEAR CREEK DR,,PUBLIC SERVICE CO,S-SU-D,17900,,,313400004000,VACANT LAND /GENERAL COMMON ELEMENTS
non_residential_zoning; not_clear_individual_owner; sold_after_2021_not_5_year_hold,6800 E EVANS AVE,,MONACO CORNERSTONE BUCHTEL LLC,S-MX-3A,155014,2022,0,629110001000,VACANT LAND
non_residential_zoning; not_clear_individual_owner,1222 W BYERS PL,,BROWNING AND SIERRAS REAL ESTATE LLC,I-MX-3,10940,2015,10,509514039000,VACANT LAND
non_residential_zoning; not_clear_individual_owner,7600 E TECHNOLOGY WAY MISC,,TECHNOLOGY WAY OWNERS ASSOCIATION INC,B-8,125502,2005,10,709300123000,VACANT LAND /GENERAL COMMON ELEMENTS
non_residential_zoning; not_clear_individual_owner; sale_year_unknown_needs_enrichment,9100 E ALAMEDA AVE,,CCRE LLC,O-1,562169,,,610300006000,VACANT LAND /GENERAL COMMON ELEMENTS
non_residential_zoning; not_clear_individual_owner; sale_year_unknown_needs_enrichment,700 S JACKSON ST,80209-5010,CITY & COUNTY OF DENVER,I-A,13200,,,516400115000,VACANT LAND
not_clear_individual_owner; sale_year_unknown_needs_enrichment,7500 E IOWA AVE,,OXFORD HOMES INC,S-RH-2.5,16400,,,621314041000,VACANT LAND /GENERAL COMMON ELEMENTS
not_clear_individual_owner; sold_after_2021_not_5_year_hold,21690 E 52ND AVE,,EBERT METROPOLITAN DISTRICT,R-MU-20,18396,2025,0,14408002000,VACANT LAND /GENERAL COMMON ELEMENTS
not_clear_individual_owner; sold_after_2021_not_5_year_hold,5066 N JERICHO ST,,EBERT METROPOLITAN DISTRICT,R-MU-20,57762,2025,0,14300109000,VACANT LAND /GENERAL COMMON ELEMENTS
not_clear_individual_owner,780 N ELATI ST,,DENVER HEALTH & HOSPITAL AUTHORITY,U-RH-3A,12500,2010,440000,503618001000,VACANT LAND
non_residential_zoning; not_clear_individual_owner; sale_year_unknown_needs_enrichment,8890 E LOWRY BLVD,,AMIRA INVESTMENT LLC,S-MX-5,118217,,,610200056000,VACANT LAND
non_residential_zoning; not_clear_individual_owner; sale_year_unknown_needs_enrichment,101 W MISSISSIPPI AVE,,REGIONAL TRANSPORTATION DISTRICT,I-B,43020,,,515500073000,VACANT LAND
not_clear_individual_owner; sale_year_unknown_needs_enrichment,566 N TRENTON ST,,LOWRY ECONOMIC REDEVELOPMENT AUTHORITY,R-2-A,17328,,,609204010000,VACANT LAND /GENERAL COMMON ELEMENTS
non_residential_zoning; not_clear_individual_owner,7663 E 4TH AVE,,PARKSIDE AT LOWRY HOMEOWNERS ASSOCIATION,B-3,10906,2011,0,609211009000,VACANT LAND /GENERAL COMMON ELEMENTS
non_residential_zoning; not_clear_individual_owner; sale_year_unknown_needs_enrichment,7200 E HARVARD AVE,,CITY & COUNTY OF DENVER,S-MU-3,47200,,,629400002000,VACANT LAND /GENERAL COMMON ELEMENTS
non_residential_zoning; not_clear_individual_owner; sold_after_2021_not_5_year_hold,957 S CHEROKEE ST,,SANTA FE DENVER I LLC,C-MX-16,94711,2022,50000000,515514001000,VACANT LAND
non_residential_zoning; not_clear_individual_owner,2060 W COLFAX AVE,80204-2329,CITY & COUNTY OF DENVER,C-MX-5,7620,2009,0,504203012000,VACANT LAND /GENERAL COMMON ELEMENTS
non_residential_zoning; not_clear_individual_owner,100 N ACOMA ST,80223-1464,P&J TIME ENTERPRISES LLC,U-MS-2X,12429,2021,1400000,510233017000,VACANT LAND
not_clear_individual_owner,2202 N OGDEN ST,,OGDEN & 22ND LLC,U-RH-2.5,9560,2002,0,235228020000,VACANT LAND
non_residential_zoning; not_clear_individual_owner; sale_year_unknown_needs_enrichment,701 N ALCOTT ST,,BURLINGTON NORTHERN RR CO PROPERTY TAX DEPARTMENT,I-A,17700,,,508100057000,VACANT LAND
non_residential_zoning; not_clear_individual_owner; sold_after_2021_not_5_year_hold,19008 N CATHAY ST,,EBERT METROPOLITAN DISTRICT,C-MU-20,44562,2025,0,15200183000,VACANT LAND /GENERAL COMMON ELEMENTS
non_residential_zoning; not_clear_individual_owner,1000 S ONEIDA ST,,CITY & COUNTY OF DENVER,S-MX-3A,26507,1992,10,617400166000,VACANT LAND /GENERAL COMMON ELEMENTS
not_clear_individual_owner,26100 E 104TH AVE APPRX,80202-5329,CITY & COUNTY OF DENVER,DIA,973261,1994,0,1408200001000,VACANT LAND
not_clear_individual_owner; sold_after_2021_not_5_year_hold,5996 N ELMIRA CT APPRX,,CITY & COUNTY OF DENVER,M-RX-5,20471,2026,10,110100007000,VACANT LAND /GENERAL COMMON ELEMENTS
non_residential_zoning,6701 LEETSDALE DR,,ISTAR BOWLING CENTERS I LP,S-MX-3A,43082,2004,1643300,617407070000,VACANT LAND
not_clear_individual_owner; sold_after_2021_not_5_year_hold,6300 N ELMIRA WAY,,CITY & COUNTY OF DENVER,M-RX-5,25110,2026,10,110100248000,VACANT LAND /GENERAL COMMON ELEMENTS
non_residential_zoning; not_clear_individual_owner; sale_year_unknown_needs_enrichment,2600 S JACKSON ST,,CITY & COUNTY OF DENVER,OS-A,9100,,,525430001000,VACANT LAND /GENERAL COMMON ELEMENTS
not_clear_individual_owner; sold_after_2021_not_5_year_hold,19708 E 52ND AVE,,EBERT METROPOLITAN DISTRICT,R-MU-20,222152,2025,0,14300095000,VACANT LAND /GENERAL COMMON ELEMENTS
non_residential_zoning; not_clear_individual_owner; sold_after_2021_not_5_year_hold,19244 E 62ND AVE,,CANVAS DENVER GATEWAY OWNER LLC,C-MU-30,32926,2022,25824300,10200227000,VACANT LAND /GENERAL COMMON ELEMENTS
not_clear_individual_owner,2700 W FLORIDA AVE,,CITY & COUNTY OF DENVER,E-SU-DX,29400,1990,0,520429021000,VACANT LAND
non_residential_zoning; not_clear_individual_owner; sale_year_unknown_needs_enrichment,8100 E EXPOSITION AVE,,FAIRMOUNT CEMETERY COMPANY,OS-B,204693,,,616400039000,VACANT LAND
not_clear_individual_owner; sold_after_2021_not_5_year_hold,21495 E 51ST AVE,,EBERT METROPOLITAN DISTRICT,R-MU-20,7318,2025,0,14410010000,VACANT LAND /GENERAL COMMON ELEMENTS
non_residential_zoning; not_clear_individual_owner; sale_year_unknown_needs_enrichment,929 S BROADWAY APPRX,,BROADWAY STATION METROPOLITAN DIST NO 1,C-MS-12,36690,,,515500127000,VACANT LAND /GENERAL COMMON ELEMENTS
not_clear_individual_owner; sold_after_2021_not_5_year_hold,55 N PONTIAC ST,,BOULEVARD ONE COMMUNITY ASSOCIATION INC,G-RH-3,8587,2022,0,608400087000,VACANT LAND /GENERAL COMMON ELEMENTS
non_residential_zoning; not_clear_individual_owner; sale_year_unknown_needs_enrichment,800 S MONACO STREET PKWY,,CITY & COUNTY OF DENVER,S-MX-5A,63300,,,617400129000,VACANT LAND /GENERAL COMMON ELEMENTS
not_clear_individual_owner,7500 E DARTMOUTH AVE,80231-4262,TAMARAC HILLS HOMEOWNERS ASSOCIATION INC,R-1,16163,1992,1,633306104000,VACANT LAND /GENERAL COMMON ELEMENTS
not_clear_individual_owner; sale_year_unknown_needs_enrichment,26100 E 88TH AVE APPRX,,CITY & COUNTY OF DENVER,DIA,26894558,,,1219100001000,VACANT LAND
not_clear_individual_owner; sold_after_2021_not_5_year_hold,19105 E 50TH AVE 19749,,EBERT METROPOLITAN DISTRICT,R-MU-20,26240,2025,0,15421033000,VACANT LAND /GENERAL COMMON ELEMENTS
not_clear_individual_owner,9107 E MISSISSIPPI AVE,,PBH BREAKERS LLC,PUD,10390,2016,10,615300034000,VACANT LAND /GENERAL COMMON ELEMENTS
non_residential_zoning; not_clear_individual_owner; sold_after_2021_not_5_year_hold,20400 E 56TH AVE 21190,,EBERT METROPOLITAN DISTRICT,C-MU-20,317356,2025,0,14100046000,VACANT LAND /GENERAL COMMON ELEMENTS
non_residential_zoning; not_clear_individual_owner,1731 W COLFAX AVE,,THE REGENTS OF THE UNIVERSITY OF COLORADO,I-B,10119,2020,10,504201051000,VACANT LAND /GENERAL COMMON ELEMENTS
not_clear_individual_owner; sale_year_unknown_needs_enrichment,3323 E COLORADO AVE,,CITY & COUNTY OF DENVER,E-SU-D,7930,,,524421017000,VACANT LAND /GENERAL COMMON ELEMENTS
not_clear_individual_owner,34 E FAIRMOUNT DR,,PARK SQUARE AT LOWRY HOMEOWNERS ASSOCIATION,R-2-A,19243,2000,10,609304068000,VACANT LAND
non_residential_zoning; not_clear_individual_owner; sold_after_2021_not_5_year_hold,5531 N ARGONNE ST,80219,EBERT METROPOLITAN DISTRICT,C-MU-20,48723,2025,0,15200182000,VACANT LAND /GENERAL COMMON ELEMENTS
non_residential_zoning; not_clear_individual_owner,2880 W 8TH AVE,,CITY & COUNTY OF DENVER,I-A,10874,2001,10,508100131000,VACANT LAND /GENERAL COMMON ELEMENTS
non_residential_zoning; not_clear_individual_owner; sold_after_2021_not_5_year_hold,848 S NIAGARA ST VCNT,,TRAIL GROUP DENVER LLC,S-MX-3A,8865,2026,17530000,617400154000,VACANT LAND
non_residential_zoning; not_clear_individual_owner; sold_after_2021_not_5_year_hold,18802 E 53RD AVE,,EBERT METROPOLITAN DISTRICT,C-MU-20,68153,2025,0,15208001000,VACANT LAND /GENERAL COMMON ELEMENTS
non_residential_zoning; not_clear_individual_owner; sold_after_2021_not_5_year_hold,1919 S SANTA FE DR,,CITY & COUNTY OF DENVER,E-MX-2X,27300,2023,0,527301012000,VACANT LAND /GENERAL COMMON ELEMENTS
non_residential_zoning; not_clear_individual_owner,2175 S BELLAIRE ST,80222-4909,WARREN INVESTMENTS LLC,G-MU-3,9250,2021,1650000,630202013000,VACANT LAND
non_residential_zoning; not_clear_individual_owner; sale_year_unknown_needs_enrichment,1201 W JEWELL AVE,,CITY & COUNTY OF DENVER,OS-A,13900,,,521416002000,VACANT LAND /GENERAL COMMON ELEMENTS
non_residential_zoning; not_clear_individual_owner; sale_year_unknown_needs_enrichment,811 S VALENTIA ST,80231-2001,BOARD OF WATER COMMISSIONERS CITY & COUNTY OF DENVER,OS-C,303000,,,616300007000,VACANT LAND /GENERAL COMMON ELEMENTS
not_clear_individual_owner; sold_after_2021_not_5_year_hold,5225 N ESPANA ST,,EBERT METROPOLITAN DISTRICT,R-MU-20,49927,2025,0,14300085000,VACANT LAND /GENERAL COMMON ELEMENTS
non_residential_zoning; not_clear_individual_owner; sale_year_unknown_needs_enrichment,9930 E 47TH AVE MISC,,CITY & COUNTY OF DENVER,C-MU-30,66455,,,122100015000,VACANT LAND /GENERAL COMMON ELEMENTS
non_residential_zoning; not_clear_individual_owner; sold_after_2021_not_5_year_hold,8305 E 55TH PL,80202-5329,CITY & COUNTY OF DENVER,OS-B,130054,2026,500,116100118000,VACANT LAND /GENERAL COMMON ELEMENTS
non_residential_zoning; not_clear_individual_owner,1090 N AMES ST,80214-3027,RTD ASSET ACQUISITION AUTHORITY INC,C-MX-8,7080,2014,92040,401101027000,VACANT LAND
non_residential_zoning; not_clear_individual_owner,1300 MORRISON RD,,REGIONAL TRANSPORTATION DISTRICT,C-MU-30,15879,1988,0,505111059000,VACANT LAND
non_residential_zoning; not_clear_individual_owner,601 N PECOS ST,,COLORADO HIGH PERFORMANCE TRANSPORTATION ENTERPRISE,I-B,229800,2021,50000000,509200099000,VACANT LAND
non_residential_zoning; not_clear_individual_owner,1276 N SHERIDAN BLVD,80214-3008,BETH JACOB HIGH SCHOOL OF DENVER,G-MU-5,8620,2016,485000,506200216000,VACANT LAND
not_clear_individual_owner; sold_after_2021_not_5_year_hold,19663 E 54TH AVE,,EBERT METROPOLITAN DISTRICT,R-MU-20,14744,2025,0,14300083000,VACANT LAND /GENERAL COMMON ELEMENTS
non_residential_zoning,1700 S SANTA FE DR,,"ELLIOT,FRANK R",E-CC-3,61342,2014,227000,522612008000,VACANT LAND
not_clear_individual_owner,17703 E 45TH AVE,,CITY & COUNTY OF DENVER,PUD,31175,2008,0,21100025000,VACANT LAND /GENERAL COMMON ELEMENTS
not_clear_individual_owner; sold_after_2021_not_5_year_hold,6200 N ELMIRA CT,,CITY & COUNTY OF DENVER,M-RX-5,20614,2026,10,110100242000,VACANT LAND /GENERAL COMMON ELEMENTS
non_residential_zoning; not_clear_individual_owner; sold_after_2021_not_5_year_hold,621 W WESLEY AVE,,CITY & COUNTY OF DENVER,E-MU-2.5,91833,2024,0,527406034000,VACANT LAND
non_residential_zoning; not_clear_individual_owner,3910 N HAVANA ST,,HAVANA II LLC,I-B,72381,2011,0,123300052000,VACANT LAND
not_clear_individual_owner; sold_after_2021_not_5_year_hold,5460 N DUNKIRK ST,,EBERT METROPOLITAN DISTRICT,R-MU-20,14932,2025,0,14300074000,VACANT LAND /GENERAL COMMON ELEMENTS
not_clear_individual_owner; sold_after_2021_not_5_year_hold,2842 S PANCRATIA ST,80236,THB LORETTO LAND LLC,PUD-G 25,14171,2022,0,532225103000,VACANT LAND /GENERAL COMMON ELEMENTS
non_residential_zoning; not_clear_individual_owner; sold_after_2021_not_5_year_hold,620 W WESLEY AVE,,CITY & COUNTY OF DENVER,E-MU-2.5,20899,2024,0,527409027000,VACANT LAND
not_clear_individual_owner; sale_year_unknown_needs_enrichment,2749 W TENNESSEE AVE,80219-4112,PUBLIC SERVICE CO,E-SU-D1,9370,,,517400006000,VACANT LAND
non_residential_zoning; not_clear_individual_owner; sale_year_unknown_needs_enrichment,901 N KEARNEY ST,80220-4525,CITY & COUNTY OF DENVER,OS-A,53000,,,617325002000,VACANT LAND /GENERAL COMMON ELEMENTS
non_residential_zoning; not_clear_individual_owner,600 N OSAGE ST,,COLORADO HIGH PERFORMANCE TRANSPORTATION ENTERPRISE,I-B,147955,2021,50000000,504426004000,VACANT LAND
non_residential_zoning; sale_year_unknown_needs_enrichment,11200 E 40TH AVE,,UNION PACIFIC RR CO,I-B,7160,,,123300037000,VACANT LAND
not_clear_individual_owner; sold_after_2021_not_5_year_hold,3999 CENTRAL PARK BLVD,,CITY & COUNTY OF DENVER,M-IMX-12,101452,2026,500,121400119000,VACANT LAND /GENERAL COMMON ELEMENTS
not_clear_individual_owner; sold_after_2021_not_5_year_hold,9700 E 61ST AVE TR-D,,CITY & COUNTY OF DENVER,M-RX-5,23764,2026,10,110100222000,VACANT LAND /GENERAL COMMON ELEMENTS
non_residential_zoning; not_clear_individual_owner; sale_year_unknown_needs_enrichment,3101 S ULSTER ST,,CITY & COUNTY OF DENVER,OS-A,175000,,,633300094000,VACANT LAND
not_clear_individual_owner,9156 N OAK HILL ST,,CITY & COUNTY OF DENVER,DIA,6886623,1990,0,1220100049000,VACANT LAND
non_residential_zoning; not_clear_individual_owner,5201 W DARTMOUTH AVE,,DJCB LLC,B-2,27600,2018,9500000,436400009000,VACANT LAND /GENERAL COMMON ELEMENTS
not_clear_individual_owner; sold_after_2021_not_5_year_hold,4 POLO CLUB LN,80209-3332,4 POLO CLUB LANE LLC,S-SU-I,52696,2022,0,513300136000,VACANT LAND
non_residential_zoning; not_clear_individual_owner; sale_year_unknown_needs_enrichment,2600 S JOSEPHINE ST,80210-6439,CITY & COUNTY OF DENVER,OS-A,11200,,,525323027000,VACANT LAND /GENERAL COMMON ELEMENTS
non_residential_zoning; not_clear_individual_owner; sold_after_2021_not_5_year_hold,8892 E LOWRY BLVD,80230-7361,AMIRA LOWRY LLC,S-MX-5,194545,2025,0,610200057000,VACANT LAND
not_clear_individual_owner; sold_after_2021_not_5_year_hold,764 N GRAPE ST,80220-5259,790 GRAPE STREET LLC,E-SU-D1X,7254,2025,0,606419012000,VACANT LAND
not_clear_individual_owner; sold_after_2021_not_5_year_hold,4998 N PERTH CT,,EBERT METROPOLITAN DISTRICT,R-MU-20,22679,2025,0,14401023000,VACANT LAND /GENERAL COMMON ELEMENTS
not_clear_individual_owner,1815 S GARFIELD ST,,DEPARTMENT OF TRANSPORTATION STATE OF COLORADO,E-SU-D,7620,2001,215000,524427013000,VACANT LAND /GENERAL COMMON ELEMENTS
not_clear_individual_owner,26100 E 88TH AVE APPRX,,CITY & COUNTY OF DENVER,DIA,1313857,1991,0,1303100007000,VACANT LAND
not_clear_individual_owner; sold_after_2021_not_5_year_hold,755 S JACKSON ST,80209-5009,755 SO JACKSON LLC,S-SU-I,12000,2022,1950000,513504022000,VACANT LAND
not_clear_individual_owner; sold_after_2021_not_5_year_hold,10296 N GALENA ST,,CITY & COUNTY OF DENVER,M-RX-5,51266,2026,10,110100042000,VACANT LAND /GENERAL COMMON ELEMENTS
non_residential_zoning; not_clear_individual_owner,9791 W STANFORD AVE,80123-1076,STANFORD COMMONS HOA INC,B-2,15530,2016,0,910201122000,VACANT LAND /GENERAL COMMON ELEMENTS
not_clear_individual_owner; sold_after_2021_not_5_year_hold,6711 E CHENANGO AVE,,MADRE INVESTMENT CO,T-MU-30,42891,2022,0,708405005000,VACANT LAND
non_residential_zoning; not_clear_individual_owner; sale_year_unknown_needs_enrichment,2700 W ASBURY AVE,,CITY & COUNTY OF DENVER,B-3,27300,,,529100006000,VACANT LAND
non_residential_zoning; not_clear_individual_owner; sale_year_unknown_needs_enrichment,1000 W WESLEY AVE,,PUBLIC SERVICE CO,I-B,563576,,,528415004000,VACANT LAND
not_clear_individual_owner; sale_year_unknown_needs_enrichment,26100 E 88TH AVE APPRX,,CITY & COUNTY OF DENVER,DIA,43561,,,1232100113000,VACANT LAND
not_clear_individual_owner,1820 N GILPIN ST,80218-1208,HCA-HEALTHONE LLC,R-4,9375,2001,564000,235508003000,VACANT LAND
not_clear_individual_owner; sold_after_2021_not_5_year_hold,6009 N FULTON ST APPRX,,CITY & COUNTY OF DENVER,M-RX-5,28620,2026,10,110100021000,VACANT LAND /GENERAL COMMON ELEMENTS
not_clear_individual_owner; sold_after_2021_not_5_year_hold,4899 MORRISON RD,80219-2236,4899 MORRISON ROAD LLC,E-TU-C,13724,2022,10,518309013000,VACANT LAND
not_clear_individual_owner; sold_after_2021_not_5_year_hold,4790 N JOSEPHINE ST,,GES COALITION INC,E-TU-B,9700,2024,200000,224210035000,VACANT LAND
non_residential_zoning,2590 W EVANS AVE,80219-5573,"ANASTASOV,ROBERT",S-CC-3,12066,2020,300000,529108024000,VACANT LAND
non_residential_zoning; not_clear_individual_owner; sale_year_unknown_needs_enrichment,6100 W QUINCY AVE,80235-3009,BOARD OF WATER COMMISSIONERS CITY & COUNTY OF DENVER,OS-B,1982264,,,913200008000,VACANT LAND /GENERAL COMMON ELEMENTS
non_residential_zoning; not_clear_individual_owner; sale_year_unknown_needs_enrichment,100 S WINDSOR DR,,CITY & COUNTY OF DENVER,OS-A,255000,,,507340003000,VACANT LAND /GENERAL COMMON ELEMENTS
non_residential_zoning; not_clear_individual_owner,9000 E HAMPDEN AVE APPRX,,WAL-MART REAL ESTATE BUSINESS TRUST,S-MX-5A,8689,2001,0,703200015000,VACANT LAND /GENERAL COMMON ELEMENTS
non_residential_zoning; not_clear_individual_owner,2600 W EVANS AVE,,CITY & COUNTY OF DENVER,S-MX-3,35520,2002,280000,529109027000,VACANT LAND
non_residential_zoning; not_clear_individual_owner; sale_year_unknown_needs_enrichment,101 W MISSISSIPPI AVE,,REGIONAL TRANSPORTATION DISTRICT,C-MX-12,9038,,,515500052000,VACANT LAND /GENERAL COMMON ELEMENTS
not_clear_individual_owner,26100 E 88TH AVE APPRX,,CITY & COUNTY OF DENVER,DIA,1053276,1988,0,1218100005000,VACANT LAND
not_clear_individual_owner; sold_after_2021_not_5_year_hold,5985 N ELMIRA CT APPRX,,CITY & COUNTY OF DENVER,M-RX-5,20471,2026,10,110100006000,VACANT LAND /GENERAL COMMON ELEMENTS
not_clear_individual_owner; sale_year_unknown_needs_enrichment,26100 E 88TH AVE APPRX,,CITY & COUNTY OF DENVER,DIA,10423912,,,1212100024000,VACANT LAND
not_clear_individual_owner,1126 S LINCOLN ST,,PLATT PARK NORTH HOA INC,R-MU-20,22155,2015,0,522107082000,VACANT LAND /GENERAL COMMON ELEMENTS
non_residential_zoning; not_clear_individual_owner,1725 S BROADWAY,80210-3101,BUTTON STORES IV LLC,U-MS-5,9373,2015,10,522610017000,VACANT LAND
not_clear_individual_owner; sale_year_unknown_needs_enrichment,9113 E MISSISSIPPI AVE,80247-6818,FAIRLAKE METROPOLITAN DISTRICT,PUD,67105,,,615300038000,VACANT LAND /GENERAL COMMON ELEMENTS
non_residential_zoning; not_clear_individual_owner,1271 N SHERMAN ST,80203-2208,STATE OF COLORADO,C-MX-8,11637,1995,10,503311013000,VACANT LAND
non_residential_zoning; not_clear_individual_owner; sale_year_unknown_needs_enrichment,6800 LEETSDALE DR,80224-1588,STATE OF COLORADO DEPARTMENT OF TRANSPORTATION,S-MX-3A,9830,,,617400149000,VACANT LAND /GENERAL COMMON ELEMENTS
not_clear_individual_owner,5600 S INGALLS ST TR-G,,BOWLES METROPOLITAN DISTRICT,R-2,11761,1998,10,913206005000,VACANT LAND /GENERAL COMMON ELEMENTS
non_residential_zoning; not_clear_individual_owner; sale_year_unknown_needs_enrichment,2512 W COLFAX AVE,,REGIONAL TRANSPORTATION DISTRICT,C-MX-8,34038,,,505100016000,VACANT LAND
not_clear_individual_owner,7500 E DARTMOUTH AVE,80231-4262,TAMARAC HILLS HOMEOWNERS ASSOCIATION INC,R-1,85617,1984,10,633306103000,VACANT LAND /GENERAL COMMON ELEMENTS
non_residential_zoning; not_clear_individual_owner,3635 S MONACO STREET PKWY,,REALTY INCOME PROPERTIES 18 LLC,S-MX-5A,300259,2014,14750000,705200051000,VACANT LAND
not_clear_individual_owner; sold_after_2021_not_5_year_hold,1941 S CLAYTON ST,80210-3504,1941 SOUTH CLAYTON STREET LLC,E-SU-D,7500,2024,480000,525205014000,VACANT LAND
non_residential_zoning; not_clear_individual_owner; sale_year_unknown_needs_enrichment,1091 S PARKER RD,80231-2505,GBC ACQUISITION LLC,S-MU-5,164608,,,621200023000,VACANT LAND
non_residential_zoning; not_clear_individual_owner; sold_after_2021_not_5_year_hold,19101 GREEN VALLEY RANCH BLVD,,EBERT METROPOLITAN DISTRICT,C-MU-20,59583,2025,0,15300054000,VACANT LAND /GENERAL COMMON ELEMENTS
non_residential_zoning; not_clear_individual_owner,950 W ALAMEDA AVE,80223-2102,DEPARTMENT OF TRANSPORTATION STATE OF COLORADO,C-MX-12,20122,2014,1200000,515300038000,VACANT LAND
not_clear_individual_owner,7309 E 5TH AVE,,LOWRY COMMUNITY MASTER ASSOCIATION,R-2-A,12402,2012,0,609202012000,VACANT LAND
non_residential_zoning; not_clear_individual_owner; sold_after_2021_not_5_year_hold,1098 W 4TH AVE,,RICKENBAUGH CADILLAC COMPANY,I-MX-5,20270,2022,1750000,509113022000,VACANT LAND
non_residential_zoning; not_clear_individual_owner,620 N FEDERAL BLVD UNIT A,,DEPT OF TRANSPORTATION STATE OF COLORADO,I-A,8633,2013,0,508100142000,VACANT LAND /GENERAL COMMON ELEMENTS
non_residential_zoning; not_clear_individual_owner; sale_year_unknown_needs_enrichment,1001 N SHERIDAN BLVD,,PUBLIC SERVICE CO,OS-B,59361,,,401100003000,VACANT LAND /GENERAL COMMON ELEMENTS
non_residential_zoning; not_clear_individual_owner; sale_year_unknown_needs_enrichment,9191 E 5TH AVE,,LOWRY ECONOMIC REDEVELOPMENT AUTHORITY,S-MU-3,8620,,,610200018000,VACANT LAND /GENERAL COMMON ELEMENTS
not_clear_individual_owner; sale_year_unknown_needs_enrichment,7635 PENA BLVD,,CITY & COUNTY OF DENVER,DIA,26364477,,,1135100001000,VACANT LAND
non_residential_zoning; not_clear_individual_owner; sale_year_unknown_needs_enrichment,4201 S IRVING ST APPRX,,CITY & COUNTY OF DENVER,CMP-H2,21693,,,805300004000,VACANT LAND
not_clear_individual_owner,26100 E 88TH AVE APPRX,,CITY & COUNTY OF DENVER,DIA,3496261,1990,0,1222100052000,VACANT LAND
not_clear_individual_owner,109 N ONEIDA CT,80220-4580,LOWRY COMMUNITY MASTER ASSOCIATION INC,R-2-A,12128,2006,10,608130016000,VACANT LAND /GENERAL COMMON ELEMENTS
non_residential_zoning; not_clear_individual_owner,990 N FEDERAL BLVD,80204-3215,DENVER HEALTH AND HOSPITAL AUTHORITY,E-CC-3,27240,2020,4150000,505416053000,VACANT LAND
not_clear_individual_owner; sold_after_2021_not_5_year_hold,6260 N EMPORIA ST,,CITY & COUNTY OF DENVER,M-RX-5,12000,2026,10,110100235000,VACANT LAND /GENERAL COMMON ELEMENTS
non_residential_zoning; not_clear_individual_owner; sale_year_unknown_needs_enrichment,4700 S GARRISON ST APPRX,,BOARD OF WATER COMMISSIONERS CITY & COUNTY OF DENVER,O-2,28300,,,910300008000,VACANT LAND /GENERAL COMMON ELEMENTS
not_clear_individual_owner,375 N DALLAS ST,80230,LOWRY COMMUNITY MASTER ASSOCIATION,R-2-A,12958,2011,10,610200034000,VACANT LAND /GENERAL COMMON ELEMENTS
non_residential_zoning; not_clear_individual_owner; sale_year_unknown_needs_enrichment,801 N ZUNI ST,,CITY & COUNTY OF DENVER,OS-C,13700,,,504323047000,VACANT LAND /GENERAL COMMON ELEMENTS
not_clear_individual_owner; sold_after_2021_not_5_year_hold,19690 E 53RD AVE MISC,,EBERT METROPOLITAN DISTRICT,R-MU-20,10395,2025,0,14300065000,VACANT LAND /GENERAL COMMON ELEMENTS
non_residential_zoning; not_clear_individual_owner; sold_after_2021_not_5_year_hold,1006 N DECATUR ST TR G,80204-3327,DENVER HOUSING LLC,C-RX-8,12374,2022,0,505400039000,VACANT LAND /GENERAL COMMON ELEMENTS
non_residential_zoning; not_clear_individual_owner,7900 E 1ST AVE,80230-7204,LOWRY COMMUNITY MASTER ASSOCIATION,B-3,32253,2012,0,609100038000,VACANT LAND /GENERAL COMMON ELEMENTS
not_clear_individual_owner; sold_after_2021_not_5_year_hold,9750 E 63RD PL,,CITY & COUNTY OF DENVER,M-RX-5,12185,2026,10,110100229000,VACANT LAND /GENERAL COMMON ELEMENTS
not_clear_individual_owner,1021 S HOOKER ST,,COLORADO PEAK HOMES LLC,E-TU-C,8962,2021,87500,517318033000,VACANT LAND
non_residential_zoning; not_clear_individual_owner; sold_after_2021_not_5_year_hold,1978 S HOLLY ST TR 26,80222-4818,2000 HOLLY METROPOLITAN DISTRICT,I-MX-3,7031,2022,0,629200372000,VACANT LAND /GENERAL COMMON ELEMENTS
not_clear_individual_owner,900 N SYRACUSE ST,,CITY & COUNTY OF DENVER,R-2-A,45712,2014,0,604322032000,VACANT LAND /GENERAL COMMON ELEMENTS
non_residential_zoning; not_clear_individual_owner,1355 N ZUNI ST,,REGIONAL TRANSPORTATION DISTRICT,C-MX-5,28676,2010,0,504211015000,VACANT LAND /GENERAL COMMON ELEMENTS
not_clear_individual_owner; sold_after_2021_not_5_year_hold,9577 E 5TH AVE,,LOWRY EASTPARK COTTAGES ASSOCIATION,R-2-A,21233,2023,0,610200024000,VACANT LAND /GENERAL COMMON ELEMENTS
not_clear_individual_owner; sold_after_2021_not_5_year_hold,4801 W 10TH AVE,80204-2809,WOLFF 23 LLC,U-RH-3A,13347,2026,10,506300277000,VACANT LAND
non_residential_zoning; not_clear_individual_owner; sold_after_2021_not_5_year_hold,5545 N IRELAND ST,,EBERT METROPOLITAN DISTRICT,C-MU-20,49127,2025,0,15100025000,VACANT LAND /GENERAL COMMON ELEMENTS
non_residential_zoning; not_clear_individual_owner,2790 W 7TH AVE,,SCHOOL DISTRICT NO 1,I-A,15018,2014,10,508100148000,VACANT LAND
non_residential_zoning; not_clear_individual_owner; sale_year_unknown_needs_enrichment,1700 N OGDEN ST,,CITY & COUNTY OF DENVER,OS-A,7350,,,235410001000,VACANT LAND /GENERAL COMMON ELEMENTS
non_residential_zoning; not_clear_individual_owner,1970 S OSAGE ST,80223-3849,CARMA PROPERTY GROUP,I-MX-3,29925,2021,775000,528102009000,VACANT LAND
non_residential_zoning; not_clear_individual_owner; sold_after_2021_not_5_year_hold,19110 E 62ND AVE,,CANVAS DENVER GATEWAY OWNER LLC,C-MU-30,32926,2022,25824300,10200225000,VACANT LAND /GENERAL COMMON ELEMENTS
non_residential_zoning; not_clear_individual_owner,4301 S MONACO ST APPRX,,GOLDSMITH METROPOLITAN DISTRICT,B-4,52713,1996,0,708100069000,VACANT LAND /GENERAL COMMON ELEMENTS
not_clear_individual_owner,8142 E FAIRMOUNT DR,,LOWRY COMMUNITY MASTER ASSOCIATION INC,R-2-A,10592,2000,0,609328022000,VACANT LAND /GENERAL COMMON ELEMENTS
non_residential_zoning; not_clear_individual_owner; sold_after_2021_not_5_year_hold,5543 N UINTA ST,80202-5329,CITY & COUNTY OF DENVER,OS-B,511432,2026,500,116100117000,VACANT LAND /GENERAL COMMON ELEMENTS
not_clear_individual_owner,5355 S JAY CIR,,BOWLES METROPOLITAN DISTRICT,R-1,436036,1998,10,913201005000,VACANT LAND /GENERAL COMMON ELEMENTS
non_residential_zoning; not_clear_individual_owner; sold_after_2021_not_5_year_hold,5199 N NETHERLAND ST,80249-8240,EBERT METROPOLITAN DISTRICT,C-MU-20,8833,2025,0,14101006000,VACANT LAND /GENERAL COMMON ELEMENTS
non_residential_zoning; not_clear_individual_owner; sale_year_unknown_needs_enrichment,947 S ACOMA ST,,DENVER BROADWAY STATION LTD,C-MS-12,80756,,,515509001000,VACANT LAND
non_residential_zoning; not_clear_individual_owner; sale_year_unknown_needs_enrichment,3691 S TAMARAC DR,80237-1386,CITY & COUNTY OF DENVER,OS-A,47900,,,704200001000,VACANT LAND /GENERAL COMMON ELEMENTS
non_residential_zoning; sale_year_unknown_needs_enrichment,10900 E 40TH AVE,,UNION PACIFIC RR CO,I-B,8710,,,123300033000,VACANT LAND
not_clear_individual_owner,94 N MAGNOLIA WAY,,BOULEVARD ONE COMMUNITY ASSOCIATION INC,U-SU-A,10564,2017,10,608400031000,VACANT LAND /GENERAL COMMON ELEMENTS
non_residential_zoning; not_clear_individual_owner; sale_year_unknown_needs_enrichment,4605 N WASHINGTON ST,80205,STATE OF COLORADO DEPARTMENT OF TRANSPORTATION,U-MX-3,8807,,,222119037000,VACANT LAND /GENERAL COMMON ELEMENTS
non_residential_zoning; not_clear_individual_owner; sale_year_unknown_needs_enrichment,700 S BANNOCK ST APPRX,,UNION PACIFIC RAILROAD COMPANY,I-B,124000,,,515500070000,VACANT LAND
non_residential_zoning; not_clear_individual_owner; sale_year_unknown_needs_enrichment,2620 S UNIVERSITY BLVD,,CITY & COUNTY OF DENVER,OS-A,14687,,,525322047000,VACANT LAND
non_residential_zoning; not_clear_individual_owner; sale_year_unknown_needs_enrichment,1901 S ULSTER AVE,,BOARD OF WATER COMMISSIONERS CITY & COUNTY OF DENVER,OS-B,404064,,,628200023000,VACANT LAND
non_residential_zoning; not_clear_individual_owner; sale_year_unknown_needs_enrichment,1097 S BROADWAY APPRX,,BROADWAY STATION METROPOLITAN DIST NO 1,C-MS-12,7232,,,515500106000,VACANT LAND /GENERAL COMMON ELEMENTS
not_clear_individual_owner; sold_after_2021_not_5_year_hold,4890 N ARGONNE WAY,80249-8375,EBERT METROPOLITAN DISTRICT,R-MU-20,25782,2025,0,15423023000,VACANT LAND /GENERAL COMMON ELEMENTS
not_clear_individual_owner,7500 E ELLSWORTH AVE,,LOWRY VILLAGE II ASSOCIATION INC,R-2-A,9266,2000,10,609310024000,VACANT LAND /GENERAL COMMON ELEMENTS
non_residential_zoning; not_clear_individual_owner; sale_year_unknown_needs_enrichment,25 N RIO GRANDE BLVD,,BURLINGTON NORTHERN RR CO PROPERTY TAX DEPARTMENT,I-A,83000,,,509600039000,VACANT LAND
not_clear_individual_owner; sale_year_unknown_needs_enrichment,2026 N HOOKER ST,,PENDLETON HOMEOWNERS ASSN,R-2,8750,,,232235036000,VACANT LAND /GENERAL COMMON ELEMENTS
non_residential_zoning; not_clear_individual_owner; sale_year_unknown_needs_enrichment,2201 S HOLLY ST,80222-5613,BOARD OF WATER COMMISSIONERS CITY & COUNTY OF DENVER,OS-C,37800,,,630100008000,VACANT LAND /GENERAL COMMON ELEMENTS
not_clear_individual_owner,3793 N DEXTER ST,,OVERLOOK AT PARK HILL HOMEOWNERS ASSOCIATION,R-2,13265,2004,0,130219057000,VACANT LAND /GENERAL COMMON ELEMENTS
non_residential_zoning; not_clear_individual_owner; sale_year_unknown_needs_enrichment,2689 S BROADWAY,80210-5704,FLYWHEEL YALE LLC,U-MS-5,17760,,,527512031000,VACANT LAND
non_residential_zoning; not_clear_individual_owner; sold_after_2021_not_5_year_hold,19468 E RANDOLPH PL,,EBERT METROPOLITAN DISTRICT,C-MU-20,17039,2025,0,15100035000,VACANT LAND /GENERAL COMMON ELEMENTS
not_clear_individual_owner,1190 S MARIPOSA ST,80223-3009,HABITAT FOR HUMANITY OF METRO DENVER INC,E-RH-2.5,8757,2015,110000,521105039000,VACANT LAND
not_clear_individual_owner,170 S ROSEMARY ST,,LOWRY COMMUNITY MASTER ASSOCIATION INC,R-2-A,14396,2000,0,609320023000,VACANT LAND /GENERAL COMMON ELEMENTS
non_residential_zoning; sale_year_unknown_needs_enrichment,3000 E 54TH AVE,,UNION PACIFIC RR CO,I-B,114249,,,213200046000,VACANT LAND
non_residential_zoning; not_clear_individual_owner; sold_after_2021_not_5_year_hold,543 N BANNOCK ST,80204-5127,DENVER HEALTH & HOSPITAL AUTHORITY,C-MX-8,7000,2025,5500000,510203020000,VACANT LAND
non_residential_zoning; not_clear_individual_owner,5750 W DARTMOUTH AVE,,CITY & COUNTY OF DENVER,OS-A,43385,2014,10,436500040000,VACANT LAND /GENERAL COMMON ELEMENTS
non_residential_zoning; sale_year_unknown_needs_enrichment,4115 W 38TH AVE,80212-1923,LADIES RELIEF SOCIETY OF DENVER,G-MU-3,82102,,,219426005000,VACANT LAND
non_residential_zoning; not_clear_individual_owner; sold_after_2021_not_5_year_hold,2260 S FOX ST,,CITY & COUNTY OF DENVER,E-MX-2X,29573,2024,0,527315023000,VACANT LAND
not_clear_individual_owner; sale_year_unknown_needs_enrichment,6900 W GRANT RANCH BLVD,80123-5161,POPPY HILLS OWNERS ASSOCIATION INC,R-2-A,23836,,,914501107000,VACANT LAND /GENERAL COMMON ELEMENTS
not_clear_individual_owner; sale_year_unknown_needs_enrichment,2400 W YALE AVE,,CITY & COUNTY OF DENVER,S-SU-F1,8680,,,532105038000,VACANT LAND /GENERAL COMMON ELEMENTS
non_residential_zoning; not_clear_individual_owner; sold_after_2021_not_5_year_hold,2493 S BROADWAY,80210-5008,SOBOROWS LLC,U-MX-3,11725,2025,10,527506051000,VACANT LAND
not_clear_individual_owner; sale_year_unknown_needs_enrichment,4725 S NEWPORT ST,80237-3745,MADRE INVESTMENT CO,T-MU-30,75165,,,708404007000,VACANT LAND
not_clear_individual_owner; sale_year_unknown_needs_enrichment,26100 E 88TH AVE APPRX,,CITY & COUNTY OF DENVER,DIA,27528138,,,1133100107000,VACANT LAND
not_clear_individual_owner,1800 S MONROE ST,,DEPARTMENT OF TRANSPORTATION STATE OF COLORADO,E-SU-D,10160,2001,240000,524427012000,VACANT LAND /GENERAL COMMON ELEMENTS
non_residential_zoning; not_clear_individual_owner; sale_year_unknown_needs_enrichment,2601 S CLAYTON ST,,CITY & COUNTY OF DENVER,OS-A,17200,,,525324019000,VACANT LAND /GENERAL COMMON ELEMENTS
non_residential_zoning; not_clear_individual_owner; sale_year_unknown_needs_enrichment,853 N CORONA ST,,IONIC REP 11 LLC,G-MX-3,12512,,,502313239000,VACANT LAND
non_residential_zoning; not_clear_individual_owner; sale_year_unknown_needs_enrichment,1500 W 3RD AVE,,ATCHISON TOPEKA & SANTA FE RR CO,I-A,36361,,,509100149000,VACANT LAND
non_residential_zoning; not_clear_individual_owner; sale_year_unknown_needs_enrichment,4300 S MONACO ST,80237-3582,GOLDSMITH METROPOLITAN DISTRICT,B-4,35784,,,708100107000,VACANT LAND /GENERAL COMMON ELEMENTS
not_clear_individual_owner,26100 E 88TH AVE APPRX,,CITY & COUNTY OF DENVER,DIA,691717,1993,529200,1213100035000,VACANT LAND
not_clear_individual_owner; sale_year_unknown_needs_enrichment,8500 PENA BLVD,80249-6205,CITY & COUNTY OF DENVER,DIA,2560309,,,21200015000,VACANT LAND
non_residential_zoning; not_clear_individual_owner; sale_year_unknown_needs_enrichment,701 S KEARNEY ST,,CITY & COUNTY OF DENVER,OS-A,7040,,,617316023000,VACANT LAND /GENERAL COMMON ELEMENTS
not_clear_individual_owner; sale_year_unknown_needs_enrichment,300 S UNIVERSITY BLVD,,POLO CLUB PLACE HOME OWNERS ASSN,S-SU-I,57900,,,513300033000,VACANT LAND /GENERAL COMMON ELEMENTS
non_residential_zoning; not_clear_individual_owner,100 W LOUISIANA AVE,,UNION PACIFIC RAILROAD COMPANY,I-A,36240,1997,0,522200007000,VACANT LAND
not_clear_individual_owner; sold_after_2021_not_5_year_hold,2935 S PANCRATIA ST,80236-2711,MHMP 20 LORETTO LLLP,PUD-G 24,27007,2023,500000,532218007000,VACANT LAND
non_residential_zoning; not_clear_individual_owner; sale_year_unknown_needs_enrichment,501 W EVANS AVE,,STATE OF COLORADO DEPARTMENT OF TRANSPORTATION,U-MX-2X,25000,,,527308024000,VACANT LAND
non_residential_zoning; not_clear_individual_owner; sale_year_unknown_needs_enrichment,1565 N COLORADO BLVD,80220-1053,"COLORADO-COLFAX OWNER, LLC",C-MS-5,41625,,,236416033000,VACANT LAND
non_residential_zoning; not_clear_individual_owner,101 N COLORADO BLVD,,CC GATEWAY OWNERS LLC,G-MU-5,10100,2019,5550000,512132013000,VACANT LAND
non_residential_zoning; not_clear_individual_owner,51 S SANTA FE DR,,REGIONAL TRANSPORTATION DISTRICT,I-A,70500,1989,0,509600045000,VACANT LAND
non_residential_zoning; not_clear_individual_owner; sale_year_unknown_needs_enrichment,10400 E ALAMEDA AVE,80247-5104,CROWN PROPERTIES INC,S-CC-5,12700,,,615101010000,VACANT LAND /GENERAL COMMON ELEMENTS
non_residential_zoning; not_clear_individual_owner; sold_after_2021_not_5_year_hold,3091 S FEDERAL BLVD APPRX,80236-2711,LORETTO HEIGHTS METROPOLITAN DISTRICT NO 1,CMP-EI2,54050,2022,0,532200057000,VACANT LAND /GENERAL COMMON ELEMENTS
not_clear_individual_owner; sold_after_2021_not_5_year_hold,4801 N KIRK ST,,EBERT METROPOLITAN DISTRICT,R-MU-20,40950,2025,0,23218040000,VACANT LAND /GENERAL COMMON ELEMENTS
tier1_confirmed_basic_filters_before_growth_proximity,3227 N VINE ST,80205-4136,"KORNBLUM,JESSE",U-SU-A1,9420,2021,820000,226122018000,VACANT LAND
non_residential_zoning; not_clear_individual_owner; sold_after_2021_not_5_year_hold,1157 W ALAMEDA AVE,,CITY & COUNTY OF DENVER,I-A,72600,2024,0,509600013000,VACANT LAND /GENERAL COMMON ELEMENTS
non_residential_zoning; not_clear_individual_owner; sale_year_unknown_needs_enrichment,726 N LINCOLN ST,80203-3416,CP VIII 700 LINCOLN LLC,D-GT,30224,,,503903057000,VACANT LAND
non_residential_zoning; not_clear_individual_owner; sale_year_unknown_needs_enrichment,1200 W JEWELL AVE,,BURLINGTON NORTHERN RR CO PROPERTY TAX DEPARTMENT,I-B,185430,,,528100059000,VACANT LAND
not_clear_individual_owner,26100 E 88TH AVE APPRX,,CITY & COUNTY OF DENVER,DIA,1365001,1990,0,1225100063000,VACANT LAND
not_clear_individual_owner; sale_year_unknown_needs_enrichment,1400 S ONEIDA ST,,SCHOOL DISTRICT NO 1,S-SU-D,541886,,,620110040000,VACANT LAND
not_clear_individual_owner; sold_after_2021_not_5_year_hold,5348 N FEDERAL BLVD,,LEGACY SENIOR SERVICES,R-MU-30,69257,2023,0,217100012000,VACANT LAND
non_residential_zoning; not_clear_individual_owner; sale_year_unknown_needs_enrichment,4600 W HAMPDEN AVE,,STATE OF COLORADO DEPARTMENT OF TRANSPORTATION,OS-B,2740011,,,806200002000,VACANT LAND /GENERAL COMMON ELEMENTS
not_clear_individual_owner; sold_after_2021_not_5_year_hold,10215 E 57TH AVE APPRX,,CITY & COUNTY OF DENVER,M-RX-5,28682,2026,10,110400013000,VACANT LAND /GENERAL COMMON ELEMENTS
not_clear_individual_owner; sold_after_2021_not_5_year_hold,3045 S FEDERAL BLVD,80236-2711,LORETTO HEIGHTS METROPOLITAN DISTRICT NO 1,PUD-G 24,47107,2022,0,532200053000,VACANT LAND /GENERAL COMMON ELEMENTS
non_residential_zoning; not_clear_individual_owner; sold_after_2021_not_5_year_hold,4895 N GIBRALTAR ST,80249-7521,EBERT METROPOLITAN DISTRICT,C-MU-20,7205,2025,0,15409025000,VACANT LAND /GENERAL COMMON ELEMENTS
non_residential_zoning; not_clear_individual_owner; sale_year_unknown_needs_enrichment,900 S MONACO STREET PKWY,,KG STORE 2338 LLC,S-MX-3A,38700,,,617400193000,VACANT LAND
non_residential_zoning,888 S SHERIDAN BLVD,,"NGO,MYHANH THI",E-CC-3X,16500,2007,100000,518315006000,VACANT LAND
non_residential_zoning; not_clear_individual_owner; sale_year_unknown_needs_enrichment,6100 W QUINCY AVE APPRX,,BOARD OF WATER COMMISSIONERS CITY & COUNTY OF DENVER,OS-B,662883,,,913100006000,VACANT LAND /GENERAL COMMON ELEMENTS
not_clear_individual_owner; sale_year_unknown_needs_enrichment,820 S VALENTIA ST,,PC DENVER LAND 2 LLC,PUD,178541,,,616400058000,VACANT LAND
non_residential_zoning; not_clear_individual_owner; sold_after_2021_not_5_year_hold,9409 E 51ST AVE MISC,,CITY & COUNTY OF DENVER,I-A,28378,2026,10,115300086000,VACANT LAND /GENERAL COMMON ELEMENTS
not_clear_individual_owner,851 N UINTA WAY,80230-6824,PARK LANE HOA,R-2-A,68310,2013,0,604300025000,VACANT LAND /GENERAL COMMON ELEMENTS
non_residential_zoning; not_clear_individual_owner; sold_after_2021_not_5_year_hold,4925 W 11TH AVE,,11TH AVENUE TOD LLC,C-MX-5,10370,2023,0,506300260000,VACANT LAND
not_clear_individual_owner,2905 E CEDAR AVE,80209-3211,BPB CEDAR INVESTMENTS LLC,S-SU-I,12001,2021,0,512403026000,VACANT LAND
non_residential_zoning; not_clear_individual_owner; sale_year_unknown_needs_enrichment,790 E LOUISIANA AVE,,REGIONAL TRANSPORTATION DISTRICT,U-MS-5,192000,,,522100001000,VACANT LAND /GENERAL COMMON ELEMENTS
sold_after_2021_not_5_year_hold,347 N MADISON ST,80206-4436,"CHASE,JACOB D",G-RH-3,12500,2022,4400000,512111005000,VACANT LAND
non_residential_zoning; sale_year_unknown_needs_enrichment,303 N KALAMATH ST APPRX,80223-1143,UNION PACIFIC RAILROAD CO,I-A,132080,,,509100168000,VACANT LAND
not_clear_individual_owner; sold_after_2021_not_5_year_hold,20493 E 50TH PL,,EBERT METROPOLITAN DISTRICT,R-MU-20,8370,2025,0,14300086000,VACANT LAND /GENERAL COMMON ELEMENTS
tier1_confirmed_basic_filters_before_growth_proximity,6105 W HAMPDEN AVE,,"NGUYEN,TRONG H",R-2-A,7270,2017,221000,436600005000,VACANT LAND /GENERAL COMMON ELEMENTS
non_residential_zoning; sale_year_unknown_needs_enrichment,5200 N MILWAUKEE ST,,UNION PACIFIC RR CO,I-B,140900,,,213200014000,VACANT LAND
non_residential_zoning; not_clear_individual_owner; sold_after_2021_not_5_year_hold,5457 N NETHERLAND ST,,EBERT METROPOLITAN DISTRICT,C-MU-20,24304,2025,0,14100020000,VACANT LAND /GENERAL COMMON ELEMENTS
not_clear_individual_owner,7300 E 5TH AVENUE PKWY #CA,,GALLANTRY HOMEOWNERS ASSOCIATION INC,R-2-A,9087,2006,10,609202030000,VACANT LAND /GENERAL COMMON ELEMENTS
non_residential_zoning; not_clear_individual_owner; sale_year_unknown_needs_enrichment,955 W FLORIDA AVE,,CITY & COUNTY OF DENVER,OS-A,123000,,,522300005000,VACANT LAND
non_residential_zoning; not_clear_individual_owner; sale_year_unknown_needs_enrichment,2019 S SANTA FE DR,,STATE OF COLORADO DEPARTMENT OF TRANSPORTATION,E-MX-2X,11400,,,527309002000,VACANT LAND /GENERAL COMMON ELEMENTS
non_residential_zoning; not_clear_individual_owner,888 N FEDERAL BLVD APPRX,80204-3242,CITY & COUNTY OF DENVER,E-MX-3,8008,2016,0,505422025000,VACANT LAND /GENERAL COMMON ELEMENTS
not_clear_individual_owner; sale_year_unknown_needs_enrichment,26100 E 88TH AVE APPRX,,CITY & COUNTY OF DENVER,DIA,6398663,,,1303100006000,VACANT LAND
not_clear_individual_owner,617 N ULSTER ST,,LOWRY COMMUNITY MASTER ASSOCIATION INC,R-1,12890,2007,0,604312016000,VACANT LAND /GENERAL COMMON ELEMENTS
not_clear_individual_owner; sale_year_unknown_needs_enrichment,900 S PATTON CT,,PUBLIC SERVICE CO,E-SU-D1X,8750,,,518419003000,VACANT LAND
non_residential_zoning; not_clear_individual_owner,3031 W FLORIDA AVE,80219-4003,NATIONAL DEVELOPMENT FEDERAL LLC,E-CC-3X,21424,2020,1000000,520212049000,VACANT LAND
non_residential_zoning; not_clear_individual_owner; sale_year_unknown_needs_enrichment,9400 W TUFTS AVE APPRX,,BOARD OF WATER COMMISSIONERS CITY & COUNTY OF DENVER,OS-A,155000,,,910209098000,VACANT LAND
non_residential_zoning; not_clear_individual_owner,5035 S MONACO ST,,GOLDSMITH METROPOLITAN DISTRICT,B-4,57853,1991,0,708400029000,VACANT LAND /GENERAL COMMON ELEMENTS
not_clear_individual_owner,8140 E CEDAR PL,,LOWRY COMMUNITY MASTER ASSOCIATION INC,R-2-A,13244,2000,0,609328021000,VACANT LAND /GENERAL COMMON ELEMENTS
not_clear_individual_owner,25649 E 71ST AVE APPRX,,CITY & COUNTY OF DENVER,DIA,7988163,1988,0,1305100009000,VACANT LAND
not_clear_individual_owner; sold_after_2021_not_5_year_hold,6379 N EMPORIA CT,,CITY & COUNTY OF DENVER,M-RX-5,23166,2026,10,110100232000,VACANT LAND /GENERAL COMMON ELEMENTS
non_residential_zoning; not_clear_individual_owner; sale_year_unknown_needs_enrichment,2121 S GALAPAGO ST,80233,SOBO 9 JV LLC,U-MX-3,9230,,,527312041000,VACANT LAND
non_residential_zoning; not_clear_individual_owner; sale_year_unknown_needs_enrichment,1501 S BANNOCK ST,,ATCHISON TOPEKA & SANTA FE RR CO,I-B,266000,,,522600001000,VACANT LAND
non_residential_zoning; not_clear_individual_owner; sold_after_2021_not_5_year_hold,4555 W 8TH AVE APPRX,80204-7303,URBAN DRAINAGE FLOOD CONTROL DISTRICT,S-MU-5,64653,2025,550000,506615013000,VACANT LAND /GENERAL COMMON ELEMENTS
non_residential_zoning; not_clear_individual_owner,700 N ZUNI ST,,CITY & COUNTY OF DENVER,OS-C,51500,1992,0,508100025000,VACANT LAND
non_residential_zoning; not_clear_individual_owner; sale_year_unknown_needs_enrichment,250 W DAKOTA AVE,80209-1517,BROADWAY NE PROPERTIES LLC,C-MX-16,13919,,,515205049000,VACANT LAND /GENERAL COMMON ELEMENTS
non_residential_zoning; not_clear_individual_owner; sale_year_unknown_needs_enrichment,544 S JERSEY ST,,PUBLIC SERVICE CO,S-MX-3A,300000,,,617200024000,VACANT LAND
non_residential_zoning; not_clear_individual_owner; sale_year_unknown_needs_enrichment,2450 W 13TH AVE,,PUBLIC SERVICE COMPANY,I-B,171367,,,504224009000,VACANT LAND
not_clear_individual_owner,5200 W BERRY AVE APPRX,,BOARD OF WATER COMMISSIONERS CITY & COUNTY OF DENVER,R-1,91605,1994,10,913200003000,VACANT LAND
non_residential_zoning; not_clear_individual_owner; sale_year_unknown_needs_enrichment,800 N TEJON ST,80223-2518,BURLINGTON NORTHERN RR CO PROPERTY TAX DEPARTMENT,I-B,221000,,,504300012000,VACANT LAND
non_residential_zoning; not_clear_individual_owner; sale_year_unknown_needs_enrichment,2000 S DAHLIA ST,80222-4758,REGIONAL TRANSPORTATION DISTRICT,S-MX-3A,57200,,,630200037000,VACANT LAND
non_residential_zoning; not_clear_individual_owner,1950 ARAPAHOE ST,80202-3225,GORO 1055 LLC,D-C,106685,1997,0,234505027000,VACANT LAND
not_clear_individual_owner; sale_year_unknown_needs_enrichment,3970 W KENTUCKY AVE,,PUBLIC SERVICE CO,E-SU-D1X,33700,,,518418001000,VACANT LAND
non_residential_zoning; not_clear_individual_owner; sale_year_unknown_needs_enrichment,5802 S WADSWORTH BLVD APPRX,,GRANT PROPERTIES I LTD,B-4,37605,,,915400028000,VACANT LAND /GENERAL COMMON ELEMENTS
not_clear_individual_owner,100 S UNIVERSITY BLVD,80209-3236,BELCOURT PROPERTIES LLC,R-1,14568,1990,1575000,512407045000,VACANT LAND /GENERAL COMMON ELEMENTS
non_residential_zoning; not_clear_individual_owner; sold_after_2021_not_5_year_hold,808 S DELAWARE WAY,,DENVER REAL ESTATE VENTURES LLC,C-MX-16,69490,2026,10,515515002000,VACANT LAND
not_clear_individual_owner; sold_after_2021_not_5_year_hold,4662 S KIPLING ST,,KIPLING WEST HOMEOWNERS ASSOCIATION INC,S-RH-2.5,68135,2024,0,910200010000,VACANT LAND /GENERAL COMMON ELEMENTS
not_clear_individual_owner,3619 S LOWELL BLVD,,CHRISTIAN BROTHERS OF J K MULLEN HIGH SCHOOL INC,R-5,72868,1997,10,806100015000,VACANT LAND
not_clear_individual_owner; sale_year_unknown_needs_enrichment,1999 E ALAMEDA AVE,,MOREY HILL HOMEOWNERS ASSOCIATION INC,R-1,31832,,,511610060000,VACANT LAND /GENERAL COMMON ELEMENTS
not_clear_individual_owner,5001 N HARLAN ST,,STATE OF COLORADO DEPARTMENT OF TRANSPORTATION,S-SU-D,29000,1985,0,313403017000,VACANT LAND /GENERAL COMMON ELEMENTS
not_clear_individual_owner; sold_after_2021_not_5_year_hold,3058 S MAY STANTON WAY,80236-2711,THB LORETTO LAND LLC,PUD-G 25,82018,2023,0,532218016000,VACANT LAND
not_clear_individual_owner; sold_after_2021_not_5_year_hold,20351 E 48TH PL,,EBERT METROPOLITAN DISTRICT,R-MU-20,12748,2025,0,23215017000,VACANT LAND /GENERAL COMMON ELEMENTS
not_clear_individual_owner; sold_after_2021_not_5_year_hold,555 N JOSEPHINE ST,80206-4210,SANNAIG INVESTMENTS LLC,G-RH-3,7015,2024,895000,501634044000,VACANT LAND
non_residential_zoning; not_clear_individual_owner; sold_after_2021_not_5_year_hold,5568 N DANUBE ST,,EBERT METROPOLITAN DISTRICT,C-MU-20,13369,2025,0,15200187000,VACANT LAND /GENERAL COMMON ELEMENTS
non_residential_zoning; not_clear_individual_owner; sale_year_unknown_needs_enrichment,2601 S MAGNOLIA ST,80224-2627,BOARD OF WATER COMMISSIONERS CITY & COUNTY OF DENVER,S-MX-3A,57300,,,629400007000,VACANT LAND /GENERAL COMMON ELEMENTS
not_clear_individual_owner,5363 S HARLAN WAY,,BOWLES METROPOLITAN DISTRICT,R-2,120339,1998,10,913218010000,VACANT LAND /GENERAL COMMON ELEMENTS
not_clear_individual_owner,3040 S IRVING ST,80236-2711,THB LORETTO LAND LLC,PUD-G 25,50221,2021,14480000,532200048000,VACANT LAND /GENERAL COMMON ELEMENTS
not_clear_individual_owner; sale_year_unknown_needs_enrichment,26100 E 88TH AVE APPRX,,CITY & COUNTY OF DENVER,DIA,304908,,,1231100020000,VACANT LAND
not_clear_individual_owner; sale_year_unknown_needs_enrichment,3100 W ARKANSAS AVE,80219-4005,PRAISE CENTER CHURCH INC,S-SU-D,117112,,,520212077000,VACANT LAND
non_residential_zoning; not_clear_individual_owner; sold_after_2021_not_5_year_hold,5146 N WACO ST,80203,EBERT METROPOLITAN DISTRICT,C-MU-20,23357,2025,0,16100197000,VACANT LAND /GENERAL COMMON ELEMENTS
non_residential_zoning; not_clear_individual_owner,2235 ARAPAHOE ST,80205-2512,NTV HOLDINGS LLC,D-AS-12+,11993,2019,2600000,234223015000,VACANT LAND
not_clear_individual_owner,6897 E UNION AVE,,REGIONAL TRANSPORTATION DISTRICT,T-MU-30,177318,2001,2776390,708400124000,VACANT LAND /GENERAL COMMON ELEMENTS
non_residential_zoning; not_clear_individual_owner; sold_after_2021_not_5_year_hold,333 S ZUNI ST,,CITY & COUNTY OF DENVER,E-MX-3,26700,2024,4000000,517101018000,VACANT LAND
not_clear_individual_owner; sold_after_2021_not_5_year_hold,888 S VALENTIA ST TR R1,,PRELUDE AT TAVA WATERS HOMEOWNER ASSOCIATION INC,PUD,17862,2026,10,616400178000,VACANT LAND /GENERAL COMMON ELEMENTS
non_residential_zoning; not_clear_individual_owner; sale_year_unknown_needs_enrichment,701 S KEARNEY ST,,CITY & COUNTY OF DENVER,OS-A,79800,,,617316003000,VACANT LAND /GENERAL COMMON ELEMENTS
not_clear_individual_owner; sale_year_unknown_needs_enrichment,900 S WABASH ST,,FAIRLAKE METROPOLITAN DISTRICT,PUD,32652,,,616400023000,VACANT LAND /GENERAL COMMON ELEMENTS
not_clear_individual_owner; sold_after_2021_not_5_year_hold,9648 E 61ST PL,,CITY & COUNTY OF DENVER,M-RX-5,30941,2026,10,110100223000,VACANT LAND /GENERAL COMMON ELEMENTS
tier1_confirmed_basic_filters_before_growth_proximity,4751 N YORK ST,80216-2234,SHERWOOD PROJECTTHE GROWHAUS,E-TU-B,33215,2013,150000,223101044000,VACANT LAND
not_clear_individual_owner,11 S ROSLYN ST,,LOWRY VILLAGE II ASSOCIATION INC,R-2-A,8400,2000,10,609311021000,VACANT LAND /GENERAL COMMON ELEMENTS
not_clear_individual_owner; sold_after_2021_not_5_year_hold,4893 N ORLEANS ST,,EBERT METROPOLITAN DISTRICT,R-MU-20,7671,2025,0,23117006000,VACANT LAND /GENERAL COMMON ELEMENTS
sold_after_2021_not_5_year_hold,2667 W ILIFF AVE,80219-5923,"TORRES,ISIDORO PENA",S-SU-F1,8890,2023,370000,529117017000,VACANT LAND
non_residential_zoning; not_clear_individual_owner; sold_after_2021_not_5_year_hold,5203 N ORLEANS ST -5293,,EBERT METROPOLITAN DISTRICT,C-MU-20,17280,2025,0,14100022000,VACANT LAND /GENERAL COMMON ELEMENTS
non_residential_zoning; not_clear_individual_owner,4600 S MONACO ST COMM,,STATE OF COLORADO DEPARTMENT OF TRANSPORTATION,B-4,20092,2001,249100,708100090000,VACANT LAND /GENERAL COMMON ELEMENTS
not_clear_individual_owner,5800 W BEAR CREEK DR MISC,,CITY & COUNTY OF DENVER,R-4,9834,2003,10,436500037000,VACANT LAND /GENERAL COMMON ELEMENTS
not_clear_individual_owner,1701 S UINTA WAY,,HIGHLINE RIDGE HOMEOWNERS ASSOCIATION,S-RH-2.5,29811,2014,0,621400010000,VACANT LAND /GENERAL COMMON ELEMENTS
tier1_confirmed_basic_filters_before_growth_proximity,2985 S ZUNI ST,80236-2837,"RANGEL,CHRISTINA A",S-SU-F1,21000,2018,10,532111028000,VACANT LAND
non_residential_zoning; not_clear_individual_owner; sale_year_unknown_needs_enrichment,2500 N YORK ST,80210-5251,CITY & COUNTY OF DENVER,OS-A,12500,,,526613005000,VACANT LAND
tier1_confirmed_basic_filters_before_growth_proximity,8743 W STETSON PL,,"ROHRS BRADY,FLORA A & RUSSELL J",R-1,14400,2007,0,910107023000,VACANT LAND
non_residential_zoning; not_clear_individual_owner; sale_year_unknown_needs_enrichment,287 E 17TH AVE,80203-1198,AMFP VI GRANT LLC,C-MX-12,62162,,,234932034000,VACANT LAND
non_residential_zoning; not_clear_individual_owner; sale_year_unknown_needs_enrichment,252 JULIAN ST,80219-1946,CITY & COUNTY OF DENVER,OS-A,9380,,,508328013000,VACANT LAND /GENERAL COMMON ELEMENTS
non_residential_zoning; not_clear_individual_owner; sale_year_unknown_needs_enrichment,724 N GRANT ST,80203-3509,720 GRANT ST LLC,C-MX-8,15370,,,503914054000,VACANT LAND
non_residential_zoning; not_clear_individual_owner; sold_after_2021_not_5_year_hold,5209 N PICADILLY RD -5399,,EBERT METROPOLITAN DISTRICT,C-MU-20,37941,2025,0,14100016000,VACANT LAND /GENERAL COMMON ELEMENTS
non_residential_zoning; not_clear_individual_owner; sale_year_unknown_needs_enrichment,6898 E FLORIDA AVE,,PUBLIC SERVICE CO,O-1,16988,,,620400043000,VACANT LAND
non_residential_zoning; not_clear_individual_owner; sale_year_unknown_needs_enrichment,945 S BANNOCK WAY,,BROADWAY STATION METROPOLITAN DIST NO 1,C-MS-12,16934,,,515507001000,VACANT LAND /GENERAL COMMON ELEMENTS
not_clear_individual_owner,3859 W KENYON AVE,,WESTBRIDGE HOMEOWNERS ASSOCIATION INC,R-3,199418,2000,10,806101146000,VACANT LAND /GENERAL COMMON ELEMENTS
not_clear_individual_owner; sold_after_2021_not_5_year_hold,6500 E ALAMEDA AVE,,DAT PROPERTY HOLDINGS INC,R-3,87802,2025,0,608401023000,VACANT LAND
non_residential_zoning; not_clear_individual_owner,700 W BAYAUD AVE,,REGIONAL TRANSPORTATION DISTRICT,I-MX-5,106000,1989,0,510300020000,VACANT LAND
not_clear_individual_owner; sold_after_2021_not_5_year_hold,5758 N ELMIRA CT APPRX,,CITY & COUNTY OF DENVER,M-RX-5,57562,2026,10,110400023000,VACANT LAND /GENERAL COMMON ELEMENTS
non_residential_zoning; not_clear_individual_owner; sale_year_unknown_needs_enrichment,9400 W TUFTS AVE APPRX,,CITY & COUNTY OF DENVER,OS-A,55887,,,910209100000,VACANT LAND
non_residential_zoning; not_clear_individual_owner; sale_year_unknown_needs_enrichment,200 S SANTA FE DR,,BURLINGTON NORTHERN RR CO PROPERTY TAX DEPARTMENT,I-A,59700,,,509600003000,VACANT LAND
non_residential_zoning; not_clear_individual_owner; sale_year_unknown_needs_enrichment,2600 S STEELE ST,,CITY & COUNTY OF DENVER,OS-A,21300,,,525423026000,VACANT LAND /GENERAL COMMON ELEMENTS
non_residential_zoning; not_clear_individual_owner; sale_year_unknown_needs_enrichment,1008 S ACOMA ST,,DENVER BROADWAY STATION LTD,C-MS-12,43818,,,515511001000,VACANT LAND
non_residential_zoning; not_clear_individual_owner; sale_year_unknown_needs_enrichment,807 N FEDERAL BLVD,80204-3212,AURORA HOLDINGS LLC,E-MX-3,26662,,,505332037000,VACANT LAND
not_clear_individual_owner,8800 E JEFFERSON AVE,,VILLAGES AT SUNSET CREEK OWNERS ASSOCIATION,S-SU-D,48635,2015,0,704100094000,VACANT LAND /GENERAL COMMON ELEMENTS
not_clear_individual_owner; sale_year_unknown_needs_enrichment,8500 E QUINCY AVE -8600,,STATE OF COLORADO DEPARTMENT OF TRANSPORTATION,S-SU-F,273121,,,704400004000,VACANT LAND /GENERAL COMMON ELEMENTS
non_residential_zoning; not_clear_individual_owner,1067 N OSAGE ST,,REGIONAL TRANSPORTATION DISTRICT,I-A,18898,1994,0,504406008000,VACANT LAND
non_residential_zoning; not_clear_individual_owner; sale_year_unknown_needs_enrichment,10400 E EXPOSITION AVE,,BOARD OF WATER COMMISSIONERS CITY & COUNTY OF DENVER,OS-C,34800,,,615100006000,VACANT LAND
not_clear_individual_owner; sale_year_unknown_needs_enrichment,2400 W CORNELL AVE,,CITY & COUNTY OF DENVER,S-SU-F1,12517,,,532112034000,VACANT LAND
non_residential_zoning; not_clear_individual_owner; sale_year_unknown_needs_enrichment,1325 S ACOMA ST,,ATCHISON TOPEKA & SANTA FE RR CO,I-A,253000,,,522200002000,VACANT LAND
sold_after_2021_not_5_year_hold,3400 W TENNESSEE AVE,80219-3379,RE VISION,S-SU-D,17400,2026,10,517326117000,VACANT LAND
not_clear_individual_owner; sale_year_unknown_needs_enrichment,2825 S ZUNI ST VCNT,,CITY & COUNTY OF DENVER,R-1,9410,,,532106030000,VACANT LAND /GENERAL COMMON ELEMENTS
not_clear_individual_owner; sold_after_2021_not_5_year_hold,219 N QUITMAN ST,80219-1244,WEALTH CONNECTIONS,E-SU-D1X,12500,2022,440000,507127009000,VACANT LAND
non_residential_zoning; not_clear_individual_owner; sold_after_2021_not_5_year_hold,2980 S PANCRATIA ST,,MHMP 20 LORETTO LLLP,U-MX-3,42320,2023,1500000,532221001000,VACANT LAND
non_residential_zoning; not_clear_individual_owner; sale_year_unknown_needs_enrichment,2500 S MADISON ST,80210-5610,CITY & COUNTY OF DENVER,OS-A,9560,,,525420013000,VACANT LAND /GENERAL COMMON ELEMENTS
not_clear_individual_owner; sale_year_unknown_needs_enrichment,27300 E 98TH AVE,80249-6370,CITY & COUNTY OF DENVER,DIA,4743403,,,1216100003000,VACANT LAND
non_residential_zoning; not_clear_individual_owner; sale_year_unknown_needs_enrichment,2500 S MONROE ST,80210-5648,CITY & COUNTY OF DENVER,OS-A,25000,,,525427011000,VACANT LAND /GENERAL COMMON ELEMENTS
non_residential_zoning; not_clear_individual_owner,3603 S MONACO STREET PKWY,,HAMCO DEVELOPMENT CO LLC,S-MX-5A,61721,2019,700000,705200045000,VACANT LAND
non_residential_zoning; not_clear_individual_owner; sale_year_unknown_needs_enrichment,5300 N SAINT PAUL ST,,CITY & COUNTY OF DENVER,I-B,354000,,,213200047000,VACANT LAND
not_clear_individual_owner,1079 S HOOKER ST,,1079 S  HOOKER STREET TRUST,S-SU-D,10680,2021,87500,517318031000,VACANT LAND
non_residential_zoning; not_clear_individual_owner; sale_year_unknown_needs_enrichment,250 W ALAMEDA AVE,,BMP METROPOLITAN DISTRICT NO. 1,C-MX-16,35980,,,515200083000,VACANT LAND /GENERAL COMMON ELEMENTS
not_clear_individual_owner,828 N SYRACUSE ST,,LOWRY COMMUNITY MASTER ASSOCIATION INC,R-2-A,15869,2005,0,604321024000,VACANT LAND /GENERAL COMMON ELEMENTS
not_clear_individual_owner; sold_after_2021_not_5_year_hold,701 S LINCOLN ST,80209-4023,ROTH CORPORATION,U-TU-B2,14900,2023,2500000,515608045000,VACANT LAND
not_clear_individual_owner; sale_year_unknown_needs_enrichment,2600 S EUDORA ST,,CITY & COUNTY OF DENVER,S-SU-D,9900,,,630400002000,VACANT LAND /GENERAL COMMON ELEMENTS
non_residential_zoning; not_clear_individual_owner,700 W ELLSWORTH AVE,,REGIONAL TRANSPORTATION DISTRICT,I-B,9270,1989,0,509613008000,VACANT LAND /GENERAL COMMON ELEMENTS
not_clear_individual_owner; sale_year_unknown_needs_enrichment,26100 E 88TH AVE APPRX,,CITY & COUNTY OF DENVER,DIA,108901,,,1232100121000,VACANT LAND
non_residential_zoning; not_clear_individual_owner,4701 S GARRISON ST APPRX,,CITY & COUNTY OF DENVER,OS-A,34500,2016,20500,910300007000,VACANT LAND /GENERAL COMMON ELEMENTS
non_residential_zoning; not_clear_individual_owner,307 W TENNESSEE AVE,,BROADWAY STATION METROPOLITAN DISTRICT NO 1,C-MX-16,20067,2019,0,515500116000,VACANT LAND /GENERAL COMMON ELEMENTS
non_residential_zoning; not_clear_individual_owner; sold_after_2021_not_5_year_hold,18288 E 51ST AVE,80203,EBERT METROPOLITAN DISTRICT,C-MU-20,31207,2025,0,16100198000,VACANT LAND /GENERAL COMMON ELEMENTS
non_residential_zoning; not_clear_individual_owner; sold_after_2021_not_5_year_hold,3988 N GALAPAGO ST,,AMFP V FOX STATION LLC,C-MX-20,45980,2025,0,222333001000,VACANT LAND
non_residential_zoning,2960 W BATES AVE VCNT,,"LAM,LION",S-MX-3,19564,2016,327500,532109001000,VACANT LAND
not_clear_individual_owner; sold_after_2021_not_5_year_hold,4410 N WALDEN WAY,80202-5329,EBERT METROPOLITAN DISTRICT,PUD,13570,2025,0,21100048000,VACANT LAND /GENERAL COMMON ELEMENTS
non_residential_zoning; not_clear_individual_owner; sale_year_unknown_needs_enrichment,501 N IRVING ST,,CITY & COUNTY OF DENVER,OS-A,128931,,,508305016000,VACANT LAND
not_clear_individual_owner; sale_year_unknown_needs_enrichment,26100 E 88TH AVE APPRX,,CITY & COUNTY OF DENVER,DIA,27470247,,,1235100087000,VACANT LAND
not_clear_individual_owner; sold_after_2021_not_5_year_hold,6191 N FLORENCE WAY,,CITY & COUNTY OF DENVER,M-RX-5,50523,2026,10,110100244000,VACANT LAND /GENERAL COMMON ELEMENTS
not_clear_individual_owner; sale_year_unknown_needs_enrichment,4605 S YOSEMITE ST LOT 45,,TERRACE AT STONEY BROOK TOWNHOMES,R-2,43570,,,709121108000,VACANT LAND /GENERAL COMMON ELEMENTS
non_residential_zoning; not_clear_individual_owner; sale_year_unknown_needs_enrichment,2601 S SANTA FE DR,,STATE OF COLORADO DEPARTMENT OF TRANSPORTATION,I-A,9644,,,527400011000,VACANT LAND /GENERAL COMMON ELEMENTS
non_residential_zoning; not_clear_individual_owner; sold_after_2021_not_5_year_hold,4845 N IRELAND ST,,EBERT METROPOLITAN DISTRICT,C-MU-20,42916,2025,0,23216021000,VACANT LAND /GENERAL COMMON ELEMENTS
non_residential_zoning; not_clear_individual_owner,1000 N PECOS ST,,COLORADO HIGH PERFORMANCE TRANSPORTATION ENTERPRISE,I-B,231000,1998,0,504300065000,VACANT LAND
tier1_confirmed_basic_filters_before_growth_proximity,900 S FLORENCE ST,,"WATKINS,LEONARD",S-SU-I,12100,2003,0,615401020000,VACANT LAND
non_residential_zoning; not_clear_individual_owner; sale_year_unknown_needs_enrichment,1626 S SANTA FE DR,,STATE OF COLORADO DEPARTMENT OF TRANSPORTATION,E-CC-3,160785,,,522605020000,VACANT LAND /GENERAL COMMON ELEMENTS
non_residential_zoning; not_clear_individual_owner; sale_year_unknown_needs_enrichment,1800 W COLFAX AVE,80204-2422,REGIONAL TRANSPORTATION DISTRICT,I-B,75243,,,504205039000,VACANT LAND
not_clear_individual_owner,8241 E 8TH AVE,,CITY & COUNTY OF DENVER,R-2-A,128855,2020,0,604329003000,VACANT LAND /GENERAL COMMON ELEMENTS
non_residential_zoning; not_clear_individual_owner,191 W IOWA AVE,,UNION PACIFIC RAILROAD COMPANY,I-B,266000,1997,0,522600002000,VACANT LAND
non_residential_zoning; not_clear_individual_owner; sold_after_2021_not_5_year_hold,5099 N YAMPA ST,80203-1776,EBERT METROPOLITAN DISTRICT,C-MU-20,24320,2025,0,16100200000,VACANT LAND /GENERAL COMMON ELEMENTS
not_clear_individual_owner,868 N SYRACUSE ST,,LOWRY COMMUNITY MASTER ASSOCIATION INC,R-2-A,17540,2005,0,604322033000,VACANT LAND /GENERAL COMMON ELEMENTS
not_clear_individual_owner; sale_year_unknown_needs_enrichment,26100 E 88TH AVE APPRX,,CITY & COUNTY OF DENVER,DIA,1711668,,,1134100192000,VACANT LAND
not_clear_individual_owner; sale_year_unknown_needs_enrichment,8961 E 5TH AVE,,LOWRY ECONOMIC REDEVELOPMENT AUTHORITY,R-2-A,8106,,,610200020000,VACANT LAND /GENERAL COMMON ELEMENTS
non_residential_zoning; not_clear_individual_owner,1047 N OSAGE ST,,COLORADO HIGH PERFORMANCE TRANSPORTATION ENTERPRISE,I-A,39723,2021,50000000,504406009000,VACANT LAND
not_clear_individual_owner; sale_year_unknown_needs_enrichment,1540 LITTLE RAVEN ST #TR-A,,,PUD,16719,,,233213089998,VACANT LAND /GENERAL COMMON ELEMENTS
not_clear_individual_owner; sale_year_unknown_needs_enrichment,985 S MEADE ST,,PUBLIC SERVICE CO,E-SU-D1X,15900,,,518421012000,VACANT LAND
sold_after_2021_not_5_year_hold,190 S MARION STREET PKWY,,"COWLES,GRANT",U-SU-C,9340,2025,1460000,511411011000,VACANT LAND
non_residential_zoning; not_clear_individual_owner,2900 E 52ND AVE,,UNION PACIFIC RAILROAD COMPANY,I-B,146000,1997,0,213200013000,VACANT LAND
not_clear_individual_owner; sale_year_unknown_needs_enrichment,6803 E UNION BLVD VCNT,,MADRE INVESTMENT CO,T-MU-30,7847,,,708411007000,VACANT LAND /GENERAL COMMON ELEMENTS
not_clear_individual_owner; sold_after_2021_not_5_year_hold,780 N GRAPE ST,80220-5259,790 GRAPE STREET LLC,E-SU-D1X,7254,2025,1200000,606419014000,VACANT LAND
non_residential_zoning; not_clear_individual_owner; sold_after_2021_not_5_year_hold,817 W 8TH AVE,80204-4331,BLUE ROOM HOUSE ONE LLC,C-MS-5,7749,2023,0,503613015000,VACANT LAND
non_residential_zoning; not_clear_individual_owner,710 N FEDERAL BLVD,80204-3211,CITY & COUNTY OF DENVER,I-A,11862,2016,468000,508103030000,VACANT LAND
non_residential_zoning; not_clear_individual_owner; sold_after_2021_not_5_year_hold,8215 E BELLEVIEW AVE,,BELLEVIEW APARTMENTS LLC,S-MX-8,300431,2025,0,709400076000,VACANT LAND
tier1_confirmed_basic_filters_before_growth_proximity,2035 S ZUNI ST,,"ANDRADE,OSCAR REYES",S-SU-F1,13342,2019,140000,529107038000,VACANT LAND
non_residential_zoning; not_clear_individual_owner,1413 N ZUNI ST,80204-2363,CITY & COUNTY OF DENVER,C-MX-5,21550,2009,0,504211013000,VACANT LAND /GENERAL COMMON ELEMENTS
not_clear_individual_owner; sold_after_2021_not_5_year_hold,4520 S NEWPORT WAY,,MADRE INVESTMENT CO,T-MU-30,46789,2022,0,708411015000,VACANT LAND
not_clear_individual_owner; sale_year_unknown_needs_enrichment,26100 E 88TH AVE APPRX,,CITY & COUNTY OF DENVER,DIA,522721,,,1231100014000,VACANT LAND
non_residential_zoning; not_clear_individual_owner; sold_after_2021_not_5_year_hold,1978 S HOLLY ST PRIVATE ROAD,80222-4818,2000 HOLLY METROPOLITAN DISTRICT,I-MX-3,95112,2022,0,629200311000,VACANT LAND /GENERAL COMMON ELEMENTS
not_clear_individual_owner,7419 E 5TH AVE,,CARRIAGE COURT HOMEOWNERS ASSOCIATION,R-2-A,8494,2004,0,609208019000,VACANT LAND /GENERAL COMMON ELEMENTS
non_residential_zoning; not_clear_individual_owner; sale_year_unknown_needs_enrichment,9001 E EASTMAN AVE -9401,,CITY & COUNTY OF DENVER,OS-A,71003,,,634200010000,VACANT LAND /GENERAL COMMON ELEMENTS
non_residential_zoning; not_clear_individual_owner; sold_after_2021_not_5_year_hold,121 N CLAYTON LN,80206-5677,CHERRY LANE I REDEVELOPMENT OWNER LLC,C-MU-10,17285,2024,58850000,512228025025,VACANT LAND
not_clear_individual_owner,31168 E 101ST AVE,,CITY & COUNTY OF DENVER,DIA,6396616,1989,0,1207100014000,VACANT LAND
non_residential_zoning; not_clear_individual_owner; sold_after_2021_not_5_year_hold,4635 N WASHINGTON ST,80205,CITY & COUNTY OF DENVER,U-MX-3,9599,2026,0,222119033000,VACANT LAND /GENERAL COMMON ELEMENTS
non_residential_zoning; not_clear_individual_owner,550 N DECATUR ST,80204-4804,CITY & COUNTY OF DENVER,OS-A,18277,2016,10,508114019000,VACANT LAND /GENERAL COMMON ELEMENTS
non_residential_zoning; not_clear_individual_owner; sale_year_unknown_needs_enrichment,300 W EXPOSITION AVE APPRX,,UNION PACIFIC RAILROAD COMPANY,I-B,37000,,,515500072000,VACANT LAND
non_residential_zoning; not_clear_individual_owner; sale_year_unknown_needs_enrichment,200 N IRVING ST,,CITY & COUNTY OF DENVER,OS-A,28100,,,508329001000,VACANT LAND
not_clear_individual_owner; sale_year_unknown_needs_enrichment,900 S WABASH ST,,FAIRLAKE METROPOLITAN DISTRICT,PUD,85999,,,616400019000,VACANT LAND /GENERAL COMMON ELEMENTS
non_residential_zoning; not_clear_individual_owner; sale_year_unknown_needs_enrichment,2131 S SANTA FE DR,,STATE OF COLORADO DEPARTMENT OF TRANSPORTATION,E-MX-2X,21700,,,527310029000,VACANT LAND /GENERAL COMMON ELEMENTS
not_clear_individual_owner; sale_year_unknown_needs_enrichment,26100 E 88TH AVE APPRX,,CITY & COUNTY OF DENVER,DIA,522722,,,1232100117000,VACANT LAND
non_residential_zoning,2500 E COLORADO AVE,,COLORADO SEMINARY UNIVERSITY OF DENVER,CMP-EI,11722,1999,973000,524322018000,VACANT LAND
not_clear_individual_owner; sold_after_2021_not_5_year_hold,839 N BELLAIRE ST,,CITY & COUNTY OF DENVER,R-MU-20,20449,2024,10,606300056000,VACANT LAND /GENERAL COMMON ELEMENTS
not_clear_individual_owner; sold_after_2021_not_5_year_hold,10107 E 31ST AVE 10197,,CITY & COUNTY OF DENVER,R-MU-20,12000,2026,500,127400119000,VACANT LAND /GENERAL COMMON ELEMENTS
non_residential_zoning; not_clear_individual_owner,2232 LAWRENCE ST,80205-2043,DENVER RESCUE MISSION INC,D-AS-12+,17225,2014,3765376,234223017000,VACANT LAND
non_residential_zoning; not_clear_individual_owner; sale_year_unknown_needs_enrichment,149 N KING ST,,CITY & COUNTY OF DENVER,OS-A,9380,,,508340012000,VACANT LAND /GENERAL COMMON ELEMENTS
non_residential_zoning; not_clear_individual_owner; sale_year_unknown_needs_enrichment,956 N DECATUR ST,80204-3321,DENVER HOUSING LLC,C-RX-8,169838,,,505430001000,VACANT LAND
non_residential_zoning; not_clear_individual_owner; sale_year_unknown_needs_enrichment,8000 W UNION AVE APPRX,,BOARD OF WATER COMMISSIONERS CITY & COUNTY OF DENVER,S-CC-3,69700,,,911300035000,VACANT LAND /GENERAL COMMON ELEMENTS
non_residential_zoning; not_clear_individual_owner; sale_year_unknown_needs_enrichment,1363 9TH ST,,BOARD OF DIRECTORS OF THE AURARIA HIGHER EDUCATION CTR,CMP-EI,41264,,,233705012000,VACANT LAND
not_clear_individual_owner,227 N OLIVE ST,,WEST VILLAGE TOWNHOMES AT LOWRY COMMUNITY ASSOCIATION,R-2-A,29442,2004,0,608125016000,VACANT LAND
not_clear_individual_owner,7750 E 11TH AVE,,CITY & COUNTY OF DENVER,R-2-A,27482,2014,0,604323024000,VACANT LAND /GENERAL COMMON ELEMENTS
tier1_confirmed_basic_filters_before_growth_proximity,915 S LOCUST ST,,"HIGINBOTHAM,LARRY L & STEVE",S-SU-D,12500,1997,55000,617310013000,VACANT LAND
not_clear_individual_owner,6535 E ALASKA DR,,KBY BUILDING LLC,S-SU-F,8561,2020,1060000,617115011000,VACANT LAND
non_residential_zoning; not_clear_individual_owner; sale_year_unknown_needs_enrichment,4801 LEETSDALE DR,,STATE OF COLORADO DEPARTMENT OF TRANSPORTATION,S-MX-3A,7160,,,618100013000,VACANT LAND /GENERAL COMMON ELEMENTS
tier1_confirmed_basic_filters_before_growth_proximity,2710 W BATES AVE,80236-2815,"VARGAS,DANIEL",S-SU-F1,8330,2019,15000,532110033000,VACANT LAND
non_residential_zoning; not_clear_individual_owner,3865 E CHERRY CREEK NORTH DR,80209-3803,POST APARTMENT HOMES LP,S-MX-12,34850,2016,7000000,513100036000,VACANT LAND
not_clear_individual_owner,526 N TRENTON ST,,HAMPSTEAD AT LOWRY HOMEOWNERS ASSOCIATION INC,R-2-A,10494,2002,1,609206022000,VACANT LAND /GENERAL COMMON ELEMENTS
not_clear_individual_owner; sale_year_unknown_needs_enrichment,26100 E 88TH AVE APPRX,,CITY & COUNTY OF DENVER,DIA,540907,,,1233100091000,VACANT LAND
non_residential_zoning; not_clear_individual_owner; sale_year_unknown_needs_enrichment,4941 W 11TH AVE,,11TH AVENUE TOD LLC,C-MX-5,16535,,,506300259000,VACANT LAND
non_residential_zoning; not_clear_individual_owner; sale_year_unknown_needs_enrichment,395 S BANNOCK ST,,BROADWAY PARK NORTH METROPOLITAN DISTRICT NO 1,C-MX-16,29440,,,515200082000,VACANT LAND
not_clear_individual_owner; sold_after_2021_not_5_year_hold,4913 N ORLEANS ST,,EBERT METROPOLITAN DISTRICT,R-MU-20,9978,2025,0,14405027000,VACANT LAND /GENERAL COMMON ELEMENTS
non_residential_zoning; not_clear_individual_owner; sale_year_unknown_needs_enrichment,17703 E ELMENDORF DR,,B & R PROPERTIES LLC,C-MU-30,7166,,,16100168000,VACANT LAND /GENERAL COMMON ELEMENTS
non_residential_zoning; not_clear_individual_owner; sold_after_2021_not_5_year_hold,324 S KNOX CT,,PYNERGY LLC,E-MX-3,11651,2022,0,517204047000,VACANT LAND
non_residential_zoning; not_clear_individual_owner; sold_after_2021_not_5_year_hold,3098 S FEDERAL BLVD,80236-2712,BOOM 9.8 LLC,S-MX-3,9180,2022,400000,532114024000,VACANT LAND
non_residential_zoning; not_clear_individual_owner,1902 S MONACO STREET PKWY,,CITY & COUNTY OF DENVER,OS-A,68800,1996,278000,629100022000,VACANT LAND /GENERAL COMMON ELEMENTS
non_residential_zoning; not_clear_individual_owner; sale_year_unknown_needs_enrichment,2001 S MONACO STREET PKWY,,PUBLIC SERVICE CO,S-MX-3A,25500,,,629200063000,VACANT LAND /GENERAL COMMON ELEMENTS
not_clear_individual_owner; sale_year_unknown_needs_enrichment,8960 E 5TH AVE,,LOWRY ECONOMIC REDEVELOPMENT AUTHORITY,R-2-A,16141,,,610200022000,VACANT LAND /GENERAL COMMON ELEMENTS
non_residential_zoning; not_clear_individual_owner; sold_after_2021_not_5_year_hold,2375 E 1ST AVE #RS,,CHERRY LANE I REDEVELOPMENT OWNER LLC,C-CCN-8,59572,2024,51150000,512228024024,VACANT LAND
non_residential_zoning; not_clear_individual_owner; sold_after_2021_not_5_year_hold,19057 E 51ST PL,,EBERT METROPOLITAN DISTRICT,C-MU-20,32151,2025,0,15308001000,VACANT LAND /GENERAL COMMON ELEMENTS
non_residential_zoning; not_clear_individual_owner; sale_year_unknown_needs_enrichment,401 N RARITAN WAY,,ATCHISON TOPEKA & SANTA FE RR CO,I-A,40500,,,509200033000,VACANT LAND
non_residential_zoning; not_clear_individual_owner,2424 LARIMER ST,,2424 LARIMER LLC,I-MX-3,18565,2019,5048731,234208048000,VACANT LAND
not_clear_individual_owner; sold_after_2021_not_5_year_hold,2920 S IRVING ST,80236-2711,LORETTO HEIGHTS METROPOLITAN DISTRICT NO 1,PUD-G 25,32529,2022,0,532200052000,VACANT LAND /GENERAL COMMON ELEMENTS
not_clear_individual_owner; sale_year_unknown_needs_enrichment,26100 E 88TH AVE APPRX,,CITY & COUNTY OF DENVER,DIA,3484003,,,1126100096000,VACANT LAND
not_clear_individual_owner; sale_year_unknown_needs_enrichment,26100 E 88TH AVE APPRX,,CITY & COUNTY OF DENVER,DIA,7026250,,,1213100036000,VACANT LAND
non_residential_zoning; not_clear_individual_owner; sale_year_unknown_needs_enrichment,1601 W ELLSWORTH AVE,,BURLINGTON NORTHERN RR CO PROPERTY TAX DEPARTMENT,I-B,277000,,,509500022000,VACANT LAND
non_residential_zoning; not_clear_individual_owner; sale_year_unknown_needs_enrichment,1100 S LIPAN ST -1500,,BURLINGTON NORTHERN RR CO PROPERTY TAX DEPARTMENT,I-MX-3,176000,,,521100009000,VACANT LAND
non_residential_zoning; not_clear_individual_owner; sale_year_unknown_needs_enrichment,4601 S ULSTER ST APPRX,,GOLDSMITH METROPOLITAN DISTRICT,B-8,39364,,,709200033000,VACANT LAND /GENERAL COMMON ELEMENTS
non_residential_zoning; not_clear_individual_owner; sale_year_unknown_needs_enrichment,249 N JULIAN ST,80219-1433,CITY & COUNTY OF DENVER,OS-A,12500,,,508327011000,VACANT LAND /GENERAL COMMON ELEMENTS
non_residential_zoning; not_clear_individual_owner,6958 E LOWRY BLVD,,BOULEVARD ONE COMMUNITY ASSOCIATION INC,O-1,178374,2021,0,608400047000,VACANT LAND
sold_after_2021_not_5_year_hold,436 S NEWPORT WAY,,"METZ,MATTHEW ALEXANDER",S-SU-F,12255,2023,715000,617114016000,VACANT LAND
not_clear_individual_owner,41 N ONEIDA ST,,BOULEVARD ONE COMMUNITY ASSOCIATION INC,G-RH-3,41552,2017,10,608400039000,VACANT LAND /GENERAL COMMON ELEMENTS
non_residential_zoning; not_clear_individual_owner,601 S KEARNEY ST,,CITY & COUNTY OF DENVER,OS-A,56100,1972,10,617217001000,VACANT LAND /GENERAL COMMON ELEMENTS
not_clear_individual_owner; sale_year_unknown_needs_enrichment,26100 E 88TH AVE APPRX,,CITY & COUNTY OF DENVER,DIA,522724,,,1231100008000,VACANT LAND
non_residential_zoning; not_clear_individual_owner; sold_after_2021_not_5_year_hold,6194 N CEYLON ST,,CANVAS DENVER GATEWAY OWNER LLC,C-MU-30,32926,2022,25824300,10200223000,VACANT LAND /GENERAL COMMON ELEMENTS
tier1_confirmed_basic_filters_before_growth_proximity,2455 S CLAY ST,,"CANUTO,LUIS ALBERTO MONTIEL",S-SU-F1,9147,2015,73750,529404040000,VACANT LAND
not_clear_individual_owner,7698 E 11TH AVE,,LOWRY COMMUNITY MASTER ASSOCIATION INC,R-2-A,7698,2006,10,604318022000,VACANT LAND /GENERAL COMMON ELEMENTS
non_residential_zoning; not_clear_individual_owner,1252 N KNOX CT,,REGIONAL TRANSPORTATION DISTRICT,O-1,84271,2010,0,505222004000,VACANT LAND
non_residential_zoning; not_clear_individual_owner; sold_after_2021_not_5_year_hold,5561 N HALIFAX CT,,EBERT METROPOLITAN DISTRICT,C-MU-20,10157,2025,0,15100033000,VACANT LAND /GENERAL COMMON ELEMENTS
non_residential_zoning; not_clear_individual_owner; sold_after_2021_not_5_year_hold,6154 N CEYLON ST,,CANVAS DENVER GATEWAY OWNER LLC,C-MU-30,32926,2022,25824300,10200229000,VACANT LAND /GENERAL COMMON ELEMENTS
non_residential_zoning; not_clear_individual_owner; sale_year_unknown_needs_enrichment,2950 S BOSTON ST,80210-6413,BOARD OF WATER COMMISSIONERS CITY & COUNTY OF DENVER,OS-B,173000,,,634200007000,VACANT LAND /GENERAL COMMON ELEMENTS
non_residential_zoning; not_clear_individual_owner; sold_after_2021_not_5_year_hold,2992 S MAX DIJULIO CT,80236-2711,LORETTO LLC,U-MX-3,48061,2023,1430000,532222004000,VACANT LAND
not_clear_individual_owner; sold_after_2021_not_5_year_hold,6280 N FULTON CT,,CITY & COUNTY OF DENVER,M-RX-5,48176,2026,10,110100250000,VACANT LAND /GENERAL COMMON ELEMENTS
non_residential_zoning; not_clear_individual_owner,1151 W 3RD AVE,,MODERN HOLDINGS LLC,I-A,37500,2014,0,509100053000,VACANT LAND /GENERAL COMMON ELEMENTS
not_clear_individual_owner; sold_after_2021_not_5_year_hold,3056 S PANCRATIA ST,,TRG LORETTO OWNER LLC,PUD-G 24,115820,2023,8225000,532222003000,VACANT LAND
non_residential_zoning; not_clear_individual_owner; sold_after_2021_not_5_year_hold,336 W TENNESSEE AVE,,SANTA FE DENVER G LLC,C-MX-16,116409,2022,50000000,515513001000,VACANT LAND
non_residential_zoning; not_clear_individual_owner; sold_after_2021_not_5_year_hold,1820 W 13TH AVE,80204-2408,ECI SRC FELIX LLC,I-MX-5,35988,2023,3169100,504221019000,VACANT LAND
non_residential_zoning; not_clear_individual_owner; sold_after_2021_not_5_year_hold,868 S DELAWARE WAY,,BROADWAY STATION METROPOLITAN DISTRICT NO 1,C-MX-16,16867,2026,0,515500151000,VACANT LAND /GENERAL COMMON ELEMENTS
non_residential_zoning; not_clear_individual_owner; sale_year_unknown_needs_enrichment,1655 S CLAY ST VCNT,,CITY & COUNTY OF DENVER,OS-A,7580,,,520430022000,VACANT LAND /GENERAL COMMON ELEMENTS
not_clear_individual_owner,1011 S VALENTIA ST,80247-6812,LIGHTHOUSE AT THE BREAKERS HOMEOWNERS ASSOCIATION,R-2-A,191937,1994,0,616307065000,VACANT LAND /GENERAL COMMON ELEMENTS
non_residential_zoning; not_clear_individual_owner; sold_after_2021_not_5_year_hold,4700 E COLFAX AVE,80220-1204,HARTMAN SQUARE LLC,U-MS-3,17114,2023,1625000,606201035000,VACANT LAND
non_residential_zoning; not_clear_individual_owner,1117 N CHEROKEE ST,80204-3614,CHEROKEE PARTNERS DENVER LLC,D-GT,7130,2021,10,503324046000,VACANT LAND
non_residential_zoning; not_clear_individual_owner; sold_after_2021_not_5_year_hold,1102 S BROADWAY,,SECURITY REALTY CO,C-MX-12,9490,2023,501000,522108045000,VACANT LAND
non_residential_zoning; sale_year_unknown_needs_enrichment,1400 W 6TH AVE,,UNION PACIFIC RAILROAD CO,I-B,226912,,,509100170000,VACANT LAND
non_residential_zoning; not_clear_individual_owner; sale_year_unknown_needs_enrichment,2303 S SANTA FE DR,,STATE OF COLORADO DEPARTMENT OF TRANSPORTATION,E-MU-2.5,29787,,,527406035000,VACANT LAND /GENERAL COMMON ELEMENTS
not_clear_individual_owner; sold_after_2021_not_5_year_hold,4690 S NEWPORT WAY,,MADRE INVESTMENT CO,T-MU-30,148910,2022,0,708411016000,VACANT LAND
not_clear_individual_owner,3270 S JULIAN WAY,80236-2711,THB LORETTO LAND LLC,PUD-G 25,139400,2021,14480000,532218008000,VACANT LAND
non_residential_zoning; not_clear_individual_owner,1290 N COLORADO BLVD,80206-3649,ATLANTIS COMMUNITY FOUNDATION,G-MU-5,22400,1994,10,606224009000,VACANT LAND
non_residential_zoning; not_clear_individual_owner; sale_year_unknown_needs_enrichment,419 S BROADWAY,,BMP NORTHEAST LLC,C-MX-16,19252,,,515205039000,VACANT LAND /GENERAL COMMON ELEMENTS
non_residential_zoning; not_clear_individual_owner,7575 E TECHNOLOGY WAY -7595,,DEPARTMENT OF TRANSPORTATION STATE OF COLORADO,B-8,30557,2001,590500,709300127000,VACANT LAND /GENERAL COMMON ELEMENTS
non_residential_zoning; not_clear_individual_owner,3655 S BEELER ST,,VILLAGES AT SUNSET CREEK OWNERS ASSOCIATION,S-CC-3X,22324,2015,0,703200035000,VACANT LAND /GENERAL COMMON ELEMENTS
not_clear_individual_owner; sale_year_unknown_needs_enrichment,2401 W AMHERST AVE,,CITY & COUNTY OF DENVER,S-SU-F1,8990,,,532105045000,VACANT LAND /GENERAL COMMON ELEMENTS
non_residential_zoning; not_clear_individual_owner,1500 W COLFAX AVE,,REGIONAL TRANSPORTATION DISTRICT,I-MX-5,16306,2011,0,504200047000,VACANT LAND
non_residential_zoning; not_clear_individual_owner; sale_year_unknown_needs_enrichment,1801 W 3RD AVE,,STATE OF COLORADO DEPARTMENT OF TRANSPORTATION,I-A,137000,,,509300022000,VACANT LAND /GENERAL COMMON ELEMENTS
sold_after_2021_not_5_year_hold,1550 S HAZEL CT,80219-4633,"VILLELA,AIBEN A",S-SU-D,28710,2025,130000,520301049000,VACANT LAND
not_clear_individual_owner,7 S TRENTON ST,,LOWRY VILLAGE I ASSOCIATION INC,R-2-A,7600,2000,10,609307023000,VACANT LAND /GENERAL COMMON ELEMENTS
non_residential_zoning,800 S BROADWAY,80209-4008,"MCGEE,JAY C",U-MS-3,12220,1993,225000,515609025000,VACANT LAND
sold_after_2021_not_5_year_hold,2724 S DECATUR ST VCNT,,"TABANO,LYNDSEY & JOSEPH",R-1,7770,2022,326000,532104080000,VACANT LAND /GENERAL COMMON ELEMENTS
not_clear_individual_owner,2913 N WILLOW ST,,PARK CREEK METROPOLITAN DISTRICT,R-MU-30,10040,2003,10,128416002000,VACANT LAND /GENERAL COMMON ELEMENTS
not_clear_individual_owner; sold_after_2021_not_5_year_hold,6702 E UNION AVE,,MADRE INVESTMENT CO,T-MU-30,45464,2022,0,708405003000,VACANT LAND
non_residential_zoning; not_clear_individual_owner; sold_after_2021_not_5_year_hold,5101 LEETSDALE DR,80246-8113,AUGUSTANA LUTHERAN CHURCH OF DENVER,S-MX-3A,78817,2023,0,618123026000,VACANT LAND
sold_after_2021_not_5_year_hold,1577 S HAZEL CT,,"RAULSTON,DEREK",S-SU-D,9000,2023,0,520302020000,VACANT LAND
not_clear_individual_owner; sold_after_2021_not_5_year_hold,3046 S LORETTO WAY,,COMMUN DENVER INC,PUD-G 24,23428,2025,4000000,532218013000,VACANT LAND
non_residential_zoning,3505 W 3RD AVE,80219-1316,SAVIO HOUSE,CMP-EI2,17400,2015,200000,508324005000,VACANT LAND
not_clear_individual_owner,2727 E CEDAR AVE #A,,2727 CEDAR AVE HOMEOWNERS ASSOCIATION INC,R-1,8786,1996,10,512405015000,VACANT LAND /GENERAL COMMON ELEMENTS
non_residential_zoning; not_clear_individual_owner; sale_year_unknown_needs_enrichment,601 N HOOKER ST,,CITY & COUNTY OF DENVER,OS-A,9370,,,508211002000,VACANT LAND /GENERAL COMMON ELEMENTS
non_residential_zoning; not_clear_individual_owner; sale_year_unknown_needs_enrichment,647 W 8TH AVE,,WEST 8TH PARTNERS LLC,C-MS-5,8256,,,503611044000,VACANT LAND
non_residential_zoning; not_clear_individual_owner; sold_after_2021_not_5_year_hold,5050 N RACE ST,80216-2242,CORESITE REAL ESTATE DE3 LLC,I-B,556174,2024,0,214400132000,VACANT LAND
not_clear_individual_owner,6208 N TOWER RD MISC,,CITY & COUNTY OF DENVER,GTWY,14263,1997,10,10200147000,VACANT LAND /GENERAL COMMON ELEMENTS
non_residential_zoning; not_clear_individual_owner; sold_after_2021_not_5_year_hold,20050 E 48TH DR,,EBERT METROPOLITAN DISTRICT,C-MU-20,8298,2025,0,15400051000,VACANT LAND /GENERAL COMMON ELEMENTS
non_residential_zoning; not_clear_individual_owner,550 N DECATUR ST,80204-4804,DEPARTMENT OF TRANSPORTATION STATE OF COLORADO,I-MX-3,8924,2014,725000,508114018000,VACANT LAND /GENERAL COMMON ELEMENTS
not_clear_individual_owner; sold_after_2021_not_5_year_hold,9881 E 63RD DR,,CITY & COUNTY OF DENVER,M-RX-5,251465,2026,10,110100296000,VACANT LAND /GENERAL COMMON ELEMENTS
not_clear_individual_owner; sale_year_unknown_needs_enrichment,8900 E ALAMEDA AVE,,FOREST CITY DEVELOPMENT CORPORATION,R-2-A,10800,,,616100025000,VACANT LAND /GENERAL COMMON ELEMENTS
non_residential_zoning; not_clear_individual_owner; sold_after_2021_not_5_year_hold,4001 N ULSTER ST,CO,40TH AVENUE PARTNERS LLC,I-MX-5,9967,2026,3233000,121300126000,VACANT LAND /GENERAL COMMON ELEMENTS
non_residential_zoning; not_clear_individual_owner; sale_year_unknown_needs_enrichment,1902 S LOCUST ST,,CITY & COUNTY OF DENVER,OS-A,9970,,,629215004000,VACANT LAND /GENERAL COMMON ELEMENTS
not_clear_individual_owner,4224 S PIERCE ST,,THE GREENS AT PINEHURST FILING NO 2 HOMEOWNERS ASSOC INC,S-SU-IX,53041,2004,0,901419014000,VACANT LAND /GENERAL COMMON ELEMENTS
not_clear_individual_owner,810 S VALENTIA ST,,PC DENVER LAND 1 LLC,PUD,169585,2019,603617,616400055000,VACANT LAND
not_clear_individual_owner,7391 E ARCHER PL,,LOWRY VILLAGE II ASSOCIATION INC,R-2-A,8388,2000,10,609311022000,VACANT LAND /GENERAL COMMON ELEMENTS
non_residential_zoning; not_clear_individual_owner; sale_year_unknown_needs_enrichment,601 W ALAMEDA AVE,,BURLINGTON NORTHERN RR CO PROPERTY TAX DEPARTMENT,I-A,37047,,,510300045000,VACANT LAND
non_residential_zoning; not_clear_individual_owner; sale_year_unknown_needs_enrichment,4800 W VIRGINIA AVE,,CITY & COUNTY OF DENVER,OS-A,14000,,,518235015000,VACANT LAND /GENERAL COMMON ELEMENTS
not_clear_individual_owner; sale_year_unknown_needs_enrichment,3301 E FLORIDA AVE,,BISCAYNE,R-1,149000,,,524115168000,VACANT LAND /GENERAL COMMON ELEMENTS
not_clear_individual_owner; sale_year_unknown_needs_enrichment,1805 S JOSEPHINE ST,80210,PUBLIC SERVICE CO,E-SU-D,45300,,,524300004000,VACANT LAND /GENERAL COMMON ELEMENTS
not_clear_individual_owner,7500 E DARTMOUTH AVE,80231-4262,TAMARAC HILLS HOMEOWNERS ASSOCIATION INC,R-1,22457,1989,10,633306102000,VACANT LAND /GENERAL COMMON ELEMENTS
non_residential_zoning; not_clear_individual_owner; sale_year_unknown_needs_enrichment,4701 S DUDLEY ST APPRX,,BOARD OF WATER COMMISSIONERS CITY & COUNTY OF DENVER,O-2,73500,,,910400026000,VACANT LAND /GENERAL COMMON ELEMENTS
not_clear_individual_owner; sold_after_2021_not_5_year_hold,5205 N LIVERPOOL WAY,,EBERT METROPOLITAN DISTRICT,R-MU-20,27913,2025,0,14300045000,VACANT LAND /GENERAL COMMON ELEMENTS
sale_year_unknown_needs_enrichment,2080 S JOSEPHINE ST,80210-4360,OBSERVATORY GREEN,R-3,15302,,,525209022000,VACANT LAND /GENERAL COMMON ELEMENTS
not_clear_individual_owner; sold_after_2021_not_5_year_hold,6100 N DALLAS ST TR-A,,CITY & COUNTY OF DENVER,M-RX-5,80267,2026,10,110100219000,VACANT LAND /GENERAL COMMON ELEMENTS
non_residential_zoning; not_clear_individual_owner,906 S CHEROKEE ST,,BROADWAY STATION METROPOLITAN DISTRICT NO 1,C-MX-16,11224,2019,0,515500113000,VACANT LAND /GENERAL COMMON ELEMENTS
non_residential_zoning; not_clear_individual_owner,101 W LOUISIANA AVE,,UNION PACIFIC RAILROAD COMPANY,I-A,39720,1997,0,522300014000,VACANT LAND
not_clear_individual_owner,1612 S HAZEL CT,,MENTAL HEALTH CENTER DENVER INC,S-SU-D,17100,2015,10,520304031000,VACANT LAND
non_residential_zoning; not_clear_individual_owner,9150 E JEFFERSON PL,80237-1953,VILLAGES AT SUNSET CREEK OWNERS ASSOCIATION,S-CC-3X,26970,2015,0,703200034000,VACANT LAND /GENERAL COMMON ELEMENTS
non_residential_zoning; not_clear_individual_owner; sold_after_2021_not_5_year_hold,10 S MONACO STREET PKWY,,BOULEVARD ONE COMMUNITY ASSOCIATION INC,G-MX-3,128679,2022,0,608400049000,VACANT LAND /GENERAL COMMON ELEMENTS
not_clear_individual_owner,7904 E 9TH AVE,80230-6133,CITY & COUNTY OF DENVER,R-2-A,14234,2014,0,604328002000,VACANT LAND /GENERAL COMMON ELEMENTS
not_clear_individual_owner; sold_after_2021_not_5_year_hold,434 S NEWPORT WAY,,BNK HOLDINGS LLC,S-SU-F,14332,2022,0,617114015000,VACANT LAND
non_residential_zoning; not_clear_individual_owner,1701 ARAPAHOE ST,,CITY & COUNTY OF DENVER,OS-A,40040,2002,0,234520026000,VACANT LAND
non_residential_zoning; not_clear_individual_owner,957 S CHEROKEE ST APPRX,,BROADWAY STATION METROPOLITAN DISTRICT NO 1,C-MX-16,76677,2019,0,515500114000,VACANT LAND /GENERAL COMMON ELEMENTS
non_residential_zoning; not_clear_individual_owner,2979 N UINTA ST MISC,,CITY & COUNTY OF DENVER,C-MU-20,34808,2015,500,128421002000,VACANT LAND /GENERAL COMMON ELEMENTS
not_clear_individual_owner,71 S TRENTON ST,,LOWRY VILLAGE I ASSOCIATION INC,R-2-A,7600,2000,10,609308023000,VACANT LAND /GENERAL COMMON ELEMENTS
not_clear_individual_owner,16 POLO CLUB CIR,,POLO CLUB PLACE HOME OWNERS ASSOCIATION,S-SU-I,24416,2003,10,513300177000,VACANT LAND /GENERAL COMMON ELEMENTS
non_residential_zoning; not_clear_individual_owner; sold_after_2021_not_5_year_hold,5209 N TELLURIDE ST,,SCHOOL DISTRICT NO 1,C-MU-30,743750,2024,10,16100216000,VACANT LAND
non_residential_zoning; not_clear_individual_owner; sale_year_unknown_needs_enrichment,7 W HOYE PL APPRX,,BROADWAY STATION METROPOLITAN DIST NO 1,C-MS-12,31052,,,515500104000,VACANT LAND /GENERAL COMMON ELEMENTS
non_residential_zoning; not_clear_individual_owner; sale_year_unknown_needs_enrichment,3100 S SHERIDAN BLVD,80227-5541,STATE OF COLORADO DEPARTMENT OF TRANSPORTATION,OS-B,126000,,,531300003000,VACANT LAND /GENERAL COMMON ELEMENTS
non_residential_zoning; not_clear_individual_owner; sale_year_unknown_needs_enrichment,2055 S SANTA FE DR,,STATE OF COLORADO DEPARTMENT OF TRANSPORTATION,E-MX-2X,9500,,,527309004000,VACANT LAND /GENERAL COMMON ELEMENTS
non_residential_zoning; not_clear_individual_owner; sale_year_unknown_needs_enrichment,2500 S RACE ST,,CITY & COUNTY OF DENVER,OS-A,9370,,,526616001000,VACANT LAND /GENERAL COMMON ELEMENTS
non_residential_zoning; not_clear_individual_owner; sale_year_unknown_needs_enrichment,3701 S TAMARAC DR APPRX,,CITY & COUNTY OF DENVER,OS-A,68200,,,704200002000,VACANT LAND /GENERAL COMMON ELEMENTS
not_clear_individual_owner,195 N PONTIAC ST,,LOWRY COMMUNITY MASTER ASSOCIATION INC,R-2-A,10008,2006,10,608127017000,VACANT LAND /GENERAL COMMON ELEMENTS
non_residential_zoning; not_clear_individual_owner; sale_year_unknown_needs_enrichment,2000 W 4TH AVE,,BURLINGTON NORTHERN RR CO PROPERTY TAX DEPARTMENT,I-A,14900,,,509308004000,VACANT LAND
non_residential_zoning; not_clear_individual_owner,7595 E TECHNOLOGY WAY,80237-3006,TECHNOLOGY WAY OWNERS ASSOCIATION INC,B-8,195997,2014,0,709200051000,VACANT LAND /GENERAL COMMON ELEMENTS
non_residential_zoning; not_clear_individual_owner; sold_after_2021_not_5_year_hold,50 W DAKOTA AVE,80209-1517,BMP SOUTH LLC,C-MX-16,55786,2025,0,515205044000,VACANT LAND /GENERAL COMMON ELEMENTS
non_residential_zoning; not_clear_individual_owner,1199 N PERRY ST,,REGIONAL TRANSPORTATION DISTRICT,O-1,59732,2010,0,506411017000,VACANT LAND
non_residential_zoning; not_clear_individual_owner; sold_after_2021_not_5_year_hold,699 E 46TH AVE,,CITY & COUNTY OF DENVER,U-MX-3,12393,2026,0,222119032000,VACANT LAND /GENERAL COMMON ELEMENTS
non_residential_zoning; not_clear_individual_owner; sale_year_unknown_needs_enrichment,1100 N XANTHIA ST,,CITY & COUNTY OF DENVER,OS-A,25000,,,604131011000,VACANT LAND
non_residential_zoning; not_clear_individual_owner; sold_after_2021_not_5_year_hold,1955 S SANTA FE DR,,CITY & COUNTY OF DENVER,E-MX-2X,21500,2023,0,527301008000,VACANT LAND /GENERAL COMMON ELEMENTS
non_residential_zoning; not_clear_individual_owner; sale_year_unknown_needs_enrichment,4800 N QUEBEC ST,,PARK CREEK METROPOLITAN DISTRICT,OS-B,32908,,,116300008000,VACANT LAND /GENERAL COMMON ELEMENTS
not_clear_individual_owner; sold_after_2021_not_5_year_hold,16090 E 53RD AVE,80239,NDHC AFFORDABLE COMMUNITIES INC,PUD,69674,2022,0,17404287000,VACANT LAND /GENERAL COMMON ELEMENTS
non_residential_zoning; not_clear_individual_owner,9791 W STANFORD AVE,80123-1076,STANFORD COMMONS HOA INC,B-2,27045,2016,0,910201119000,VACANT LAND /GENERAL COMMON ELEMENTS
non_residential_zoning; not_clear_individual_owner; sold_after_2021_not_5_year_hold,18596 E 63RD AVE,,CHICK-FIL-A INC,C-MU-10,99385,2026,2399285,10223002000,VACANT LAND
not_clear_individual_owner; sale_year_unknown_needs_enrichment,2901 S ZUNI ST,,CITY & COUNTY OF DENVER,S-SU-F1,8240,,,532111027000,VACANT LAND /GENERAL COMMON ELEMENTS
sold_after_2021_not_5_year_hold,1034 S FULTON ST,,"NARANTUYA,AMGALANBAATAR",S-SU-I,39073,2022,320000,615421026000,VACANT LAND
non_residential_zoning; not_clear_individual_owner; sold_after_2021_not_5_year_hold,448 N ACOMA ST,,MAGIC BOBO LLC - ACOMAPROPERTY - SERIES 3,C-MX-8,23400,2026,0,510216118000,VACANT LAND
not_clear_individual_owner; sale_year_unknown_needs_enrichment,1400 E BUCHTEL BLVD,,REGIONAL TRANSPORTATION DISTRICT,U-SU-C,43144,,,523300001000,VACANT LAND /GENERAL COMMON ELEMENTS
non_residential_zoning; not_clear_individual_owner; sold_after_2021_not_5_year_hold,3737 E DAKOTA AVE,,GARFIELD DEVELOPMENT LLC,S-MX-12,14455,2023,6000000,513103054000,VACANT LAND
non_residential_zoning; not_clear_individual_owner; sale_year_unknown_needs_enrichment,7752 E UNION AVE,,GOLDSMITH METROPOLITAN DISTRICT,B-8,14344,,,709300089000,VACANT LAND /GENERAL COMMON ELEMENTS
not_clear_individual_owner; sold_after_2021_not_5_year_hold,9750 E 63RD AVE,,CITY & COUNTY OF DENVER,M-RX-5,30617,2026,10,110100225000,VACANT LAND /GENERAL COMMON ELEMENTS
not_clear_individual_owner,62 N MAGNOLIA WAY APPRX,80230-7144,BOULEVARD ONE COMMUNITY ASSOCIATION INC,U-SU-A,9333,2015,10,608400058000,VACANT LAND /GENERAL COMMON ELEMENTS
non_residential_zoning; not_clear_individual_owner; sale_year_unknown_needs_enrichment,375 N KALAMATH ST,,RICKENBAUGH CADILLAC COMPANY,I-MX-5,17702,,,509113019000,VACANT LAND
non_residential_zoning; not_clear_individual_owner,4200 E 9TH AVE MISC,,CITY & COUNTY OF DENVER,C-MU-10,7212,2016,0,606300030000,VACANT LAND /GENERAL COMMON ELEMENTS
non_residential_zoning; not_clear_individual_owner; sold_after_2021_not_5_year_hold,3600 S BEELER ST APPRX,80237-1801,HAMPDEN TOWN CENTER OWNERS ASSOCIATION INC,S-CC-3X,8935,2023,0,703202014000,VACANT LAND /GENERAL COMMON ELEMENTS
not_clear_individual_owner; sold_after_2021_not_5_year_hold,4893 N HALIFAX CT,80249-7621,EBERT METROPOLITAN DISTRICT,R-MU-20,7489,2025,0,15400047000,VACANT LAND /GENERAL COMMON ELEMENTS
non_residential_zoning; not_clear_individual_owner; sale_year_unknown_needs_enrichment,18695 E MAXWELL PL,,CLAYTON PROPERTIES GROUP INC,C-MU-10,177309,,,15237017000,VACANT LAND
not_clear_individual_owner,104 S ULSTER ST,,LOWRY COMMUNITY MASTER ASSOCIATION INC,R-2-A,11406,2000,0,609329020000,VACANT LAND /GENERAL COMMON ELEMENTS
not_clear_individual_owner,56 N NIAGARA ST APPRX,80230-7144,BOULEVARD ONE COMMUNITY ASSOCIATION INC,U-SU-A,10426,2015,10,608400059000,VACANT LAND /GENERAL COMMON ELEMENTS
non_residential_zoning; not_clear_individual_owner,400 W ALAMEDA AVE,,UNION PACIFIC RAILROAD COMPANY,I-B,61448,1997,0,515300040000,VACANT LAND
not_clear_individual_owner,7734 E 7TH AVE,,LOWRY COMMUNITY MASTER ASSOCIATION INC,R-1,15025,2005,0,604307019000,VACANT LAND /GENERAL COMMON ELEMENTS
not_clear_individual_owner; sale_year_unknown_needs_enrichment,1700 S FRANKLIN ST,80210-3340,REGIONAL TRANSPORTATION DISTRICT,R-MU-30,310000,,,523400025000,VACANT LAND /GENERAL COMMON ELEMENTS
not_clear_individual_owner,6100 W QUINCY AVE,80235-3009,TOWN OF BOW-MAR,R-1,2031793,1995,944000,913100005000,VACANT LAND
non_residential_zoning; not_clear_individual_owner,4645 E EVANS AVE,,DEPARTMENT OF TRANSPORTATION STATE OF COLORADO,S-MX-3A,13725,2000,610000,630219010000,VACANT LAND /GENERAL COMMON ELEMENTS
non_residential_zoning; not_clear_individual_owner; sold_after_2021_not_5_year_hold,6130 N CEYLON ST,,CANVAS DENVER GATEWAY OWNER LLC,C-MU-30,32926,2022,25824300,10200224000,VACANT LAND /GENERAL COMMON ELEMENTS
non_residential_zoning; not_clear_individual_owner; sale_year_unknown_needs_enrichment,1101 N OSAGE ST,,REGIONAL TRANSPORTATION DISTRICT,I-A,25241,,,504117008000,VACANT LAND
non_residential_zoning; not_clear_individual_owner,1300 N PECOS ST,,UNION PACIFIC RAILROAD COMPANY,G-MX-3,35168,1997,0,504107015000,VACANT LAND
non_residential_zoning; not_clear_individual_owner; sold_after_2021_not_5_year_hold,950 N BRYANT ST TR D,80204-3327,DENVER HOUSING LLC,C-MX-12,38544,2022,0,505400036000,VACANT LAND /GENERAL COMMON ELEMENTS
non_residential_zoning; not_clear_individual_owner; sold_after_2021_not_5_year_hold,809 S DELAWARE WAY,,BROADWAY STATION METROPOLITAN DISTRICT NO 1,C-MX-16,50071,2026,0,515500149000,VACANT LAND /GENERAL COMMON ELEMENTS
non_residential_zoning; not_clear_individual_owner,1300 N FEDERAL BLVD,,REGIONAL TRANSPORTATION DISTRICT,C-MX-5,32800,1988,0,505100008000,VACANT LAND
not_clear_individual_owner,26100 E 88TH AVE APPRX,,CITY & COUNTY OF DENVER,DIA,63031,1988,0,1218100004000,VACANT LAND
not_clear_individual_owner; sold_after_2021_not_5_year_hold,10291 E 58TH AVE APPRX,,CITY & COUNTY OF DENVER,M-RX-5,25513,2026,10,110400017000,VACANT LAND /GENERAL COMMON ELEMENTS
not_clear_individual_owner; sold_after_2021_not_5_year_hold,21253 E 48TH DR,,EBERT METROPOLITAN DISTRICT,R-MU-20,49694,2025,0,23116008000,VACANT LAND /GENERAL COMMON ELEMENTS
non_residential_zoning; not_clear_individual_owner; sale_year_unknown_needs_enrichment,701 S KEARNEY ST,,CITY & COUNTY OF DENVER,OS-A,36400,,,617316025000,VACANT LAND /GENERAL COMMON ELEMENTS
not_clear_individual_owner,641 N ROSLYN ST,,LOWRY ECONOMIC REDEVELOPMENT AUTHORITY,R-2-A,23381,2010,0,604301026000,VACANT LAND
non_residential_zoning; not_clear_individual_owner; sale_year_unknown_needs_enrichment,2401 S SANTA FE DR,,STATE OF COLORADO DEPARTMENT OF TRANSPORTATION,E-MU-2.5,20958,,,527409028000,VACANT LAND /GENERAL COMMON ELEMENTS
non_residential_zoning; not_clear_individual_owner,1700 W COLFAX AVE,80204-2420,REGIONAL TRANSPORTATION DISTRICT,CMP-EI,16815,2011,0,504205040000,VACANT LAND
non_residential_zoning; not_clear_individual_owner; sale_year_unknown_needs_enrichment,1495 N IRVING ST,,PUBLIC SERVICE CO,U-MS-5,18800,,,505205019000,VACANT LAND
not_clear_individual_owner,106 S UNIVERSITY BLVD,80209-3232,COUNTRY CLUB LANE HOMEOWNERS ASSOCIATION INC,R-1,29319,2001,10,512407028000,VACANT LAND /GENERAL COMMON ELEMENTS
not_clear_individual_owner,9001 E MISSISSIPPI AVE,,FAIRLAKE METROPOLITAN DISTRICT,PUD,15363,1994,10,616400046000,VACANT LAND /GENERAL COMMON ELEMENTS
non_residential_zoning; not_clear_individual_owner; sold_after_2021_not_5_year_hold,3001 W BATES AVE,80236-2711,LORETTO HEIGHTS METRO DISTRICT NO 1,CMP-EI2,46367,2022,0,532200063000,VACANT LAND /GENERAL COMMON ELEMENTS
non_residential_zoning; not_clear_individual_owner; sold_after_2021_not_5_year_hold,4111 E 10TH AVE APPRX,80202,CITY & COUNTY OF DENVER,C-MU-10,21947,2024,10,606300062000,VACANT LAND /GENERAL COMMON ELEMENTS
not_clear_individual_owner; sale_year_unknown_needs_enrichment,62 N ONEIDA CT,,LOWRY ECONOMIC REDEVELOPMENT AUTHORITY,G-RH-3,9282,,,608400086000,VACANT LAND /GENERAL COMMON ELEMENTS
non_residential_zoning; not_clear_individual_owner; sale_year_unknown_needs_enrichment,2201 S SANTA FE DR,,STATE OF COLORADO DEPARTMENT OF TRANSPORTATION,E-MX-2X,7190,,,527315015000,VACANT LAND /GENERAL COMMON ELEMENTS
not_clear_individual_owner; sold_after_2021_not_5_year_hold,4800 N KIRK ST,,EBERT METROPOLITAN DISTRICT,R-MU-20,40669,2025,0,23220022000,VACANT LAND /GENERAL COMMON ELEMENTS
non_residential_zoning; not_clear_individual_owner; sale_year_unknown_needs_enrichment,100 N YORK ST,,CITY & COUNTY OF DENVER,C-CCN-8,40300,,,512225007000,VACANT LAND /GENERAL COMMON ELEMENTS
non_residential_zoning; not_clear_individual_owner; sold_after_2021_not_5_year_hold,5035 W 10TH AVE,80204-2812,YATES INVESTMENT PARTNERS LLC,C-MX-5,7927,2023,0,506300266000,VACANT LAND
not_clear_individual_owner,4600 S KIPLING ST,,JEFERSON COUNTY,S-RH-2.5,46200,1994,0,910200004000,VACANT LAND /GENERAL COMMON ELEMENTS
not_clear_individual_owner,7655 E 9TH AVE,,LOWRY COMMUNITY MASTER ASSOCIATION INC,R-2-A,10495,2005,0,604318021000,VACANT LAND /GENERAL COMMON ELEMENTS
not_clear_individual_owner; sale_year_unknown_needs_enrichment,2701 W TENNESSEE AVE,80219-4108,PUBLIC SERVICE CO,E-SU-D1,9150,,,517400030000,VACANT LAND
not_clear_individual_owner; sale_year_unknown_needs_enrichment,4492 S NEWPORT WAY,,MADRE INVESTMENT CO,T-MU-30,67773,,,708411018000,VACANT LAND
not_clear_individual_owner,4908 N TOWER RD 151D,80249-6684,CITY & COUNTY OF DENVER,PUD,92463,2008,0,21100036000,VACANT LAND /GENERAL COMMON ELEMENTS
non_residential_zoning; not_clear_individual_owner; sale_year_unknown_needs_enrichment,682 N SEMINOLE RD APPRX,,UNION PACIFIC RAILROAD COMPANY,I-B,40496,,,504427003000,VACANT LAND
non_residential_zoning; not_clear_individual_owner; sale_year_unknown_needs_enrichment,8674 E EASTMAN AVE,,CITY & COUNTY OF DENVER,OS-A,7500,,,633422023000,VACANT LAND /GENERAL COMMON ELEMENTS
non_residential_zoning; not_clear_individual_owner; sold_after_2021_not_5_year_hold,6057 N DALLAS ST APPRX,,CITY & COUNTY OF DENVER,OS-B,25490,2026,10,110200004000,VACANT LAND /GENERAL COMMON ELEMENTS
non_residential_zoning; not_clear_individual_owner; sale_year_unknown_needs_enrichment,1868 S SANTA FE DR,,STATE OF COLORADO DEPARTMENT OF TRANSPORTATION,E-CC-3,11300,,,522613007000,VACANT LAND /GENERAL COMMON ELEMENTS
non_residential_zoning; not_clear_individual_owner; sale_year_unknown_needs_enrichment,18291 E 63RD AVE,,RAIL STOP LLC CORPORATION,S-MX-12A,43250,,,9112004000,VACANT LAND
non_residential_zoning; not_clear_individual_owner,401 W ALAMEDA AVE,,REGIONAL TRANSPORTATION DISTRICT,C-RX-5,93700,1989,0,510300006000,VACANT LAND
non_residential_zoning,10400 E ALAMEDA AVE,80247-5104,KAISER HEALTH PLAN OF COLORADO,S-CC-5,138059,1992,0,615101008000,VACANT LAND
non_residential_zoning; not_clear_individual_owner; sold_after_2021_not_5_year_hold,1149 S NAVAJO ST,,RSGD GROUP LLC,G-MU-5,9370,2022,70000,521107014000,VACANT LAND
non_residential_zoning; not_clear_individual_owner; sale_year_unknown_needs_enrichment,10300 E 47TH AVE MISC,,CITY & COUNTY OF DENVER,C-MU-30,29898,,,115400029000,VACANT LAND /GENERAL COMMON ELEMENTS
non_residential_zoning; not_clear_individual_owner,1190 N PERRY ST,,REGIONAL TRANSPORTATION DISTRICT,O-1,14208,2010,0,506415033000,VACANT LAND
non_residential_zoning; not_clear_individual_owner; sold_after_2021_not_5_year_hold,192 W DAKOTA AVE,80209-1517,BMP SOUTH LLC,C-MX-16,64831,2025,0,515205046000,VACANT LAND /GENERAL COMMON ELEMENTS
non_residential_zoning; not_clear_individual_owner; sold_after_2021_not_5_year_hold,990 S SHERIDAN BLVD,,990 HL CHILDREN FUNDS LLC,E-MX-3,34070,2026,280000,518300880000,VACANT LAND
non_residential_zoning; not_clear_individual_owner,887 S BROADWAY,80209-4007,BROADWAY STATION METROPOLITAN DISTRICT NO 1,C-MX-12,39775,2017,10,515500155000,VACANT LAND /GENERAL COMMON ELEMENTS
not_clear_individual_owner,6100 W QUINCY AVE,80235-3009,BOWLES METROPOLITAN DISTRICT,R-1,60984,1998,10,913101010000,VACANT LAND /GENERAL COMMON ELEMENTS
non_residential_zoning; not_clear_individual_owner; sale_year_unknown_needs_enrichment,2500 S MADISON ST,80210-5610,CITY & COUNTY OF DENVER,OS-A,15900,,,525419008000,VACANT LAND /GENERAL COMMON ELEMENTS
not_clear_individual_owner,3625 S TAMARAC DR,,ABINITIO LLC,S-SU-D,24558,2016,645000,704200029000,VACANT LAND /GENERAL COMMON ELEMENTS
not_clear_individual_owner; sale_year_unknown_needs_enrichment,8100 E MISSISSIPPI AVE,,FAIRLAKE METROPOLITAN DISTRICT,R-2-A,12071,,,616400041000,VACANT LAND /GENERAL COMMON ELEMENTS
not_clear_individual_owner; sale_year_unknown_needs_enrichment,1 POLO FIELD LN,80209-3332,POLO CLUB NORTH HOMES ASSOCIATION,R-X,72100,,,513301163000,VACANT LAND /GENERAL COMMON ELEMENTS
tier1_confirmed_basic_filters_before_growth_proximity,823 N JULIAN ST,80204-3151,"THOMAS,SUZANNE P",E-SU-D1,12500,2020,162000,505327035000,VACANT LAND
non_residential_zoning; not_clear_individual_owner; sale_year_unknown_needs_enrichment,1401 W 1ST AVE,,BURLINGTON NORTHERN RR CO PROPERTY TAX DEPARTMENT,I-A,81700,,,509100070000,VACANT LAND
not_clear_individual_owner; sale_year_unknown_needs_enrichment,26100 E 88TH AVE APPRX,,CITY & COUNTY OF DENVER,DIA,653398,,,1231100006000,VACANT LAND
not_clear_individual_owner; sold_after_2021_not_5_year_hold,20190 E MAXWELL PL,80202-5329,EBERT METROPOLITAN DISTRICT,R-MU-20,102567,2025,0,14300096000,VACANT LAND /GENERAL COMMON ELEMENTS
non_residential_zoning; not_clear_individual_owner; sold_after_2021_not_5_year_hold,801 S BROADWAY ST APPRX,,REGIONAL TRANSPORTATION DISTRICT,C-MX-8,29300,2022,0,515500132000,VACANT LAND /GENERAL COMMON ELEMENTS
not_clear_individual_owner; sold_after_2021_not_5_year_hold,2905 N EMPORIA ST,,STAPLETON COACH HOUSE OWNERS ASSOCIATION 9 11 & 12 INC,R-MU-20,8968,2025,10,127408019000,VACANT LAND /GENERAL COMMON ELEMENTS
not_clear_individual_owner; sale_year_unknown_needs_enrichment,26100 E 88TH AVE APPRX,,CITY & COUNTY OF DENVER,DIA,1157829,,,1224100057000,VACANT LAND
not_clear_individual_owner; sale_year_unknown_needs_enrichment,7900 E DARTMOUTH AVE,80231-4267,TAMARAC HILLS HOMEOWNERS ASSOCIATION INC,R-1,15416,,,633306107000,VACANT LAND /GENERAL COMMON ELEMENTS
non_residential_zoning; not_clear_individual_owner; sale_year_unknown_needs_enrichment,800 S BROADWAY,80209-4008,REGIONAL TRANSPORTATION DISTRICT,U-MX-3,11100,,,515600041000,VACANT LAND /GENERAL COMMON ELEMENTS
non_residential_zoning; not_clear_individual_owner,1050 N AMES ST APPRX,,REGIONAL TRANSPORTATION DISTRICT,C-MX-8,23295,2021,0,401104005000,VACANT LAND
not_clear_individual_owner; sale_year_unknown_needs_enrichment,7500 E DARTMOUTH AVE,80231-4262,TAMARAC HILLS HOMEOWNERS ASSOCIATION INC,R-1,26300,,,633306089000,VACANT LAND /GENERAL COMMON ELEMENTS
non_residential_zoning; not_clear_individual_owner; sold_after_2021_not_5_year_hold,5201 N PICADILLY RD,,EBERT METROPOLITAN DISTRICT,C-MU-20,16437,2025,0,14100018000,VACANT LAND /GENERAL COMMON ELEMENTS
non_residential_zoning; not_clear_individual_owner; sale_year_unknown_needs_enrichment,700 N WYANDOT ST,,STATE OF COLORADO DEPARTMENT OF TRANSPORTATION,I-A,7980,,,509207027000,VACANT LAND /GENERAL COMMON ELEMENTS
sale_year_unknown_needs_enrichment,2970 E CHERRY CREEK SOUTH DR,80209-3264,ENCLAVE AT CHERRY CREEK,R-1,10750,,,512403023000,VACANT LAND /GENERAL COMMON ELEMENTS
not_clear_individual_owner; sale_year_unknown_needs_enrichment,1000 S ELIOT ST,80219-4116,PUBLIC SERVICE CO,E-SU-D1,7870,,,517400026000,VACANT LAND
non_residential_zoning; not_clear_individual_owner; sale_year_unknown_needs_enrichment,3100 W JEWELL AVE,80219-4638,1951 S FEDERAL BLVD LLC,S-CC-3X,17744,,,529200034000,VACANT LAND
not_clear_individual_owner; sold_after_2021_not_5_year_hold,20866 E 51ST PL MISC,,EBERT METROPOLITAN DISTRICT,R-MU-20,15246,2025,0,14300040000,VACANT LAND /GENERAL COMMON ELEMENTS
non_residential_zoning; not_clear_individual_owner; sale_year_unknown_needs_enrichment,2620 S COLUMBINE ST MISC,,CITY & COUNTY OF DENVER,OS-A,11250,,,525324030000,VACANT LAND /GENERAL COMMON ELEMENTS
tier1_confirmed_basic_filters_before_growth_proximity,1622 S FEDERAL BLVD,,"NGUYEN,HIEU CONG",E-RX-5,13485,2021,1120000,520403050000,VACANT LAND
not_clear_individual_owner,762 N ROSLYN ST,,LOWRY COMMUNITY MASTER ASSOCIATION INC,R-1,7837,2005,0,604302012000,VACANT LAND /GENERAL COMMON ELEMENTS
non_residential_zoning; not_clear_individual_owner; sale_year_unknown_needs_enrichment,2185 S SANTA FE DR,,STATE OF COLORADO DEPARTMENT OF TRANSPORTATION,E-MX-2X,10100,,,527310012000,VACANT LAND /GENERAL COMMON ELEMENTS
not_clear_individual_owner,844 N QUEBEC ST,,CITY & COUNTY OF DENVER,R-2-A,28892,2014,0,604313023000,VACANT LAND /GENERAL COMMON ELEMENTS
not_clear_individual_owner; sold_after_2021_not_5_year_hold,6047 N FLORENCE ST APPRX,,CITY & COUNTY OF DENVER,M-RX-5,46742,2026,10,110100019000,VACANT LAND /GENERAL COMMON ELEMENTS
non_residential_zoning; not_clear_individual_owner; sale_year_unknown_needs_enrichment,7699 E TECHNOLOGY WAY,,PUBLIC SERVICE CO OF COLORADO,S-MX-12,84600,,,709200025000,VACANT LAND
non_residential_zoning; not_clear_individual_owner; sale_year_unknown_needs_enrichment,2500 S GARFIELD ST,,CITY & COUNTY OF DENVER,OS-A,18800,,,525440008000,VACANT LAND /GENERAL COMMON ELEMENTS
non_residential_zoning; not_clear_individual_owner; sale_year_unknown_needs_enrichment,3425 ROCKMONT DR,,CITY & COUNTY OF DENVER,OS-A,279891,,,228100060000,VACANT LAND /GENERAL COMMON ELEMENTS
not_clear_individual_owner,1010 N KALAMATH ST VCNT,,"MCCANN,JEFFREY R 2011 TRUST",PUD,15000,2020,10,504401025000,VACANT LAND
not_clear_individual_owner,4704 S MONACO ST VCNT,,REGIONAL TRANSPORTATION DISTRICT,T-MU-30,53482,2001,2776390,708400158000,VACANT LAND /GENERAL COMMON ELEMENTS
not_clear_individual_owner; sale_year_unknown_needs_enrichment,8200 E HAMPDEN AVE,,PUBLIC SERVICE CO,R-2-A,38100,,,704100009000,VACANT LAND
non_residential_zoning; not_clear_individual_owner,1486 N WINONA CT,80204-1141,GOLDEN MANOR VACANT LLC,U-MS-5,7500,2017,1400000,506203027000,VACANT LAND
non_residential_zoning; not_clear_individual_owner; sold_after_2021_not_5_year_hold,19052 E MAXWELL PL,,EBERT METROPOLITAN DISTRICT,C-MU-20,7263,2025,0,15200189000,VACANT LAND /GENERAL COMMON ELEMENTS
non_residential_zoning; not_clear_individual_owner; sale_year_unknown_needs_enrichment,8400 E EASTMAN AVE APPRX,,CITY & COUNTY OF DENVER,OS-A,25700,,,633422040000,VACANT LAND /GENERAL COMMON ELEMENTS
not_clear_individual_owner; sale_year_unknown_needs_enrichment,6773 E EXPOSITION AVE,,THOMAS PLACE HOMEOWNERS ASSOCIATION,S-SU-F,16284,,,617128028000,VACANT LAND /GENERAL COMMON ELEMENTS
not_clear_individual_owner; sale_year_unknown_needs_enrichment,3000 E CEDAR AVE,80209-3240,POLO PLACE HOMEOWNERS ASSOCIATION INC,R-1,12300,,,512402028000,VACANT LAND /GENERAL COMMON ELEMENTS
not_clear_individual_owner; sale_year_unknown_needs_enrichment,2799 W TENNESSEE AVE,80219-4114,PUBLIC SERVICE CO,E-SU-D1,7870,,,517400005000,VACANT LAND
not_clear_individual_owner,860 N QUEBEC ST,,LOWRY COMMUNITY MASTER ASSOCIATION INC,R-2-A,10670,2005,0,604314020000,VACANT LAND /GENERAL COMMON ELEMENTS
non_residential_zoning; not_clear_individual_owner; sold_after_2021_not_5_year_hold,1350 W MAPLE AVE,80223-1734,CITY & COUNTY OF DENVER,I-B,22875,2025,3550000,509511002000,VACANT LAND
tier1_confirmed_basic_filters_before_growth_proximity,2480 W ASBURY AVE,80219-5524,MUGERIAN MANAGEMENT,S-SU-F1,8700,2021,100000,529107042000,VACANT LAND
non_residential_zoning; not_clear_individual_owner; sale_year_unknown_needs_enrichment,2902 S SYRACUSE WAY,,CITY & COUNTY OF DENVER,OS-A,123000,,,633104020000,VACANT LAND
not_clear_individual_owner,6550 E DAKOTA AVE,,KBY BUILDING LLC,S-SU-F,9220,2020,1060000,617115012000,VACANT LAND
not_clear_individual_owner,898 N ROSLYN ST,,CITY & COUNTY OF DENVER,R-2-A,32706,2014,0,604319021000,VACANT LAND /GENERAL COMMON ELEMENTS
non_residential_zoning; not_clear_individual_owner; sold_after_2021_not_5_year_hold,1301 S PEARL ST,80210-2238,MMC FOUR LLC,U-MS-3,12450,2024,2900000,522119029000,VACANT LAND
non_residential_zoning; not_clear_individual_owner; sold_after_2021_not_5_year_hold,707 S DELAWARE ST,,DENVER REAL ESTATE VENTURES LLC,C-MX-16,52885,2026,10,515516004000,VACANT LAND
non_residential_zoning; not_clear_individual_owner; sold_after_2021_not_5_year_hold,19551 E MAXWELL PL 19791,,EBERT METROPOLITAN DISTRICT,C-MU-20,13225,2025,0,15100029000,VACANT LAND /GENERAL COMMON ELEMENTS
sold_after_2021_not_5_year_hold,2669 W ILIFF AVE,80219-5923,"TORRES,ISIDORO PENA",S-SU-F1,8890,2023,370000,529117018000,VACANT LAND
not_clear_individual_owner; sale_year_unknown_needs_enrichment,4902 S MONACO ST VCNT,,GOLDSMITH METROPOLITAN DISTRICT,T-MU-30,29484,,,708400155000,VACANT LAND /GENERAL COMMON ELEMENTS
non_residential_zoning,1000 S SYRACUSE ST APPRX,,CONGREGATION EMANUEL,OS-B,130682,2015,750000,616300030000,VACANT LAND
not_clear_individual_owner,26100 E 88TH AVE APPRX,,CITY & COUNTY OF DENVER,DIA,1737865,1995,135000,1212100031000,VACANT LAND
non_residential_zoning; not_clear_individual_owner; sale_year_unknown_needs_enrichment,2520 W 13TH AVE,,HOUSING AUTHORITY OF THE CITY AND COUNTY OF DENVER,C-MX-8,18871,,,505401068000,VACANT LAND
not_clear_individual_owner; sold_after_2021_not_5_year_hold,10105 E 60TH PL APPRX,,CITY & COUNTY OF DENVER,M-RX-5,59548,2026,10,110100020000,VACANT LAND /GENERAL COMMON ELEMENTS
non_residential_zoning; not_clear_individual_owner; sale_year_unknown_needs_enrichment,2600 S JACKSON ST,,CITY & COUNTY OF DENVER,OS-A,27500,,,525429004000,VACANT LAND /GENERAL COMMON ELEMENTS
non_residential_zoning; not_clear_individual_owner; sold_after_2021_not_5_year_hold,5234 N ORLEANS ST,,EBERT METROPOLITAN DISTRICT,C-MU-20,11432,2025,0,14100031000,VACANT LAND /GENERAL COMMON ELEMENTS
non_residential_zoning; not_clear_individual_owner,1600 13TH ST,,CITY & COUNTY OF DENVER,CPV-T,21518,1988,1384000,233512019000,VACANT LAND /GENERAL COMMON ELEMENTS
not_clear_individual_owner; sold_after_2021_not_5_year_hold,3697 W 16TH AVE,80204-1545,ZCD SLOANS LAKE MASTER DEVELOPER LLC,PUD-G,8196,2025,0,231412036000,VACANT LAND /GENERAL COMMON ELEMENTS
not_clear_individual_owner; sale_year_unknown_needs_enrichment,2803 E EXPOSITION AVE,,POLO CLUB PLACE HOME OWNERS ASSOCIATION,S-SU-I,125000,,,513300098000,VACANT LAND /GENERAL COMMON ELEMENTS
non_residential_zoning; not_clear_individual_owner; sale_year_unknown_needs_enrichment,760 N WYANDOT ST,,STATE OF COLORADO DEPARTMENT OF TRANSPORTATION,I-A,10375,,,509207033000,VACANT LAND /GENERAL COMMON ELEMENTS
not_clear_individual_owner; sold_after_2021_not_5_year_hold,5104 N ORLEANS ST,,EBERT METROPOLITAN DISTRICT,R-MU-20,7318,2025,0,14413008000,VACANT LAND /GENERAL COMMON ELEMENTS
not_clear_individual_owner,5270 N FEDERAL BLVD,80221-1144,ARIA MASTER ASSCOCIATION LLC,R-MU-30,65560,2019,10,217100150000,VACANT LAND /GENERAL COMMON ELEMENTS
non_residential_zoning; not_clear_individual_owner; sale_year_unknown_needs_enrichment,7795 E BELLEVIEW AVE,,GOLDSMITH METROPOLITAN DISTRICT,S-MX-12,26848,,,709300149000,VACANT LAND
non_residential_zoning; not_clear_individual_owner; sold_after_2021_not_5_year_hold,4116 E 9TH AVE,,NINE CO BLVD 5 OWNER LLC,C-MU-10,66945,2025,2500000,606300050000,VACANT LAND
not_clear_individual_owner,2945 E CEDAR AVE,80209-3211,BPB CEDAR INVESTMENTS LLC,S-SU-I,12885,2021,0,512403028000,VACANT LAND
sold_after_2021_not_5_year_hold,2601 W YALE AVE,,"ESQUIVEL,MIGUEL BRUNO",S-SU-F1,38490,2022,280000,532101058000,VACANT LAND
not_clear_individual_owner,26100 E 88TH AVE APPRX,,CITY & COUNTY OF DENVER,DIA,2240247,1990,0,1407200002000,VACANT LAND
not_clear_individual_owner,712 N ROSLYN ST,,LOWRY COMMUNITY MASTER ASSOCIATION INC,R-1,9687,2005,0,604303014000,VACANT LAND /GENERAL COMMON ELEMENTS
not_clear_individual_owner,5401 E DAKOTA AVE,80246-1439,DAKOTA HILL HOMEOWNERS ASSOCIATION,E-SU-DX,39000,1999,0,618118054000,VACANT LAND /GENERAL COMMON ELEMENTS
not_clear_individual_owner; sold_after_2021_not_5_year_hold,9606 E 60TH PL,,CITY & COUNTY OF DENVER,M-RX-5,98944,2026,10,110100045000,VACANT LAND /GENERAL COMMON ELEMENTS
not_clear_individual_owner; sale_year_unknown_needs_enrichment,26100 E 88TH AVE APPRX,,CITY & COUNTY OF DENVER,DIA,87103,,,1232100119000,VACANT LAND
not_clear_individual_owner; sold_after_2021_not_5_year_hold,6100 N ELMIRA CT,,CITY & COUNTY OF DENVER,M-RX-5,51692,2026,10,110100241000,VACANT LAND /GENERAL COMMON ELEMENTS
not_clear_individual_owner; sale_year_unknown_needs_enrichment,9108 E 4TH PL,,LOWRY ECONOMIC REDEVELOPMENT AUTHORITY,R-2-A,63211,,,610200029000,VACANT LAND /GENERAL COMMON ELEMENTS
non_residential_zoning; not_clear_individual_owner; sold_after_2021_not_5_year_hold,21003 E MAXWELL PL 21193,,EBERT METROPOLITAN DISTRICT,C-MU-20,20470,2025,0,14100043000,VACANT LAND /GENERAL COMMON ELEMENTS
not_clear_individual_owner; sale_year_unknown_needs_enrichment,701 S YOSEMITE ST,,FAIRMOUNT CEMETERY COMPANY,PUD,1310725,,,616400049000,VACANT LAND /GENERAL COMMON ELEMENTS
non_residential_zoning; not_clear_individual_owner; sold_after_2021_not_5_year_hold,796 S DELAWARE ST APPRX,,BROADWAY STATION METROPOLITAN DISTRICT NO 1,C-MX-16,11146,2026,0,515516003000,VACANT LAND /GENERAL COMMON ELEMENTS
non_residential_zoning; not_clear_individual_owner; sale_year_unknown_needs_enrichment,2800 S LOWELL BLVD,,CITY & COUNTY OF DENVER,OS-A,30000,,,532200013000,VACANT LAND /GENERAL COMMON ELEMENTS
not_clear_individual_owner; sold_after_2021_not_5_year_hold,20405 E 49TH AVE,,EBERT METROPOLITAN DISTRICT,R-MU-20,241558,2025,0,23212047000,VACANT LAND /GENERAL COMMON ELEMENTS
not_clear_individual_owner,4200 E 9TH AVE APPRX,,CITY & COUNTY OF DENVER,R-MU-20,16973,2016,0,606300023000,VACANT LAND /GENERAL COMMON ELEMENTS
non_residential_zoning; not_clear_individual_owner,306 W TENNESSEE AVE,,BROADWAY STATION METROPOLITAN DISTRICT NO 1,C-MX-16,14279,2019,0,515500115000,VACANT LAND /GENERAL COMMON ELEMENTS
non_residential_zoning; not_clear_individual_owner; sale_year_unknown_needs_enrichment,800 WALNUT ST,,STATE OF COLORADO,CMP-EI,173003,,,233706012000,VACANT LAND
not_clear_individual_owner,26100 E 88TH AVE APPRX,,CITY & COUNTY OF DENVER,DIA,22464855,1993,0,1218100106000,VACANT LAND
non_residential_zoning; not_clear_individual_owner,181 N YOSEMITE ST,80202-5329,CITY & COUNTY OF DENVER,O-1,944673,2015,0,610300007000,VACANT LAND
non_residential_zoning; not_clear_individual_owner,1398 W 6TH AVE APPPRX,,COLORADO HIGH PERFORMANCE TRANSPORTATION ENTERPRISE,I-B,205493,2021,50000000,509100169000,VACANT LAND
non_residential_zoning; not_clear_individual_owner,2501 S DELAWARE ST MISC,,REDOUBT LTD,I-A,125903,2010,650000,527411021000,VACANT LAND
non_residential_zoning; not_clear_individual_owner; sold_after_2021_not_5_year_hold,1475 N TRENTON ST,80220,BROTHERS REDEVELOPMENT INC,E-MS-3,18300,2025,800000,604203025000,VACANT LAND
non_residential_zoning; sale_year_unknown_needs_enrichment,1835 S BROADWAY,80210-3103,AMERICAN LINEN CO,U-MS-5,16663,,,522617012000,VACANT LAND
not_clear_individual_owner; sold_after_2021_not_5_year_hold,5400 N JEBELL ST,,EBERT METROPOLITAN DISTRICT,R-MU-20,32424,2025,0,14300110000,VACANT LAND /GENERAL COMMON ELEMENTS
non_residential_zoning; not_clear_individual_owner; sale_year_unknown_needs_enrichment,8200 E EASTMAN AVE,,CITY & COUNTY OF DENVER,OS-A,84898,,,633400019000,VACANT LAND /GENERAL COMMON ELEMENTS
non_residential_zoning; not_clear_individual_owner; sale_year_unknown_needs_enrichment,700 N TENNYSON ST,,CITY & COUNTY OF DENVER,OS-A,12500,,,506510013000,VACANT LAND
non_residential_zoning; not_clear_individual_owner; sale_year_unknown_needs_enrichment,2100 S PLATTE RIVER DR VCNT,,CITY & COUNTY OF DENVER,U-MX-3,9000,,,527312028000,VACANT LAND /GENERAL COMMON ELEMENTS
tier1_confirmed_basic_filters_before_growth_proximity,2045 S ZUNI ST,,"LOPEZ-VALDEZ,CARLOS",S-SU-F1,13254,2019,155000,529107039000,VACANT LAND
not_clear_individual_owner,20 E FAIRMOUNT DR,,PARKSQUARE AT LOWRY HOMEOWNERS ASSOCIATION INC,R-2-A,9148,1999,10,609304072000,VACANT LAND
non_residential_zoning; not_clear_individual_owner; sale_year_unknown_needs_enrichment,6100 W 52ND AVE,,STATE OF COLORADO DEPARTMENT OF TRANSPORTATION,I-MX-3,329434,,,313301002000,VACANT LAND /GENERAL COMMON ELEMENTS
non_residential_zoning; not_clear_individual_owner; sale_year_unknown_needs_enrichment,8000 E EASTMAN AVE,,CITY & COUNTY OF DENVER,OS-A,81600,,,633300093000,VACANT LAND
not_clear_individual_owner; sale_year_unknown_needs_enrichment,843 S JAY CT,,PUBLIC SERVICE COMPANY,E-TU-C,8710,,,518300148000,VACANT LAND
not_clear_individual_owner; sale_year_unknown_needs_enrichment,27150 E 75TH AVE,80249-6373,CITY & COUNTY OF DENVER,DIA,374180,,,1233100087000,VACANT LAND
not_clear_individual_owner; sale_year_unknown_needs_enrichment,26100 E 88TH AVE APPRX,,CITY & COUNTY OF DENVER,DIA,22770559,,,1205100001000,VACANT LAND
not_clear_individual_owner; sold_after_2021_not_5_year_hold,20994 E 49TH AVE,,EBERT METROPOLITAN DISTRICT,R-MU-20,17442,2025,0,23213022000,VACANT LAND /GENERAL COMMON ELEMENTS
non_residential_zoning; not_clear_individual_owner; sale_year_unknown_needs_enrichment,2601 S JACKSON ST,80210-5640,CITY & COUNTY OF DENVER,OS-A,23600,,,525430004000,VACANT LAND
not_clear_individual_owner; sale_year_unknown_needs_enrichment,26100 E 88TH AVE APPRX,,CITY & COUNTY OF DENVER,DIA,2920877,,,1113100001000,VACANT LAND
non_residential_zoning; not_clear_individual_owner; sale_year_unknown_needs_enrichment,2601 S CLAYTON ST,,CITY & COUNTY OF DENVER,OS-A,15000,,,525324006000,VACANT LAND /GENERAL COMMON ELEMENTS
not_clear_individual_owner,5001 N HARLAN ST,,STATE OF COLORADO DEPARTMENT OF TRANSPORTATION,S-SU-D,11729,1989,1270,313403020000,VACANT LAND /GENERAL COMMON ELEMENTS
not_clear_individual_owner; sold_after_2021_not_5_year_hold,1963 S VALLEJO ST,,DISENO LLC,S-SU-F1,38250,2022,355000,528204063000,VACANT LAND
not_clear_individual_owner,9101 E MISSISSIPPI AVE,80247-6818,FAIRLAKE METROPOLITAN DISTRICT,PUD,114163,1989,0,615300029000,VACANT LAND /GENERAL COMMON ELEMENTS
not_clear_individual_owner; sold_after_2021_not_5_year_hold,3191 W CUSTER PL,80219-2868,"CUSTER PARCEL, LLC",E-SU-D1X,9970,2023,205000,517218028000,VACANT LAND
not_clear_individual_owner; sold_after_2021_not_5_year_hold,18263 E 45TH AVE,80249-6684,EBERT METROPOLITAN DISTRICT,PUD,39694,2025,0,21100030000,VACANT LAND /GENERAL COMMON ELEMENTS
sale_year_unknown_needs_enrichment,3200 S FEDERAL BLVD,80236-6027,3200 SOUTH FEDERAL TOWNHOUSES,R-4,17958,,,532401280000,VACANT LAND /GENERAL COMMON ELEMENTS
non_residential_zoning; not_clear_individual_owner; sale_year_unknown_needs_enrichment,1363 9TH ST,,BOARD OF DIRECTORS OF THE AURARIA HIGHER EDUCATION CTR,CMP-EI,63673,,,233705014000,VACANT LAND
sold_after_2021_not_5_year_hold,4760 W EVANS AVE,80219-5022,"RICHARDS,DANIEL ALEXANDER",S-SU-F,22500,2026,675000,530214025000,VACANT LAND
non_residential_zoning; not_clear_individual_owner; sale_year_unknown_needs_enrichment,1800 W 3RD AVE,,CITY & COUNTY OF DENVER,I-B,7712,,,509300080000,VACANT LAND /GENERAL COMMON ELEMENTS
not_clear_individual_owner; sale_year_unknown_needs_enrichment,5020 S OLIVE ST,,BELQUINCE LTD LIABILITY CO,T-MU-30,48099,,,708408004000,VACANT LAND
non_residential_zoning; not_clear_individual_owner; sale_year_unknown_needs_enrichment,400 N YUMA ST,80204-4820,BURLINGTON NORTHERN RR CO PROPERTY TAX DEPARTMENT,I-A,18800,,,509303011000,VACANT LAND
not_clear_individual_owner; sale_year_unknown_needs_enrichment,3850 N ALCOTT ST,80211-2164,HOUSING AUTHORITY OF THE CITY & COUNTY OF DENVER,U-RX-5,61108,,,220435026000,VACANT LAND
non_residential_zoning; not_clear_individual_owner; sale_year_unknown_needs_enrichment,700 S BANNOCK ST,,UNION PACIFIC RAILROAD COMPANY,I-B,78000,,,515500069000,VACANT LAND
not_clear_individual_owner; sold_after_2021_not_5_year_hold,200 S MILWAUKEE ST,,210 S MILWAUKEE LLC,S-SU-I,13900,2022,1150000,512415016000,VACANT LAND
non_residential_zoning; not_clear_individual_owner,115 S CHEROKEE ST,,115 SOUTH CHEROKEE STREET LLC,I-MX-5,9375,2021,0,510323022000,VACANT LAND
non_residential_zoning; not_clear_individual_owner; sold_after_2021_not_5_year_hold,5132 N TOWER RD,,EBERT METROPOLITAN DISTRICT,C-MU-20,16217,2025,0,15200167000,VACANT LAND /GENERAL COMMON ELEMENTS
non_residential_zoning; not_clear_individual_owner,1811 S BROADWAY,,STEINER CORP,U-MS-5,15621,1991,0,522617019000,VACANT LAND
not_clear_individual_owner; sale_year_unknown_needs_enrichment,2450 W TENNESSEE AVE,80219-4202,PUBLIC SERVICE CO,E-SU-D1,44100,,,517425021000,VACANT LAND
non_residential_zoning; not_clear_individual_owner; sale_year_unknown_needs_enrichment,2655 S BROADWAY,80210-5704,FLYWHEEL YALE LLC,U-MS-5,12000,,,527512032000,VACANT LAND
non_residential_zoning; not_clear_individual_owner,1098 S SANTA FE DR,,BROADWAY STATION METROPOLITAN DISTRICT NO 1,C-MX-16,45278,2019,0,515500117000,VACANT LAND /GENERAL COMMON ELEMENTS
non_residential_zoning; not_clear_individual_owner; sale_year_unknown_needs_enrichment,164 N PERRY ST,,CITY & COUNTY OF DENVER,OS-A,12500,,,507136001000,VACANT LAND /GENERAL COMMON ELEMENTS
non_residential_zoning; not_clear_individual_owner,1177 W ALAMEDA AVE,80223-2067,CITY & COUNTY OF DENVER,E-MX-3A,10459,2016,0,509600047000,VACANT LAND
not_clear_individual_owner; sale_year_unknown_needs_enrichment,4565 E MEXICO AVE,80222-3800,CENTRAL PARK HOMEOWERS ASSOCIATION INC,S-SU-A,11000,,,619308034000,VACANT LAND /GENERAL COMMON ELEMENTS
not_clear_individual_owner,26100 E 88TH AVE APPRX,,CITY & COUNTY OF DENVER,DIA,1389612,1996,0,1225100061000,VACANT LAND
not_clear_individual_owner,26100 E 88TH AVE APPRX,,CITY & COUNTY OF DENVER,DIA,415780,1988,0,1218100003000,VACANT LAND
not_clear_individual_owner; sale_year_unknown_needs_enrichment,921 S OSCEOLA ST,,PUBLIC SERVICE CO,E-SU-D1X,19000,,,518419017000,VACANT LAND
not_clear_individual_owner; sale_year_unknown_needs_enrichment,7600 W UNION AVE APPRX,,BOARD OF WATER COMMISSIONERS CITY & COUNTY OF DENVER,R-2,48300,,,911300008000,VACANT LAND
not_clear_individual_owner,1011 S VALENTIA ST,80247-6812,LIGHTHOUSE AT THE BREAKERS HOMEOWNERS ASSOCIATION,R-2-A,11921,1995,10,616307067000,VACANT LAND /GENERAL COMMON ELEMENTS
non_residential_zoning; not_clear_individual_owner; sale_year_unknown_needs_enrichment,801 S KEARNEY ST,,CITY & COUNTY OF DENVER,OS-A,7980,,,617316021000,VACANT LAND /GENERAL COMMON ELEMENTS
non_residential_zoning; sale_year_unknown_needs_enrichment,400 N OSAGE ST,,SOUTHERN PACIFIC TRANSPORATION CO,I-B,19700,,,509100146000,VACANT LAND
non_residential_zoning; not_clear_individual_owner,301 E MISSISSIPPI AVE,,DEPARTMENT OF TRANSPORTATION STATE OF COLORADO,OS-1,7735,2001,2859360,515600045000,VACANT LAND /GENERAL COMMON ELEMENTS
not_clear_individual_owner; sold_after_2021_not_5_year_hold,6298 N GAL ST,,CITY & COUNTY OF DENVER,M-RX-5,13821,2026,10,110100252000,VACANT LAND /GENERAL COMMON ELEMENTS
non_residential_zoning; sale_year_unknown_needs_enrichment,4702 N YORK ST,,UNION PACIFIC RR CO,I-B,55200,,,224200022000,VACANT LAND
non_residential_zoning; not_clear_individual_owner; sold_after_2021_not_5_year_hold,1280 N UMATILLA ST,,ECI SRC FELIX LLC,I-MX-5,27037,2023,2380900,504221018000,VACANT LAND
non_residential_zoning; not_clear_individual_owner,5090 W 8TH AVE,80204-2842,CITY & COUNTY OF DENVER,E-MU-2.5,28021,2020,784588,506600267000,VACANT LAND
not_clear_individual_owner; sold_after_2021_not_5_year_hold,6300 N FULTON CT,,CITY & COUNTY OF DENVER,M-RX-5,37929,2026,10,110100249000,VACANT LAND /GENERAL COMMON ELEMENTS
non_residential_zoning; not_clear_individual_owner; sale_year_unknown_needs_enrichment,1300 S MONACO STREET PKWY,,CITY & COUNTY OF DENVER,OS-C,49702,,,620102002000,VACANT LAND /GENERAL COMMON ELEMENTS
non_residential_zoning; not_clear_individual_owner; sale_year_unknown_needs_enrichment,2175 S SANTA FE DR,,STATE OF COLORADO DEPARTMENT OF TRANSPORTATION,E-MX-2X,11600,,,527310013000,VACANT LAND /GENERAL COMMON ELEMENTS
non_residential_zoning; not_clear_individual_owner; sale_year_unknown_needs_enrichment,101 W MISSISSIPPI AVE APPRX,,REGIONAL TRANSPORTATION DISTRICT,I-B,95320,,,515500088000,VACANT LAND
not_clear_individual_owner; sale_year_unknown_needs_enrichment,6301 E WESLEY AVE,,CITY & COUNTY OF DENVER,S-RH-2.5,7690,,,629300027000,VACANT LAND /GENERAL COMMON ELEMENTS
non_residential_zoning; not_clear_individual_owner; sold_after_2021_not_5_year_hold,931 W EVANS AVE,80223-4018,QUICKTRIP CORPORATION,I-MX-3,40863,2026,0,528112048000,VACANT LAND
non_residential_zoning; not_clear_individual_owner,1450 5TH ST,80204-1823,FIFTH STREET LTD LLC,CPV-C,144607,2005,2700000,233414019000,VACANT LAND
non_residential_zoning; not_clear_individual_owner,601 W RIVER DR,,CITY & COUNTY OF DENVER,OS-A,21000,2016,10,509222001000,VACANT LAND /GENERAL COMMON ELEMENTS
non_residential_zoning; not_clear_individual_owner,2534 W COLFAX AVE,80204-2342,METROPOLITAN FOOTBALL STADIUM DISTRICT,C-MX-8,56201,2020,3091055,505101046000,VACANT LAND
not_clear_individual_owner; sold_after_2021_not_5_year_hold,9986 E 59TH PL APPRX,,CITY & COUNTY OF DENVER,M-RX-5,21504,2026,10,110400024000,VACANT LAND /GENERAL COMMON ELEMENTS
non_residential_zoning; not_clear_individual_owner; sale_year_unknown_needs_enrichment,400 W WESLEY AVE,,ATCHISON TOPEKA & SANTA FE RR CO,I-MX-3,29905,,,527411016000,VACANT LAND
non_residential_zoning; not_clear_individual_owner; sold_after_2021_not_5_year_hold,300 W EXPOSITION AVE,,BROADWAY STATION METROPOLITAN DISTRICT NO 1,C-MX-16,13518,2026,0,515500148000,VACANT LAND /GENERAL COMMON ELEMENTS
not_clear_individual_owner; sold_after_2021_not_5_year_hold,6300 N HANOVER ST,,CITY & COUNTY OF DENVER,M-RX-5,33712,2026,10,110100251000,VACANT LAND /GENERAL COMMON ELEMENTS
non_residential_zoning; not_clear_individual_owner; sale_year_unknown_needs_enrichment,4301 S SYRACUSE ST,,HOUSING AUTHORITY OF THE CITY & COUNTY OF DENVER,S-MU-12,33900,,,709200013000,VACANT LAND
not_clear_individual_owner,4565 E MEXICO AVE TR-E,80222-3800,CENTRAL PARK HOMEOWERS ASSOCIATION INC,S-SU-A,43800,1986,10,619308038000,VACANT LAND /GENERAL COMMON ELEMENTS
not_clear_individual_owner,60 N ONEIDA ST APPRX,80230-7144,BOULEVARD ONE COMMUNITY ASSOCIATION INC,U-SU-A,9879,2015,10,608400061000,VACANT LAND /GENERAL COMMON ELEMENTS
non_residential_zoning; not_clear_individual_owner,1790 N LOGAN ST,,COLORADO HEALTH FOUNDATION,C-MX-12,33475,2021,25000000,234916022000,VACANT LAND
tier1_confirmed_basic_filters_before_growth_proximity,1051 S HOOKER ST,80219-2008,"HERRERA AGUILAR,EFREN G",S-SU-D,9010,2010,13500,517318025000,VACANT LAND
non_residential_zoning; not_clear_individual_owner,2045 W COLFAX AVE,,WINDMILL CREEK ENTERPRISES INC,C-MX-5,34600,2001,459645,504202023000,VACANT LAND
non_residential_zoning; not_clear_individual_owner; sale_year_unknown_needs_enrichment,3401 S COLORADO BLVD,,STATE OF COLORADO DEPARTMENT OF TRANSPORTATION,OS-A,72800,,,536400002000,VACANT LAND /GENERAL COMMON ELEMENTS
not_clear_individual_owner; sold_after_2021_not_5_year_hold,1610 N SHERIDAN BLVD,80214-3046,SLOAN'S LAKE MGH HOLDINGS LLC,U-RH-3A,16118,2026,10,231319014000,VACANT LAND
not_clear_individual_owner,330 N DALLAS ST,,GREENS AT LOWRY HOMEOWNERS ASSOCIATION INC,R-2-A,7233,2011,0,610209013000,VACANT LAND /GENERAL COMMON ELEMENTS
not_clear_individual_owner; sale_year_unknown_needs_enrichment,401 S GARFIELD ST,80209-3512,BELCARA HOMEOWNERS ASSOCIATION INC,R-1,19280,,,513200083000,VACANT LAND /GENERAL COMMON ELEMENTS
non_residential_zoning; not_clear_individual_owner,7098 E LOWRY BLVD,,BOULEVARD ONE COMMUNITY ASSOCIATION INC,C-MX-5,8029,2021,0,608418003000,VACANT LAND
non_residential_zoning; not_clear_individual_owner,1550 N YORK ST,,NINA SOPHIA LLC,C-MS-5,8830,2019,900000,236309018000,VACANT LAND
non_residential_zoning; not_clear_individual_owner,1400 N COTTONWOOD ST,,STATE OF COLORADO,CMP-EI,16542,2013,147500,504200042000,VACANT LAND
not_clear_individual_owner,905 N SYRACUSE ST,,CITY & COUNTY OF DENVER,R-2-A,82693,2014,0,604318023000,VACANT LAND /GENERAL COMMON ELEMENTS
non_residential_zoning; not_clear_individual_owner; sale_year_unknown_needs_enrichment,500 N TEJON ST,,BURLINGTON NORTHERN RR CO PROPERTY TAX DEPARTMENT,I-A,185317,,,509200049000,VACANT LAND
not_clear_individual_owner,901 N ROSLYN CT,,CITY & COUNTY OF DENVER,R-2-A,30713,2014,0,604316028000,VACANT LAND /GENERAL COMMON ELEMENTS
sale_year_unknown_needs_enrichment,3195 S PARKER RD,,PERLMUTTER & PRIMACK,R-3,11479,,,635500026000,VACANT LAND
not_clear_individual_owner,800 N QUEBEC ST,,CITY & COUNTY OF DENVER,R-2-A,56998,2014,0,604313021000,VACANT LAND /GENERAL COMMON ELEMENTS
non_residential_zoning; not_clear_individual_owner; sale_year_unknown_needs_enrichment,1349 N ZUNI ST,,PUBLIC SERVICE CO,I-MX-5,127818,,,504212004000,VACANT LAND
non_residential_zoning; not_clear_individual_owner,1550 W COLFAX AVE,80204-2002,STATE OF COLORADO METROPOLITAN STATE UNIVERSITY,CMP-EI,19200,2013,680000,504200029000,VACANT LAND
non_residential_zoning; not_clear_individual_owner,2601 S PLATTE RIVER DR APPRX,80223-4207,CITY & COUNTY OF DENVER,I-B,75135,2005,0,528400021000,VACANT LAND
non_residential_zoning; not_clear_individual_owner,901 S HURON ST,,ASPEN TERRACE MOBILE PARK LLC,I-A,9000,2019,10,516400157000,VACANT LAND /GENERAL COMMON ELEMENTS
non_residential_zoning; not_clear_individual_owner,5650 W DARTMOUTH AVE,,DUKE FAMILY PARTNERSHIP LLC,OS-B,14749,2013,0,436500039000,VACANT LAND /GENERAL COMMON ELEMENTS
non_residential_zoning; not_clear_individual_owner,1150 N BANNOCK ST,80204-3629,1150 BANNOCK LLC,D-GT,19999,2021,6000000,503317023000,VACANT LAND
not_clear_individual_owner,7300 E 6TH AVE,,CITY & COUNTY OF DENVER,R-1,246726,2014,0,609202016000,VACANT LAND /GENERAL COMMON ELEMENTS
non_residential_zoning; not_clear_individual_owner; sold_after_2021_not_5_year_hold,5707 N DALLAS ST,,CITY & COUNTY OF DENVER,OS-B,840478,2026,10,110300127000,VACANT LAND /GENERAL COMMON ELEMENTS
non_residential_zoning; not_clear_individual_owner,7905 E BAYAUD AVE,,CITY & COUNTY OF DENVER,OS-A,139521,2007,0,609331001000,VACANT LAND /GENERAL COMMON ELEMENTS
not_clear_individual_owner; sale_year_unknown_needs_enrichment,4701 S DUDLEY ST APPRX,,CITY & COUNTY OF DENVER,R-1,14700,,,910103070000,VACANT LAND /GENERAL COMMON ELEMENTS
non_residential_zoning; not_clear_individual_owner; sale_year_unknown_needs_enrichment,7950 E UNION AVE,,GOLDSMITH METROPOLITAN DISTRICT,B-8,19190,,,709300090000,VACANT LAND /GENERAL COMMON ELEMENTS
non_residential_zoning; not_clear_individual_owner; sale_year_unknown_needs_enrichment,3150 W JEWELL AVE,80219-4638,1951 S FEDERAL BLVD LLC,S-CC-3X,15869,,,529200033000,VACANT LAND
not_clear_individual_owner; sale_year_unknown_needs_enrichment,9232 N HUDSON MILE RD,,CITY & COUNTY OF DENVER,DIA,27359474,,,1223100054000,VACANT LAND
non_residential_zoning; not_clear_individual_owner,200 W VIRGINIA AVE,80209-1729,UNION PACIFIC RAILROAD COMPANY,I-B,60600,1997,0,515200019000,VACANT LAND
non_residential_zoning; not_clear_individual_owner; sold_after_2021_not_5_year_hold,1995 S SANTA FE DR VCNT,,CITY & COUNTY OF DENVER,E-MX-2X,8426,2023,0,527301007000,VACANT LAND /GENERAL COMMON ELEMENTS
non_residential_zoning; not_clear_individual_owner; sale_year_unknown_needs_enrichment,0 HIGHLINE CANAL ---,,BOARD OF WATER COMMISSIONERS CITY & COUNTY OF DENVER,OS-C,180000,,,629300012000,VACANT LAND /GENERAL COMMON ELEMENTS
non_residential_zoning; not_clear_individual_owner; sale_year_unknown_needs_enrichment,1600 S FEDERAL BLVD,80219-4802,CITY & COUNTY OF DENVER,OS-A,9750,,,520403038000,VACANT LAND /GENERAL COMMON ELEMENTS
non_residential_zoning; not_clear_individual_owner; sold_after_2021_not_5_year_hold,18291 E 56TH AVE,80249-9221,SIENNA SOUTH RETAIL PARTNERS LTD,C-MU-30,57850,2025,4950000,9133003000,VACANT LAND
sale_year_unknown_needs_enrichment,6500 W MANSFIELD AVE #E,,FAIRWAYS AT PINEHURST,R-2,11602,,,901417065000,VACANT LAND /GENERAL COMMON ELEMENTS
non_residential_zoning; not_clear_individual_owner; sold_after_2021_not_5_year_hold,4817 N HIMALAYA RD,,EBERT METROPOLITAN DISTRICT,C-MU-20,47568,2025,0,15400052000,VACANT LAND /GENERAL COMMON ELEMENTS
not_clear_individual_owner,50 S COLORADO BLVD,80246-1041,30-50 COLORADO BLVD DEVELOPMENT LLC,PUD-G,33400,2021,0,607309017000,VACANT LAND
non_residential_zoning; not_clear_individual_owner,700 N KALAMATH ST,80204-4403,BURLINGTON NORTHER & SANTA FE RAILWAY COMPANY,I-MX-3,13200,2000,10,516400310000,VACANT LAND /GENERAL COMMON ELEMENTS
not_clear_individual_owner; sold_after_2021_not_5_year_hold,8839 E SMITH RD VCNT,,CITY & COUNTY OF DENVER,M-IMX-8,31019,2026,10,121400100000,VACANT LAND
non_residential_zoning; not_clear_individual_owner; sold_after_2021_not_5_year_hold,19951 E MAXWELL PL,,EBERT METROPOLITAN DISTRICT,C-MU-20,8122,2025,0,15100028000,VACANT LAND /GENERAL COMMON ELEMENTS
tier1_confirmed_basic_filters_before_growth_proximity,1904 S ADAMS ST,80210-3615,"HANG,TOAN",E-SU-D,7500,2021,540000,525106002000,VACANT LAND
non_residential_zoning; not_clear_individual_owner,4570 W COLFAX AVE,,GOLDEN MANOR VACANT LLC,U-MS-5,18750,2017,1000000,506202025000,VACANT LAND
non_residential_zoning; not_clear_individual_owner,2403 W 8TH AVE,,CITY & COUNTY OF DENVER,I-A,16786,1994,70000,504323010000,VACANT LAND /GENERAL COMMON ELEMENTS
non_residential_zoning; not_clear_individual_owner; sold_after_2021_not_5_year_hold,5794 N CHESTER WAY APPRX,,CITY & COUNTY OF DENVER,OS-B,29722,2026,10,110300125000,VACANT LAND /GENERAL COMMON ELEMENTS
non_residential_zoning; not_clear_individual_owner; sold_after_2021_not_5_year_hold,5355 ANDES ST,,EBERT METROPOLITAN DISTRICT,C-MU-20,8887,2025,0,15200196000,VACANT LAND /GENERAL COMMON ELEMENTS
tier1_confirmed_basic_filters_before_growth_proximity,4400 W ALAMEDA AVE,,"WINOKUR,CHARLES",E-TU-C,10552,2016,10,518201030000,VACANT LAND
not_clear_individual_owner; sold_after_2021_not_5_year_hold,4641 S KIPLING CIR,,KIPLING WEST HOMEOWNERS ASSOCIATION INC,S-RH-2.5,9725,2024,0,910200011000,VACANT LAND /GENERAL COMMON ELEMENTS
non_residential_zoning; not_clear_individual_owner; sale_year_unknown_needs_enrichment,242 N MILWAUKEE ST,,242 MILWAUKEE OWNER LLC,C-CCN-7,18376,,,512218064000,VACANT LAND
non_residential_zoning; not_clear_individual_owner; sold_after_2021_not_5_year_hold,2588 N ULSTER ST,,CITY & COUNTY OF DENVER,OS-A,12850,2026,10,133101001000,VACANT LAND /GENERAL COMMON ELEMENTS
non_residential_zoning; not_clear_individual_owner,761 S BROADWAY,80209-4005,CITY & COUNTY OF DENVER,C-MX-8,18561,2020,7866000,515500046000,VACANT LAND
not_clear_individual_owner; sale_year_unknown_needs_enrichment,2731 E ALAMEDA AVE,,PENNPROP I LLC,S-SU-I,11372,,,512413027000,VACANT LAND
non_residential_zoning; not_clear_individual_owner,889 S BROADWAY,80209-4007,BSP EAST LLC,C-MX-12,17984,2017,10,515500156000,VACANT LAND /GENERAL COMMON ELEMENTS
not_clear_individual_owner; sale_year_unknown_needs_enrichment,701 N DETROIT ST,,CLAYTON-DETROIT IMPROVEMENT ASSOCIATION INC,U-SU-C,18994,,,501615034000,VACANT LAND /GENERAL COMMON ELEMENTS
non_residential_zoning; not_clear_individual_owner; sale_year_unknown_needs_enrichment,4410 E COLORADO CENTER DR,80222-7900,REGIONAL TRANSPORTATION DISTRICT,S-MX-3A,84000,,,630200055000,VACANT LAND
not_clear_individual_owner,7393 E LOWRY BLVD,,STANDARD PACIFIC OF COLORADO INC,R-2-A,11017,2003,0,609301028000,VACANT LAND /GENERAL COMMON ELEMENTS
non_residential_zoning; not_clear_individual_owner,1200 N PECOS ST,,REGIONAL TRANSPORTATION DISTRICT,I-A,21800,1989,0,504116013000,VACANT LAND
non_residential_zoning; not_clear_individual_owner,300 S SANTA FE DR,,REGIONAL TRANSPORTATION DISTRICT,S-MX-12,66151,2017,0,515300079000,VACANT LAND /GENERAL COMMON ELEMENTS
not_clear_individual_owner,174 S KNOX CT,,DENVER URBAN GARDENS,E-SU-D1X,12500,1993,500,508622009000,VACANT LAND
non_residential_zoning; not_clear_individual_owner,4300 S MONACO ST APPRX,,DEPARTMENT OF TRANSPORTATION STATE OF COLORADO,B-4,9362,2001,444500,708100085000,VACANT LAND /GENERAL COMMON ELEMENTS
not_clear_individual_owner; sold_after_2021_not_5_year_hold,205 N KNOX CT,80219-1439,CITY & COUNTY OF DENVER,E-SU-D1X,25000,2024,10,508326010000,VACANT LAND
non_residential_zoning; not_clear_individual_owner; sold_after_2021_not_5_year_hold,4143 E 8TH AVE,80220-3956,CITY & COUNTY OF DENVER,C-MU-10,18591,2024,10,606300054000,VACANT LAND /GENERAL COMMON ELEMENTS
non_residential_zoning; not_clear_individual_owner; sale_year_unknown_needs_enrichment,4967 N WASHINGTON ST APPRX,,CITY & COUNTY OF DENVER,G-MS-5,140593,,,215409058000,VACANT LAND
not_clear_individual_owner; sold_after_2021_not_5_year_hold,6100 N EMPORIA ST,,CITY & COUNTY OF DENVER,M-RX-5,39871,2026,10,110100237000,VACANT LAND /GENERAL COMMON ELEMENTS
not_clear_individual_owner; sold_after_2021_not_5_year_hold,2870 S IRVING ST,80219-1625,THE LORETTO LAND LLC,PUD-G 25,8729,2025,0,532200074000,VACANT LAND /GENERAL COMMON ELEMENTS
non_residential_zoning; not_clear_individual_owner; sold_after_2021_not_5_year_hold,4307 E 9TH AVE,80220-3808,GME I LLC,CMP-H,20822,2023,0,606300075000,VACANT LAND /GENERAL COMMON ELEMENTS
non_residential_zoning; not_clear_individual_owner; sale_year_unknown_needs_enrichment,400 W ALAMEDA AVE,,REGIONAL TRANSPORTATION DISTRICT,I-B,96839,,,515300072000,VACANT LAND
not_clear_individual_owner; sold_after_2021_not_5_year_hold,5949 N FULTON ST APPRX,,CITY & COUNTY OF DENVER,M-RX-5,12600,2026,10,110400021000,VACANT LAND /GENERAL COMMON ELEMENTS
non_residential_zoning; not_clear_individual_owner; sale_year_unknown_needs_enrichment,400 W VIRGINIA AVE,,ATCHISON TOPEKA & SANTA FE RR CO,I-B,12300,,,515300020000,VACANT LAND
not_clear_individual_owner; sold_after_2021_not_5_year_hold,5466 N GALENA CT,,CITY & COUNTY OF DENVER,M-RX-5,48946,2026,10,110100008000,VACANT LAND /GENERAL COMMON ELEMENTS
not_clear_individual_owner; sale_year_unknown_needs_enrichment,2400 W BATES AVE,,CITY & COUNTY OF DENVER,S-SU-F1,8150,,,532111044000,VACANT LAND /GENERAL COMMON ELEMENTS
not_clear_individual_owner; sold_after_2021_not_5_year_hold,5651 N EMPORIA ST APPRX,,CITY & COUNTY OF DENVER,M-RX-5,22507,2026,10,110400010000,VACANT LAND /GENERAL COMMON ELEMENTS
non_residential_zoning; sold_after_2021_not_5_year_hold,3498 S WILLOW ST,80231-4531,CREDIT UNION OF COLORADO,S-MX-5A,34584,2025,800000,633400053000,VACANT LAND
not_clear_individual_owner; sold_after_2021_not_5_year_hold,9111 E 40TH AVE AREA 1,,RUNWAY 35 SOUTH LLC,M-IMX-12,97322,2025,0,122300086000,VACANT LAND
not_clear_individual_owner; sold_after_2021_not_5_year_hold,708 S DELAWARE ST,80223,CITY AND COUNTY OF DENVER,PUD,78163,2026,0,515500154000,VACANT LAND /GENERAL COMMON ELEMENTS
non_residential_zoning; not_clear_individual_owner; sale_year_unknown_needs_enrichment,1000 CHOPPER CIR,80204-5805,KROENKE ARENA COMPANY LLC,CPV-C,1956924,,,233503035000,VACANT LAND
non_residential_zoning; not_clear_individual_owner,4340 S MONACO ST MISC,,DEPARTMENT OF TRANSPORTATION STATE OF COLORADO,B-4,50960,2001,611500,708100083000,VACANT LAND /GENERAL COMMON ELEMENTS
not_clear_individual_owner; sale_year_unknown_needs_enrichment,1903 WAZEE ST APPRX,,DENVER METROPOLITAN MAJOR LEAGUE BASEBALL STADIUM DIST,PUD-G,129952,,,227916051000,VACANT LAND
not_clear_individual_owner,745 S ONEIDA ST MISC,,HILLTOP DOWNS HOMEOWNERS ASSOCIATION,S-SU-A,14670,1995,10,617407098000,VACANT LAND /GENERAL COMMON ELEMENTS
not_clear_individual_owner,26100 E 88TH AVE APPRX,,CITY & COUNTY OF DENVER,DIA,4143083,1991,0,1303100004000,VACANT LAND
non_residential_zoning; not_clear_individual_owner; sale_year_unknown_needs_enrichment,7101 E YALE AVE,,BOARD OF WATER COMMISSIONERS CITY & COUNTY OF DENVER,OS-C,288000,,,629400008000,VACANT LAND /GENERAL COMMON ELEMENTS
non_residential_zoning; not_clear_individual_owner; sale_year_unknown_needs_enrichment,2876 W 11TH AVE,80204-3311,DENVER HOUSING LLC,C-RX-8,20997,,,505426005000,VACANT LAND
non_residential_zoning; not_clear_individual_owner; sold_after_2021_not_5_year_hold,18503 E 51ST AVE,,EBERT METROPOLITAN DISTRICT,C-MU-20,12132,2025,0,15200165000,VACANT LAND /GENERAL COMMON ELEMENTS
not_clear_individual_owner,6000 W GRANT RANCH BLVD,80123-5119,GRANT 6000 LLC,R-2,10019,2020,0,913103001000,VACANT LAND
not_clear_individual_owner; sale_year_unknown_needs_enrichment,3419 S AKRON ST,,CITY & COUNTY OF DENVER,S-SU-F,12632,,,634300010000,VACANT LAND
non_residential_zoning; not_clear_individual_owner,1703 11TH ST,,KROENKE ARENA COMPANY LLC,CPV-C,60487,2019,0,233502020000,VACANT LAND
not_clear_individual_owner; sale_year_unknown_needs_enrichment,1100 S PECOS ST,,PUBLIC SERVICE CO,E-RH-2.5,33250,,,521108013000,VACANT LAND
non_residential_zoning; not_clear_individual_owner; sold_after_2021_not_5_year_hold,5304 N TOWER RD,,EBERT METROPOLITAN DISTRICT,C-MU-20,14835,2025,0,15200163000,VACANT LAND /GENERAL COMMON ELEMENTS
non_residential_zoning; sold_after_2021_not_5_year_hold,4190 W COLFAX AVE,80204-1451,"SB-OZZIE,LLC",U-MS-5,18750,2022,4090190,506106001000,VACANT LAND
not_clear_individual_owner,601 N WOLFF ST,80204-5200,AVALON APT OWNER LLC,R-2,117887,2021,36895500,506600266000,VACANT LAND
non_residential_zoning; not_clear_individual_owner; sold_after_2021_not_5_year_hold,4107 E 10TH AVE APPRX,80202,CITY & COUNTY OF DENVER,C-MU-10,18527,2024,10,606300063000,VACANT LAND /GENERAL COMMON ELEMENTS
not_clear_individual_owner; sale_year_unknown_needs_enrichment,26100 E 88TH AVE APPRX,,CITY & COUNTY OF DENVER,DIA,3329647,,,1232100115000,VACANT LAND
non_residential_zoning; not_clear_individual_owner; sale_year_unknown_needs_enrichment,245 N IRVING ST,80219-1425,CITY & COUNTY OF DENVER,OS-A,18800,,,508328009000,VACANT LAND
non_residential_zoning; not_clear_individual_owner; sold_after_2021_not_5_year_hold,4812 N WASHINGTON ST APPRX,80216-6363,CITY & COUNTY OF DENVER,I-B,38371,2025,3406608,214306017000,VACANT LAND
non_residential_zoning; not_clear_individual_owner; sale_year_unknown_needs_enrichment,1470 W COLFAX AVE,,REGIONAL TRANSPORTATION DISTRICT,I-A,10320,,,504200063000,VACANT LAND /GENERAL COMMON ELEMENTS
not_clear_individual_owner,190 N ONEIDA CT,,LOWRY COMMUNITY MASTER ASSOCIATION INC,R-2-A,10008,2006,0,608126017000,VACANT LAND /GENERAL COMMON ELEMENTS
non_residential_zoning; not_clear_individual_owner; sold_after_2021_not_5_year_hold,2499 W 9TH AVE TR B,80204-3327,CITY & COUNTY OF DENVER,OS-A,49123,2026,10,505400034000,VACANT LAND /GENERAL COMMON ELEMENTS
non_residential_zoning; not_clear_individual_owner,8588 E LOWRY BLVD,,CITY & COUNTY OF DENVER,B-3,43584,2013,0,609100115000,VACANT LAND
non_residential_zoning; sale_year_unknown_needs_enrichment,603 N PECOS ST APPRX,,UNION PACIFIC RAILROAD CO,I-B,38200,,,509200100000,VACANT LAND
not_clear_individual_owner; sold_after_2021_not_5_year_hold,5630 N ELMIRA CT,,CITY & COUNTY OF DENVER,M-RX-5,38045,2026,10,110400065000,VACANT LAND /GENERAL COMMON ELEMENTS
non_residential_zoning; not_clear_individual_owner; sold_after_2021_not_5_year_hold,18293 E 45TH AVE,80249-6684,CPG LAND LLC,C-MU-20,97886,2026,3200000,21100032000,VACANT LAND
non_residential_zoning; not_clear_individual_owner; sale_year_unknown_needs_enrichment,2145 S SANTA FE DR VCNT,,STATE OF COLORADO DEPARTMENT OF TRANSPORTATION,E-MX-2X,22200,,,527310014000,VACANT LAND /GENERAL COMMON ELEMENTS
not_clear_individual_owner,530 N SYRACUSE ST,80230-7122,HARCOURT TOWNHOMES ASSOCIATION INC,R-2-A,12021,2005,10,609203016000,VACANT LAND /GENERAL COMMON ELEMENTS
not_clear_individual_owner; sale_year_unknown_needs_enrichment,26100 E 88TH AVE APPRX,,CITY & COUNTY OF DENVER,DIA,8608157,,,1213100032000,VACANT LAND
not_clear_individual_owner; sale_year_unknown_needs_enrichment,1701 S FILLMORE ST,,CITY & COUNTY OF DENVER,E-SU-D,7400,,,524320026000,VACANT LAND /GENERAL COMMON ELEMENTS
non_residential_zoning; not_clear_individual_owner,8100 E EXPOSITION AVE,,FAIRLAKE METROPOLITAN DISTRICT,OS-B,130628,1994,0,616400038000,VACANT LAND
sale_year_unknown_needs_enrichment,1934 S VALLEJO ST VCNT,,"GALLEGOS,ELEANOR",S-SU-F1,26500,,,528203038000,VACANT LAND
not_clear_individual_owner; sale_year_unknown_needs_enrichment,4612 N TELLURIDE ST,80249-6684,CITY & COUNTY OF DENVER,PUD,139720,,,21100023000,VACANT LAND /GENERAL COMMON ELEMENTS
not_clear_individual_owner,500 N JULIAN ST,,CITYZEN DEVELOPMENT LLC,PUD,8630,2016,500000,508305013000,VACANT LAND
non_residential_zoning; not_clear_individual_owner; sale_year_unknown_needs_enrichment,2095 S SANTA FE DR,,STATE OF COLORADO DEPARTMENT OF TRANSPORTATION,E-MX-2X,7030,,,527309005000,VACANT LAND /GENERAL COMMON ELEMENTS
non_residential_zoning; not_clear_individual_owner; sale_year_unknown_needs_enrichment,2800 S WADSWORTH BLVD,,CITY & COUNTY OF DENVER,OS-A,59092,,,435115198000,VACANT LAND /GENERAL COMMON ELEMENTS
not_clear_individual_owner,662 N ROSLYN ST,,LOWRY COMMUNITY MASTER ASSOCIATION INC,R-1,11138,2005,0,604304016000,VACANT LAND /GENERAL COMMON ELEMENTS
non_residential_zoning; not_clear_individual_owner,300 N OSAGE ST,,UNION PACIFIC RAILROAD COMPANY,I-B,23550,1998,0,509100144000,VACANT LAND /GENERAL COMMON ELEMENTS
non_residential_zoning; not_clear_individual_owner; sold_after_2021_not_5_year_hold,2740 W 9TH AVE,80204-3750,CITY & COUNTY OF DENVER,I-A,22050,2023,0,505421031000,VACANT LAND
non_residential_zoning; not_clear_individual_owner; sold_after_2021_not_5_year_hold,4907 N DALLAS ST MISC,,CITY & COUNTY OF DENVER,C-MU-30,65256,2026,500,115303012000,VACANT LAND /GENERAL COMMON ELEMENTS
not_clear_individual_owner,130 S BIRCH ST,,"SCHAUER,DOUGLAS GST TAX EXEMPT CHILD'S TRUST",E-SU-G,9940,2014,790000,607320004000,VACANT LAND
not_clear_individual_owner; sold_after_2021_not_5_year_hold,5486 N ESPANA CT,,EBERT METROPOLITAN DISTRICT,R-MU-20,54076,2025,0,14300078000,VACANT LAND /GENERAL COMMON ELEMENTS
not_clear_individual_owner,3030 W KENTUCKY AVE MISC,,ARBOR SQUARE TOWNHOUSE CORPORATION,PUD,11741,1986,0,517319034000,VACANT LAND /GENERAL COMMON ELEMENTS
non_residential_zoning; not_clear_individual_owner,9753 W STANFORD AVE,,STANFORD COMMONS HOA INC,B-2,12822,2016,0,910201120000,VACANT LAND /GENERAL COMMON ELEMENTS
not_clear_individual_owner; sale_year_unknown_needs_enrichment,1770 S STEELE ST,,CITY & COUNTY OF DENVER,E-SU-DX,12500,,,524422024000,VACANT LAND /GENERAL COMMON ELEMENTS
not_clear_individual_owner; sale_year_unknown_needs_enrichment,26100 E 88TH AVE APPRX,,CITY & COUNTY OF DENVER,DIA,435169,,,1227100068000,VACANT LAND
not_clear_individual_owner,8151 E 8TH AVE,,CITY & COUNTY OF DENVER,R-2-A,71166,2014,0,604329002000,VACANT LAND /GENERAL COMMON ELEMENTS
non_residential_zoning; not_clear_individual_owner; sale_year_unknown_needs_enrichment,907 S CHEROKEE ST,,BSP WEST LLC,C-MX-16,38706,,,515514002000,VACANT LAND
not_clear_individual_owner; sold_after_2021_not_5_year_hold,10107 E 59TH PL APPRX,,CITY & COUNTY OF DENVER,M-RX-5,91749,2026,10,110400020000,VACANT LAND /GENERAL COMMON ELEMENTS
non_residential_zoning; not_clear_individual_owner; sale_year_unknown_needs_enrichment,2500 S ADAMS ST,80210-6230,CITY & COUNTY OF DENVER,OS-A,12700,,,525421010000,VACANT LAND /GENERAL COMMON ELEMENTS
not_clear_individual_owner; sold_after_2021_not_5_year_hold,6380 N DALTON CT,,CITY & COUNTY OF DENVER,M-RX-5,57849,2026,10,110100228000,VACANT LAND /GENERAL COMMON ELEMENTS
not_clear_individual_owner; sale_year_unknown_needs_enrichment,9111 E MISSISSIPPI AVE,80247-6818,FAIRMOUNT CEMETERY COMPANY,PUD,1279762,,,615300035000,VACANT LAND /GENERAL COMMON ELEMENTS
not_clear_individual_owner; sold_after_2021_not_5_year_hold,432 S NEWPORT WAY,,BNK HOLDINGS LLC,S-SU-F,12269,2022,0,617114014000,VACANT LAND
non_residential_zoning; not_clear_individual_owner; sale_year_unknown_needs_enrichment,4300 E COLORADO CENTER DR,80222-7900,REGIONAL TRANSPORTATION DISTRICT,C-MX-20,97260,,,630200056000,VACANT LAND
not_clear_individual_owner; sold_after_2021_not_5_year_hold,4554 S KIPLING ST,,KIPLING WEST HOMEOWNERS ASSOCIATION INC,S-RH-2.5,12313,2024,0,910200008000,VACANT LAND /GENERAL COMMON ELEMENTS
not_clear_individual_owner; sold_after_2021_not_5_year_hold,4231 E HARVARD AVE,80222-6523,4231 RLC LLC,S-SU-D,10341,2022,0,630309013000,VACANT LAND
non_residential_zoning,4905 W COLFAX AVE,,VOLUNTEERS OF AMERICA OF COLORADO,U-MS-5,10824,2001,1750000,231316007000,VACANT LAND
non_residential_zoning; not_clear_individual_owner; sale_year_unknown_needs_enrichment,300 N QUIVAS ST,,CITY & COUNTY OF DENVER,I-A,10700,,,509300078000,VACANT LAND /GENERAL COMMON ELEMENTS
non_residential_zoning; not_clear_individual_owner; sale_year_unknown_needs_enrichment,4510 E EVANS AVE,,CREA-FLYWHEEL EVANS LANDCO LLC,C-MX-8,76424,,,630205029000,VACANT LAND
not_clear_individual_owner; sold_after_2021_not_5_year_hold,5031 N NETHERLAND ST,80249-8239,EBERT METROPOLITAN DISTRICT,R-MU-20,10890,2025,0,14406037000,VACANT LAND /GENERAL COMMON ELEMENTS
not_clear_individual_owner; sold_after_2021_not_5_year_hold,3330 S JULIAN WAY,80236-2711,LORETTO HEIGHTS METRO DISTRICT NO 1,PUD-G 25,21249,2022,0,532200067000,VACANT LAND /GENERAL COMMON ELEMENTS
not_clear_individual_owner; sale_year_unknown_needs_enrichment,5701 W CLEAR CREEK DR,,PUBLIC SERVICE CO,S-SU-D,18000,,,313400002000,VACANT LAND /GENERAL COMMON ELEMENTS
non_residential_zoning; not_clear_individual_owner; sale_year_unknown_needs_enrichment,400 W CEDAR AVE,,ATCHISON TOPEKA & SANTA FE RR CO,I-MX-5,9150,,,510300042000,VACANT LAND
not_clear_individual_owner,3059 S MAY STANTON WAY,80236-2711,THB LORETTO LAND LLC,PUD-G 25,126140,2021,14480000,532223001000,VACANT LAND
non_residential_zoning; sale_year_unknown_needs_enrichment,4800 N COLUMBINE ST,,UNION PACIFIC RR CO,I-B,310000,,,213300008000,VACANT LAND
non_residential_zoning,4407 W ALAMEDA AVE,80219-1802,SALVATION ARMY,E-MX-3,33700,2003,278970,507300054000,VACANT LAND
not_clear_individual_owner,26100 E 88TH AVE APPRX,,CITY & COUNTY OF DENVER,DIA,6862882,1989,0,1208100003000,VACANT LAND
not_clear_individual_owner,5901 W LEHIGH AVE MISC,,WINDSONG AT PINECREST HOMEOWNERS ASSN,R-1,38529,1996,10,901108083000,VACANT LAND /GENERAL COMMON ELEMENTS
not_clear_individual_owner; sold_after_2021_not_5_year_hold,9600 E 59TH DR APPRX,,CITY & COUNTY OF DENVER,M-RX-5,39357,2026,10,110400026000,VACANT LAND /GENERAL COMMON ELEMENTS
non_residential_zoning; not_clear_individual_owner; sale_year_unknown_needs_enrichment,2500 S MONROE ST,80210-5648,CITY & COUNTY OF DENVER,OS-A,19100,,,525419011000,VACANT LAND /GENERAL COMMON ELEMENTS
not_clear_individual_owner; sold_after_2021_not_5_year_hold,300 S UNIVERSITY BLVD,,POLO CLUB PLACE HOME OWNERS ASSOCIATION,S-SU-I,13397,2023,6000,513300172000,VACANT LAND /GENERAL COMMON ELEMENTS
not_clear_individual_owner,7798 E 11TH AVE,,CITY & COUNTY OF DENVER,R-2-A,30334,2014,0,604324023000,VACANT LAND /GENERAL COMMON ELEMENTS
non_residential_zoning; not_clear_individual_owner; sold_after_2021_not_5_year_hold,2290 S JOSEPHINE ST,,JOSEPHINE PEAKS LLC,G-MU-3,8360,2022,1595000,525223008000,VACANT LAND
not_clear_individual_owner; sale_year_unknown_needs_enrichment,101 S DALE CT,80219-2110,CITY & COUNTY OF DENVER,E-SU-D1X,7400,,,508520024000,VACANT LAND /GENERAL COMMON ELEMENTS
non_residential_zoning; not_clear_individual_owner; sale_year_unknown_needs_enrichment,1952 S MARIPOSA ST,,PUBLIC SERVICE CO,I-MX-3,10500,,,528100016000,VACANT LAND
non_residential_zoning; not_clear_individual_owner,800 N SEMINOLE RD,80204-4200,COLORADO HIGH PERFORMANCE TRANSPORTATION ENTERPRISE,I-B,644149,2021,50000000,504407009000,VACANT LAND
non_residential_zoning; not_clear_individual_owner; sale_year_unknown_needs_enrichment,6800 W QUINCY AVE APPRX,,BOARD OF WATER COMMISSIONERS CITY & COUNTY OF DENVER,OS-B,3894300,,,911100015000,VACANT LAND /GENERAL COMMON ELEMENTS
not_clear_individual_owner; sold_after_2021_not_5_year_hold,6150 N DALLAS WAY,,CITY & COUNTY OF DENVER,M-RX-5,144868,2026,10,110100224000,VACANT LAND /GENERAL COMMON ELEMENTS
non_residential_zoning; not_clear_individual_owner; sold_after_2021_not_5_year_hold,2369 S QUEBEC ST,80224,CITY & COUNTY OF DENVER,OS-A,51729,2024,1250000,629100124000,VACANT LAND
non_residential_zoning; not_clear_individual_owner; sale_year_unknown_needs_enrichment,2500 S COOK ST,80210-6234,CITY & COUNTY OF DENVER,OS-A,19100,,,525421011000,VACANT LAND /GENERAL COMMON ELEMENTS
non_residential_zoning; not_clear_individual_owner; sale_year_unknown_needs_enrichment,2101 W COLFAX AVE,,CITY & COUNTY OF DENVER,I-B,48700,,,504201026000,VACANT LAND /GENERAL COMMON ELEMENTS
non_residential_zoning; not_clear_individual_owner; sale_year_unknown_needs_enrichment,2001 S SANTA FE DR,,STATE OF COLORADO DEPARTMENT OF TRANSPORTATION,E-MX-2X,8260,,,527309001000,VACANT LAND /GENERAL COMMON ELEMENTS
non_residential_zoning; not_clear_individual_owner; sale_year_unknown_needs_enrichment,801 S DELAWARE ST,,CITY & COUNTY OF DENVER,OS-A,176845,,,515500121000,VACANT LAND
tier1_confirmed_basic_filters_before_growth_proximity,4319 W ALASKA PL,80219,"ARREOLA,CARLOS ADALBERTO",E-SU-D1X,7800,2021,10000,518205031000,VACANT LAND
non_residential_zoning; not_clear_individual_owner; sold_after_2021_not_5_year_hold,855 N DECATUR ST,80204-3724,CITY & COUNTY OF DENVER,I-A,17537,2023,0,505422022000,VACANT LAND
non_residential_zoning; not_clear_individual_owner; sold_after_2021_not_5_year_hold,18705 E 54TH PL,,EBERT METROPOLITAN DISTRICT,C-MU-20,60904,2025,0,15200194000,VACANT LAND /GENERAL COMMON ELEMENTS
not_clear_individual_owner,26100 E 88TH AVE APPRX,,CITY & COUNTY OF DENVER,DIA,6944252,1990,0,1208100002000,VACANT LAND
not_clear_individual_owner; sold_after_2021_not_5_year_hold,2624 W CORNELL AVE,,LITTLE CONIFER LLC,S-SU-F1,12001,2024,375000,532113099000,VACANT LAND
non_residential_zoning; not_clear_individual_owner,4207 E 9TH AVE APPRX,80202,BLOCK 9 (DENVER) OWNER LLC,CMP-H,49220,2018,10200000,606326001000,VACANT LAND
non_residential_zoning; not_clear_individual_owner; sale_year_unknown_needs_enrichment,2600 S SANTA FE DR,,ATCHISON TOPEKA & SANTA FE RR CO,I-A,263000,,,527400002000,VACANT LAND
non_residential_zoning; not_clear_individual_owner; sale_year_unknown_needs_enrichment,2900 S HOLLY ST,,BOARD OF WATER COMMISSIONERS CITY & COUNTY OF DENVER,OS-C,11300,,,632200003000,VACANT LAND /GENERAL COMMON ELEMENTS
non_residential_zoning; not_clear_individual_owner,2638 W 13TH AVE,80204-2314,TDK SUB 2 LLC,C-MX-8,28107,2020,0,505401067000,VACANT LAND
not_clear_individual_owner,25470 E 103RD AVE,,CITY & COUNTY OF DENVER,DIA,1101637,1995,1,1217100002000,VACANT LAND
non_residential_zoning; not_clear_individual_owner,4545 S MONACO ST #TR-A,,GILLIGAN FAMILY LIMITED PARTNERSHIP,B-4,14771,2000,1800000,708102052000,VACANT LAND
non_residential_zoning; not_clear_individual_owner; sold_after_2021_not_5_year_hold,6635 E EVANS AVE,80224-2325,6635 LLC,S-MX-3A,16791,2025,500000,629100020000,VACANT LAND
not_clear_individual_owner; sale_year_unknown_needs_enrichment,285 N DALLAS ST,80230-6532,LOWRY ECONOMIC REDEVELOPMENT AUTHORITY,R-2-A,23033,,,610200028000,VACANT LAND /GENERAL COMMON ELEMENTS
not_clear_individual_owner; sold_after_2021_not_5_year_hold,5998 N FULTON ST APPRX,,CITY & COUNTY OF DENVER,M-RX-5,108771,2026,10,110100012000,VACANT LAND /GENERAL COMMON ELEMENTS
non_residential_zoning; not_clear_individual_owner,908 S SANTA FE DR,,BROADWAY STATION METROPOLITAN DISTRICT NO 1,C-MX-16,34646,2019,0,515500118000,VACANT LAND /GENERAL COMMON ELEMENTS
non_residential_zoning; not_clear_individual_owner; sale_year_unknown_needs_enrichment,4980 N BRIGHTON BLVD,80216-2238,BURLINGTON NORTHERN RR CO PROPERTY TAX DEPARTMENT,I-B,425608,,,214400096000,VACANT LAND
non_residential_zoning; not_clear_individual_owner,2516 W 13TH AVE,80204-2312,HOUSING AUTHORITY OF THE CITY & COUNTY OF DENVER,C-MX-8,7160,2017,361700,505401052000,VACANT LAND
not_clear_individual_owner,901 N ROSLYN ST,,CITY & COUNTY OF DENVER,R-2-A,99277,2014,0,604315002000,VACANT LAND /GENERAL COMMON ELEMENTS
not_clear_individual_owner,610 N QUEBEC ST,,LOWRY COMMUNITY MASTER ASSOCIATION INC,R-1,11752,2011,0,604301011000,VACANT LAND /GENERAL COMMON ELEMENTS
not_clear_individual_owner; sold_after_2021_not_5_year_hold,9800 E 62ND AVE,,CITY & COUNTY OF DENVER,M-RX-5,21324,2026,10,110100239000,VACANT LAND /GENERAL COMMON ELEMENTS
non_residential_zoning; not_clear_individual_owner,7405 E BAYAUD AVE,,CITY & COUNTY OF DENVER,OS-A,119991,2007,0,609332001000,VACANT LAND /GENERAL COMMON ELEMENTS
non_residential_zoning; not_clear_individual_owner; sale_year_unknown_needs_enrichment,2033 S SANTA FE DR,,STATE OF COLORADO DEPARTMENT OF TRANSPORTATION,E-MX-2X,22400,,,527309003000,VACANT LAND /GENERAL COMMON ELEMENTS
non_residential_zoning; not_clear_individual_owner; sold_after_2021_not_5_year_hold,30 E MISSISSIPPI AVE,,SECURITY REALTY CO,C-MX-12,11687,2023,501000,522108047000,VACANT LAND
not_clear_individual_owner; sale_year_unknown_needs_enrichment,4542 S NEWPORT WAY,80202-5329,MADRE INVESTMENT CO,T-MU-30,12300,,,708411010000,VACANT LAND
not_clear_individual_owner; sold_after_2021_not_5_year_hold,9600 E 63RD AVE TR-B,,CITY & COUNTY OF DENVER,M-RX-5,171295,2026,10,110100220000,VACANT LAND /GENERAL COMMON ELEMENTS
non_residential_zoning; not_clear_individual_owner,4105 E WARREN AVE,80222-4923,4105 E WARREN LLC,C-MX-5,12439,2017,767000,630217038000,VACANT LAND
not_clear_individual_owner; sale_year_unknown_needs_enrichment,2405 W DARTMOUTH AVE,,CITY & COUNTY OF DENVER,S-SU-F1,7010,,,532112059000,VACANT LAND /GENERAL COMMON ELEMENTS
non_residential_zoning; not_clear_individual_owner,700 N YOSEMITE ST VCNT,,CITY & COUNTY OF DENVER,OS-A,174327,2020,0,604400038000,VACANT LAND /GENERAL COMMON ELEMENTS
not_clear_individual_owner,848 N ROSLYN ST,,CITY & COUNTY OF DENVER,R-2-A,27672,2014,0,604320016000,VACANT LAND /GENERAL COMMON ELEMENTS
non_residential_zoning; not_clear_individual_owner,4600 S MONACO ST,,DEPARTMENT OF TRANSPORTATION STATE OF COLORADO,B-4,27185,2001,444500,708100086000,VACANT LAND /GENERAL COMMON ELEMENTS
not_clear_individual_owner; sold_after_2021_not_5_year_hold,1086 N MEADE ST,,HABITAT FOR HUMANITY OF METRO DENVER INC,E-SU-D1X,9039,2022,0,506416029000,VACANT LAND
non_residential_zoning; not_clear_individual_owner; sold_after_2021_not_5_year_hold,5535 N JEBEL CT,,EBERT METROPOLITAN DISTRICT,C-MU-20,48116,2025,0,14100039000,VACANT LAND /GENERAL COMMON ELEMENTS
non_residential_zoning; not_clear_individual_owner; sale_year_unknown_needs_enrichment,4602 S ULSTER ST,80237-2848,GOLDSMITH METROPOLITAN DISTRICT,B-8,25150,,,709300095000,VACANT LAND /GENERAL COMMON ELEMENTS
sold_after_2021_not_5_year_hold,1347 S IRVING ST,80219-3914,"REIDY,JEREMIAH JOSEPH",S-SU-D,8700,2023,100000,520208006000,VACANT LAND /GENERAL COMMON ELEMENTS
not_clear_individual_owner; sold_after_2021_not_5_year_hold,20352 E 48TH PL,,EBERT METROPOLITAN DISTRICT,R-MU-20,55734,2025,0,23217021000,VACANT LAND /GENERAL COMMON ELEMENTS
non_residential_zoning; not_clear_individual_owner; sold_after_2021_not_5_year_hold,18214 E 51ST PL,80203,EBERT METROPOLITAN DISTRICT,C-MU-20,7905,2025,0,16100185000,VACANT LAND /GENERAL COMMON ELEMENTS
not_clear_individual_owner; sale_year_unknown_needs_enrichment,16 POLO CLUB CIR APPRX,,POLO CLUB PLACE HOME OWNERS ASSOCIATION,S-SU-I,111000,,,513300058000,VACANT LAND /GENERAL COMMON ELEMENTS
not_clear_individual_owner; sold_after_2021_not_5_year_hold,709 S DELAWARE ST,,BROADWAY STATION METROPOLITAN DISTRICT NO 1,PUD,240410,2026,0,515517004000,VACANT LAND
not_clear_individual_owner; sale_year_unknown_needs_enrichment,7900 W LAYTON AVE,80123-1301,PROVINCETOWN LANDING RECREATION ASSOCIATION,R-2,57500,,,911300028000,VACANT LAND /GENERAL COMMON ELEMENTS
non_residential_zoning; not_clear_individual_owner; sale_year_unknown_needs_enrichment,5110 W 8TH AVE,,CITY & COUNTY OF DENVER,E-MU-2.5,16200,,,506600033000,VACANT LAND
not_clear_individual_owner,504 N ROSLYN ST,,CITY & COUNTY OF DENVER,R-2-A,15270,2011,10,609202008000,VACANT LAND
non_residential_zoning; not_clear_individual_owner; sold_after_2021_not_5_year_hold,1160 S SANTA FE DR,,1160 S SANTA FE DRIVE LLC,E-CC-3,18711,2024,10,522303034000,VACANT LAND
tier1_confirmed_basic_filters_before_growth_proximity,3145 W ADA PL,80219-3408,"YOUNG,MISUK LAURA",E-SU-D1X,8120,2018,177000,517309009000,VACANT LAND
non_residential_zoning; not_clear_individual_owner,4501 S QUEBEC ST APPRX,,DEPARTMENT OF TRANSPORTATION STATE OF COLORADO,B-8,10805,2001,590500,709200049000,VACANT LAND /GENERAL COMMON ELEMENTS
not_clear_individual_owner; sold_after_2021_not_5_year_hold,9881 E 63RD DR,,PARK CREEK METROPOLITAN DISTRICT,M-RX-5,58617,2023,0,110100297000,VACANT LAND /GENERAL COMMON ELEMENTS
non_residential_zoning; not_clear_individual_owner,1506 W COLFAX AVE,,REGIONAL TRANSPORTATION DISTRICT,I-MX-5,9875,1992,0,504200052000,VACANT LAND /GENERAL COMMON ELEMENTS
non_residential_zoning; not_clear_individual_owner; sold_after_2021_not_5_year_hold,18601 E 50TH PL APPRX,,EBERT METROPOLITAN DISTRICT,C-MU-20,8889,2025,0,15300056000,VACANT LAND /GENERAL COMMON ELEMENTS
not_clear_individual_owner,860 N ULSTER WAY,80230-6824,PARK LANE HOA,R-2-A,19555,2013,0,604300026000,VACANT LAND /GENERAL COMMON ELEMENTS
non_residential_zoning; not_clear_individual_owner; sale_year_unknown_needs_enrichment,1901 S TRENTON ST,,CITY & COUNTY OF DENVER,OS-C,25300,,,628200002000,VACANT LAND
non_residential_zoning; not_clear_individual_owner,2519 W 11TH AVE,80204-3308,CITY & COUNTY OF DENVER,I-A,21100,2009,589500,505409010000,VACANT LAND
not_clear_individual_owner; sold_after_2021_not_5_year_hold,6009 N DAYTON ST APPRX,,CITY & COUNTY OF DENVER,M-RX-5,25822,2026,10,110100016000,VACANT LAND /GENERAL COMMON ELEMENTS
not_clear_individual_owner,822 N ROSLYN ST,,LOWRY COMMUNITY MASTER ASSOCIATION INC,R-2-A,10482,2005,0,604320017000,VACANT LAND /GENERAL COMMON ELEMENTS
non_residential_zoning; not_clear_individual_owner; sold_after_2021_not_5_year_hold,18753 E MAXWELL PL,,EBERT METROPOLITAN DISTRICT,C-MU-20,9634,2025,0,15200191000,VACANT LAND /GENERAL COMMON ELEMENTS
non_residential_zoning; not_clear_individual_owner; sale_year_unknown_needs_enrichment,1901 S KEARNEY ST,,OUTDOOR SPORTS INDUSTRIES INC,I-MX-3,99709,,,629200004000,VACANT LAND
non_residential_zoning; not_clear_individual_owner; sale_year_unknown_needs_enrichment,2500 S COOK ST,80210-6234,CITY & COUNTY OF DENVER,OS-A,7440,,,525420023000,VACANT LAND /GENERAL COMMON ELEMENTS
not_clear_individual_owner,260 N OLIVE ST MISC,,WEST VILLAGE TOWNHOMES AT LOWRY COMMUNITY ASSOCIATION,R-2-A,36382,2004,0,608124015000,VACANT LAND
non_residential_zoning; not_clear_individual_owner,100 W MISSISSIPPI AVE,,UNION PACIFIC RAILROAD COMPANY,I-A,20685,1997,0,522200004000,VACANT LAND
not_clear_individual_owner; sold_after_2021_not_5_year_hold,5872 N GALENA ST APPRX,,CITY & COUNTY OF DENVER,M-RX-5,88185,2026,10,110400014000,VACANT LAND /GENERAL COMMON ELEMENTS
sold_after_2021_not_5_year_hold,1349 S IRVING ST,80219-3914,"REIDY,JEREMIAH JOSEPH",S-SU-D,15600,2023,100000,520208030000,VACANT LAND /GENERAL COMMON ELEMENTS
non_residential_zoning; not_clear_individual_owner; sale_year_unknown_needs_enrichment,400 W ALAMEDA AVE,,BURLINGTON NORTHERN RR CO PROPERTY TAX DEPARTMENT,I-B,130000,,,515300003000,VACANT LAND
not_clear_individual_owner,900 S WABASH ST,,FAIRLAKE METROPOLITAN DISTRICT,PUD,44697,1993,10,616400033000,VACANT LAND /GENERAL COMMON ELEMENTS
not_clear_individual_owner; sold_after_2021_not_5_year_hold,4977 N JEBEL ST,,EBERT METROPOLITAN DISTRICT,R-MU-20,22198,2025,0,14300087000,VACANT LAND /GENERAL COMMON ELEMENTS
non_residential_zoning; not_clear_individual_owner; sale_year_unknown_needs_enrichment,8800 E EASTMAN AVE APPRX,,CITY & COUNTY OF DENVER,OS-A,25800,,,633422025000,VACANT LAND /GENERAL COMMON ELEMENTS
not_clear_individual_owner; sold_after_2021_not_5_year_hold,9600 E 63RD PL,,CITY & COUNTY OF DENVER,M-RX-5,31127,2026,10,110100226000,VACANT LAND /GENERAL COMMON ELEMENTS
not_clear_individual_owner; sale_year_unknown_needs_enrichment,564 N SYRACUSE ST,,LOWRY ECONOMIC REDEVELOPMENT AUTHORITY,R-2-A,14631,,,609203010000,VACANT LAND /GENERAL COMMON ELEMENTS
non_residential_zoning; not_clear_individual_owner; sale_year_unknown_needs_enrichment,3129 S FEDERAL BLVD,80236-2713,SCHOOL DISTRICT NO 1,CMP-EI2,126076,,,532300041000,VACANT LAND
sold_after_2021_not_5_year_hold,995 S LOWELL BLVD,,"AGUILAR,MIKAYLA",E-SU-D1X,9520,2026,128000,518423010000,VACANT LAND
not_clear_individual_owner; sale_year_unknown_needs_enrichment,2113 E ALAMEDA AVE,80209-2710,STRAWBERRY HILL HOMEOWNERS INC,R-1,25300,,,511609011000,VACANT LAND /GENERAL COMMON ELEMENTS
non_residential_zoning; not_clear_individual_owner,1301 N SANTA FE DR,80204-2534,1808 BLAKE LLC,C-MX-8,12000,2018,1650000,504112036000,VACANT LAND
non_residential_zoning; not_clear_individual_owner; sale_year_unknown_needs_enrichment,1200 W RIVER DR,,CITY & COUNTY OF DENVER,I-B,7900,,,504312022000,VACANT LAND /GENERAL COMMON ELEMENTS
not_clear_individual_owner,4435 W KENYON AVE TR-E,,WESTBRIDGE HOMEOWNERS ASSOCIATION INC,R-2-A,70875,2000,10,806102061000,VACANT LAND /GENERAL COMMON ELEMENTS
non_residential_zoning; not_clear_individual_owner; sale_year_unknown_needs_enrichment,8500 E EASTMAN AVE,,CITY & COUNTY OF DENVER,OS-A,28500,,,633420026000,VACANT LAND /GENERAL COMMON ELEMENTS
non_residential_zoning,1150 S MARIPOSA ST,,"CARAVEO,REYNALDO",I-MX-3,21875,2021,0,521105030000,VACANT LAND
not_clear_individual_owner,1011 S VALENTIA ST,80247-6812,LIGHTHOUSE AT THE BREAKERS HOMEOWNERS ASSOCIATION,R-2-A,112991,1994,0,616307066000,VACANT LAND /GENERAL COMMON ELEMENTS
not_clear_individual_owner,5100 E VASSAR AVE,,5100 E VASSAR LLC,S-SU-F,10600,2021,275000,630401044000,VACANT LAND
non_residential_zoning,1140 S NAVAJO ST,,"MASSARO,JOHN",G-MU-5,8125,2013,14800,521106034000,VACANT LAND
not_clear_individual_owner; sale_year_unknown_needs_enrichment,950 S OSCEOLA ST,,PUBLIC SERVICE CO,E-SU-D1X,19000,,,518420008000,VACANT LAND
non_residential_zoning; not_clear_individual_owner; sold_after_2021_not_5_year_hold,2734 W 9TH AVE,80204-3731,CITY & COUNTY OF DENVER,I-A,13694,2023,0,505421030000,VACANT LAND
non_residential_zoning; not_clear_individual_owner; sale_year_unknown_needs_enrichment,8100 E QUINCY AVE,,CITY & COUNTY OF DENVER,OS-A,202554,,,709100072000,VACANT LAND /GENERAL COMMON ELEMENTS
not_clear_individual_owner,18600 E 63RD AVE MISC,,DENVER GATEWAY CENTER METROPOLITAN DISTRICT,GTWY,47341,2012,0,10200148000,VACANT LAND /GENERAL COMMON ELEMENTS
non_residential_zoning; not_clear_individual_owner; sale_year_unknown_needs_enrichment,969 N BRYANT ST,80204-3321,DENVER HOUSING LLC,C-RX-8,45854,,,505429002000,VACANT LAND
non_residential_zoning; not_clear_individual_owner; sold_after_2021_not_5_year_hold,1752 STOUT ST,,MPO 707 OWNER LLC,D-C,13338,2025,28675000,234516009000,VACANT LAND
not_clear_individual_owner; sale_year_unknown_needs_enrichment,26100 E 88TH AVE APPRX,,CITY & COUNTY OF DENVER,DIA,871212,,,1231100012000,VACANT LAND
tier1_confirmed_basic_filters_before_growth_proximity,460 S HOLLY ST,,"BOREN,JOHN C",E-SU-DX,12500,1998,95000,617209027000,VACANT LAND
not_clear_individual_owner; sold_after_2021_not_5_year_hold,9604 E 60TH PL APPRX,,CITY & COUNTY OF DENVER,M-RX-5,31656,2026,10,110100017000,VACANT LAND /GENERAL COMMON ELEMENTS
non_residential_zoning; not_clear_individual_owner,3300 E COLFAX AVE,80206-1714,3310 EAST COLFAX LLC,U-MS-5,14265,2019,1,501109001000,VACANT LAND
not_clear_individual_owner; sale_year_unknown_needs_enrichment,8500 PENA BLVD,80249-6205,CITY & COUNTY OF DENVER,DIA,1277421,,,21300007000,VACANT LAND
not_clear_individual_owner,2930 S IRVING ST,80236-2711,THB LORETTO LAND LLC,PUD-G 25,105385,2021,14480000,532224001000,VACANT LAND
non_residential_zoning; not_clear_individual_owner; sale_year_unknown_needs_enrichment,5601 E MINNESOTA DR,,CITY & COUNTY OF DENVER,OS-C,85399,,,620200003000,VACANT LAND /GENERAL COMMON ELEMENTS
not_clear_individual_owner,15 S ONEIDA ST,,BOULEVARD ONE COMMUNITY ASSOCIATION INC,G-RH-3,14696,2015,10,608400066000,VACANT LAND /GENERAL COMMON ELEMENTS
non_residential_zoning; not_clear_individual_owner,7309 E 5TH AVE,,CITY & COUNTY OF DENVER,B-3,104331,2011,10,609202009000,VACANT LAND
non_residential_zoning; not_clear_individual_owner; sold_after_2021_not_5_year_hold,3565 S TAMARAC DR,,TMC DENVER II LLC,S-MX-3A,21236,2022,0,704200042000,VACANT LAND
non_residential_zoning; not_clear_individual_owner,4545 S MONACO ST,80237-3459,THE VILLAS AT CHERRY HILLS HOMEOWNERS ASSOCIATION INC,B-4,212806,2014,0,708102091000,VACANT LAND /GENERAL COMMON ELEMENTS
non_residential_zoning; not_clear_individual_owner; sale_year_unknown_needs_enrichment,196 W HOYE PL APPRX,,BROADWAY STATION METROPOLITAN DIST NO 1,I-B,10622,,,515500107000,VACANT LAND /GENERAL COMMON ELEMENTS
tier1_confirmed_basic_filters_before_growth_proximity,9109 E MISSISSIPPI AVE,80247-6818,"KOELBEL,WALTER A JR",PUD,7055,2010,0,615300037000,VACANT LAND /GENERAL COMMON ELEMENTS
non_residential_zoning; not_clear_individual_owner; sold_after_2021_not_5_year_hold,20555 E 55TH PL MISC,,EBERT METROPOLITAN DISTRICT,C-MU-20,14373,2025,0,14100041000,VACANT LAND /GENERAL COMMON ELEMENTS
non_residential_zoning; not_clear_individual_owner; sold_after_2021_not_5_year_hold,18297 E 51ST PL,,EBERT METROPOLITAN DISTRICT,C-MU-20,118966,2025,0,16100183000,VACANT LAND /GENERAL COMMON ELEMENTS
non_residential_zoning; not_clear_individual_owner; sold_after_2021_not_5_year_hold,4975 LEETSDALE DR,80246-8114,ROSE-JCC HOLDINGS LLC,S-MX-3A,18400,2022,950000,618100018000,VACANT LAND
not_clear_individual_owner; sale_year_unknown_needs_enrichment,26100 E 88TH AVE APPRX,,CITY & COUNTY OF DENVER,DIA,6904918,,,1202100001000,VACANT LAND
non_residential_zoning; not_clear_individual_owner,801 N PECOS ST,,COLORADO HIGH PERFORMANCE TRANSPORTATION ENTERPRISE,I-B,796000,1998,0,504300020000,VACANT LAND
not_clear_individual_owner; sold_after_2021_not_5_year_hold,4596 S KIPLING CIR,,KIPLING WEST HOMEOWNERS ASSOCIATION INC,S-RH-2.5,21634,2024,0,910200009000,VACANT LAND /GENERAL COMMON ELEMENTS
non_residential_zoning; not_clear_individual_owner; sold_after_2021_not_5_year_hold,1546 CALIFORNIA ST,80202-4215,EPHRAIM LLC,D-C,28205,2024,10,234529053000,VACANT LAND
non_residential_zoning; not_clear_individual_owner; sold_after_2021_not_5_year_hold,4805 N GIBRALTAR ST,,EBERT METROPOLITAN DISTRICT,C-MU-20,7440,2025,0,15411009000,VACANT LAND /GENERAL COMMON ELEMENTS
non_residential_zoning; not_clear_individual_owner; sale_year_unknown_needs_enrichment,1506 W COLFAX AVE,,REGIONAL TRANSPORTATION DISTRICT,I-MX-5,52207,,,504200051000,VACANT LAND
non_residential_zoning; sale_year_unknown_needs_enrichment,10601 E 40TH AVE,,UNION PACIFIC RR CO,I-B,52700,,,123300029000,VACANT LAND
non_residential_zoning; not_clear_individual_owner; sale_year_unknown_needs_enrichment,7901 E EXPOSITION AVE,,BOARD OF WATER COMMISSIONERS CITY & COUNTY OF DENVER,OS-C,53000,,,616200003000,VACANT LAND
non_residential_zoning; not_clear_individual_owner,7698 E JEWELL AVE,,CITY & COUNTY OF DENVER,OS-C,822953,2019,0,628200022000,VACANT LAND
not_clear_individual_owner,6500 W MANSFIELD AVE #L,,FAIRWAYS AT PINEHURST HOMEOWNERS ASSOCIATION,R-2,8252,1994,10,901417072000,VACANT LAND /GENERAL COMMON ELEMENTS
not_clear_individual_owner; sold_after_2021_not_5_year_hold,3070 S BRYANT ST,80236-2833,CHATEAU BOUDREAUX LLC,S-SU-F1,7220,2026,1033000,532112081000,VACANT LAND
not_clear_individual_owner,18 E FAIRMOUNT DR,,PARKSQUARE AT LOWRY HOMEOWNERS ASSOCIATION INC,R-2-A,33811,1999,10,609304073000,VACANT LAND
non_residential_zoning; not_clear_individual_owner,601 S BANNOCK ST,,UNION PACIFIC RAILROAD COMPANY,I-B,71200,1997,0,515200009000,VACANT LAND
non_residential_zoning; not_clear_individual_owner; sale_year_unknown_needs_enrichment,1200 N TEJON ST,,BURLINGTON NORTHERN RR CO PROPERTY TAX DEPARTMENT,I-MX-5,116334,,,504205033000,VACANT LAND
non_residential_zoning; not_clear_individual_owner,8301 E EXPOSITION AVE,,FAIRLAKE METROPOLITAN DISTRICT,OS-B,16133,1994,0,616100045000,VACANT LAND
non_residential_zoning; not_clear_individual_owner; sale_year_unknown_needs_enrichment,1975 S COLORADO BLVD,80222-7902,COLORADO MT 2ND LEVEL LLC,C-MX-8,116503,,,525101016000,VACANT LAND
non_residential_zoning; not_clear_individual_owner; sale_year_unknown_needs_enrichment,7900 E TUFTS AVE APPRX,,GOLDSMITH METROPOLITAN DISTRICT,B-8,43562,,,709200034000,VACANT LAND /GENERAL COMMON ELEMENTS
not_clear_individual_owner,26100 E 88TH AVE APPRX,,CITY & COUNTY OF DENVER,DIA,1750637,1992,320000,1134100193000,VACANT LAND
not_clear_individual_owner,26100 E 88TH AVE APPRX,,CITY & COUNTY OF DENVER,DIA,3466945,1992,120000,1212100028000,VACANT LAND
non_residential_zoning; sale_year_unknown_needs_enrichment,1201 N WOLFF ST,,"ST CLAIRE,WILLIAM M",OS-A,7310,,,506200116000,VACANT LAND /GENERAL COMMON ELEMENTS
non_residential_zoning; not_clear_individual_owner,848 N DECATUR ST,,ABARCA FOUR LLC,I-A,17500,2019,0,505424021000,VACANT LAND
non_residential_zoning; not_clear_individual_owner; sold_after_2021_not_5_year_hold,12151 E 46TH AVE,80239-4806,PEORIA HM LLC,B-4,47799,2024,73500000,124202008000,VACANT LAND /GENERAL COMMON ELEMENTS
non_residential_zoning; not_clear_individual_owner,4665 N GENEVA ST MISC,,CITY & COUNTY OF DENVER,C-MU-30,91911,2015,10,115407004000,VACANT LAND /GENERAL COMMON ELEMENTS
not_clear_individual_owner,8393 E 29TH AVE,80238-2669,PARK CREEK METROPOLITAN DISTRICT,R-MU-30,9100,2003,10,128415003000,VACANT LAND /GENERAL COMMON ELEMENTS
not_clear_individual_owner; sale_year_unknown_needs_enrichment,3099 W TENNESSEE AVE,,PUBLIC SERVICE CO,S-SU-D,43300,,,517300067000,VACANT LAND
non_residential_zoning; not_clear_individual_owner; sale_year_unknown_needs_enrichment,1302 S BELLAIRE ST,80222-3406,KRF ARKANSAS LLC,S-MX-8,27234,,,619225034000,VACANT LAND /GENERAL COMMON ELEMENTS
not_clear_individual_owner; sold_after_2021_not_5_year_hold,5637 N GALENA ST,,CITY & COUNTY OF DENVER,M-RH-3,37583,2026,10,110400067000,VACANT LAND /GENERAL COMMON ELEMENTS
non_residential_zoning; sold_after_2021_not_5_year_hold,5340 N ADAMS ST,80216-2333,"MCGUIRE,AIDAN",I-A,8470,2026,4200000,213105023000,VACANT LAND
non_residential_zoning; not_clear_individual_owner; sold_after_2021_not_5_year_hold,6105 N DUNKIRK ST,,CANVAS DENVER GATEWAY OWNER LLC,C-MU-30,32926,2022,25824300,10200226000,VACANT LAND /GENERAL COMMON ELEMENTS
not_clear_individual_owner,1571 S KRAMERIA ST,80224-1979,LINDEN LEA HOMEOWNERS ASSN,S-SU-A,28900,1978,0,620305049000,VACANT LAND /GENERAL COMMON ELEMENTS
not_clear_individual_owner; sold_after_2021_not_5_year_hold,5981 N DAYTON ST APPRX,,CITY & COUNTY OF DENVER,M-RX-5,19029,2026,10,110100015000,VACANT LAND /GENERAL COMMON ELEMENTS
non_residential_zoning; not_clear_individual_owner; sale_year_unknown_needs_enrichment,6699 LEETSDALE DR,80224-1520,COBBLESTONE DENVER PROPCO LLC,S-MX-3A,36979,,,617407114000,VACANT LAND
not_clear_individual_owner,7391 E LOWRY BLVD,,PARK SQUARE AT LOWRY HOMEOWNERS ASSOCIATION INC,R-2-A,33210,1999,10,609301027000,VACANT LAND /GENERAL COMMON ELEMENTS
not_clear_individual_owner,9001 E MISSISSIPPI AVE,,FAIRLAKE METROPOLITAN DISTRICT,PUD,38402,1994,10,616400047000,VACANT LAND /GENERAL COMMON ELEMENTS
non_residential_zoning; not_clear_individual_owner; sale_year_unknown_needs_enrichment,700 N PENNSYLVANIA ST,80203-3629,CITY & COUNTY OF DENVER,OS-A,72300,,,503916017000,VACANT LAND
not_clear_individual_owner; sale_year_unknown_needs_enrichment,7779 N HARRY B COMBS PKWY,,CITY & COUNTY OF DENVER,DIA,36531,,,1233100096000,VACANT LAND
not_clear_individual_owner,1800 N GILPIN ST,,COLUMBIA-HEALTHONE INC,R-4,12500,1995,2295000,235508004000,VACANT LAND
non_residential_zoning; not_clear_individual_owner; sale_year_unknown_needs_enrichment,1007 S ACOMA ST,,DENVER BROADWAY STATION LTD,C-MS-12,60010,,,515510001000,VACANT LAND
not_clear_individual_owner; sold_after_2021_not_5_year_hold,6108 N DALLAS ST APPRX,,CITY & COUNTY OF DENVER,M-RX-5,153137,2026,10,110100024000,VACANT LAND /GENERAL COMMON ELEMENTS
not_clear_individual_owner; sale_year_unknown_needs_enrichment,27280 E 75TH AVE,80249-6375,CITY & COUNTY OF DENVER,DIA,424086,,,1233100089000,VACANT LAND
non_residential_zoning; not_clear_individual_owner; sold_after_2021_not_5_year_hold,5607 N DALLAS ST,,CITY & COUNTY OF DENVER,OS-B,643462,2026,10,110300128000,VACANT LAND /GENERAL COMMON ELEMENTS
non_residential_zoning; not_clear_individual_owner; sale_year_unknown_needs_enrichment,100 W MISSISSIPPI AVE,,ATCHISON TOPEKA & SANTA FE RR CO,I-A,11520,,,522200005000,VACANT LAND
non_residential_zoning; not_clear_individual_owner,2797 W 13TH AVE,,GREENHAUS OWNERS ASSOCIATION,C-MX-8,72000,2020,10,505107053000,VACANT LAND
not_clear_individual_owner; sold_after_2021_not_5_year_hold,19464 E 54TH PL,,EBERT METROPOLITAN DISTRICT,R-MU-20,36426,2025,0,14300052000,VACANT LAND /GENERAL COMMON ELEMENTS
non_residential_zoning; not_clear_individual_owner,401 E 17TH AVE,80203-1213,ORLIN HOLDINGS LLC,C-MS-8,13390,2016,0,234916025000,VACANT LAND
non_residential_zoning; not_clear_individual_owner,2490 S PECOS ST,80223-4216,C&S HOLDINGS LLC,I-B,56510,2007,0,528400017000,VACANT LAND
not_clear_individual_owner; sold_after_2021_not_5_year_hold,4652 S NEWPORT WAY,,MADRE INVESTMENT CO,T-MU-30,72008,2022,0,708411017000,VACANT LAND
non_residential_zoning; not_clear_individual_owner,7772 E 4TH AVE,,STEAM PLANT LOFTS AND PATIO HOMEOWNERS ASSOCIATION,B-3,21496,2006,0,609209012000,VACANT LAND /GENERAL COMMON ELEMENTS
non_residential_zoning; not_clear_individual_owner; sale_year_unknown_needs_enrichment,3801 S TAMARAC DR APPRX,,CITY & COUNTY OF DENVER,OS-A,133000,,,704300031000,VACANT LAND /GENERAL COMMON ELEMENTS
not_clear_individual_owner; sold_after_2021_not_5_year_hold,1620 N SHERIDAN BLVD,80214-3046,SLOAN'S LAKE MGH HOLDINGS LLC,U-RH-3A,8070,2026,10,231319013000,VACANT LAND
non_residential_zoning; not_clear_individual_owner; sold_after_2021_not_5_year_hold,5944 N CHESTER WAY,,CITY & COUNTY OF DENVER,OS-B,25712,2026,10,110300126000,VACANT LAND /GENERAL COMMON ELEMENTS
non_residential_zoning; not_clear_individual_owner; sold_after_2021_not_5_year_hold,811 S DELAWARE WAY APPRX,80223,DENVER REAL ESTATE VENTURES LLC,C-MX-16,31452,2026,10,515500152000,VACANT LAND
non_residential_zoning; not_clear_individual_owner; sale_year_unknown_needs_enrichment,1500 N LAFAYETTE ST,,CITY & COUNTY OF DENVER,OS-A,7470,,,235429001000,VACANT LAND /GENERAL COMMON ELEMENTS
non_residential_zoning; not_clear_individual_owner; sold_after_2021_not_5_year_hold,17903 E 54TH AVE,,CLAYTON PROPERTIES GROUP INCOAKWOOD HOMES,C-MU-30,315892,2023,0,16100163000,VACANT LAND /GENERAL COMMON ELEMENTS
non_residential_zoning; not_clear_individual_owner; sold_after_2021_not_5_year_hold,5099 N YAMPA ST,80203-1776,EBERT METROPOLITAN DISTRICT,C-MU-20,81325,2025,0,16100206000,VACANT LAND /GENERAL COMMON ELEMENTS
non_residential_zoning; not_clear_individual_owner; sold_after_2021_not_5_year_hold,5530 N JERICHO ST MISC,,EBERT METROPOLITAN DISTRICT,C-MU-20,21316,2025,0,14100040000,VACANT LAND /GENERAL COMMON ELEMENTS
not_clear_individual_owner,5200 W BERRY AVE APPRX,,BOARD OF WATER COMMISSIONERS CITY & COUNTY OF DENVER,R-1,34650,1994,10,913200002000,VACANT LAND /GENERAL COMMON ELEMENTS
non_residential_zoning; not_clear_individual_owner,190 N SAINT PAUL ST,80206-5107,2ND STEELE LLC,C-CCN-5,12500,2021,18750000,512232001000,VACANT LAND
not_clear_individual_owner,26100 E 88TH AVE APPRX,,CITY & COUNTY OF DENVER,DIA,658109,1995,1,1216100002000,VACANT LAND
non_residential_zoning; not_clear_individual_owner; sold_after_2021_not_5_year_hold,101 S BROADWAY,80209-1507,101 S BROADWAY LLC,U-MS-3,9983,2022,1300000,510321041000,VACANT LAND
not_clear_individual_owner; sale_year_unknown_needs_enrichment,26100 E 88TH AVE APPRX,,CITY & COUNTY OF DENVER,DIA,38939,,,1232100110000,VACANT LAND
not_clear_individual_owner; sale_year_unknown_needs_enrichment,26100 E 88TH AVE APPRX,,CITY & COUNTY OF DENVER,DIA,1032507,,,1224100059000,VACANT LAND
not_clear_individual_owner; sold_after_2021_not_5_year_hold,10293 E 60TH AVE APPRX,,CITY & COUNTY OF DENVER,M-RX-5,28620,2026,10,110100022000,VACANT LAND /GENERAL COMMON ELEMENTS
non_residential_zoning; not_clear_individual_owner; sold_after_2021_not_5_year_hold,2040 S ONEIDA ST,80224-2427,2015 S PONTIAC WAY LLC,S-MX-3A,19200,2026,3300000,629100087000,VACANT LAND
non_residential_zoning; not_clear_individual_owner,1601 W ARCHER PL VCNT,,RARITAN/ARCHER PROPERTIES LLC,I-B,30442,2003,10,509504022000,VACANT LAND
non_residential_zoning; not_clear_individual_owner; sale_year_unknown_needs_enrichment,600 S ULSTER ST,,BOARD OF WATER COMMISSIONERS CITY & COUNTY OF DENVER,OS-C,180000,,,616100003000,VACANT LAND
non_residential_zoning; not_clear_individual_owner; sale_year_unknown_needs_enrichment,2900 W IOWA AVE,80219-4752,CITY & COUNTY OF DENVER,OS-A,9571,,,520403043000,VACANT LAND /GENERAL COMMON ELEMENTS
non_residential_zoning; not_clear_individual_owner; sold_after_2021_not_5_year_hold,2424 E 40TH AVE,80205-3522,CITY & COUNTY OF DENVER,I-B,35890,2023,0,224300118000,VACANT LAND /GENERAL COMMON ELEMENTS
non_residential_zoning; not_clear_individual_owner; sale_year_unknown_needs_enrichment,7300 E 1ST AVE,,CITY OF AURORA,O-1,145117,,,610200041000,VACANT LAND /GENERAL COMMON ELEMENTS
non_residential_zoning; not_clear_individual_owner; sale_year_unknown_needs_enrichment,10100 E 47TH AVE MISC,,CITY & COUNTY OF DENVER,C-MU-30,81583,,,122100016000,VACANT LAND /GENERAL COMMON ELEMENTS
sale_year_unknown_needs_enrichment,8101 E DARTMOUTH AVE,,GUN CLUB GREEN,R-1,280000,,,633222052000,VACANT LAND /GENERAL COMMON ELEMENTS
non_residential_zoning; not_clear_individual_owner,565 N GOLFERS WAY,80230,LOWRY COMMUNITY MASTER ASSOCIATION,S-MU-3,35596,2011,10,610200016000,VACANT LAND /GENERAL COMMON ELEMENTS
non_residential_zoning; not_clear_individual_owner,3700 W HAMPDEN AVE,,TRANS AM DENVER LTD,OS-B,7264,1996,10,531500011000,VACANT LAND /GENERAL COMMON ELEMENTS
non_residential_zoning; not_clear_individual_owner; sold_after_2021_not_5_year_hold,2200 W 8TH AVE,80204-3807,900 VALLEJO INVESTMENT LLC,I-A,16794,2024,675000,509206012000,VACANT LAND
non_residential_zoning; not_clear_individual_owner; sale_year_unknown_needs_enrichment,455 S CHEROKEE ST,,REGIONAL TRANSPORTATION DISTRICT,C-MX-16,37439,,,515304008000,VACANT LAND
not_clear_individual_owner,26100 E 88TH AVE APPRX,,CITY & COUNTY OF DENVER,DIA,2240256,1995,676500,1407200003000,VACANT LAND
non_residential_zoning; not_clear_individual_owner,600 N ZUNI ST,,CITY & COUNTY OF DENVER,OS-C,15100,1992,0,508108001000,VACANT LAND
non_residential_zoning; not_clear_individual_owner; sold_after_2021_not_5_year_hold,5095 N TOWER RD,80203-1776,CITY & COUNTY OF DENVER,C-MU-20,37637,2023,10,16100130000,VACANT LAND /GENERAL COMMON ELEMENTS
not_clear_individual_owner; sold_after_2021_not_5_year_hold,19 POLO CLUB DR,80209-3309,19 POLO CLUB DRIVE LLC,S-SU-I,22041,2024,3650000,513300072000,VACANT LAND
sold_after_2021_not_5_year_hold,490 N MADISON ST,80206-4439,"RASO,SOLLIE A",G-RH-3,9380,2025,3300000,512105040000,VACANT LAND
not_clear_individual_owner; sold_after_2021_not_5_year_hold,10374 E 59TH AVE,,CITY & COUNTY OF DENVER,M-RX-5,29137,2026,10,110400019000,VACANT LAND /GENERAL COMMON ELEMENTS
not_clear_individual_owner; sold_after_2021_not_5_year_hold,6752 E LAYTON AV,,MADRE INVESTMENT CO,T-MU-30,66786,2022,0,708405004000,VACANT LAND
not_clear_individual_owner,26100 E 88TH AVE APPRX,,CITY & COUNTY OF DENVER,DIA,3477199,1992,0,1212100030000,VACANT LAND
not_clear_individual_owner; sold_after_2021_not_5_year_hold,5976 N FULTON ST APPRX,,CITY & COUNTY OF DENVER,M-RX-5,20700,2026,10,110100013000,VACANT LAND /GENERAL COMMON ELEMENTS
not_clear_individual_owner; sold_after_2021_not_5_year_hold,4958 N FLANDERS WAY,,EBERT METROPOLITAN DISTRICT,R-MU-20,27790,2025,0,15300053000,VACANT LAND /GENERAL COMMON ELEMENTS
non_residential_zoning; not_clear_individual_owner,7401 E HAMPDEN AVE APPRX,,M & H CAPITAL INVESTMENTS LLC,S-MX-5A,7945,2020,3680000,633300110000,VACANT LAND /GENERAL COMMON ELEMENTS
non_residential_zoning; not_clear_individual_owner; sale_year_unknown_needs_enrichment,598 N ZUNI ST,,BURLINGTON NORTHERN RR CO PROPERTY TAX DEPARTMENT,I-A,18000,,,508109004000,VACANT LAND
not_clear_individual_owner,26100 E 88TH AVE APPRX,,CITY & COUNTY OF DENVER,DIA,3322326,1989,0,1217100003000,VACANT LAND
not_clear_individual_owner,5533 S HARLAN ST,,BOWLES METROPOLITAN DISTRICT,R-2,76649,1998,10,913104035000,VACANT LAND /GENERAL COMMON ELEMENTS
not_clear_individual_owner; sale_year_unknown_needs_enrichment,2499 W TENNESSEE AVE,80219-3502,PUBLIC SERVICE CO,E-SU-D1,14500,,,517424009000,VACANT LAND
non_residential_zoning; not_clear_individual_owner; sold_after_2021_not_5_year_hold,2382 N XANTHIA WAY,,STAPLETON COACH HOUSE OWNERS ASSOCIATION NOS 5 & 6 INC,C-MU-20,14535,2026,500,133109037000,VACANT LAND /GENERAL COMMON ELEMENTS
not_clear_individual_owner,7804 E ARCHER PL,,LOWRY VILLAGE I ASSOCIATION INC,R-2-A,7508,1999,10,609307024000,VACANT LAND /GENERAL COMMON ELEMENTS
not_clear_individual_owner; sold_after_2021_not_5_year_hold,4954 N GENOA ST,,EBERT METROPOLITAN DISTRICT,R-MU-20,13116,2025,0,15405013000,VACANT LAND /GENERAL COMMON ELEMENTS
not_clear_individual_owner; sold_after_2021_not_5_year_hold,6178 N DALLAS WAY,,CITY & COUNTY OF DENVER,M-RX-5,40803,2026,10,110100238000,VACANT LAND /GENERAL COMMON ELEMENTS
non_residential_zoning; not_clear_individual_owner,2061 S ONEIDA ST,,ONEIDA PROPERTY LLC,S-MX-3A,44791,2019,2915000,629105048000,VACANT LAND
not_clear_individual_owner,2001 N HIGH ST,80205-5555,COLUMBIA-HEALTHONE LLC,H-1-A,70530,1995,192165000,235500018000,VACANT LAND
non_residential_zoning; not_clear_individual_owner; sale_year_unknown_needs_enrichment,520 W EVANS AVE,,STATE OF COLORADO DEPARTMENT OF TRANSPORTATION,E-MX-2X,7500,,,527310026000,VACANT LAND /GENERAL COMMON ELEMENTS
not_clear_individual_owner; sold_after_2021_not_5_year_hold,5651 N DAYTON ST APPRX,,CITY & COUNTY OF DENVER,M-RX-5,26613,2026,10,110400009000,VACANT LAND /GENERAL COMMON ELEMENTS
not_clear_individual_owner; sold_after_2021_not_5_year_hold,6002 N EMPORIA ST APPRX,,CITY & COUNTY OF DENVER,M-RX-5,45590,2026,10,110100018000,VACANT LAND /GENERAL COMMON ELEMENTS
non_residential_zoning; not_clear_individual_owner; sold_after_2021_not_5_year_hold,4145 E 8TH AVE,,CITY & COUNTY OF DENVER,C-MU-10,41100,2024,10,606300055000,VACANT LAND /GENERAL COMMON ELEMENTS
not_clear_individual_owner; sold_after_2021_not_5_year_hold,6101 N ELMIRA CT,,CITY & COUNTY OF DENVER,M-RX-5,51779,2026,10,110100240000,VACANT LAND /GENERAL COMMON ELEMENTS
non_residential_zoning; not_clear_individual_owner; sold_after_2021_not_5_year_hold,1234 S SANTA FE DR,80223-3215,MADGAVASH LLC,E-CC-3,11000,2024,10,522305035000,VACANT LAND
not_clear_individual_owner,4273 W KENYON AVE TR-A,,WESTBRIDGE HOMEOWNERS ASSOCIATION INC,R-2-A,64345,2000,10,806102057000,VACANT LAND /GENERAL COMMON ELEMENTS
not_clear_individual_owner; sale_year_unknown_needs_enrichment,2649 W TENNESSEE AVE,80219-3504,PUBLIC SERVICE CO,E-SU-D1,19900,,,517422008000,VACANT LAND
non_residential_zoning; not_clear_individual_owner,8275 E 40TH AVE,,QUALITY LININGS PROPERTIES LLC,I-B,44111,2006,10,121400122000,VACANT LAND
non_residential_zoning; not_clear_individual_owner,806 N FEDERAL BLVD,80204-3213,CITY & COUNTY OF DENVER,E-MX-3,13221,2016,2027000,505423053000,VACANT LAND /GENERAL COMMON ELEMENTS
non_residential_zoning; not_clear_individual_owner,1199 N BANNOCK ST,80204-3628,12TH & BANNOCK LLC,D-GT,15000,2019,5568750,503323047000,VACANT LAND
non_residential_zoning; not_clear_individual_owner,4307 E ILIFF AVE,,CITY & COUNTY OF DENVER,OS-A,12200,2019,5100000,630212001000,VACANT LAND
not_clear_individual_owner; sale_year_unknown_needs_enrichment,1101 S OSAGE ST,,PUBLIC SERVICE CO,E-RH-2.5,36250,,,521108014000,VACANT LAND
non_residential_zoning; not_clear_individual_owner,2040 S COLORADO BLVD,80222-7905,KANALOA ENTERPRISES LLLP,C-MX-20,54545,2000,1700000,630218019000,VACANT LAND
non_residential_zoning; not_clear_individual_owner,4800 N COLUMBINE ST,,UNION PACIFIC RAILROAD COMPANY,I-B,104141,1997,0,213300041000,VACANT LAND
non_residential_zoning; not_clear_individual_owner; sale_year_unknown_needs_enrichment,701 N NAVAJO ST,,REGIONAL TRANSPORTATION DISTRICT,I-B,132675,,,504407011000,VACANT LAND
not_clear_individual_owner; sold_after_2021_not_5_year_hold,1937 S VALLEJO ST,,DISENO LLC,S-SU-F1,17700,2022,235000,528204025000,VACANT LAND
non_residential_zoning; not_clear_individual_owner,1919 N OGDEN ST,80218-1021,SISTERS OF CHARITY OF LEAVENWORTH HEALTH SYSTEM INC,CMP-H,107235,2009,10000000,235311042000,VACANT LAND
non_residential_zoning; not_clear_individual_owner; sale_year_unknown_needs_enrichment,4700 W BINGHAM PL APPRX,,CITY & COUNTY OF DENVER,OS-A,16300,,,518211001000,VACANT LAND
not_clear_individual_owner; sold_after_2021_not_5_year_hold,9655 E 63RD PL,,CITY & COUNTY OF DENVER,M-RX-5,25714,2026,10,110100227000,VACANT LAND /GENERAL COMMON ELEMENTS
non_residential_zoning; not_clear_individual_owner,295 W MISSISSIPPI AVE,,BROADWAY STATION METROPOLITAN DISTRICT NO 1,C-MX-16,11246,2019,0,515500111000,VACANT LAND /GENERAL COMMON ELEMENTS
non_residential_zoning; not_clear_individual_owner,1301 N PECOS ST,,REGIONAL TRANSPORTATION DISTRICT,I-MX-5,22500,2011,0,504206012000,VACANT LAND
not_clear_individual_owner; sale_year_unknown_needs_enrichment,800 S SHERIDAN BLVD,80226-8017,CITY & COUNTY OF DENVER DEPARTMENT OF PUBLIC WORKS,E-TU-C,18100,,,518300101000,VACANT LAND /GENERAL COMMON ELEMENTS
not_clear_individual_owner; sale_year_unknown_needs_enrichment,6900 E FLORIDA AVE,,SCHOOL DISTRICT NO 1,S-SU-D,52300,,,620400015000,VACANT LAND
non_residential_zoning; not_clear_individual_owner; sale_year_unknown_needs_enrichment,5099 S SYRACUSE ST,,GOLDSMITH METROPOLITAN DISTRICT,B-8,9720,,,709300088000,VACANT LAND /GENERAL COMMON ELEMENTS
tier1_confirmed_basic_filters_before_growth_proximity,1660 S DECATUR ST,,"LAM,VINCENT Q",E-SU-DX,7436,2018,57000,520430208000,VACANT LAND
non_residential_zoning; not_clear_individual_owner; sold_after_2021_not_5_year_hold,17895 E 56TH AVE,,IMKD 8 LLC,C-MU-30,161705,2025,29616600,9133001000,VACANT LAND
not_clear_individual_owner; sold_after_2021_not_5_year_hold,9551 E 5TH AVE,,LOWRY EASTPARK COTTAGES ASSOCIATION,R-2-A,22713,2023,0,610200023000,VACANT LAND /GENERAL COMMON ELEMENTS
non_residential_zoning; not_clear_individual_owner; sold_after_2021_not_5_year_hold,8706 E 56TH AVE,80202-5329,CITY & COUNTY OF DENVER,OS-B,169373,2026,500,116100119000,VACANT LAND /GENERAL COMMON ELEMENTS
non_residential_zoning; not_clear_individual_owner,203 N VALLEJO ST,,203 VALLEJO STREET LLC,I-A,9000,2011,0,509307002000,VACANT LAND
non_residential_zoning; not_clear_individual_owner; sold_after_2021_not_5_year_hold,919 W ALAMEDA AVE,80223-2101,OM ALAMEDA REALTY LLC,I-A,28806,2022,925000,509600071000,VACANT LAND
non_residential_zoning; not_clear_individual_owner; sale_year_unknown_needs_enrichment,2001 S MONACO STREET PKWY,,PUBLIC SERVICE CO,I-MX-3,17700,,,629200062000,VACANT LAND /GENERAL COMMON ELEMENTS
non_residential_zoning; not_clear_individual_owner; sale_year_unknown_needs_enrichment,1948 S NAVAJO ST MISC,,PUBLIC SERVICE CO,I-MX-3,46340,,,528101019000,VACANT LAND
non_residential_zoning; not_clear_individual_owner,680 N SEMINOLE RD,,COLORADO HIGH PERFORMANCE TRANSPORTATION ENTERPRISE,I-B,104504,2021,50000000,504427002000,VACANT LAND
non_residential_zoning; not_clear_individual_owner; sold_after_2021_not_5_year_hold,19212 E 62ND AVE,,CANVAS DENVER GATEWAY OWNER LLC,C-MU-30,32926,2022,25824300,10200222000,VACANT LAND /GENERAL COMMON ELEMENTS
non_residential_zoning; not_clear_individual_owner,2100 S COLORADO BLVD,80222-4912,Z PORTFOLIO LLC,C-MX-12,11600,2015,0,630216012000,VACANT LAND
not_clear_individual_owner; sale_year_unknown_needs_enrichment,400 N XAVIER ST,80204-4644,CITY & COUNTY OF DENVER,E-SU-D1X,9060,,,507232009000,VACANT LAND /GENERAL COMMON ELEMENTS
non_residential_zoning; not_clear_individual_owner,4100 E MEXICO AVE STE F,80222-4100,TOWNE INDUSTRIAL PARK INC,S-MX-5A,19255,2001,1542000,619300185000,VACANT LAND
non_residential_zoning; not_clear_individual_owner,1100 S BANNOCK ST,80223-3226,UNION PACIFIC RAILROAD COMPANY,I-A,256000,1997,0,522300001000,VACANT LAND
not_clear_individual_owner; sold_after_2021_not_5_year_hold,6711 E LAYTON AVE,,BELLEVIEW STATION METROPOLITAN DISTRICT NO 1,T-MU-30,21595,2025,2267500,708404006000,VACANT LAND /GENERAL COMMON ELEMENTS
non_residential_zoning; not_clear_individual_owner,8175 E LOWRY BLVD,,HOSPICE OF METRO DENVER INC,C-MX-3,88721,2008,872648,609100109000,VACANT LAND
non_residential_zoning; not_clear_individual_owner; sale_year_unknown_needs_enrichment,3100 S SHERIDAN BLVD,80227-5541,STATE OF COLORADO DEPARTMENT OF TRANSPORTATION,OS-B,217000,,,531300015000,VACANT LAND /GENERAL COMMON ELEMENTS
not_clear_individual_owner; sold_after_2021_not_5_year_hold,3098 S MAY STANTON WAY,80236-2711,LORETTO HEIGHTS METROPOLITAN DISTRICT NO 1,PUD-G 25,67720,2022,0,532200045000,VACANT LAND /GENERAL COMMON ELEMENTS
non_residential_zoning; not_clear_individual_owner,1080 N AMES ST,,ULC CLT LLC,C-MX-8,16976,2014,0,401104002000,VACANT LAND
non_residential_zoning; not_clear_individual_owner; sale_year_unknown_needs_enrichment,900 AURARIA PKWY,80204-1894,BOARD OF DIRECTORS OF THE AURARIA HIGHER EDUCATION CTR,CMP-EI,35937,,,233705013000,VACANT LAND
non_residential_zoning; not_clear_individual_owner; sold_after_2021_not_5_year_hold,3416 W CONEJOS PL,80204-1600,W CONEJOS PL SOUTH LLC,C-MS-8,12165,2022,0,232332113000,VACANT LAND
non_residential_zoning; not_clear_individual_owner,2597 W 12TH AVE,80204-3314,HOUSING AUTHORITY OF THE CITY AND COUNTY OF DENVER,I-A,19896,2020,858600,505400030000,VACANT LAND
not_clear_individual_owner; sold_after_2021_not_5_year_hold,5969 N FULTON ST APPRX,,CITY & COUNTY OF DENVER,M-RX-5,12000,2026,10,110400028000,VACANT LAND /GENERAL COMMON ELEMENTS
non_residential_zoning; not_clear_individual_owner,1370 W MAPLE AVE,80223-1734,1370 WEST MAPLE LLC,I-B,22500,2014,0,509511013000,VACANT LAND
sold_after_2021_not_5_year_hold,7500 W VASSAR AVE,,"VARGAS,MOISES",R-2,23087,2024,380000,426401001000,VACANT LAND
not_clear_individual_owner,850 N SYRACUSE ST,,CITY & COUNTY OF DENVER,R-2-A,40114,2014,0,604321023000,VACANT LAND /GENERAL COMMON ELEMENTS
non_residential_zoning; not_clear_individual_owner,1523 N LINCOLN ST,,FIRST INTERSTATE BANK OF DENVER,D-C,66638,1983,0,234940003000,VACANT LAND
non_residential_zoning; not_clear_individual_owner,555 N UINTA ST,80202-5329,LOWRY COMMUNITY MASTER ASSOC,B-3,87090,2011,10,609201211000,VACANT LAND /GENERAL COMMON ELEMENTS
not_clear_individual_owner; sold_after_2021_not_5_year_hold,3058 S MAY STANTON WAY APPRX,80236-2711,CITY & COUNTY OF DENVER,PUD-G 25,14366,2023,3500000,532218017000,VACANT LAND
non_residential_zoning; not_clear_individual_owner; sale_year_unknown_needs_enrichment,2200 S QUEBEC ST,,COUNTY OF ARAPAHOE,S-MU-3,37287,,,629100036000,VACANT LAND /GENERAL COMMON ELEMENTS
not_clear_individual_owner; sale_year_unknown_needs_enrichment,26100 E 88TH AVE APPRX,,CITY & COUNTY OF DENVER,DIA,3502011,,,1126100097000,VACANT LAND
non_residential_zoning; not_clear_individual_owner; sale_year_unknown_needs_enrichment,800 S DEXTER ST,,CITY & COUNTY OF DENVER,S-MU-8,15700,,,618301002000,VACANT LAND /GENERAL COMMON ELEMENTS
non_residential_zoning; not_clear_individual_owner; sale_year_unknown_needs_enrichment,1000 S SYRACUSE ST,,FAIRMOUNT CEMETERY COMPANY,OS-B,903893,,,616300029000,VACANT LAND
non_residential_zoning; not_clear_individual_owner,5226 N BRIGHTON BLVD,,CITY & COUNTY OF DENVER,I-B,217942,2000,0,213200029000,VACANT LAND
tier1_confirmed_basic_filters_before_growth_proximity,5200 W BERRY AVE APPRX,,JOSEPH W BOWLES RESERVOIR CO,R-2-A,41793,1994,0,914200006000,VACANT LAND
not_clear_individual_owner; sold_after_2021_not_5_year_hold,5133 N LISBON ST MISC,,EBERT METROPOLITAN DISTRICT,R-MU-20,90695,2025,0,14300041000,VACANT LAND /GENERAL COMMON ELEMENTS
non_residential_zoning; not_clear_individual_owner; sale_year_unknown_needs_enrichment,1580 S SANTA FE DR,,STATE OF COLORADO DEPARTMENT OF TRANSPORTATION,I-A,51635,,,522604003000,VACANT LAND /GENERAL COMMON ELEMENTS
non_residential_zoning; not_clear_individual_owner; sale_year_unknown_needs_enrichment,2597 W 11TH AVE,,CITY & COUNTY OF DENVER,I-A,14058,,,505409011000,VACANT LAND
not_clear_individual_owner; sold_after_2021_not_5_year_hold,18273 E 47TH DR,80249-6684,EBERT METROPOLITAN DISTRICT,PUD,50138,2025,0,21100039000,VACANT LAND /GENERAL COMMON ELEMENTS
not_clear_individual_owner,26100 E 88TH AVE APPRX,,CITY & COUNTY OF DENVER,DIA,42081,1990,0,1223100055000,VACANT LAND
non_residential_zoning; not_clear_individual_owner; sale_year_unknown_needs_enrichment,401 N VALLEJO ST,,BURLINGTON NORTHERN RR CO PROPERTY TAX DEPARTMENT,I-A,9580,,,509302001000,VACANT LAND
non_residential_zoning; not_clear_individual_owner; sale_year_unknown_needs_enrichment,3401 S YOSEMITE ST APPRX,,BRIDGECREEK TOWNHOMES PHASE 3 LLC,B-2,26738,,,633424008000,VACANT LAND
sale_year_unknown_needs_enrichment,4650 W EVANS AVE,80219-5021,RIVIERA CIRCLE LAKE CLUB,S-SU-F,798302,,,530214061000,VACANT LAND /GENERAL COMMON ELEMENTS
not_clear_individual_owner,57 N MAGNOLIA WAY,,BOULEVARD ONE COMMUNITY ASSOCIATION INC,U-SU-A,98545,2017,10,608400072000,VACANT LAND /GENERAL COMMON ELEMENTS
non_residential_zoning; not_clear_individual_owner; sale_year_unknown_needs_enrichment,7601 E HAMPDEN AVE,,CITY & COUNTY OF DENVER,OS-A,116000,,,633300066000,VACANT LAND
not_clear_individual_owner; sale_year_unknown_needs_enrichment,19301 E 80TH AVE APPRX,,LANDFILL INC,DIA,3366495,,,1127100001000,VACANT LAND
non_residential_zoning; not_clear_individual_owner; sold_after_2021_not_5_year_hold,18802 E MAXWELL PL,,EBERT METROPOLITAN DISTRICT,C-MU-20,15831,2025,0,15200188000,VACANT LAND /GENERAL COMMON ELEMENTS
not_clear_individual_owner,170 S QUANTUM ST,,LOWRY COMMUNITY MASTER ASSOCIATION INC,R-1,29313,2000,0,609317007000,VACANT LAND /GENERAL COMMON ELEMENTS
not_clear_individual_owner; sale_year_unknown_needs_enrichment,3333 E FLORIDA AVE,80210-2517,BISCAYNE,R-1,9600,,,524115138000,VACANT LAND /GENERAL COMMON ELEMENTS
not_clear_individual_owner,6500 W MANSFIELD AVE #A,,FAIRWAYS AT PINEHURST HOMEOWNERS ASSOCIATION,R-2,115173,1994,10,901417061000,VACANT LAND /GENERAL COMMON ELEMENTS
not_clear_individual_owner; sold_after_2021_not_5_year_hold,4703 N WALDEN ST,80249-6684,EBERT METROPOLITAN DISTRICT,PUD,7082,2025,0,21100041000,VACANT LAND /GENERAL COMMON ELEMENTS
not_clear_individual_owner; sale_year_unknown_needs_enrichment,920 S PATTON CT,,PUBLIC SERVICE CO,E-SU-D1X,12700,,,518419004000,VACANT LAND
non_residential_zoning; not_clear_individual_owner; sale_year_unknown_needs_enrichment,2355 S DELAWARE ST,80223-4320,ATCHISON TOPEKA & SANTA FE RR CO,I-MX-3,29400,,,527404003000,VACANT LAND
non_residential_zoning; not_clear_individual_owner; sale_year_unknown_needs_enrichment,1701 ARAPAHOE ST,,,OS-A,40040,,,234520026998,VACANT LAND
not_clear_individual_owner; sale_year_unknown_needs_enrichment,26100 E 88TH AVE APPRX,,CITY & COUNTY OF DENVER,DIA,435600,,,1231100018000,VACANT LAND
not_clear_individual_owner,5797 W BERRY AVE,,BOWLES METROPOLITAN DISTRICT,R-1,37647,1998,10,913110040000,VACANT LAND /GENERAL COMMON ELEMENTS
not_clear_individual_owner,6100 W QUINCY AVE,80235-3009,BOWLES METROPOLITAN DISTRICT,R-2-A,29185,1998,10,914501007000,VACANT LAND
non_residential_zoning; not_clear_individual_owner,2462 W 13TH AVE,,CITY & COUNTY OF DENVER,OS-C,19826,2009,0,504224006000,VACANT LAND /GENERAL COMMON ELEMENTS
non_residential_zoning; not_clear_individual_owner; sale_year_unknown_needs_enrichment,500 N JULIAN ST,,CITY & COUNTY OF DENVER,OS-A,9939,,,508305018000,VACANT LAND /GENERAL COMMON ELEMENTS
sold_after_2021_not_5_year_hold,2779 S ZUNI ST,80219-6022,"MEDINA,SANTIAGO J",S-SU-F1,12749,2023,80000,532105054000,VACANT LAND
non_residential_zoning; not_clear_individual_owner; sale_year_unknown_needs_enrichment,700 N KALAMATH ST,80204-4403,BURLINGTON NORTHERN RR CO PROPERTY TAX DEPARTMENT,I-A,161800,,,516400311000,VACANT LAND
not_clear_individual_owner; sold_after_2021_not_5_year_hold,5004 N PERTH CT,,EBERT METROPOLITAN DISTRICT,R-MU-20,41034,2025,0,14416026000,VACANT LAND /GENERAL COMMON ELEMENTS
not_clear_individual_owner; sold_after_2021_not_5_year_hold,155 S ONEIDA ST,,DAT PROPERTY HOLDINGS INC,R-3,85378,2025,0,608401022000,VACANT LAND
non_residential_zoning; not_clear_individual_owner; sold_after_2021_not_5_year_hold,1290 S SANTA FE DR,80223-3215,WAREHOUSE LOFTS LLC,E-CC-3,19625,2025,10,522305023000,VACANT LAND
non_residential_zoning; not_clear_individual_owner; sale_year_unknown_needs_enrichment,2601 S JOSEPHINE ST,,CITY & COUNTY OF DENVER,OS-A,12350,,,525322030000,VACANT LAND
non_residential_zoning; not_clear_individual_owner,52 N ONEIDA CT,,BOULEVARD ONE COMMUNITY ASSOCIATION INC,C-MX-5,48761,2017,10,608400097000,VACANT LAND /GENERAL COMMON ELEMENTS
non_residential_zoning; not_clear_individual_owner; sale_year_unknown_needs_enrichment,1570 W JEWELL AVE,,PUBLIC SERVICE CO,I-MX-3,40600,,,528103006000,VACANT LAND
non_residential_zoning; not_clear_individual_owner; sale_year_unknown_needs_enrichment,958 S ACOMA ST,,DENVER BROADWAY STATION LTD,C-MS-12,45439,,,515508002000,VACANT LAND
not_clear_individual_owner; sold_after_2021_not_5_year_hold,4843 W 10TH AVE,80204-2809,W 10TH AVE LLC,U-RH-3A,12300,2022,0,506300165000,VACANT LAND
non_residential_zoning; not_clear_individual_owner; sale_year_unknown_needs_enrichment,99 W KENTUCKY AVE,,BURLINGTON NORTHERN RR CO PROPERTY TAX DEPARTMENT,I-B,32936,,,515500075000,VACANT LAND
non_residential_zoning; not_clear_individual_owner,7600 E TECHNOLOGY WAY,,TECHNOLOGY WAY OWNERS ASSOCIATION INC,B-8,53027,2005,10,709300124000,VACANT LAND /GENERAL COMMON ELEMENTS
non_residential_zoning; not_clear_individual_owner; sale_year_unknown_needs_enrichment,996 S BANNOCK WAY APPRX,,BROADWAY STATION METROPOLITAN DIST NO 1,C-MS-12,66721,,,515500101000,VACANT LAND /GENERAL COMMON ELEMENTS
non_residential_zoning; not_clear_individual_owner; sale_year_unknown_needs_enrichment,4501 W CUSTER PL,,CITY & COUNTY OF DENVER,OS-A,9510,,,518211047000,VACANT LAND /GENERAL COMMON ELEMENTS
non_residential_zoning; not_clear_individual_owner; sale_year_unknown_needs_enrichment,1829 W COLFAX AVE,,BURLINGTON NORTHERN RR CO PROPERTY TAX DEPARTMENT,I-B,14000,,,504201007000,VACANT LAND
tier1_confirmed_basic_filters_before_growth_proximity,1041 S HOOKER ST,,"TREJO,JOAQUIN",S-SU-D,7800,2001,12500,517318024000,VACANT LAND
non_residential_zoning; not_clear_individual_owner; sale_year_unknown_needs_enrichment,3601 S LOWELL BLVD APPRX,,TRANS AM DENVER LTD,OS-B,14861,,,806100016000,VACANT LAND /GENERAL COMMON ELEMENTS
non_residential_zoning; not_clear_individual_owner; sold_after_2021_not_5_year_hold,1120 S FEDERAL BLVD,80219-4104,VG LAND DEVELOPMENT & INVESTMENTS LLC,E-MX-3,21525,2025,10,520103025000,VACANT LAND
not_clear_individual_owner,6900 W GRANT RANCH BLVD TR-J,,POPPY HILLS OWNERS ASSOCIATION INC,R-2-A,97541,1998,0,914501105000,VACANT LAND /GENERAL COMMON ELEMENTS
not_clear_individual_owner; sale_year_unknown_needs_enrichment,9901 W WAGON TRAIL DR APPRX,,CITY & COUNTY OF DENVER,R-1,7710,,,910306054000,VACANT LAND /GENERAL COMMON ELEMENTS
not_clear_individual_owner; sale_year_unknown_needs_enrichment,2599 W TENNESSEE AVE,80219-3501,PUBLIC SERVICE CO,E-SU-D1,17700,,,517423011000,VACANT LAND
not_clear_individual_owner; sold_after_2021_not_5_year_hold,21008 E BEEKMAN PL,,EBERT METROPOLITAN DISTRICT,R-MU-20,7513,2025,0,14300089000,VACANT LAND /GENERAL COMMON ELEMENTS
not_clear_individual_owner; sale_year_unknown_needs_enrichment,1751 S MILWAUKEE ST,,CITY & COUNTY OF DENVER,E-SU-D,7200,,,524319023000,VACANT LAND /GENERAL COMMON ELEMENTS
non_residential_zoning; not_clear_individual_owner,2600 S SANTA FE DR,,UNION PACIFIC RAILROAD COMPANY,I-A,277000,1997,0,527400003000,VACANT LAND
non_residential_zoning; not_clear_individual_owner; sale_year_unknown_needs_enrichment,7100 E YALE AVE APPRX,,BOARD OF WATER COMMISSIONERS CITY & COUNTY OF DENVER,OS-A,74000,,,632100007000,VACANT LAND /GENERAL COMMON ELEMENTS
not_clear_individual_owner; sold_after_2021_not_5_year_hold,21500 E 52ND AVE,,EBERT METROPOLITAN DISTRICT,R-MU-20,16206,2025,0,14408003000,VACANT LAND /GENERAL COMMON ELEMENTS
not_clear_individual_owner,1701 S UINTA WAY,,HIGHLINE RIDGE HOMEOWNERS ASSOCIATION,S-RH-2.5,41300,2014,0,621400011000,VACANT LAND /GENERAL COMMON ELEMENTS
not_clear_individual_owner,4908 N TOWER RD 151D,80249-6684,CITY & COUNTY OF DENVER,PUD,23461,2008,0,21100026000,VACANT LAND /GENERAL COMMON ELEMENTS
not_clear_individual_owner; sale_year_unknown_needs_enrichment,26100 E 88TH AVE APPRX,,CITY & COUNTY OF DENVER,DIA,160198,,,1136100004000,VACANT LAND
non_residential_zoning; not_clear_individual_owner; sold_after_2021_not_5_year_hold,4803 N GENOA ST,,EBERT METROPOLITAN DISTRICT,C-MU-20,7005,2025,0,15412009000,VACANT LAND /GENERAL COMMON ELEMENTS
non_residential_zoning; not_clear_individual_owner; sale_year_unknown_needs_enrichment,2905 W 8TH AVE,,CITY & COUNTY OF DENVER,OS-A,33580,,,505423050000,VACANT LAND
not_clear_individual_owner,3711 W HAMILTON AVE,,BEAR CREEK HOMEOWNERS ASSOCIATION INC,R-1,15783,1999,10,531506029000,VACANT LAND /GENERAL COMMON ELEMENTS
non_residential_zoning; not_clear_individual_owner; sale_year_unknown_needs_enrichment,400 N TEJON ST,,STATE OF COLORADO DEPARTMENT OF TRANSPORTATION,I-A,102000,,,509200045000,VACANT LAND /GENERAL COMMON ELEMENTS
not_clear_individual_owner; sold_after_2021_not_5_year_hold,5708 N DALLAS ST,,CITY & COUNTY OF DENVER,M-RX-5,714118,2026,10,110400059000,VACANT LAND /GENERAL COMMON ELEMENTS
non_residential_zoning; not_clear_individual_owner,3244 S FEDERAL BLVD,,RBA FEDERAL LLC,S-MU-3,44852,2017,0,532401607000,VACANT LAND
not_clear_individual_owner,26100 E 88TH AVE APPRX,,CITY & COUNTY OF DENVER,DIA,1065743,1995,1,1218100002000,VACANT LAND
not_clear_individual_owner,8009 E 5TH AVE,,HAMPSTEAD AT LOWRY HOMEOWNERS ASSOCIATION INC,R-2-A,18014,2002,1,609206024000,VACANT LAND /GENERAL COMMON ELEMENTS
not_clear_individual_owner; sold_after_2021_not_5_year_hold,20400 E 52ND AVE,,EBERT METROPOLITAN DISTRICT,R-MU-20,10185,2025,0,14300106000,VACANT LAND /GENERAL COMMON ELEMENTS
not_clear_individual_owner; sold_after_2021_not_5_year_hold,6200 E 62ND AVE,,CITY & COUNTY OF DENVER,M-RX-5,30435,2026,10,110100243000,VACANT LAND /GENERAL COMMON ELEMENTS
not_clear_individual_owner; sale_year_unknown_needs_enrichment,10201 N GUN CLUB RD APPRX,,PUBLIC SERVICE CO,DIA,918772,,,1113100002000,VACANT LAND
non_residential_zoning; not_clear_individual_owner,1401 W DARTMOUTH AVE APPRX,,GENERAL SHALE BRICK INC,I-B,387000,2008,0,533100007000,VACANT LAND
not_clear_individual_owner; sold_after_2021_not_5_year_hold,5984 N GENEVA ST APPRX,,CITY & COUNTY OF DENVER,M-RX-5,20700,2026,10,110100010000,VACANT LAND /GENERAL COMMON ELEMENTS
non_residential_zoning; not_clear_individual_owner; sold_after_2021_not_5_year_hold,5559 N JEBEL CT MISC,,EBERT METROPOLITAN DISTRICT,C-MU-20,11711,2025,0,14100038000,VACANT LAND /GENERAL COMMON ELEMENTS
not_clear_individual_owner; sale_year_unknown_needs_enrichment,26100 E 88TH AVE APPRX,,CITY & COUNTY OF DENVER,DIA,13654583,,,1234100085000,VACANT LAND
non_residential_zoning; not_clear_individual_owner; sale_year_unknown_needs_enrichment,100 N TEJON ST,,BURLINGTON NORTHERN RR CO PROPERTY TAX DEPARTMENT,I-B,104000,,,509300072000,VACANT LAND
non_residential_zoning; sale_year_unknown_needs_enrichment,5100 N DAHLIA ST,,BURLINGTON NORTHERN RR CO,I-B,1171672,,,118400014000,VACANT LAND
not_clear_individual_owner,7350 E ELLSWORTH AVE,80230-6788,LOWRY VILLAGE II ASSOCIATION INC,R-2-A,9687,2000,10,609313022000,VACANT LAND /GENERAL COMMON ELEMENTS
non_residential_zoning; not_clear_individual_owner,1001 W BAYAUD AVE,80223-1989,DEPARTMENT OF TRANSPORTATION,I-A,32967,2011,0,509610003000,VACANT LAND
non_residential_zoning; not_clear_individual_owner; sale_year_unknown_needs_enrichment,1301 N WASHINGTON ST,,PUBLIC SERVICE CO OF COLO,G-MS-5,24400,,,503109015000,VACANT LAND
non_residential_zoning; not_clear_individual_owner; sale_year_unknown_needs_enrichment,301 N RARITAN WAY,,BURLINGTON NORTHERN RR CO PROPERTY TAX DEPARTMENT,I-A,41200,,,509300009000,VACANT LAND
not_clear_individual_owner; sold_after_2021_not_5_year_hold,6200 N 62ND AVE,,CITY & COUNTY OF DENVER,M-RX-5,30450,2026,10,110100255000,VACANT LAND /GENERAL COMMON ELEMENTS
non_residential_zoning; not_clear_individual_owner,1100 W FLORIDA AVE,,BNSF RAILWAY COMPANY,OS-A,137000,2005,0,521400002000,VACANT LAND
non_residential_zoning; not_clear_individual_owner; sold_after_2021_not_5_year_hold,20298 E 56TH AVE MISC,,EBERT METROPOLITAN DISTRICT,C-MU-20,129560,2025,0,15100022000,VACANT LAND /GENERAL COMMON ELEMENTS
non_residential_zoning; not_clear_individual_owner,1900 W COLFAX AVE,,STATE OF COLORADO DEPARTMENT OF TRANSPORTATION,I-B,11575,1988,0,504204047000,VACANT LAND /GENERAL COMMON ELEMENTS
tier1_confirmed_basic_filters_before_growth_proximity,295 S MONACO STREET PKWY,,"KOTA,SANDEEP",E-SU-DX,7652,2021,174000,608326040000,VACANT LAND
not_clear_individual_owner,2201 E ALAMEDA AVE,,MOORE ESTATES HOMEOWNERS ASSOCIATION,R-1,7523,1989,0,511611027000,VACANT LAND /GENERAL COMMON ELEMENTS
not_clear_individual_owner; sale_year_unknown_needs_enrichment,9109 E 4TH PL,,LOWRY ECONOMIC REDEVELOPMENT AUTHORITY,R-2-A,25874,,,610200021000,VACANT LAND /GENERAL COMMON ELEMENTS
not_clear_individual_owner,1540 LITTLE RAVEN ST #TR-A,,SHI DENVER LLC,PUD,16719,2013,0,233213090000,VACANT LAND /GENERAL COMMON ELEMENTS
not_clear_individual_owner; sale_year_unknown_needs_enrichment,2500 LAWRENCE ST,80205-4087,HOUSING AUTHORITY OF THE CITY & COUNTY OF DENVER,G-RX-5,18608,,,234206107000,VACANT LAND
non_residential_zoning; not_clear_individual_owner; sold_after_2021_not_5_year_hold,1060 S EMPORIA ST,,CITY & COUNTY OF DENVER,OS-A,84100,2025,750000,615402066000,VACANT LAND
non_residential_zoning; not_clear_individual_owner,2475 W 13TH AVE,,CITY & COUNTY OF DENVER,OS-C,14108,1992,0,505100013000,VACANT LAND
not_clear_individual_owner,110 S TRENTON ST,,LOWRY COMMUNITY MASTER ASSOCIATION INC,R-2-A,13542,2007,0,609335023000,VACANT LAND /GENERAL COMMON ELEMENTS
non_residential_zoning; not_clear_individual_owner; sale_year_unknown_needs_enrichment,2300 S PECOS ST,,BURLINGTON NORTHERN RR CO PROPERTY TAX DEPARTMENT,I-B,209000,,,528400003000,VACANT LAND
not_clear_individual_owner; sold_after_2021_not_5_year_hold,9900 E 63RD AVE,,CITY & COUNTY OF DENVER,M-RX-5,42191,2026,10,110100245000,VACANT LAND /GENERAL COMMON ELEMENTS
non_residential_zoning; not_clear_individual_owner,3001 S PLATTE RIVER DR,,PUBLIC SERVICE COMPANY OF COLORADO,I-B,10611,1980,2000,533100020000,VACANT LAND
non_residential_zoning; not_clear_individual_owner; sale_year_unknown_needs_enrichment,1700 W COLFAX AVE,80204-2420,REGIONAL TRANSPORTATION DISTRICT,CMP-EI,16610,,,504205045000,VACANT LAND
non_residential_zoning; not_clear_individual_owner; sold_after_2021_not_5_year_hold,4209 E 10TH AVE APPRX,80202,CITY & COUNTY OF DENVER,CMP-H,15060,2024,10,606300059000,VACANT LAND /GENERAL COMMON ELEMENTS
not_clear_individual_owner; sale_year_unknown_needs_enrichment,26100 E 88TH AVE APPRX,,CITY & COUNTY OF DENVER,DIA,7695837,,,1113100003000,VACANT LAND
non_residential_zoning; not_clear_individual_owner,1280 N SHERIDAN BLVD,80214-3008,BETH JACOB HIGH SCHOOL OF DENVER,G-MU-5,11004,2016,485000,506200217000,VACANT LAND
not_clear_individual_owner; sold_after_2021_not_5_year_hold,4501 N WALDEN ST,80249-6684,EBERT METROPOLITAN DISTRICT,PUD,88060,2025,0,21100024000,VACANT LAND /GENERAL COMMON ELEMENTS
not_clear_individual_owner; sold_after_2021_not_5_year_hold,19602 E 54TH AVE MISC,,EBERT METROPOLITAN DISTRICT,R-MU-20,10395,2025,0,14300062000,VACANT LAND /GENERAL COMMON ELEMENTS
not_clear_individual_owner,612 N ROSLYN ST,,LOWRY COMMUNITY MASTER ASSOCIATION INC,R-1,10528,2007,0,604305013000,VACANT LAND /GENERAL COMMON ELEMENTS
non_residential_zoning; not_clear_individual_owner; sold_after_2021_not_5_year_hold,5405 N MALAYA ST,,EBERT METROPOLITAN DISTRICT,C-MU-20,82879,2025,0,14300044000,VACANT LAND /GENERAL COMMON ELEMENTS
non_residential_zoning; not_clear_individual_owner; sold_after_2021_not_5_year_hold,795 S BROADWAY APPRX,,CITY & COUNTY OF DENVER,C-MX-8,8216,2022,0,515500131000,VACANT LAND /GENERAL COMMON ELEMENTS
not_clear_individual_owner; sale_year_unknown_needs_enrichment,994 S ELIOT ST,80219-4116,PUBLIC SERVICE CO,E-SU-D1,7870,,,517400027000,VACANT LAND
not_clear_individual_owner,194 N PONTIAC ST,,LOWRY COMMUNITY MASTER ASSOCIATION INC,R-2-A,9631,2006,10,608128017000,VACANT LAND /GENERAL COMMON ELEMENTS
non_residential_zoning; not_clear_individual_owner; sale_year_unknown_needs_enrichment,4057 W COLFAX AVE,80204-1404,HOUSING AUTHORITY OF THE CITY AND COUNTY OF DENVER,C-MS-8,42932,,,231425046000,VACANT LAND
not_clear_individual_owner; sold_after_2021_not_5_year_hold,4251 E HARVARD AVE,80222-6523,TOTO PROPERTIES LLC,S-SU-D,11886,2022,420000,630309012000,VACANT LAND
non_residential_zoning; not_clear_individual_owner,801 N ZUNI ST,,CITY & COUNTY OF DENVER,I-A,22300,2009,10,504323040000,VACANT LAND /GENERAL COMMON ELEMENTS
not_clear_individual_owner; sale_year_unknown_needs_enrichment,26100 E 88TH AVE APPRX,,CITY & COUNTY OF DENVER,DIA,3996194,,,1306100011000,VACANT LAND
non_residential_zoning; not_clear_individual_owner; sold_after_2021_not_5_year_hold,18218 E 51ST PL,80203,EBERT METROPOLITAN DISTRICT,C-MU-20,7088,2025,0,16100189000,VACANT LAND /GENERAL COMMON ELEMENTS
non_residential_zoning; not_clear_individual_owner,17600 E 56TH AVE APPRX,,FIRST CREEK VILLAGE METROPOLITAN DISTRICT,C-MU-30,74784,2017,0,16100162000,VACANT LAND /GENERAL COMMON ELEMENTS
non_residential_zoning; not_clear_individual_owner; sold_after_2021_not_5_year_hold,620 N ZUNI ST,,"GORDON,GAIL G LIVING TRUST",I-A,59600,2025,10,508108004000,VACANT LAND /GENERAL COMMON ELEMENTS
not_clear_individual_owner,7893 E 8TH AVE,,CITY & COUNTY OF DENVER,R-2-A,107423,2014,0,604327002000,VACANT LAND /GENERAL COMMON ELEMENTS
not_clear_individual_owner; sold_after_2021_not_5_year_hold,18570 E 63RD AVE,,6250 COMMUNITY FUND LLC,GTWY,37629,2023,0,10200154000,VACANT LAND
not_clear_individual_owner; sale_year_unknown_needs_enrichment,26100 E 88TH AVE APPRX,,CITY & COUNTY OF DENVER,DIA,130678,,,1231100016000,VACANT LAND
not_clear_individual_owner,6500 W MANSFIELD AVE #D,,FAIRWAYS AT PINEHURST HOMEOWNERS ASSOCIATION,R-2,39487,1994,10,901417064000,VACANT LAND /GENERAL COMMON ELEMENTS
non_residential_zoning; not_clear_individual_owner,5197 MORRISON RD,,CITY & COUNTY OF DENVER,E-MX-3,12508,2003,498000,518311008000,VACANT LAND
not_clear_individual_owner; sale_year_unknown_needs_enrichment,8801 E RADCLIFF AVE APPRX,,CITY & COUNTY OF DENVER,S-SU-F,12500,,,709103005000,VACANT LAND
non_residential_zoning; not_clear_individual_owner,5315 E YALE AVE,,REGIONAL TRANSPORTATION DISTRICT,S-MX-5A,44861,2004,1585000,630401036000,VACANT LAND
sale_year_unknown_needs_enrichment,26100 E 88TH AVE APPRX,,"MOFFIT,R R & C M",DIA,7031499,,,1136100002000,VACANT LAND
not_clear_individual_owner,26100 E 88TH AVE APPRX,,CITY & COUNTY OF DENVER,DIA,11540399,1989,0,1113100004000,VACANT LAND
sold_after_2021_not_5_year_hold,2222 S COLUMBINE ST,80210-4816,"LOPEZ,ALFONSO JOSEPH",U-SU-C,11200,2026,1675000,525224003000,VACANT LAND
not_clear_individual_owner; sold_after_2021_not_5_year_hold,772 N GRAPE ST,80220-5259,790 GRAPE STREET LLC,E-SU-D1X,7254,2025,1200000,606419013000,VACANT LAND
non_residential_zoning; not_clear_individual_owner; sold_after_2021_not_5_year_hold,5105 N TOWER RD,80203-1776,CITY & COUNTY OF DENVER,C-MU-20,16296,2023,10,16100131000,VACANT LAND /GENERAL COMMON ELEMENTS
not_clear_individual_owner; sold_after_2021_not_5_year_hold,9975 E 59TH AVE APPRX,,CITY & COUNTY OF DENVER,M-RX-5,54543,2026,10,110400022000,VACANT LAND /GENERAL COMMON ELEMENTS
not_clear_individual_owner; sale_year_unknown_needs_enrichment,26100 E 88TH AVE APPRX,,CITY & COUNTY OF DENVER,DIA,794365,,,1224100058000,VACANT LAND
non_residential_zoning; not_clear_individual_owner,3001 S PLATTE RIVER DR,,GENERAL SHALE BRICK INC,I-B,8410,2008,0,533100018000,VACANT LAND
non_residential_zoning; not_clear_individual_owner,601 16TH ST,80202-4210,KIN YON LLC,D-C,9393,2015,3300000,234528015000,VACANT LAND
not_clear_individual_owner; sale_year_unknown_needs_enrichment,2751 W TENNESSEE AVE,80219-4112,PUBLIC SERVICE CO,E-SU-D1,7870,,,517400029000,VACANT LAND
not_clear_individual_owner,7580 N TOWER RD,,CITY & COUNTY OF DENVER,DIA,5085721,1989,0,1134100188000,VACANT LAND
non_residential_zoning; not_clear_individual_owner; sale_year_unknown_needs_enrichment,801 S BROADWAY,,REGIONAL TRANSPORTATION DISTRICT,C-MX-12,50517,,,515200090000,VACANT LAND
not_clear_individual_owner,5356 S JAY DR,,GRANT RANCH MASTER HOMEOWNERS ASSOCIATION INC,R-2,9413,2015,10,913222012000,VACANT LAND /GENERAL COMMON ELEMENTS
not_clear_individual_owner,8469 PENA BLVD,,CITY & COUNTY OF DENVER,DIA,618774,1996,0,1236100089000,VACANT LAND
non_residential_zoning; not_clear_individual_owner,2800 W 7TH AVE,80204-4117,DEPARTMENT OF TRANSPORTATION,I-A,10023,2014,10,508100146000,VACANT LAND /GENERAL COMMON ELEMENTS
not_clear_individual_owner,26 E FAIRMOUNT DR,,PARK SQUARE AT LOWRY HOMEOWNERS ASSOCIATION,R-2-A,27882,2000,10,609304070000,VACANT LAND
non_residential_zoning; not_clear_individual_owner; sale_year_unknown_needs_enrichment,7699 E BELLEVIEW AVE,80237-2712,GOLDSMITH METROPOLITAN DISTRICT,S-MX-12,25500,,,709300148000,VACANT LAND
non_residential_zoning; not_clear_individual_owner; sale_year_unknown_needs_enrichment,1100 S BROADWAY,80210-1502,SECURITY REALTY CO,C-MX-12,8073,,,522108043000,VACANT LAND
non_residential_zoning; not_clear_individual_owner; sale_year_unknown_needs_enrichment,941 S ACOMA ST APPRX,,BROADWAY STATION METROPOLITAN DIST NO 1,C-MS-12,12437,,,515500110000,VACANT LAND /GENERAL COMMON ELEMENTS
not_clear_individual_owner,5035 W CUSTER PL,80219-2274,CUSTER PLACE BUILDING GROUP HOMEOWNERS ASSOCIATION INC,R-1,7393,2001,10,518200235000,VACANT LAND /GENERAL COMMON ELEMENTS
non_residential_zoning; not_clear_individual_owner,1401 S ULSTER ST MISC,,VILLAS AT SKYMARK HOMEOWNERS ASSOCIATION,S-MU-3,140211,2000,10,621203075000,VACANT LAND /GENERAL COMMON ELEMENTS
not_clear_individual_owner; sale_year_unknown_needs_enrichment,1699 S JOSEPHINE ST,,CITY & COUNTY OF DENVER,E-SU-DX,9370,,,524310001000,VACANT LAND /GENERAL COMMON ELEMENTS
not_clear_individual_owner; sale_year_unknown_needs_enrichment,2497 W EVANS PL,,HARTWICK INC,R-1,7498,,,529108044000,VACANT LAND /GENERAL COMMON ELEMENTS
non_residential_zoning; not_clear_individual_owner,1401 N OSAGE ST,,REGIONAL TRANSPORTATION DISTRICT,I-A,8214,2004,156400,504106015000,VACANT LAND /GENERAL COMMON ELEMENTS
non_residential_zoning; not_clear_individual_owner; sold_after_2021_not_5_year_hold,5311 N CENTRAL PARK BLVD,,CITY & COUNTY OF DENVER,OS-B,586235,2026,500,116100120000,VACANT LAND /GENERAL COMMON ELEMENTS
not_clear_individual_owner,1095 N ROSLYN CT,,LOWRY COMMUNITY MASTER ASSOCIATION INC,R-2-A,13236,2005,0,604316026000,VACANT LAND /GENERAL COMMON ELEMENTS
non_residential_zoning; not_clear_individual_owner; sale_year_unknown_needs_enrichment,700 S DEXTER ST,,CITY & COUNTY OF DENVER,S-MU-3,14418,,,618304002000,VACANT LAND /GENERAL COMMON ELEMENTS
not_clear_individual_owner; sale_year_unknown_needs_enrichment,978 S NEWTON ST,,PUBLIC SERVICE CO,E-SU-D1X,19000,,,518421010000,VACANT LAND
sold_after_2021_not_5_year_hold,131 S BIRCH ST,80246-1016,"WALLS,TINA",E-SU-G,33700,2026,10,607300010000,VACANT LAND
non_residential_zoning; not_clear_individual_owner; sold_after_2021_not_5_year_hold,20572 E MAXWELL PL 20692,,EBERT METROPOLITAN DISTRICT,C-MU-20,30583,2025,0,14300043000,VACANT LAND /GENERAL COMMON ELEMENTS
not_clear_individual_owner,7698 E ELLSWORTH AVE,,LOWRY VILLAGE I ASSOCIATION INC,R-2-A,9186,1999,10,609309027000,VACANT LAND /GENERAL COMMON ELEMENTS
non_residential_zoning; not_clear_individual_owner,2195 S BELLAIRE ST,80222-4909,WARREN STREET INVESTMENTS LLC,G-MU-3,9250,2021,0,630202012000,VACANT LAND
non_residential_zoning; not_clear_individual_owner; sold_after_2021_not_5_year_hold,850 N COLORADO BLVD,,CITY & COUNTY OF DENVER,C-MU-10,18186,2024,10,606300052000,VACANT LAND /GENERAL COMMON ELEMENTS
non_residential_zoning; not_clear_individual_owner,601 N NAVAJO ST,,COLORADO HIGH PERFORMANCE TRANSPORTATION ENTERPRISE,I-B,12574,1998,0,504426003000,VACANT LAND
not_clear_individual_owner; sold_after_2021_not_5_year_hold,5043 N LIVERPOOL ST,,EBERT METROPOLITAN DISTRICT,R-MU-20,12580,2025,0,14300088000,VACANT LAND /GENERAL COMMON ELEMENTS
non_residential_zoning; not_clear_individual_owner; sale_year_unknown_needs_enrichment,906 N DECATUR ST,80204-3321,DENVER HOUSING LLC,C-RX-8,7252,,,505400043000,VACANT LAND /GENERAL COMMON ELEMENTS
not_clear_individual_owner; sold_after_2021_not_5_year_hold,21490 E 52ND AVE,,EBERT METROPOLITAN DISTRICT,R-MU-20,14549,2025,0,14407010000,VACANT LAND /GENERAL COMMON ELEMENTS
non_residential_zoning; not_clear_individual_owner; sold_after_2021_not_5_year_hold,1235 W EVANS AVE,80223-4024,FAIRLANE 1205 W EVANS ACQUISITION LLC,I-A,9970,2023,4097500,528107003000,VACANT LAND
non_residential_zoning; not_clear_individual_owner,3160 E 2ND AVE,,2ND STEELE LLC,C-CCN-5,12500,2021,18750000,512232012000,VACANT LAND
non_residential_zoning; not_clear_individual_owner; sale_year_unknown_needs_enrichment,5001 E 33RD AVE,,ZION BAPTIST CHURCH OF DENVER,E-MU-2.5,60700,,,130133007000,VACANT LAND
not_clear_individual_owner; sale_year_unknown_needs_enrichment,26100 E 88TH AVE APPRX,,CITY & COUNTY OF DENVER,DIA,4610264,,,1206100001000,VACANT LAND
non_residential_zoning; not_clear_individual_owner; sold_after_2021_not_5_year_hold,907 N CLAY ST,80204-3321,CITY & COUNTY OF DENVER,C-RX-8,38730,2026,10,505400042000,VACANT LAND /GENERAL COMMON ELEMENTS
not_clear_individual_owner; sold_after_2021_not_5_year_hold,9658 E 57TH AVE APPRX,,CITY & COUNTY OF DENVER,M-RX-5,54000,2026,10,110400011000,VACANT LAND /GENERAL COMMON ELEMENTS
non_residential_zoning; not_clear_individual_owner; sold_after_2021_not_5_year_hold,850 E 48TH AVE APPRX,80216-6303,CITY & COUNTY OF DENVER,I-B,7524,2025,596187,223200258000,VACANT LAND /GENERAL COMMON ELEMENTS
non_residential_zoning; not_clear_individual_owner; sale_year_unknown_needs_enrichment,6500 E YALE AVE APPRX,,BOARD OF WATER COMMISSIONERS CITY & COUNTY OF DENVER,OS-A,384996,,,632100006000,VACANT LAND /GENERAL COMMON ELEMENTS
non_residential_zoning; not_clear_individual_owner; sold_after_2021_not_5_year_hold,20807 E ROBINS DR,,EBERT METROPOLITAN DISTRICT,C-MU-20,56471,2025,0,14100044000,VACANT LAND /GENERAL COMMON ELEMENTS
not_clear_individual_owner,7898 E 11TH AVE,,CITY & COUNTY OF DENVER,R-2-A,35167,2014,0,604325019000,VACANT LAND /GENERAL COMMON ELEMENTS
non_residential_zoning; not_clear_individual_owner; sold_after_2021_not_5_year_hold,4941 W 11TH AVE,,11TH AVENUE TOD LLC,C-MX-5,7367,2023,0,506300261000,VACANT LAND
non_residential_zoning; not_clear_individual_owner; sold_after_2021_not_5_year_hold,5348 N TRUCKEE ST,,FIRST CREEK VILLAGE METROPOLITAN DISTRICT,C-MU-30,11030,2026,500,16100145000,VACANT LAND /GENERAL COMMON ELEMENTS
not_clear_individual_owner,614 N SYRACUSE ST,,LOWRY COMMUNITY MASTER ASSOCIATION INC,R-1,11325,2007,0,604306014000,VACANT LAND /GENERAL COMMON ELEMENTS
non_residential_zoning; not_clear_individual_owner; sale_year_unknown_needs_enrichment,2290 S SANTA FE DR,,STATE OF COLORADO DEPARTMENT OF TRANSPORTATION,E-MX-2X,26701,,,527315024000,VACANT LAND /GENERAL COMMON ELEMENTS
non_residential_zoning; not_clear_individual_owner; sold_after_2021_not_5_year_hold,1978 S HOLLY ST TR F,80222-4818,2000 HOLLY METROPOLITAN DISTRICT,I-MX-3,112819,2022,0,629200319000,VACANT LAND /GENERAL COMMON ELEMENTS
sale_year_unknown_needs_enrichment,6201 W QUINCY AVE APPRX,,GREENSWAY DEV CO,S-SU-IX,9276,,,902401026000,VACANT LAND /GENERAL COMMON ELEMENTS
not_clear_individual_owner; sold_after_2021_not_5_year_hold,2922 S LORETTO WAY,80236-2711,LORETTO HEIGHTS METROPOLITAN DISTRICT NO 1,PUD-G 24,31123,2022,0,532200055000,VACANT LAND /GENERAL COMMON ELEMENTS
non_residential_zoning; not_clear_individual_owner; sale_year_unknown_needs_enrichment,2300 W 11TH AVE,80204-3441,CITY & COUNTY OF DENVER,I-B,137000,,,504300010000,VACANT LAND
non_residential_zoning; not_clear_individual_owner,2506 W 13TH AVE,80204-2312,SUN VALLEY ZUNI LLC,I-A,253530,2021,6200000,505400028000,VACANT LAND
non_residential_zoning; not_clear_individual_owner; sale_year_unknown_needs_enrichment,801 S BROADWAY,,REGIONAL TRANSPORTATION DISTRICT,C-MX-12,8432,,,515200089000,VACANT LAND
non_residential_zoning; not_clear_individual_owner; sale_year_unknown_needs_enrichment,1000 S BANNOCK ST,,ATCHISON TOPEKA & SANTA FE RR CO,I-B,25760,,,515500020000,VACANT LAND
sale_year_unknown_needs_enrichment,6701 W PRINCETON AVE APPRX,,GREENSWAY DEV CO,S-SU-IX,7410,,,902402024000,VACANT LAND /GENERAL COMMON ELEMENTS
tier1_confirmed_basic_filters_before_growth_proximity,1258 N KALAMATH ST VCNT,,"RODGERS,ELIZABETH A REV TR",U-RH-2.5,7500,2017,10,504113048000,VACANT LAND
non_residential_zoning; not_clear_individual_owner,838 PARK AVE W,80205-2636,EVOLVE PHASE 1 LLC,D-AS-12+,12591,2019,2481454,234226041000,VACANT LAND
not_clear_individual_owner; sale_year_unknown_needs_enrichment,8900 W STANFORD AVE,,CITY & COUNTY OF DENVER,R-1,30300,,,910107039000,VACANT LAND /GENERAL COMMON ELEMENTS
non_residential_zoning; not_clear_individual_owner; sold_after_2021_not_5_year_hold,2600 W 10TH AVE TR C,80204-3327,DENVER HOUSING LLC,C-RX-8,18278,2022,0,505400035000,VACANT LAND /GENERAL COMMON ELEMENTS
non_residential_zoning; not_clear_individual_owner; sale_year_unknown_needs_enrichment,3101 S SHERIDAN BLVD,,STATE OF COLORADO DEPARTMENT OF TRANSPORTATION,OS-B,271600,,,436500004000,VACANT LAND /GENERAL COMMON ELEMENTS
not_clear_individual_owner; sale_year_unknown_needs_enrichment,2730 W MISSISSIPPI AVE VCNT,,HALL ESTATES HOMEOWNERS ASSOCIATION INC,R-1,15100,,,520102053000,VACANT LAND /GENERAL COMMON ELEMENTS
non_residential_zoning; not_clear_individual_owner; sold_after_2021_not_5_year_hold,5206 N MALTA ST,,EBERT METROPOLITAN DISTRICT,C-MU-20,425977,2025,0,14300039000,VACANT LAND /GENERAL COMMON ELEMENTS
non_residential_zoning; not_clear_individual_owner; sold_after_2021_not_5_year_hold,5379 N VENTURA ST,,FIRST CREEK VILLAGE METROPOLITAN DISTRICT,C-MU-30,99808,2024,10,16100147000,VACANT LAND /GENERAL COMMON ELEMENTS
not_clear_individual_owner; sale_year_unknown_needs_enrichment,4101 W HAMPDEN AVE,,STATE OF COLORADO DEPARTMENT OF TRANSPORTATION,R-2-A,880962,,,531500001000,VACANT LAND /GENERAL COMMON ELEMENTS
not_clear_individual_owner,2925 E CEDAR AVE,80209-3211,BPB CEDAR INVESTMENTS LLC,S-SU-I,12885,2021,0,512403027000,VACANT LAND
non_residential_zoning; not_clear_individual_owner,4040 E EVANS AVE,80222-4916,Z PORTFOLIO LLC,C-MX-12,23400,2015,0,630216010000,VACANT LAND
non_residential_zoning; not_clear_individual_owner; sale_year_unknown_needs_enrichment,1001 W EXPOSITION AVE,,BURLINGTON NORTHERN RR CO PROPERTY TAX DEPARTMENT,I-A,209500,,,516100046000,VACANT LAND
not_clear_individual_owner,7901 E MISSISSIPPI AVE,,HILAND HILLS TOWNHOUSE OWNERS ASSOCIATION,R-2-A,9080,2007,0,616300015000,VACANT LAND /GENERAL COMMON ELEMENTS
not_clear_individual_owner; sold_after_2021_not_5_year_hold,4854 N ORLEANS ST,,EBERT METROPOLITAN DISTRICT,R-MU-20,9010,2025,0,23113028000,VACANT LAND /GENERAL COMMON ELEMENTS
not_clear_individual_owner; sold_after_2021_not_5_year_hold,21209 E 50TH AVE,,EBERT METROPOLITAN DISTRICT,R-MU-20,198385,2025,0,14405025000,VACANT LAND /GENERAL COMMON ELEMENTS
not_clear_individual_owner,1555 N YORK ST,,CITC NEHEMIAH LLC,G-RO-3,12500,2008,1500000,235530032000,VACANT LAND
not_clear_individual_owner,26100 E 88TH AVE APPRX,,CITY & COUNTY OF DENVER,DIA,8699629,1993,533000,1212100029000,VACANT LAND
non_residential_zoning; not_clear_individual_owner; sold_after_2021_not_5_year_hold,20603 E MAXWELL PL,,EBERT METROPOLITAN DISTRICT,C-MU-20,14958,2025,0,14100047000,VACANT LAND /GENERAL COMMON ELEMENTS
non_residential_zoning; not_clear_individual_owner,2901 S COLORADO BLVD,80222-6607,WELLSHIRE PRESBYTERIAN CHURCH,S-CC-3X,8870,2000,240000,536110008000,VACANT LAND
not_clear_individual_owner; sold_after_2021_not_5_year_hold,4034 N YOSEMITE ST,,CITY & COUNTY OF DENVER,M-IMX-8,367500,2026,0,122300039000,VACANT LAND
not_clear_individual_owner,185 S BIRCH ST,80246-1016,185 S BIRCH STREET REVOCABLE TRUST,E-SU-G,15091,2020,1555000,607300069000,VACANT LAND
not_clear_individual_owner; sale_year_unknown_needs_enrichment,2801 S ZUNI ST,80236-2836,CITY & COUNTY OF DENVER,S-SU-F1,8040,,,532106018000,VACANT LAND /GENERAL COMMON ELEMENTS
not_clear_individual_owner; sold_after_2021_not_5_year_hold,5034 N ORLEANS ST,,EBERT METROPOLITAN DISTRICT,R-MU-20,16335,2025,0,14419016000,VACANT LAND /GENERAL COMMON ELEMENTS
not_clear_individual_owner; sold_after_2021_not_5_year_hold,65 S COLORADO BLVD,80246-1040,DEG REALESTATE LLC,G-RO-5,11827,2025,3150000,512516007000,VACANT LAND
non_residential_zoning; not_clear_individual_owner; sold_after_2021_not_5_year_hold,1133 N CHEROKEE ST,80204-3632,CHEROKEE PARTNERS DENVER LLC,D-GT,7153,2022,2225000,503324047000,VACANT LAND
non_residential_zoning; not_clear_individual_owner; sold_after_2021_not_5_year_hold,1010 N SHERIDAN BLVD,80214-3005,SHERIDAN HOUSING LLC,C-MX-5,21561,2024,850000,506300200000,VACANT LAND
non_residential_zoning; not_clear_individual_owner,196 N RAMPART WAY,,LOWRY COMMUNITY MASTER ASSOCIATION INC,B-3,31286,2006,10,609201030000,VACANT LAND
non_residential_zoning; not_clear_individual_owner; sold_after_2021_not_5_year_hold,18254 E ELMENDORF DR,,FIRST CREEK VILLAGE METROPOLITAN DISTRICT,C-MU-30,19394,2024,10,16100142000,VACANT LAND /GENERAL COMMON ELEMENTS
non_residential_zoning; not_clear_individual_owner; sold_after_2021_not_5_year_hold,4780 N TOWER DR,,EBERT METROPOLITAN DISTRICT,B-3,27829,2025,0,22200085000,VACANT LAND /GENERAL COMMON ELEMENTS
not_clear_individual_owner,71 S ROSLYN ST,,LOWRY VILLAGE II ASSOCIATION INC,R-2-A,8400,2000,10,609312021000,VACANT LAND /GENERAL COMMON ELEMENTS
not_clear_individual_owner,7319 E 5TH AVE,,LOWRY COMMUNITY MASTER ASSOCIATION,R-2-A,39572,2012,0,609202011000,VACANT LAND
non_residential_zoning; not_clear_individual_owner; sold_after_2021_not_5_year_hold,1590 N SHERIDAN BLVD,,SLOAN'S LAKE MGH HOLDINGS LLC,C-MS-8,10550,2026,10,231320039000,VACANT LAND
non_residential_zoning; not_clear_individual_owner,8150 E BAYAUD AVE,,CITY & COUNTY OF DENVER,OS-A,43579,2007,0,609329021000,VACANT LAND /GENERAL COMMON ELEMENTS
non_residential_zoning; not_clear_individual_owner,900 N BANNOCK ST,80204-4028,UNION PACIFIC RAILROAD COMPANY,I-B,50690,1997,0,515500019000,VACANT LAND
tier1_confirmed_basic_filters_before_growth_proximity,2730 W CORNELL AVE APPRX,80236-2831,"ELSNER,CLAUDIA",S-SU-F1,7340,2002,4000,532113071000,VACANT LAND
non_residential_zoning; not_clear_individual_owner; sale_year_unknown_needs_enrichment,9000 E ALAMEDA AVE,,IRG REDEVELOPMENT I LLC,C-MU-20,3380710,,,615200024000,VACANT LAND
non_residential_zoning; not_clear_individual_owner; sold_after_2021_not_5_year_hold,8125 E BELLEVIEW AVE,80237-2901,BELLEVIEW RETAIL LLC,S-MX-8,207350,2025,0,709400077000,VACANT LAND
non_residential_zoning; not_clear_individual_owner,401 W ALAMEDA AVE,,UNION PACIFIC RAILROAD COMPANY,I-B,8380,1997,0,510300010000,VACANT LAND
non_residential_zoning; not_clear_individual_owner,5100 E 34TH AVE,,NEDCO FOR THE ELDERLY INC,E-MU-2.5,13500,1975,10,130133003000,VACANT LAND
non_residential_zoning; not_clear_individual_owner; sold_after_2021_not_5_year_hold,4139 E 8TH AVE,,CITY & COUNTY OF DENVER,C-MU-10,42245,2024,10,606300053000,VACANT LAND /GENERAL COMMON ELEMENTS
non_residential_zoning; not_clear_individual_owner; sale_year_unknown_needs_enrichment,1721 W COLFAX AVE,,MCCLURG FAMILY LLC,I-B,8106,,,504201053000,VACANT LAND
not_clear_individual_owner,904 N ROSLYN CT,,LOWRY COMMUNITY MASTER ASSOCIATION INC,R-2-A,41482,2004,10,604317014000,VACANT LAND /GENERAL COMMON ELEMENTS
non_residential_zoning; not_clear_individual_owner; sold_after_2021_not_5_year_hold,4739 N TOWER DR,80249,DOMUS NOVUS BORROWER 1 LLC,B-3,10605,2023,0,22224136000,VACANT LAND /GENERAL COMMON ELEMENTS
not_clear_individual_owner; sale_year_unknown_needs_enrichment,2900 S QUEBEC ST,80231-4155,TAMARAC PARK,R-1,100452,,,633223025000,VACANT LAND /GENERAL COMMON ELEMENTS
non_residential_zoning; not_clear_individual_owner; sale_year_unknown_needs_enrichment,165 N MADISON ST,80206-5404,SOASIS LLC,C-MX-5,9187,,,512127081000,VACANT LAND
not_clear_individual_owner; sold_after_2021_not_5_year_hold,3451 W WALSH PL,80219-3384,"AHN,JOSEPH LIVING TRUST",E-SU-D1X,8120,2025,10,517304015000,VACANT LAND
not_clear_individual_owner; sale_year_unknown_needs_enrichment,6705 E MISSISSIPPI AVE,,COMMUNITY HOUSING CONCEPTS INC,PUD-G,61186,,,617400186000,VACANT LAND
not_clear_individual_owner,7100 E ARCHER PL APPRX,,CITY & COUNTY OF DENVER,U-SU-B,30994,2017,0,608400053000,VACANT LAND /GENERAL COMMON ELEMENTS
non_residential_zoning; not_clear_individual_owner; sold_after_2021_not_5_year_hold,899 S CHEROKEE ST,,BROADWAY STATION METROPOLITAN DISTRICT NO 1,C-MX-16,72408,2026,0,515500153000,VACANT LAND /GENERAL COMMON ELEMENTS
not_clear_individual_owner; sold_after_2021_not_5_year_hold,10170 E 61ST AVE,,CITY & COUNTY OF DENVER,M-RX-5,105032,2026,10,110100043000,VACANT LAND /GENERAL COMMON ELEMENTS
non_residential_zoning; not_clear_individual_owner; sold_after_2021_not_5_year_hold,21421 E 55TH AVE 21691,,EBERT METROPOLITAN DISTRICT,C-MU-20,155927,2025,0,14121062000,VACANT LAND /GENERAL COMMON ELEMENTS
non_residential_zoning; not_clear_individual_owner,1404 W BAYAUD AVE,,1404 W BAYAUD LLC,I-MX-3,7813,2020,350000,509401038000,VACANT LAND
not_clear_individual_owner; sale_year_unknown_needs_enrichment,4602 S NEWPORT WAY,,MADRE INVESTMENT CO,T-MU-30,93950,,,708411006000,VACANT LAND
not_clear_individual_owner,23600 E 88TH AVE APPRX,,ENCANA OIL & GAS (USA) INC,DIA,415800,2005,0,1218100006000,VACANT LAND /GENERAL COMMON ELEMENTS
non_residential_zoning; not_clear_individual_owner; sale_year_unknown_needs_enrichment,1701 W ASBURY AVE,,CITY & COUNTY OF DENVER,I-MX-3,38400,,,528103007000,VACANT LAND
not_clear_individual_owner,26100 E 88TH AVE APPRX,,CITY & COUNTY OF DENVER,DIA,5256965,1992,2100000,1134100191000,VACANT LAND
not_clear_individual_owner,2965 E CEDAR AVE,80209-3211,BPB CEDAR INVESTMENTS LLC,S-SU-I,12000,2021,0,512403029000,VACANT LAND
non_residential_zoning; not_clear_individual_owner; sale_year_unknown_needs_enrichment,2601 S COLUMBINE ST,80210-6441,CITY & COUNTY OF DENVER,OS-A,11200,,,525323008000,VACANT LAND /GENERAL COMMON ELEMENTS
non_residential_zoning; not_clear_individual_owner,755 S BROADWAY,80209-4005,CITY & COUNTY OF DENVER,C-MX-8,27445,2020,7866000,515500051000,VACANT LAND
not_clear_individual_owner; sale_year_unknown_needs_enrichment,961 S NEWTON ST,,PUBLIC SERVICE CO,E-SU-D1X,19000,,,518420015000,VACANT LAND
non_residential_zoning; not_clear_individual_owner,2300 S SANTA FE DR,,UNION PACIFIC RAILROAD COMPANY,I-A,270000,1997,0,527200024000,VACANT LAND
not_clear_individual_owner; sold_after_2021_not_5_year_hold,8900 E NORTHFIELD BLVD,,CITY & COUNTY OF DENVER,M-IMX-5,33770,2025,0,121100039000,VACANT LAND
non_residential_zoning; not_clear_individual_owner; sale_year_unknown_needs_enrichment,829 S QUEBEC ST,,CITY & COUNTY OF DENVER,S-MU-3,14000,,,617400085000,VACANT LAND
non_residential_zoning; not_clear_individual_owner,3800 W ALAMEDA AVE,80219-1956,CITY & COUNTY OF DENVER,OS-A,52400,2009,450000,518104044000,VACANT LAND
not_clear_individual_owner; sold_after_2021_not_5_year_hold,10220 E 57TH PL APPRX,,CITY & COUNTY OF DENVER,M-RX-5,27936,2026,10,110400015000,VACANT LAND /GENERAL COMMON ELEMENTS
non_residential_zoning; not_clear_individual_owner; sale_year_unknown_needs_enrichment,491 S BROADWAY,,PUBLIC SERVICE COMPANY OF COLORADO,C-MX-16,72720,,,515207023000,VACANT LAND /GENERAL COMMON ELEMENTS
not_clear_individual_owner,4331 W KENYON AVE TR-D,,WESTBRIDGE HOMEOWNERS ASSOCIATION INC,R-2-A,14878,2000,10,806102060000,VACANT LAND /GENERAL COMMON ELEMENTS
non_residential_zoning; sale_year_unknown_needs_enrichment,2030 S YORK ST,80210-4309,COLORADO SEMINARY UNIVERSITY OF DENVER,CMP-EI,21177,,,526109023000,VACANT LAND
not_clear_individual_owner; sold_after_2021_not_5_year_hold,5465 N GALENA CT,,CITY & COUNTY OF DENVER,M-RX-5,40174,2026,10,110100009000,VACANT LAND /GENERAL COMMON ELEMENTS
non_residential_zoning; not_clear_individual_owner; sold_after_2021_not_5_year_hold,1444 N ONEIDA ST,80220-2949,ARI FINANCIAL CO LLLP,E-MS-3,13000,2026,0,605104014000,VACANT LAND
non_residential_zoning; not_clear_individual_owner; sale_year_unknown_needs_enrichment,301 W ASBURY AVE,,ATCHISON TOPEKA & SANTA FE RR CO,I-A,7420,,,527204011000,VACANT LAND
not_clear_individual_owner; sale_year_unknown_needs_enrichment,4110 E WESLEY AVE,80222,PRINCE OF PEACE LUTHERAN CHURCH,S-SU-D,7820,,,630308008000,VACANT LAND
non_residential_zoning; not_clear_individual_owner,17701 E ELMENDORF DR,,FIRST CREEK VILLAGE METROPOLITAN DISTRICT,C-MU-30,7839,2019,0,16100169000,VACANT LAND /GENERAL COMMON ELEMENTS
non_residential_zoning; not_clear_individual_owner,301 N KALAMATH ST,80223-1143,COLORADO HIGH PERFORMANCE TRANSPORTATION ENTERPRISE,I-B,44480,2021,50000000,509100167000,VACANT LAND
not_clear_individual_owner,6530 E DAKOTA AVE,,KBY BUILDING LLC,S-SU-F,8501,2020,1060000,617115010000,VACANT LAND
not_clear_individual_owner; sale_year_unknown_needs_enrichment,3070 E CHERRY CREEK SOUTH DR MISC,,AUSTIN-NOLLSCH DEVELOPMENT LIMITED LIABILITY CO,PUD,7430,,,512402041000,VACANT LAND /GENERAL COMMON ELEMENTS
non_residential_zoning; not_clear_individual_owner; sale_year_unknown_needs_enrichment,107 W HOYE PL APPRX,,BROADWAY STATION METROPOLITAN DIST NO 1,C-MS-12,16288,,,515500103000,VACANT LAND /GENERAL COMMON ELEMENTS
not_clear_individual_owner; sale_year_unknown_needs_enrichment,8900 E ALAMEDA AVE MASTR,,,R-2-A,10800,,,616100025998,VACANT LAND
non_residential_zoning; not_clear_individual_owner; sale_year_unknown_needs_enrichment,3120 W JEWELL AVE,,1951 S FEDERAL BLVD LLC,S-CC-3X,169664,,,529200030000,VACANT LAND
not_clear_individual_owner,6100 W QUINCY AVE APPRX,,BOW-MAR OWNERS INC,R-1,326898,1994,0,913100004000,VACANT LAND /GENERAL COMMON ELEMENTS
not_clear_individual_owner; sale_year_unknown_needs_enrichment,26100 E 88TH AVE APPRX,,CITY & COUNTY OF DENVER,DIA,2835467,,,1232100114000,VACANT LAND
non_residential_zoning; not_clear_individual_owner; sale_year_unknown_needs_enrichment,6810 E ILIFF AVE,,CITY & COUNTY OF DENVER,OS-C,295240,,,629400038000,VACANT LAND /GENERAL COMMON ELEMENTS
not_clear_individual_owner; sale_year_unknown_needs_enrichment,1100 S OSAGE ST,,BRMC LLC,E-RH-2.5,23800,,,521107043000,VACANT LAND
tier1_confirmed_basic_filters_before_growth_proximity,651 N LOWELL BLVD,80204-3101,"THOMAS,SUZANNE P",E-SU-D1X,9400,2020,235000,506520048000,VACANT LAND
non_residential_zoning; not_clear_individual_owner; sale_year_unknown_needs_enrichment,8301 W UNION AVE,,CITY & COUNTY OF DENVER,OS-A,19014,,,911200044000,VACANT LAND /GENERAL COMMON ELEMENTS
non_residential_zoning; not_clear_individual_owner,4902 N BRIGHTON BLVD APPRX,,CITY & COUNTY OF DENVER,I-B,7318,2018,340000,214400135000,VACANT LAND /GENERAL COMMON ELEMENTS
not_clear_individual_owner,1750 S MILWAUKEE ST,,STATE OF COLORADO DEPARTMENT OF TRANSPORTATION,E-SU-D,7360,2000,260000,524318022000,VACANT LAND /GENERAL COMMON ELEMENTS
not_clear_individual_owner,8209 E 5TH AVE,,HAMPSTEAD AT LOWRY HOMEOWNERS ASSOCIATION INC,R-2-A,14947,2002,1,609207021000,VACANT LAND /GENERAL COMMON ELEMENTS
not_clear_individual_owner; sold_after_2021_not_5_year_hold,6250 N 62ND PL,,CITY & COUNTY OF DENVER,M-RX-5,30450,2026,10,110100254000,VACANT LAND /GENERAL COMMON ELEMENTS
non_residential_zoning; not_clear_individual_owner; sold_after_2021_not_5_year_hold,2375 E 1ST AVE #RA,,CHERRY LANE I REDEVELOPMENT OWNER LLC,C-CCN-8,14167,2024,51150000,512228021021,VACANT LAND
non_residential_zoning; not_clear_individual_owner; sale_year_unknown_needs_enrichment,1901 S COLORADO BLVD,,CITY & COUNTY OF DENVER,C-MX-8,72500,,,525101009000,VACANT LAND /GENERAL COMMON ELEMENTS
non_residential_zoning; not_clear_individual_owner; sale_year_unknown_needs_enrichment,801 S BROADWAY ST,,CITY & COUNTY OF DENVER,C-MX-8,13164,,,515500133000,VACANT LAND /GENERAL COMMON ELEMENTS
non_residential_zoning,9900 W STANFORD AVE,80123-1057,"THACKER,GUY W",S-MX-2,31580,2020,290000,910209106000,VACANT LAND
non_residential_zoning; not_clear_individual_owner; sold_after_2021_not_5_year_hold,899 N DECATUR ST,80204-3724,CITY & COUNTY OF DENVER,I-A,15625,2023,1200000,505422009000,VACANT LAND
non_residential_zoning; not_clear_individual_owner,1101 N OSAGE ST,,COLORADO HIGH PERFORMANCE TRANSPORTATION ENTERPRISE,I-A,15493,2021,50000000,504117014000,VACANT LAND
not_clear_individual_owner,648 N ULSTER WAY MISC,,LOWRY COMMUNITY MASTER ASSOCIATION INC,R-2-A,9875,2006,10,604402018000,VACANT LAND /GENERAL COMMON ELEMENTS
not_clear_individual_owner,3450 W GIRARD DR,,TERRACE HILLS HOMEOWNER ASSOCIATION INC,S-SU-D,8072,2015,10,532300034000,VACANT LAND /GENERAL COMMON ELEMENTS
sold_after_2021_not_5_year_hold,10191 E MISSISSIPPI AVE,,"KHASKI,LAILA",S-SU-I,20505,2025,225000,615415010000,VACANT LAND
non_residential_zoning; not_clear_individual_owner,4301 E ILIFF AVE,80222-6016,CITY & COUNTY OF DENVER,OS-A,70785,2019,5100000,630212014000,VACANT LAND
non_residential_zoning; not_clear_individual_owner; sold_after_2021_not_5_year_hold,19180 E 54TH PL,,EBERT METROPOLITAN DISTRICT,C-MU-20,457726,2025,0,15200190000,VACANT LAND /GENERAL COMMON ELEMENTS
non_residential_zoning; not_clear_individual_owner; sold_after_2021_not_5_year_hold,549 N BANNOCK ST,,DENVER HEALTH & HOSPITAL AUTHORITY,C-MX-8,8680,2025,5500000,510203021000,VACANT LAND
not_clear_individual_owner,5536 W PRENTICE CIR,,BOWLES METROPOLITAN DISTRICT,R-1,41208,1998,10,913108031000,VACANT LAND /GENERAL COMMON ELEMENTS
not_clear_individual_owner; sold_after_2021_not_5_year_hold,5972 N GALENA CT APPRX,,CITY & COUNTY OF DENVER,M-RX-5,28270,2026,10,110400029000,VACANT LAND /GENERAL COMMON ELEMENTS
not_clear_individual_owner; sale_year_unknown_needs_enrichment,2801 W TENNESSEE AVE,80219-4114,PUBLIC SERVICE CO,E-SU-D1,7870,,,517400028000,VACANT LAND
non_residential_zoning; not_clear_individual_owner; sale_year_unknown_needs_enrichment,1600 S SANTA FE DR,80223-3619,STATE OF COLORADO DEPARTMENT OF TRANSPORTATION,E-CC-3,10000,,,522605004000,VACANT LAND /GENERAL COMMON ELEMENTS
non_residential_zoning; sale_year_unknown_needs_enrichment,1900 S HIGH ST,80210-3314,COLORADO SEMINARY UNIVERSITY OF DENVER,CMP-EI,53686,,,526201024000,VACANT LAND
not_clear_individual_owner; sale_year_unknown_needs_enrichment,26100 E 88TH AVE APPRX,,CITY & COUNTY OF DENVER,DIA,27495730,,,1226100064000,VACANT LAND
tier1_confirmed_basic_filters_before_growth_proximity,8723 W STETSON PL,,"FOSTER,ROB D",R-1,10800,2015,82000,910107024000,VACANT LAND
non_residential_zoning; not_clear_individual_owner; sale_year_unknown_needs_enrichment,1900 S TRENTON ST,,CITY & COUNTY OF DENVER,OS-C,101833,,,628200019000,VACANT LAND
sale_year_unknown_needs_enrichment,2900 S HOLLY ST,,"GAISER,ROBERT F & ROBERT H",S-SU-D,9600,,,632200002000,VACANT LAND /GENERAL COMMON ELEMENTS
non_residential_zoning; not_clear_individual_owner,2300 W ALAMEDA AVE,80223-1953,LAM ALAMEDA PROPERTIES LLC,E-MX-3A,48810,2021,0,516200046000,VACANT LAND
non_residential_zoning; not_clear_individual_owner; sold_after_2021_not_5_year_hold,5561 N ESPANA ST,,EBERT METROPOLITAN DISTRICT,C-MU-20,8234,2025,0,15100030000,VACANT LAND /GENERAL COMMON ELEMENTS
non_residential_zoning; not_clear_individual_owner; sale_year_unknown_needs_enrichment,5601 E ILIFF AVE,,BOARD OF WATER COMMISSIONERS CITY & COUNTY OF DENVER,OS-C,29800,,,629213008000,VACANT LAND /GENERAL COMMON ELEMENTS
not_clear_individual_owner; sold_after_2021_not_5_year_hold,4559 S KIPLING CIR,,KIPLING WEST HOMEOWNERS ASSOCIATION INC,S-RH-2.5,13168,2024,0,910200012000,VACANT LAND /GENERAL COMMON ELEMENTS
non_residential_zoning; not_clear_individual_owner; sale_year_unknown_needs_enrichment,1059 S BROADWAY,,DENVER BROADWAY STATION LTD,C-MS-12,112248,,,515512001000,VACANT LAND
non_residential_zoning; not_clear_individual_owner,502 N FEDERAL BLVD,,DEPARTMENT OF TRANSPORTATION STATE OF COLORADO,OS-A,62306,2014,0,508100152000,VACANT LAND /GENERAL COMMON ELEMENTS
non_residential_zoning; not_clear_individual_owner; sold_after_2021_not_5_year_hold,5002 N TOWER RD APPRX,,EBERT METROPOLITAN DISTRICT,C-MU-20,7228,2025,0,15300057000,VACANT LAND /GENERAL COMMON ELEMENTS
non_residential_zoning; not_clear_individual_owner; sale_year_unknown_needs_enrichment,1330 N PEARL ST,,PUBLIC SERVICE CO,G-MU-5,12500,,,503109002000,VACANT LAND
non_residential_zoning; not_clear_individual_owner; sale_year_unknown_needs_enrichment,1100 N XANTHIA ST,,CITY & COUNTY OF DENVER,OS-A,31200,,,604131009000,VACANT LAND
not_clear_individual_owner; sale_year_unknown_needs_enrichment,8901 W STANFORD AVE,80123-1812,CITY & COUNTY OF DENVER,R-1,15600,,,910108016000,VACANT LAND /GENERAL COMMON ELEMENTS
not_clear_individual_owner,41 N NEWPORT ST,,BOULEVARD ONE COMMUNITY ASSOCIATION INC,G-RH-3,21859,2017,10,608400035000,VACANT LAND /GENERAL COMMON ELEMENTS
non_residential_zoning; not_clear_individual_owner,1245 N KNOX CT MISC,,REGIONAL TRANSPORTATION DISTRICT,O-1,28864,2010,0,506117020000,VACANT LAND
non_residential_zoning,5001 MORRISON RD,,"CREWS,LEE ANN",E-MX-3,21977,2019,10,518300126000,VACANT LAND
not_clear_individual_owner,820 N QUEBEC ST,,LOWRY COMMUNITY MASTER ASSOCIATION INC,R-2-A,12758,2005,0,604313022000,VACANT LAND /GENERAL COMMON ELEMENTS
non_residential_zoning; not_clear_individual_owner,1240 S SANTA FE DR,80223-3215,FREI INVESTMENTS LLC,E-CC-3,12500,2012,116000,522305004000,VACANT LAND
non_residential_zoning; not_clear_individual_owner; sale_year_unknown_needs_enrichment,2600 W 9TH AVE,,CITY & COUNTY OF DENVER,OS-A,13300,,,505421028000,VACANT LAND
non_residential_zoning; not_clear_individual_owner; sold_after_2021_not_5_year_hold,17601 GREEN VALLEY RANCH BLVD,,EVC-WDG PENA LLC,C-MU-30,29580,2026,0,16100217000,VACANT LAND
not_clear_individual_owner; sold_after_2021_not_5_year_hold,6717 E ARCHER DR,,BOULEVARD ONE COMMUNITY ASSOCIATION INC,G-RH-3,30193,2022,0,608400071000,VACANT LAND /GENERAL COMMON ELEMENTS
non_residential_zoning; not_clear_individual_owner; sale_year_unknown_needs_enrichment,5092 S MONACO ST MISC,,GOLDSMITH METROPOLITAN DISTRICT,B-4,45263,,,708400202000,VACANT LAND /GENERAL COMMON ELEMENTS
not_clear_individual_owner; sold_after_2021_not_5_year_hold,6372 N EMPORIA CT,,CITY & COUNTY OF DENVER,M-RX-5,33330,2026,10,110100231000,VACANT LAND /GENERAL COMMON ELEMENTS
not_clear_individual_owner; sold_after_2021_not_5_year_hold,10108 E 59TH NORTH PL APPRX,,CITY & COUNTY OF DENVER,M-RX-5,85159,2026,10,110400025000,VACANT LAND /GENERAL COMMON ELEMENTS
not_clear_individual_owner; sold_after_2021_not_5_year_hold,6200 N GALENA ST,,CITY & COUNTY OF DENVER,M-RX-5,58856,2026,10,110100253000,VACANT LAND /GENERAL COMMON ELEMENTS
non_residential_zoning; not_clear_individual_owner; sold_after_2021_not_5_year_hold,2601 W 10TH AVE TR E,80204-3327,DENVER HOUSING LLC,C-RX-8,17517,2022,0,505400037000,VACANT LAND /GENERAL COMMON ELEMENTS
non_residential_zoning; not_clear_individual_owner,1030 11TH ST,80204-2025,STATE OF COLORADO,CMP-EI,24800,2012,0,233724031000,VACANT LAND
non_residential_zoning; not_clear_individual_owner,2140 S ALBION ST,80222-4904,Z PORTFOLIO LLC,C-MX-12,11503,2015,0,630217039000,VACANT LAND
not_clear_individual_owner,7903 E 8TH AVE,,LOWRY COMMUNITY MASTER ASSOCIATION INC,R-2-A,9455,2006,10,604330016000,VACANT LAND /GENERAL COMMON ELEMENTS
not_clear_individual_owner; sale_year_unknown_needs_enrichment,26100 E 88TH AVE APPRX,,CITY & COUNTY OF DENVER,DIA,337751,,,1234100086000,VACANT LAND
non_residential_zoning; not_clear_individual_owner; sold_after_2021_not_5_year_hold,5358 ARGONNE ST,,EBERT METROPOLITAN DISTRICT,C-MU-20,16471,2025,0,15200195000,VACANT LAND /GENERAL COMMON ELEMENTS
non_residential_zoning; not_clear_individual_owner,131 N KALAMATH ST,80223-1436,DEPARTMENT OF TRANSPORTATION SATE OF COLORADO,I-A,17349,2012,708200,509614037000,VACANT LAND
non_residential_zoning; not_clear_individual_owner,1400 N KEARNEY ST,,KEYSTONE GROUP LLC,C-MX-5,13900,2019,10,605204008000,VACANT LAND
sold_after_2021_not_5_year_hold,990 S MEADE ST,,SOUTHWEST IMPROVEMENT COUNCIL,E-SU-D1X,8210,2026,10,518423009000,VACANT LAND
non_residential_zoning; not_clear_individual_owner,1100 S QUIVAS ST,80223-3081,CITY & COUNTY OF DENVER,G-MU-3,9900,2012,26000,521201002000,VACANT LAND /GENERAL COMMON ELEMENTS
non_residential_zoning; not_clear_individual_owner,6845 LEETSDALE DR,,JACOB MAZIN COMPANY INC,S-MX-3A,22261,2021,0,617407112000,VACANT LAND
not_clear_individual_owner,905 N ROSEMARY ST,,CITY & COUNTY OF DENVER,R-2-A,27442,2014,0,604317015000,VACANT LAND /GENERAL COMMON ELEMENTS
not_clear_individual_owner; sold_after_2021_not_5_year_hold,9956 E 57TH AVE,,CITY & COUNTY OF DENVER,M-RX-5,66509,2026,10,110400066000,VACANT LAND /GENERAL COMMON ELEMENTS
non_residential_zoning; not_clear_individual_owner; sale_year_unknown_needs_enrichment,4200 E ALAMEDA AVE,,MERVYNS,E-CC-3X,12824,,,607300051000,VACANT LAND
not_clear_individual_owner; sold_after_2021_not_5_year_hold,5400 N JEBEL CT,,EBERT METROPOLITAN DISTRICT,R-MU-20,15824,2025,0,14300099000,VACANT LAND /GENERAL COMMON ELEMENTS
non_residential_zoning; not_clear_individual_owner,1780 S FEDERAL BLVD,,1780 S FEDERAL INVESTMENTS INC,E-MX-3,17200,2004,10,520404008000,VACANT LAND
not_clear_individual_owner; sold_after_2021_not_5_year_hold,6300 N ELMIRA ST,,CITY & COUNTY OF DENVER,M-RX-5,41769,2026,10,110100234000,VACANT LAND /GENERAL COMMON ELEMENTS
non_residential_zoning; not_clear_individual_owner; sale_year_unknown_needs_enrichment,938 S ACOMA ST,,BSP EAST LLC,C-MS-12,19487,,,515508005000,VACANT LAND
non_residential_zoning; not_clear_individual_owner,1351 S ULSTER ST,,VILLAS AT SKYMARK HOMEOWNERS ASSOCIATION,S-MU-3,56553,2000,10,621203076000,VACANT LAND /GENERAL COMMON ELEMENTS
not_clear_individual_owner,862 N ROSLYN ST,,LOWRY COMMUNITY MASTER ASSOCIATION INC,R-2-A,12578,2005,0,604319022000,VACANT LAND /GENERAL COMMON ELEMENTS
not_clear_individual_owner,35 N ONEIDA CT,,BOULEVARD ONE COMMUNITY ASSOCIATION INC,G-RH-3,25779,2017,10,608400043000,VACANT LAND /GENERAL COMMON ELEMENTS
not_clear_individual_owner,28100 E 112TH AVE,,CITY & COUNTY OF DENVER,DIA,27645053,1990,0,1210100021000,VACANT LAND
non_residential_zoning; not_clear_individual_owner; sold_after_2021_not_5_year_hold,21205 E MAXWELL PL,,EBERT METROPOLITAN DISTRICT,C-MU-20,16619,2025,0,14128008000,VACANT LAND /GENERAL COMMON ELEMENTS
non_residential_zoning,2003 S MONACO STREET PKWY,80222-5817,ASSISTANCE LEAGUE OF DENVER,S-MX-3A,27600,2017,2600000,629200061000,VACANT LAND /GENERAL COMMON ELEMENTS
not_clear_individual_owner; sold_after_2021_not_5_year_hold,5642 N GALENA ST APPRX,,CITY & COUNTY OF DENVER,M-RX-5,19407,2026,10,110400012000,VACANT LAND /GENERAL COMMON ELEMENTS
non_residential_zoning; not_clear_individual_owner; sold_after_2021_not_5_year_hold,18200 E 64TH AVE,,TOWER PLAZA LLC,S-MX-12A,177276,2024,3400000,9112003000,VACANT LAND
non_residential_zoning; not_clear_individual_owner; sold_after_2021_not_5_year_hold,4889 N TELLURIDE ST,,EVC-WDG PENA LLC,C-MU-30,166705,2026,0,16100218000,VACANT LAND
not_clear_individual_owner,1 S TAMARAC ST,,LOWRY VILLAGE I ASSOCIATION INC,R-2-A,9387,2000,10,609306027000,VACANT LAND /GENERAL COMMON ELEMENTS
non_residential_zoning; not_clear_individual_owner,1160 S CHEROKEE ST,,H D DIAMOND PROPERTIES LLC,I-A,9370,2005,160000,522302008000,VACANT LAND
not_clear_individual_owner,3237 W CORNELL DR,80236-2711,THB LORETTO LAND LLC,PUD-G 25,33873,2021,14480000,532200049000,VACANT LAND /GENERAL COMMON ELEMENTS
not_clear_individual_owner; sold_after_2021_not_5_year_hold,3005 S MACHEBEUF CT,80236-2711,LORETTO HEIGHTS METROPOLITAN DISTRICT NO 1,PUD-G 24,11486,2022,0,532200056000,VACANT LAND /GENERAL COMMON ELEMENTS
not_clear_individual_owner; sold_after_2021_not_5_year_hold,2992 S MAX DIJULIO CT APPRX,80236-2711,LORETTO LLC,PUD-G 24,63117,2022,0,532222005000,VACANT LAND
not_clear_individual_owner; sale_year_unknown_needs_enrichment,2999 W TENNESSEE AVE,80219-4102,PUBLIC SERVICE CO,E-SU-D1,7870,,,517400004000,VACANT LAND
not_clear_individual_owner; sale_year_unknown_needs_enrichment,108 N DAYTON ST,,LOWRY ECONOMIC REDEVELOPMENT AUTHORITY,R-2-A,10759,,,610200038000,VACANT LAND /GENERAL COMMON ELEMENTS
not_clear_individual_owner,199 N POPLAR ST,,LOWRY COMMUNITY MASTER ASSOCIATION INC,R-2-A,7504,2006,10,608128018000,VACANT LAND /GENERAL COMMON ELEMENTS
not_clear_individual_owner; sale_year_unknown_needs_enrichment,4600 W HAMILTON PL,80236-2101,STATE OF COLORADO DEPARTMENT OF TRANSPORTATION,S-SU-D,180000,,,531300002000,VACANT LAND /GENERAL COMMON ELEMENTS
non_residential_zoning; not_clear_individual_owner; sale_year_unknown_needs_enrichment,8100 E ALAMEDA AVE,,CCRE LLC,O-1,4360263,,,610300003000,VACANT LAND /GENERAL COMMON ELEMENTS
non_residential_zoning; not_clear_individual_owner,4690 S MONACO ST,,PUBLIC SERVICE COMPANY,B-4,83509,2002,1625500,708400128000,VACANT LAND
not_clear_individual_owner,2400 N EMERSON ST,,HARRIS TRUST,U-RH-2.5,9380,2012,0,235211001000,VACANT LAND
non_residential_zoning; not_clear_individual_owner,765 S BROADWAY,80209-4005,CITY & COUNTY OF DENVER,C-MX-8,36115,2019,5850000,515500031000,VACANT LAND
sold_after_2021_not_5_year_hold,1991 S BRYANT ST,,"LOPEZ,MICHAEL",S-SU-F1,20600,2024,0,529102020000,VACANT LAND
not_clear_individual_owner; sale_year_unknown_needs_enrichment,3600 N JOSEPHINE ST,,CENTRAL STATES CONFERENCE CORP OF SEVENTH DAY ADVENTISTS,U-SU-B1,15600,,,225212001000,VACANT LAND
tier1_confirmed_basic_filters_before_growth_proximity,2340 S DECATUR ST,,"TALAMANTES,BERNABE BUSTILLOS",S-SU-F1,17100,2020,150000,529419037000,VACANT LAND
not_clear_individual_owner,905 N ULSTER WAY #TR-A,,COTTAGES AT CRESCENT PARK HOMEOWNERS ASSOCIATION,R-2-A,12800,2006,10,604335014000,VACANT LAND /GENERAL COMMON ELEMENTS
non_residential_zoning; not_clear_individual_owner; sale_year_unknown_needs_enrichment,805 S VALENTIA ST,,FAIRMOUNT CEMETERY COMPANY,OS-B,13290,,,616400037000,VACANT LAND
non_residential_zoning; not_clear_individual_owner; sold_after_2021_not_5_year_hold,18276 E 49TH PL,80203-1776,EBERT METROPOLITAN DISTRICT,C-MU-20,9947,2025,0,16100201000,VACANT LAND /GENERAL COMMON ELEMENTS
not_clear_individual_owner; sold_after_2021_not_5_year_hold,9727 E 56TH PL APPRX,,CITY & COUNTY OF DENVER,M-RX-5,45120,2026,10,110400008000,VACANT LAND /GENERAL COMMON ELEMENTS
not_clear_individual_owner; sold_after_2021_not_5_year_hold,6001 N HANOVER ST APPRX,,CITY & COUNTY OF DENVER,M-RX-5,102943,2026,10,110100307000,VACANT LAND /GENERAL COMMON ELEMENTS
non_residential_zoning; not_clear_individual_owner; sale_year_unknown_needs_enrichment,4801 S MONACO ST,,GOLDSMITH METROPOLITAN DISTRICT,S-MX-12,27943,,,708400153000,VACANT LAND /GENERAL COMMON ELEMENTS
not_clear_individual_owner,501 N JULIAN ST,,CITYZEN DEVELOPMENT LLC,PUD,8625,2016,500000,508306025000,VACANT LAND
not_clear_individual_owner; sold_after_2021_not_5_year_hold,5602 N GALENA ST APPRX,,CITY & COUNTY OF DENVER,M-RX-5,45445,2026,10,110400063000,VACANT LAND /GENERAL COMMON ELEMENTS
non_residential_zoning; not_clear_individual_owner; sale_year_unknown_needs_enrichment,9901 E 47TH AVE MISC,,CITY & COUNTY OF DENVER,C-MU-30,18191,,,122100014000,VACANT LAND /GENERAL COMMON ELEMENTS
non_residential_zoning; not_clear_individual_owner; sold_after_2021_not_5_year_hold,4644 N TOWER RD,,EBERT METROPOLITAN DISTRICT,B-3,71161,2025,0,22200084000,VACANT LAND /GENERAL COMMON ELEMENTS
non_residential_zoning; not_clear_individual_owner; sale_year_unknown_needs_enrichment,2371 E BUCHTEL BLVD,,PUBLIC SERVICE CO,C-MX-12,51300,,,524324015000,VACANT LAND
non_residential_zoning; not_clear_individual_owner; sold_after_2021_not_5_year_hold,1585 N ZENOBIA ST,80204,SLOAN'S LAKE MGH HOLDINGS LLC,C-MS-8,11800,2026,10,231320035000,VACANT LAND
not_clear_individual_owner,2821 E CEDAR AVE,80209-3393,CEDAR LANE AT CHERRY CREEK HOMEOWNERS ASSOCIATION INC,R-1,54511,2015,10,512404022000,VACANT LAND /GENERAL COMMON ELEMENTS
not_clear_individual_owner; sold_after_2021_not_5_year_hold,6269 N DAYTON WAY,,CITY & COUNTY OF DENVER,M-RX-5,11220,2026,10,110100236000,VACANT LAND /GENERAL COMMON ELEMENTS
not_clear_individual_owner,3602 S XENIA CT TR-C,,VILLAGES AT SUNSET CREEK OWNERS ASSOCIATION,S-SU-D,20821,2015,0,704100093000,VACANT LAND /GENERAL COMMON ELEMENTS
sold_after_2021_not_5_year_hold,1567 S HAZEL CT,,"SILVA,SANTIAGO",S-SU-D,8700,2025,0,520302045000,VACANT LAND
non_residential_zoning; not_clear_individual_owner; sale_year_unknown_needs_enrichment,776 N WYANDOT ST,,STATE OF COLORADO DEPARTMENT OF TRANSPORTATION,I-A,10216,,,509207029000,VACANT LAND /GENERAL COMMON ELEMENTS
not_clear_individual_owner; sale_year_unknown_needs_enrichment,8900 E ALAMEDA AVE,,U S REALTY INVESTMENTS,R-2-A,10800,,,616100026000,VACANT LAND /GENERAL COMMON ELEMENTS
not_clear_individual_owner; sold_after_2021_not_5_year_hold,6100 N HANOVER ST TR-C,,CITY & COUNTY OF DENVER,M-RX-5,72958,2026,10,110100221000,VACANT LAND /GENERAL COMMON ELEMENTS
non_residential_zoning; not_clear_individual_owner; sale_year_unknown_needs_enrichment,967 S ACOMA ST APPRX,,BROADWAY STATION METROPOLITAN DIST NO 1,C-MS-12,18615,,,515500100000,VACANT LAND /GENERAL COMMON ELEMENTS
not_clear_individual_owner,32 E FAIRMOUNT DR,,PARK SQUARE AT LOWRY HOMEOWNERS ASSOCIATION,R-2-A,34613,2000,10,609304069000,VACANT LAND
not_clear_individual_owner,50 N MAGNOLIA WAY,,BOULEVARD ONE COMMUNITY ASSOCIATION INC,U-SU-A,7894,2017,10,608400032000,VACANT LAND /GENERAL COMMON ELEMENTS
non_residential_zoning; not_clear_individual_owner; sold_after_2021_not_5_year_hold,8101 E 36TH AVE,,FC TOD MF I LLC,C-MX-16,37406,2026,10,128105005000,VACANT LAND
not_clear_individual_owner,50 S ROSEMARY ST,,LOWRY COMMUNITY MASTER ASSOCIATION INC,R-2-A,9253,2000,0,609310020000,VACANT LAND /GENERAL COMMON ELEMENTS
not_clear_individual_owner; sold_after_2021_not_5_year_hold,9956 E 59TH DR APPRX,,CITY & COUNTY OF DENVER,M-RX-5,53883,2026,10,110400027000,VACANT LAND /GENERAL COMMON ELEMENTS
sold_after_2021_not_5_year_hold,3401 W MISSISSIPPI AVE,,RE VISION,S-SU-D,29769,2026,10,517326141000,VACANT LAND
non_residential_zoning; not_clear_individual_owner,695 WATER ST,,WATER STREET HOLDINGS LLC,C-MU-10,28206,2016,1761000,233307011000,VACANT LAND
non_residential_zoning; not_clear_individual_owner; sold_after_2021_not_5_year_hold,21305 E MAXWELL PL 21395,,EBERT METROPOLITAN DISTRICT,C-MU-20,7326,2025,0,14129013000,VACANT LAND /GENERAL COMMON ELEMENTS
not_clear_individual_owner; sold_after_2021_not_5_year_hold,9111 E 40TH AVE AREA 2,,RUNWAY 35 SOUTH LLC,M-IMX-12,45432,2025,0,122300084000,VACANT LAND
non_residential_zoning; not_clear_individual_owner; sold_after_2021_not_5_year_hold,5297 N TRUCKEE ST,,FIRST CREEK VILLAGE METROPOLITAN DISTRICT,C-MU-30,125995,2024,10,16100139000,VACANT LAND /GENERAL COMMON ELEMENTS
non_residential_zoning; not_clear_individual_owner; sale_year_unknown_needs_enrichment,2001 S FOREST ST,,REGIONAL TRANSPORTATION DISTRICT,S-MX-3A,125000,,,630100001000,VACANT LAND
not_clear_individual_owner,58 N NEWPORT ST APPRX,80230-7144,BOULEVARD ONE COMMUNITY ASSOCIATION INC,U-SU-A,9824,2015,10,608400060000,VACANT LAND /GENERAL COMMON ELEMENTS
not_clear_individual_owner; sold_after_2021_not_5_year_hold,21510 E STOLL PL,,EBERT METROPOLITAN DISTRICT,R-MU-20,14636,2025,0,14421011000,VACANT LAND /GENERAL COMMON ELEMENTS
non_residential_zoning; not_clear_individual_owner; sale_year_unknown_needs_enrichment,700 N ZUNI ST,,GER-NER LAND COMPANY,I-A,46000,,,508100026000,VACANT LAND /GENERAL COMMON ELEMENTS
non_residential_zoning; not_clear_individual_owner; sold_after_2021_not_5_year_hold,5370 N TRUCKEE ST,,FIRST CREEK VILLAGE METROPOLITAN DISTRICT,C-MU-30,86438,2024,10,16100138000,VACANT LAND /GENERAL COMMON ELEMENTS
non_residential_zoning; not_clear_individual_owner; sale_year_unknown_needs_enrichment,400 N VALLEJO ST,,BURLINGTON NORTHERN RR CO PROPERTY TAX DEPARTMENT,I-A,15100,,,509301002000,VACANT LAND
not_clear_individual_owner,7781 E ELLSWORTH AVE TR-G,,PARK SQUARE AT LOWRY HOMEOWNERS ASSOCIATION INC,R-2-A,18625,1998,10,609303022000,VACANT LAND /GENERAL COMMON ELEMENTS
non_residential_zoning; not_clear_individual_owner; sale_year_unknown_needs_enrichment,2701 W 6TH AVE,,STATE OF COLORADO DEPARTMENT OF TRANSPORTATION,I-A,28677,,,508100147000,VACANT LAND /GENERAL COMMON ELEMENTS
non_residential_zoning; not_clear_individual_owner; sold_after_2021_not_5_year_hold,19014 E MAXWELL PL,,EBERT METROPOLITAN DISTRICT,C-MU-20,69476,2025,0,15200184000,VACANT LAND /GENERAL COMMON ELEMENTS
not_clear_individual_owner; sale_year_unknown_needs_enrichment,26100 E 88TH AVE APPRX,,CITY & COUNTY OF DENVER,DIA,6983239,,,1204100002000,VACANT LAND
not_clear_individual_owner; sold_after_2021_not_5_year_hold,5998 N GENEVA CT APPRX,,CITY & COUNTY OF DENVER,M-RX-5,27476,2026,10,110100011000,VACANT LAND /GENERAL COMMON ELEMENTS
not_clear_individual_owner,2600 E CHERRY CREEK SOUTH DR,,COURTYARD AT POLO CREEK ASSOCIATION INC,R-1,30390,1997,10,512420026000,VACANT LAND /GENERAL COMMON ELEMENTS
non_residential_zoning; not_clear_individual_owner; sale_year_unknown_needs_enrichment,2502 W COLFAX AVE,,CITY & COUNTY OF DENVER,OS-C,30400,,,505101032000,VACANT LAND /GENERAL COMMON ELEMENTS
non_residential_zoning; not_clear_individual_owner; sale_year_unknown_needs_enrichment,1506 E 20TH AVE,80218-1126,SISTERS OF CHARITY OF LEAVENWORTH HEALTH SYSTEM INC,CMP-H,56183,,,235300001000,VACANT LAND
non_residential_zoning; not_clear_individual_owner; sold_after_2021_not_5_year_hold,2830 W 9TH AVE,80204-3711,CITY & COUNTY OF DENVER,I-A,26688,2023,0,505422021000,VACANT LAND
not_clear_individual_owner; sold_after_2021_not_5_year_hold,5753 N GENEVA ST APPRX,,CITY & COUNTY OF DENVER,M-RX-5,26727,2026,10,110400016000,VACANT LAND /GENERAL COMMON ELEMENTS
not_clear_individual_owner; sold_after_2021_not_5_year_hold,5802 N GENEVA ST APPRX,,CITY & COUNTY OF DENVER,M-RX-5,29642,2026,10,110400018000,VACANT LAND /GENERAL COMMON ELEMENTS
not_clear_individual_owner,1011 S VALENTIA ST,80247-6812,LIGHTHOUSE AT THE BREAKERS HOMEOWNERS ASSOCIATION,R-2-A,244508,1994,0,616401088000,VACANT LAND /GENERAL COMMON ELEMENTS
sold_after_2021_not_5_year_hold,2490 W ASPEN CT,80219-6021,"CALDERON,ALFREDO AGUIRRE",S-SU-F1,10100,2024,190000,532101085000,VACANT LAND
not_clear_individual_owner; sale_year_unknown_needs_enrichment,71 W BAYAUD AVE,,PROVIDENT INVESTMENT CO,U-RH-2.5,7810,,,510320045000,VACANT LAND
not_clear_individual_owner; sold_after_2021_not_5_year_hold,5984 N FLORENCE ST APPRX,,CITY & COUNTY OF DENVER,M-RX-5,20460,2026,10,110100014000,VACANT LAND /GENERAL COMMON ELEMENTS
not_clear_individual_owner,894 N QUEBEC ST,,CITY & COUNTY OF DENVER,R-2-A,23883,2014,0,604314021000,VACANT LAND /GENERAL COMMON ELEMENTS
non_residential_zoning; not_clear_individual_owner; sale_year_unknown_needs_enrichment,109 W TENNESSEE AVE APPRX,,BROADWAY STATION METROPOLITAN DIST NO 1,C-MS-12,25664,,,515500102000,VACANT LAND /GENERAL COMMON ELEMENTS
non_residential_zoning; not_clear_individual_owner; sale_year_unknown_needs_enrichment,1700 S XAVIER ST,,CITY & COUNTY OF DENVER,OS-A,20800,,,519300016000,VACANT LAND /GENERAL COMMON ELEMENTS
not_clear_individual_owner,2110 LARIMER ST,,"LESSER,FLORENCE S LIVING TRUST",PUD,12557,2011,0,234235004000,VACANT LAND
non_residential_zoning; not_clear_individual_owner; sale_year_unknown_needs_enrichment,6000 LEETSDALE DR,,STATE OF COLORADO DEPARTMENT OF TRANSPORTATION,S-MX-3A,7120,,,617200023000,VACANT LAND /GENERAL COMMON ELEMENTS
non_residential_zoning; not_clear_individual_owner; sold_after_2021_not_5_year_hold,5409 N PICADILLY RD -5529,,EBERT METROPOLITAN DISTRICT,C-MU-20,35553,2025,0,14100017000,VACANT LAND /GENERAL COMMON ELEMENTS
tier1_confirmed_basic_filters_before_growth_proximity,1968 S DECATUR ST,,"URBINA,MOISES",S-SU-F1,17700,2016,100000,529103006000,VACANT LAND
non_residential_zoning; not_clear_individual_owner; sale_year_unknown_needs_enrichment,50 S LIPAN ST,,BURLINGTON NORTHERN RR CO PROPERTY TAX DEPARTMENT,I-A,113457,,,509600062000,VACANT LAND
non_residential_zoning; not_clear_individual_owner,2504 W COLFAX AVE,,CITY & COUNTY OF DENVER,OS-C,9300,2000,630000,505100011000,VACANT LAND /GENERAL COMMON ELEMENTS
non_residential_zoning; not_clear_individual_owner; sold_after_2021_not_5_year_hold,603 S BANNOCK ST APPRX,80204,CITY & COUNTY OF DENVER,C-MX-16,23471,2022,0,515200086000,VACANT LAND /GENERAL COMMON ELEMENTS
not_clear_individual_owner,4501 S BALSAM WAY,,SOUTHWEST AUTOPARK OWNERS ASSOCIATION INC,PUD,14612,2002,0,911200083000,VACANT LAND /GENERAL COMMON ELEMENTS
non_residential_zoning; sale_year_unknown_needs_enrichment,5400 N STEELE ST,,UNION PACIFIC RR CO,I-B,12600,,,213100014000,VACANT LAND
not_clear_individual_owner; sold_after_2021_not_5_year_hold,5860 E JEFFERSON AVE,80237-1196,IVANHOE INVESTORS LLC,S-SU-F,191879,2025,0,705200058000,VACANT LAND
non_residential_zoning; not_clear_individual_owner; sold_after_2021_not_5_year_hold,4828 N HALIFAX ST,,EBERT METROPOLITAN DISTRICT,C-MU-20,27217,2025,0,15410021000,VACANT LAND /GENERAL COMMON ELEMENTS
not_clear_individual_owner,573 N ROSLYN ST,,CITY & COUNTY OF DENVER,R-1,10479,2011,10,609202010000,VACANT LAND /GENERAL COMMON ELEMENTS
non_residential_zoning; not_clear_individual_owner; sale_year_unknown_needs_enrichment,601 S BANNOCK ST,,ATCHISON TOPEKA & SANTA FE RR CO,I-B,50200,,,515200008000,VACANT LAND
non_residential_zoning; not_clear_individual_owner,9090 E LOWRY BLVD,,THIRD WAY CENTER INC,S-MX-5,16450,2011,5099190,610204005000,VACANT LAND
not_clear_individual_owner; sale_year_unknown_needs_enrichment,504 N GOLFERS WAY,,LOWRY ECONOMIC REDEVELOPMENT AUTHORITY,R-2-A,8161,,,610200017000,VACANT LAND /GENERAL COMMON ELEMENTS
non_residential_zoning; not_clear_individual_owner,1451 S BANNOCK ST,,1451 S BANNOCK ST LLC,I-A,8250,2021,450000,522310023000,VACANT LAND
sold_after_2021_not_5_year_hold,2699 W BATES AVE,80236-2808,"REYES,ISMAEL FERNANDEZ",S-SU-F1,23868,2024,200000,532107099000,VACANT LAND
non_residential_zoning; not_clear_individual_owner; sold_after_2021_not_5_year_hold,4205 E 10TH AVE APPRX,80202,CITY & COUNTY OF DENVER,CMP-H,42316,2024,10,606300061000,VACANT LAND /GENERAL COMMON ELEMENTS
not_clear_individual_owner; sale_year_unknown_needs_enrichment,10739 N GUN CLUB RD,,CITY & COUNTY OF DENVER,DIA,16994895,,,1112100001000,VACANT LAND
not_clear_individual_owner,6900 W GRANT RANCH BLVD TR,,POPPY HILLS OWNERS ASSOCIATION INC,R-2-A,12980,1998,0,914501101000,VACANT LAND /GENERAL COMMON ELEMENTS
not_clear_individual_owner,4513 S BALSAM WAY,,LAKESHORE VILLAGE HOMEOWNERS ASSOC,PUD,13369,2005,0,911200082000,VACANT LAND /GENERAL COMMON ELEMENTS
non_residential_zoning; not_clear_individual_owner; sold_after_2021_not_5_year_hold,2276 S JOSEPHINE ST,80210-4806,JOSEPHINE PEAKS LLC,G-MU-3,7500,2022,860000,525223007000,VACANT LAND
non_residential_zoning; not_clear_individual_owner; sold_after_2021_not_5_year_hold,4575 N TOWER RD,,CPG LAND LLC,C-MU-20,197681,2026,3200000,21100077000,VACANT LAND
non_residential_zoning; not_clear_individual_owner,1198 N SHERIDAN BLVD,,REGIONAL TRANSPORTATION DISTRICT,O-1,103584,2010,0,506310005000,VACANT LAND /GENERAL COMMON ELEMENTS
not_clear_individual_owner; sold_after_2021_not_5_year_hold,5701 N GALENA ST,,CITY & COUNTY OF DENVER,M-RX-5,805259,2026,10,110400060000,VACANT LAND /GENERAL COMMON ELEMENTS
non_residential_zoning; not_clear_individual_owner,800 N ALCOTT ST,,CITY & COUNTY OF DENVER,OS-C,46900,1992,0,505400001000,VACANT LAND /GENERAL COMMON ELEMENTS
not_clear_individual_owner,26100 E 88TH AVE APPRX,,CITY & COUNTY OF DENVER,DIA,1764054,1989,0,1135100002000,VACANT LAND
not_clear_individual_owner; sale_year_unknown_needs_enrichment,1000 S ELIOT ST,80219-4116,CITY & COUNTY OF DENVER,E-TU-C,40800,,,517400115000,VACANT LAND /GENERAL COMMON ELEMENTS
not_clear_individual_owner; sale_year_unknown_needs_enrichment,1750 S FILLMORE ST,,CITY & COUNTY OF DENVER,E-SU-D,7200,,,524319022000,VACANT LAND /GENERAL COMMON ELEMENTS
non_residential_zoning; not_clear_individual_owner; sale_year_unknown_needs_enrichment,1100 N XINCA CT,,CITY & COUNTY OF DENVER,I-B,16200,,,504300060000,VACANT LAND
not_clear_individual_owner; sale_year_unknown_needs_enrichment,26100 E 88TH AVE APPRX,,CITY & COUNTY OF DENVER,DIA,3911257,,,1306100012000,VACANT LAND
non_residential_zoning; not_clear_individual_owner; sale_year_unknown_needs_enrichment,1000 W WESLEY AVE,,,I-B,563576,,,528415003998,VACANT LAND
non_residential_zoning; not_clear_individual_owner; sale_year_unknown_needs_enrichment,401 E MISSISSIPPI AVE,,REGIONAL TRANSPORTATION DISTRICT,U-MX-3,51900,,,515600043000,VACANT LAND /GENERAL COMMON ELEMENTS
non_residential_zoning; not_clear_individual_owner; sold_after_2021_not_5_year_hold,1700 N JULIAN ST,80204-1621,1700 JULIAN LLC,G-MU-3,41311,2026,10,232316092000,VACANT LAND
not_clear_individual_owner,5799 W BERRY AVE,,BOWLES METROPOLITAN DISTRICT,R-1,82916,1998,10,913110041000,VACANT LAND /GENERAL COMMON ELEMENTS
not_clear_individual_owner; sold_after_2021_not_5_year_hold,17600 GREEN VALLEY RANCH BLVD,,EBERT METROPOLITAN DISTRICT,PUD,72752,2025,0,21100040000,VACANT LAND /GENERAL COMMON ELEMENTS
not_clear_individual_owner; sold_after_2021_not_5_year_hold,21202 E 48TH DR,,EBERT METROPOLITAN DISTRICT,R-MU-20,61882,2025,0,23114020000,VACANT LAND /GENERAL COMMON ELEMENTS
not_clear_individual_owner,1540 LITTLE RAVEN ST #TR-A,,SHI DENVER LLC,PUD,23919,2012,9400000,233213089000,VACANT LAND /GENERAL COMMON ELEMENTS
not_clear_individual_owner,501 N JULIAN ST,,CITYZEN DEVELOPMENT LLC,PUD,8625,2016,500000,508306024000,VACANT LAND
non_residential_zoning,2465 S DOWNING ST,80210-5822,PORTERCARE ADVENTIST HEALTH SYSTEM,E-MX-2A,37500,1996,0,526406011000,VACANT LAND
non_residential_zoning; not_clear_individual_owner; sale_year_unknown_needs_enrichment,300 N UMATILLA ST,,BURLINGTON NORTHERN RR CO PROPERTY TAX DEPARTMENT,I-B,10500,,,509309001000,VACANT LAND
not_clear_individual_owner,4374 W ALAMEDA AVE,80219-2407,AVR NEVADA LLC,E-TU-C,12188,2021,3750000,518201037000,VACANT LAND
not_clear_individual_owner; sale_year_unknown_needs_enrichment,4401 S FIELD ST,,CITY & COUNTY OF DENVER,R-1,18100,,,910101008000,VACANT LAND /GENERAL COMMON ELEMENTS
not_clear_individual_owner,1801 N HIGH ST,80218-1307,COLUMBIA-HEALTHONE LLC,R-4,19950,1995,192165000,235509021000,VACANT LAND
non_residential_zoning,2058 S NAVAJO ST,,TCB MANAGEMENT,I-B,10030,2007,750000,528106009000,VACANT LAND
non_residential_zoning; not_clear_individual_owner,703 N OSAGE ST APPRX,,701 OSAGE OWNER LLC,I-A,8035,2018,0,509200098000,VACANT LAND /GENERAL COMMON ELEMENTS
