neighborhood,address,issuedDate,issuedYear,buildType,permitClass,units,valuation,contractor,permitNumber,apn,lat,lng
"","4512 8th, DENVER, CO","2026-07-21","2026","single_family_or_duplex","New Building","0","274252","Titus Development Inc","2026-RESCON-0000902","0506621001000","39.77991338514652","-104.68166442678827"
"","4200 W 46th AVE 1/2 Duplex, DENVER, CO","2026-03-13","2026","single_family_or_duplex","New Building","1","325000","Dougherty Land Builders","2025-RESCON-0002490","0219121030000","39.77991338514652","-104.68166442678827"
"","430 W 2nd AVE SFR, DENVER, CO","2026-03-02","2026","single_family_or_duplex","New Building","1","500000","Bill'S Noreside Construction Inc","2023-RESCON-0004259","0510237047000","39.77991338514652","-104.68166442678827"
"","4833 10th, DENVER, CO","2024-12-20","2024","single_family_or_duplex","New Building","1","285000","Gramercy Builders Llc","2024-RESCON-0000206","0506300046000","39.77991338514652","-104.68166442678827"
"","4821 10th, DENVER, CO","2024-12-20","2024","single_family_or_duplex","New Building","1","270000","Gramercy Builders Llc","2024-RESCON-0000200","0506300046000","39.77991338514652","-104.68166442678827"
"","4823 10th, DENVER, CO","2024-12-20","2024","single_family_or_duplex","New Building","1","269000","Gramercy Builders Llc","2024-RESCON-0000201","0506300046000","39.77991338514652","-104.68166442678827"
"","4563 N Winona ST 1/2 SFD, DENVER, CO","2024-03-05","2024","single_family_or_duplex","New Building","1","250000","Clean Cut Contractors","2024-RESCON-0000610","0219204023000","39.77991338514652","-104.68166442678827"
"Central Park","3566 N Ulster St 147 Unit, DENVER, CO","2026-07-07","2026","townhome_or_attached","New Building","1","257585","R.G. Brinkmann Company Dba Brinkmann Constructors","2023-RESCON-0003320","0128601001000","39.766739405571876","-104.89417921180313"
"Central Park","3567 N Uinta St 50 Unit, DENVER, CO","2026-07-07","2026","townhome_or_attached","New Building","1","257585","R.G. Brinkmann Company Dba Brinkmann Constructors","2023-RESCON-0003859","0128601001000","39.76639965582491","-104.89270941531726"
"Central Park","8165 E 35th Ave 90 Unit, DENVER, CO","2026-07-07","2026","townhome_or_attached","New Building","1","257585","R.G. Brinkmann Company Dba Brinkmann Constructors","2023-RESCON-0004195","0128601001000","39.76564529943623","-104.89335626147361"
"Central Park","3557 N Uinta St 56 Unit, DENVER, CO","2026-07-07","2026","townhome_or_attached","New Building","1","257585","R.G. Brinkmann Company Dba Brinkmann Constructors","2023-RESCON-0003865","0128601001000","39.76637524930895","-104.89330014266979"
"Central Park","8105 E 35th Ave 111 Unit, DENVER, CO","2026-07-07","2026","townhome_or_attached","New Building","1","257585","R.G. Brinkmann Company Dba Brinkmann Constructors","2023-RESCON-0004216","0128601001000","39.765402322869214","-104.894151635954"
"Central Park","8185 E 35th Ave 82 Unit, DENVER, CO","2026-07-07","2026","townhome_or_attached","New Building","1","257585","R.G. Brinkmann Company Dba Brinkmann Constructors","2023-RESCON-0003892","0128601001000","39.765398818917824","-104.892938635447"
"Central Park","3537 N Uinta St 65 Unit, DENVER, CO","2026-07-07","2026","townhome_or_attached","New Building","1","257585","R.G. Brinkmann Company Dba Brinkmann Constructors","2023-RESCON-0003874","0128601001000","39.766133377299745","-104.89271172191046"
"Central Park","3556 N Ulster St 137 Unit, DENVER, CO","2026-07-07","2026","townhome_or_attached","New Building","1","257585","R.G. Brinkmann Company Dba Brinkmann Constructors","2023-RESCON-0003309","0128601001000","39.7663827555619","-104.8936913827052"
"Central Park","8162 E 36th Ave 28 Unit, DENVER, CO","2026-07-07","2026","townhome_or_attached","New Building","1","257585","R.G. Brinkmann Company Dba Brinkmann Constructors","2023-RESCON-0003708","0128601001000","39.76704257340937","-104.89334417055676"
"Central Park","8102 E 36th Ave 5 Unit, DENVER, CO","2026-07-07","2026","townhome_or_attached","New Building","1","257585","R.G. Brinkmann Company Dba Brinkmann Constructors","2023-RESCON-0003361","0128601001000","39.76714709413256","-104.89391600172074"
"Central Park","8185 E 35th Ave 85 Unit, DENVER, CO","2026-07-07","2026","townhome_or_attached","New Building","1","257585","R.G. Brinkmann Company Dba Brinkmann Constructors","2023-RESCON-0003895","0128601001000","39.76539938753164","-104.89304890584262"
"Central Park","3536 N Ulster St 122 Unit, DENVER, CO","2026-07-07","2026","townhome_or_attached","New Building","1","257585","R.G. Brinkmann Company Dba Brinkmann Constructors","2023-RESCON-0003294","0128601001000","39.76591584634911","-104.89418277116451"
"Central Park","3566 N Ulster St 145 Unit, DENVER, CO","2026-07-07","2026","townhome_or_attached","New Building","1","257585","R.G. Brinkmann Company Dba Brinkmann Constructors","2023-RESCON-0003317","0128601001000","39.766646070251014","-104.89418001835392"
"Central Park","3547 N Uinta St 59 Unit, DENVER, CO","2026-07-07","2026","townhome_or_attached","New Building","1","257585","R.G. Brinkmann Company Dba Brinkmann Constructors","2023-RESCON-0003868","0128601001000","39.766172145434886","-104.89330901492768"
"Central Park","8182 E 36th Ave 31 Unit, DENVER, CO","2026-07-07","2026","townhome_or_attached","New Building","1","257585","R.G. Brinkmann Company Dba Brinkmann Constructors","2023-RESCON-0003712","0128601001000","39.76714256715977","-104.89303737142171"
"Central Park","8185 E 35th Ave 87 Unit, DENVER, CO","2026-07-07","2026","townhome_or_attached","New Building","1","257585","R.G. Brinkmann Company Dba Brinkmann Constructors","2023-RESCON-0003897","0128601001000","39.76540030443905","-104.89322676249024"
"Central Park","3516 N Ulster St 114 Unit, DENVER, CO","2026-07-07","2026","townhome_or_attached","New Building","1","257585","R.G. Brinkmann Company Dba Brinkmann Constructors","2023-RESCON-0003267","0128601001000","39.76571526782257","-104.89414893157553"
"Central Park","3567 N Uinta St 48 Unit, DENVER, CO","2026-07-07","2026","townhome_or_attached","New Building","1","257585","R.G. Brinkmann Company Dba Brinkmann Constructors","2023-RESCON-0003857","0128601001000","39.766490226762706","-104.89270507343383"
"Central Park","8102 E 36th Ave 4 Unit, DENVER, CO","2026-07-07","2026","townhome_or_attached","New Building","1","257585","R.G. Brinkmann Company Dba Brinkmann Constructors","2023-RESCON-0003360","0128601001000","39.76715582397345","-104.89401197489434"
"Central Park","8162 E 36th Ave 22 Unit, DENVER, CO","2026-07-07","2026","townhome_or_attached","New Building","1","257585","R.G. Brinkmann Company Dba Brinkmann Constructors","2023-RESCON-0003702","0128601001000","39.76672692016391","-104.89335401668721"
"Central Park","8122 E 36th Ave 15 Unit, DENVER, CO","2026-07-07","2026","townhome_or_attached","New Building","1","257585","R.G. Brinkmann Company Dba Brinkmann Constructors","2023-RESCON-0003695","0128601001000","39.76671683775832","-104.89352841335197"
"Central Park","3587 N Uinta St 40 Unit, DENVER, CO","2026-07-07","2026","townhome_or_attached","New Building","1","257585","R.G. Brinkmann Company Dba Brinkmann Constructors","2023-RESCON-0003849","0128601001000","39.766836921358575","-104.89285859321767"
"Central Park","8122 E 36th Ave 11 Unit, DENVER, CO","2026-07-07","2026","townhome_or_attached","New Building","1","257585","R.G. Brinkmann Company Dba Brinkmann Constructors","2023-RESCON-0003690","0128601001000","39.76695017378537","-104.89352639481967"
"Central Park","8102 E 36th Ave 6 Unit, DENVER, CO","2026-07-07","2026","townhome_or_attached","New Building","1","257585","R.G. Brinkmann Company Dba Brinkmann Constructors","2023-RESCON-0003362","0128601001000","39.76714945463382","-104.89384127681805"
"Central Park","8105 E 35th Ave 109 Unit, DENVER, CO","2026-07-07","2026","townhome_or_attached","New Building","1","257585","R.G. Brinkmann Company Dba Brinkmann Constructors","2023-RESCON-0004214","0128601001000","39.76540137073946","-104.89396666623634"
"Central Park","8105 E 35th Ave 104 Unit, DENVER, CO","2026-07-07","2026","townhome_or_attached","New Building","1","257585","R.G. Brinkmann Company Dba Brinkmann Constructors","2023-RESCON-0004209","0128601001000","39.765397123576264","-104.89367500580441"
"Central Park","8165 E 35th Ave 92 Unit, DENVER, CO","2026-07-07","2026","townhome_or_attached","New Building","1","257585","R.G. Brinkmann Company Dba Brinkmann Constructors","2023-RESCON-0004197","0128601001000","39.76578533867281","-104.89336216428126"
"Central Park","3516 N Ulster 113, DENVER, CO","2026-07-07","2026","single_family_or_duplex","New Building","1","257585","R.G. Brinkmann Company Dba Brinkmann Constructors","2023-RESCON-0001784","0128601001000","39.7657072338052","-104.89418813112391"
"Central Park","3557 N Uinta St 54 Unit, DENVER, CO","2026-07-07","2026","townhome_or_attached","New Building","1","257585","R.G. Brinkmann Company Dba Brinkmann Constructors","2023-RESCON-0003863","0128601001000","39.76638013451783","-104.89318270889751"
"Central Park","3566 N Ulster St 141 Unit, DENVER, CO","2026-07-07","2026","townhome_or_attached","New Building","1","257585","R.G. Brinkmann Company Dba Brinkmann Constructors","2023-RESCON-0003313","0128601001000","39.76640998905579","-104.89418205842374"
"Central Park","3537 N Uinta St 69 Unit, DENVER, CO","2026-07-07","2026","townhome_or_attached","New Building","1","257585","R.G. Brinkmann Company Dba Brinkmann Constructors","2023-RESCON-0003878","0128601001000","39.76589729608458","-104.89271376690965"
"Central Park","3536 N Ulster St 124 Unit, DENVER, CO","2026-07-07","2026","townhome_or_attached","New Building","1","257585","R.G. Brinkmann Company Dba Brinkmann Constructors","2023-RESCON-0003296","0128601001000","39.7660613565844","-104.89418507106761"
"Central Park","3567 N Uinta St 46 Unit, DENVER, CO","2026-07-07","2026","townhome_or_attached","New Building","1","257585","R.G. Brinkmann Company Dba Brinkmann Constructors","2023-RESCON-0003855","0128601001000","39.76663844542298","-104.89270023216463"
"Central Park","3537 N Uinta St 71 Unit, DENVER, CO","2026-07-07","2026","townhome_or_attached","New Building","1","257585","R.G. Brinkmann Company Dba Brinkmann Constructors","2023-RESCON-0003880","0128601001000","39.76580941520428","-104.89270741357554"
"Central Park","3546 N Ulster St 132 Unit, DENVER, CO","2026-07-07","2026","townhome_or_attached","New Building","1","257585","R.G. Brinkmann Company Dba Brinkmann Constructors","2023-RESCON-0003304","0128601001000","39.76617079329062","-104.89357938199018"
"Central Park","3536 N Ulster St 120 Unit, DENVER, CO","2026-07-07","2026","townhome_or_attached","New Building","1","257585","R.G. Brinkmann Company Dba Brinkmann Constructors","2023-RESCON-0003292","0128601001000","39.76582523872441","-104.89417999684042"
"Central Park","3517 N Uinta St 76 Unit, DENVER, CO","2026-07-07","2026","townhome_or_attached","New Building","1","257585","R.G. Brinkmann Company Dba Brinkmann Constructors","2023-RESCON-0003885","0128601001000","39.76570594337051","-104.89287194494297"
"Central Park","3586 N Ulster St 150 Unit, DENVER, CO","2026-07-07","2026","townhome_or_attached","New Building","1","257585","R.G. Brinkmann Company Dba Brinkmann Constructors","2023-RESCON-0003336","0128601001000","39.76684351912936","-104.89413918135568"
"Central Park","3517 N Uinta St 74 Unit, DENVER, CO","2026-07-07","2026","townhome_or_attached","New Building","1","257585","R.G. Brinkmann Company Dba Brinkmann Constructors","2023-RESCON-0003883","0128601001000","39.76570261111081","-104.89275814071875"
"Central Park","8162 E 36th Ave 24 Unit, DENVER, CO","2026-07-07","2026","townhome_or_attached","New Building","1","257585","R.G. Brinkmann Company Dba Brinkmann Constructors","2023-RESCON-0003704","0128601001000","39.7668174727827","-104.89334611843466"
"Central Park","3516 N Ulster St 116 Unit, DENVER, CO","2026-07-07","2026","townhome_or_attached","New Building","1","257585","R.G. Brinkmann Company Dba Brinkmann Constructors","2023-RESCON-0003269","0128601001000","39.765709136733186","-104.89402447962607"
"Central Park","3566 N Ulster St 143 Unit, DENVER, CO","2026-07-07","2026","townhome_or_attached","New Building","1","257585","R.G. Brinkmann Company Dba Brinkmann Constructors","2023-RESCON-0003315","0128601001000","39.76650330517779","-104.89417769472027"
"Central Park","3567 N Uinta St 44 Unit, DENVER, CO","2026-07-07","2026","townhome_or_attached","New Building","1","257585","R.G. Brinkmann Company Dba Brinkmann Constructors","2023-RESCON-0003853","0128601001000","39.766729053955466","-104.89270300460058"
"Central Park","3537 N Uinta St 67 Unit, DENVER, CO","2026-07-07","2026","townhome_or_attached","New Building","1","257585","R.G. Brinkmann Company Dba Brinkmann Constructors","2023-RESCON-0003876","0128601001000","39.766042769647804","-104.89270894947894"
"Central Park","8102 E 36th Ave 2 Unit, DENVER, CO","2026-07-07","2026","townhome_or_attached","New Building","1","257585","R.G. Brinkmann Company Dba Brinkmann Constructors","2023-RESCON-0003358","0128601001000","39.76715370137623","-104.89413294338306"
"Central Park","8125 E 35th Ave 97 Unit, DENVER, CO","2026-07-07","2026","townhome_or_attached","New Building","1","257585","R.G. Brinkmann Company Dba Brinkmann Constructors","2023-RESCON-0004202","0128601001000","39.76588231635154","-104.89353563247907"
"Central Park","3586 N Ulster St 152 Unit, DENVER, CO","2026-07-07","2026","townhome_or_attached","New Building","1","257585","R.G. Brinkmann Company Dba Brinkmann Constructors","2023-RESCON-0003338","0128601001000","39.766842914914776","-104.8940217943136"
"Central Park","3556 N Ulster St 135 Unit, DENVER, CO","2026-07-07","2026","townhome_or_attached","New Building","1","257585","R.G. Brinkmann Company Dba Brinkmann Constructors","2023-RESCON-0003307","0128601001000","39.76638218755014","-104.89358111075765"
"Central Park","3546 N Ulster St 130 Unit, DENVER, CO","2026-07-07","2026","townhome_or_attached","New Building","1","257585","R.G. Brinkmann Company Dba Brinkmann Constructors","2023-RESCON-0003302","0128601001000","39.76617416139807","-104.89370030131153"
"Central Park","8182 E 36th Ave 35 Unit, DENVER, CO","2026-07-07","2026","townhome_or_attached","New Building","1","257585","R.G. Brinkmann Company Dba Brinkmann Constructors","2023-RESCON-0003716","0128601001000","39.7671436978603","-104.89272431422515"
"Central Park","8125 E 35th Ave 101 Unit, DENVER, CO","2026-07-07","2026","townhome_or_attached","New Building","1","257585","R.G. Brinkmann Company Dba Brinkmann Constructors","2023-RESCON-0004206","0128601001000","39.765646234199146","-104.89353767470432"
"Central Park","8125 E 35th Ave 99 Unit, DENVER, CO","2026-07-07","2026","townhome_or_attached","New Building","1","257585","R.G. Brinkmann Company Dba Brinkmann Constructors","2023-RESCON-0004204","0128601001000","39.765788981905665","-104.89353643986902"
"Central Park","3536 N Ulster St 126 Unit, DENVER, CO","2026-07-07","2026","townhome_or_attached","New Building","1","257585","R.G. Brinkmann Company Dba Brinkmann Constructors","2023-RESCON-0003298","0128601001000","39.76614641902045","-104.89417722140695"
"Central Park","8105 E 35th Ave 106 Unit, DENVER, CO","2026-07-07","2026","townhome_or_attached","New Building","1","257585","R.G. Brinkmann Company Dba Brinkmann Constructors","2023-RESCON-0004211","0128601001000","39.765400857933834","-104.89386706715973"
"Central Park","3547 N Uinta St 61 Unit, DENVER, CO","2026-07-07","2026","townhome_or_attached","New Building","1","257585","R.G. Brinkmann Company Dba Brinkmann Constructors","2023-RESCON-0003870","0128601001000","39.76616603179517","-104.89318811938911"
"Central Park","8185 E 35th Ave 80 Unit, DENVER, CO","2026-07-07","2026","townhome_or_attached","New Building","1","257585","R.G. Brinkmann Company Dba Brinkmann Constructors","2023-RESCON-0003890","0128601001000","39.76539517479947","-104.89276436086011"
"Central Park","3587 N Uinta St 38 Unit, DENVER, CO","2026-07-07","2026","townhome_or_attached","New Building","1","257585","R.G. Brinkmann Company Dba Brinkmann Constructors","2023-RESCON-0003847","0128601001000","39.76683907934652","-104.89274473960202"
"Central Park","8165 E 35th Ave 94 Unit, DENVER, CO","2026-07-07","2026","townhome_or_attached","New Building","1","257585","R.G. Brinkmann Company Dba Brinkmann Constructors","2023-RESCON-0004199","0128601001000","39.76587590965561","-104.89335782327913"
"Central Park","8162 E 36th Ave 26 Unit, DENVER, CO","2026-07-07","2026","townhome_or_attached","New Building","1","257585","R.G. Brinkmann Company Dba Brinkmann Constructors","2023-RESCON-0003706","0128601001000","39.766954747596344","-104.8933484878943"
"Central Park","8182 E 36th Ave 33 Unit, DENVER, CO","2026-07-07","2026","townhome_or_attached","New Building","1","257585","R.G. Brinkmann Company Dba Brinkmann Constructors","2023-RESCON-0003714","0128601001000","39.7671498486676","-104.89285232580582"
"Central Park","8122 E 36th Ave 9 Unit, DENVER, CO","2026-07-07","2026","townhome_or_attached","New Building","1","257585","R.G. Brinkmann Company Dba Brinkmann Constructors","2023-RESCON-0003687","0128601001000","39.76704623499359","-104.89352200646213"
"Central Park","8122 E 36th Ave 13 Unit, DENVER, CO","2026-07-07","2026","townhome_or_attached","New Building","1","257585","R.G. Brinkmann Company Dba Brinkmann Constructors","2023-RESCON-0003692","0128601001000","39.76681017217162","-104.89352760594066"
"Central Park","3586 N Ulster St 153 Unit, DENVER, CO","2026-07-07","2026","townhome_or_attached","New Building","1","224613","R.G. Brinkmann Company Dba Brinkmann Constructors","2023-RESCON-0003339","0128601001000","39.76684520222833","-104.8939328410061"
"Central Park","3556 N Ulster St 138 Unit, DENVER, CO","2026-07-07","2026","townhome_or_attached","New Building","1","224613","R.G. Brinkmann Company Dba Brinkmann Constructors","2023-RESCON-0003310","0128601001000","39.766388685508524","-104.89377670822886"
"Central Park","8162 E 36th Ave 20 Unit, DENVER, CO","2026-07-07","2026","townhome_or_attached","New Building","1","224613","R.G. Brinkmann Company Dba Brinkmann Constructors","2023-RESCON-0003700","0128601001000","39.7666719259086","-104.89333670589961"
"Central Park","3517 N Uinta St 77 Unit, DENVER, CO","2026-07-07","2026","townhome_or_attached","New Building","1","224613","R.G. Brinkmann Company Dba Brinkmann Constructors","2023-RESCON-0003886","0128601001000","39.76569814825266","-104.89295738725336"
"Central Park","3547 N Uinta St 62 Unit, DENVER, CO","2026-07-07","2026","townhome_or_attached","New Building","1","224613","R.G. Brinkmann Company Dba Brinkmann Constructors","2023-RESCON-0003871","0128601001000","39.766171100281824","-104.89310625627968"
"Central Park","3557 N Uinta St 53 Unit, DENVER, CO","2026-07-07","2026","townhome_or_attached","New Building","1","224613","R.G. Brinkmann Company Dba Brinkmann Constructors","2023-RESCON-0003862","0128601001000","39.766379731079184","-104.89310445022493"
"Central Park","3587 N Uinta St 41 Unit, DENVER, CO","2026-07-07","2026","townhome_or_attached","New Building","1","224613","R.G. Brinkmann Company Dba Brinkmann Constructors","2023-RESCON-0003850","0128601001000","39.76684010677216","-104.89294394182683"
"Central Park","3546 N Ulster St 129 Unit, DENVER, CO","2026-07-07","2026","townhome_or_attached","New Building","1","224613","R.G. Brinkmann Company Dba Brinkmann Constructors","2023-RESCON-0003301","0128601001000","39.766166310730505","-104.89377507382152"
"Central Park","8122 E 36th Ave 17 Unit, DENVER, CO","2026-07-07","2026","townhome_or_attached","New Building","1","224613","R.G. Brinkmann Company Dba Brinkmann Constructors","2023-RESCON-0003697","0128601001000","39.76667289735411","-104.89352523613519"
"Central Park","3516 N Ulster St 117 Unit, DENVER, CO","2026-07-07","2026","townhome_or_attached","New Building","1","224613","R.G. Brinkmann Company Dba Brinkmann Constructors","2023-RESCON-0003270","0128601001000","39.7657087155464","-104.8939426657392"
"Central Park","8102 E 36th Ave 3 Unit, DENVER, CO","2026-07-07","2026","townhome_or_attached","New Building","1","220930","R.G. Brinkmann Company Dba Brinkmann Constructors","2023-RESCON-0003359","0128601001000","39.7671532985754","-104.8940546850086"
"Central Park","3537 N Uinta St 68 Unit, DENVER, CO","2026-07-07","2026","townhome_or_attached","New Building","1","220930","R.G. Brinkmann Company Dba Brinkmann Constructors","2023-RESCON-0003877","0128601001000","39.76595774400764","-104.89272391518509"
"Central Park","8162 E 36th Ave 25 Unit, DENVER, CO","2026-07-07","2026","townhome_or_attached","New Building","1","220930","R.G. Brinkmann Company Dba Brinkmann Constructors","2023-RESCON-0003705","0128601001000","39.76687230204855","-104.89333141460615"
"Central Park","8165 E 35th Ave 91 Unit, DENVER, CO","2026-07-07","2026","townhome_or_attached","New Building","1","220930","R.G. Brinkmann Company Dba Brinkmann Constructors","2023-RESCON-0004196","0128601001000","39.765713872713555","-104.89334499625281"
"Central Park","8182 E 36th Ave 34 Unit, DENVER, CO","2026-07-07","2026","townhome_or_attached","New Building","1","220930","R.G. Brinkmann Company Dba Brinkmann Constructors","2023-RESCON-0003715","0128601001000","39.76714411989364","-104.89280612977927"
"Central Park","8105 E 35th Ave 105 Unit, DENVER, CO","2026-07-07","2026","townhome_or_attached","New Building","1","220930","R.G. Brinkmann Company Dba Brinkmann Constructors","2023-RESCON-0004210","0128601001000","39.76540303521164","-104.89375677185011"
"Central Park","8185 E 35th Ave 86 Unit, DENVER, CO","2026-07-07","2026","townhome_or_attached","New Building","1","220930","R.G. Brinkmann Company Dba Brinkmann Constructors","2023-RESCON-0003896","0128601001000","39.76539988269176","-104.89314494780157"
"Central Park","8105 E 35th Ave 110 Unit, DENVER, CO","2026-07-07","2026","townhome_or_attached","New Building","1","220930","R.G. Brinkmann Company Dba Brinkmann Constructors","2023-RESCON-0004215","0128601001000","39.76540730048268","-104.8940519894218"
"Central Park","8125 E 35th Ave 100 Unit, DENVER, CO","2026-07-07","2026","townhome_or_attached","New Building","1","220930","R.G. Brinkmann Company Dba Brinkmann Constructors","2023-RESCON-0004205","0128601001000","39.765706700382474","-104.89355138077904"
"Central Park","3566 N Ulster St 144 Unit, DENVER, CO","2026-07-07","2026","townhome_or_attached","New Building","1","220930","R.G. Brinkmann Company Dba Brinkmann Constructors","2023-RESCON-0003316","0128601001000","39.76656369804154","-104.8941771728388"
"Central Park","3567 N Uinta St 47 Unit, DENVER, CO","2026-07-07","2026","townhome_or_attached","New Building","1","220930","R.G. Brinkmann Company Dba Brinkmann Constructors","2023-RESCON-0003856","0128601001000","39.76655614658192","-104.89271161706111"
"Central Park","3536 N Ulster St 123 Unit, DENVER, CO","2026-07-07","2026","townhome_or_attached","New Building","1","220930","R.G. Brinkmann Company Dba Brinkmann Constructors","2023-RESCON-0003295","0128601001000","39.7659789477438","-104.89417511129173"
"Central Park","8185 E 35th Ave 81 Unit, DENVER, CO","2026-07-07","2026","townhome_or_attached","New Building","1","220930","R.G. Brinkmann Company Dba Brinkmann Constructors","2023-RESCON-0003891","0128601001000","39.76539288836762","-104.89285331236601"
"Central Park","8122 E 36th Ave 12 Unit, DENVER, CO","2026-07-07","2026","townhome_or_attached","New Building","1","220930","R.G. Brinkmann Company Dba Brinkmann Constructors","2023-RESCON-0003691","0128601001000","39.76687889204451","-104.89354479817831"
"Central Park","3536 N Ulster St 119 Unit, DENVER, CO","2026-07-07","2026","townhome_or_attached","New Building","1","200846","R.G. Brinkmann Company Dba Brinkmann Constructors","2023-RESCON-0003291","0128601001000","39.765795042284346","-104.89418025777731"
"Central Park","3567 N Uinta St 43 Unit, DENVER, CO","2026-07-07","2026","townhome_or_attached","New Building","1","200846","R.G. Brinkmann Company Dba Brinkmann Constructors","2023-RESCON-0003852","0128601001000","39.766753778473515","-104.89270634776155"
"Central Park","8125 E 35th Ave 102 Unit, DENVER, CO","2026-07-07","2026","townhome_or_attached","New Building","1","200846","R.G. Brinkmann Company Dba Brinkmann Constructors","2023-RESCON-0004207","0128601001000","39.7656188195411","-104.89354502641226"
"Central Park","8165 E 35th Ave 95 Unit, DENVER, CO","2026-07-07","2026","townhome_or_attached","New Building","1","200846","R.G. Brinkmann Company Dba Brinkmann Constructors","2023-RESCON-0004200","0128601001000","39.76590606942998","-104.89335044771704"
"Central Park","8105 E 35th Ave 103 Unit, DENVER, CO","2026-07-07","2026","townhome_or_attached","New Building","1","200846","R.G. Brinkmann Company Dba Brinkmann Constructors","2023-RESCON-0004208","0128601001000","39.76540793920065","-104.89364289684823"
"Central Park","3587 N Uinta St 37 Unit, DENVER, CO","2026-07-07","2026","townhome_or_attached","New Building","1","200846","R.G. Brinkmann Company Dba Brinkmann Constructors","2023-RESCON-0003846","0128601001000","39.766838804086","-104.89269138186422"
"Central Park","8102 E 36th Ave 1 Unit, DENVER, CO","2026-07-07","2026","townhome_or_attached","New Building","1","200846","R.G. Brinkmann Company Dba Brinkmann Constructors","2023-RESCON-0003356","0128601001000","39.76715112101386","-104.89416498189544"
"Central Park","3586 N Ulster St 149 Unit, DENVER, CO","2026-07-07","2026","townhome_or_attached","New Building","1","200846","R.G. Brinkmann Company Dba Brinkmann Constructors","2023-RESCON-0003335","0128601001000","39.766849192461315","-104.89417470574281"
"Central Park","3557 N Uinta St 57 Unit, DENVER, CO","2026-07-07","2026","townhome_or_attached","New Building","1","200846","R.G. Brinkmann Company Dba Brinkmann Constructors","2023-RESCON-0003866","0128601001000","39.76638917661754","-104.89333915264723"
"Central Park","8125 E 35th Ave 96 Unit, DENVER, CO","2026-07-07","2026","townhome_or_attached","New Building","1","200846","R.G. Brinkmann Company Dba Brinkmann Constructors","2023-RESCON-0004201","0128601001000","39.76590705917964","-104.89354253302878"
"Central Park","3566 N Ulster St 140 Unit, DENVER, CO","2026-07-07","2026","townhome_or_attached","New Building","1","200846","R.G. Brinkmann Company Dba Brinkmann Constructors","2023-RESCON-0003312","0128601001000","39.76638524626987","-104.89417515759884"
"Central Park","8185 E 35th Ave 79 Unit, DENVER, CO","2026-07-07","2026","townhome_or_attached","New Building","1","200846","R.G. Brinkmann Company Dba Brinkmann Constructors","2023-RESCON-0003889","0128601001000","39.76539762632772","-104.89270742333288"
"Central Park","3546 N Ulster St 133 Unit, DENVER, CO","2026-07-07","2026","townhome_or_attached","New Building","1","200846","R.G. Brinkmann Company Dba Brinkmann Constructors","2023-RESCON-0003305","0128601001000","39.766159611190965","-104.89354034833987"
"Central Park","3517 N Uinta St 73 Unit, DENVER, CO","2026-07-07","2026","townhome_or_attached","New Building","1","200846","R.G. Brinkmann Company Dba Brinkmann Constructors","2023-RESCON-0003882","0128601001000","39.76569688229678","-104.89271194565346"
"Central Park","3537 N Uinta St 64 Unit, DENVER, CO","2026-07-07","2026","townhome_or_attached","New Building","1","200846","R.G. Brinkmann Company Dba Brinkmann Constructors","2023-RESCON-0003873","0128601001000","39.76616630051203","-104.89270787941223"
"Central Park","3547 N Uinta St 58 Unit, DENVER, CO","2026-07-07","2026","townhome_or_attached","New Building","1","200846","R.G. Brinkmann Company Dba Brinkmann Constructors","2023-RESCON-0003867","0128601001000","39.76616405670308","-104.89333754338242"
"Central Park","8185 E 35th Ave 88 Unit, DENVER, CO","2026-07-07","2026","townhome_or_attached","New Building","1","200846","R.G. Brinkmann Company Dba Brinkmann Constructors","2023-RESCON-0003898","0128601001000","39.7654059963836","-104.89326584318225"
"Central Park","8122 E 36th Ave 8 Unit, DENVER, CO","2026-07-07","2026","townhome_or_attached","New Building","1","200846","R.G. Brinkmann Company Dba Brinkmann Constructors","2023-RESCON-0003685","0128601001000","39.76707368628856","-104.89352176898483"
"Central Park","8165 E 35th Ave 89 Unit, DENVER, CO","2026-07-07","2026","townhome_or_attached","New Building","1","200846","R.G. Brinkmann Company Dba Brinkmann Constructors","2023-RESCON-0004194","0128601001000","39.765612339533526","-104.89335298939793"
"Central Park","3556 N Ulster St 134 Unit, DENVER, CO","2026-07-07","2026","townhome_or_attached","New Building","1","200846","R.G. Brinkmann Company Dba Brinkmann Constructors","2023-RESCON-0003306","0128601001000","39.76639298481928","-104.89354544417571"
"Central Park","8182 E 36th Ave 30 Unit, DENVER, CO","2026-07-07","2026","townhome_or_attached","New Building","1","200846","R.G. Brinkmann Company Dba Brinkmann Constructors","2023-RESCON-0003710","0128601001000","39.76714273222486","-104.89306938620386"
"Central Park","8162 E 36th Ave 27 Unit, DENVER, CO","2026-07-07","2026","townhome_or_attached","New Building","1","200177","R.G. Brinkmann Company Dba Brinkmann Constructors","2023-RESCON-0003707","0128601001000","39.766982162228366","-104.89334113596946"
"Central Park","3557 N Uinta St 55 Unit, DENVER, CO","2026-07-07","2026","townhome_or_attached","New Building","1","200177","R.G. Brinkmann Company Dba Brinkmann Constructors","2023-RESCON-0003864","0128601001000","39.76638309968022","-104.89322537105086"
"Central Park","3556 N Ulster St 136 Unit, DENVER, CO","2026-07-07","2026","townhome_or_attached","New Building","1","200177","R.G. Brinkmann Company Dba Brinkmann Constructors","2023-RESCON-0003308","0128601001000","39.76639082605657","-104.89365929704228"
"Central Park","3567 N Uinta St 45 Unit, DENVER, CO","2026-07-07","2026","townhome_or_attached","New Building","1","200177","R.G. Brinkmann Company Dba Brinkmann Constructors","2023-RESCON-0003854","0128601001000","39.76666044406389","-104.89270715626556"
"Central Park","3547 N Uinta St 60 Unit, DENVER, CO","2026-07-07","2026","townhome_or_attached","New Building","1","200177","R.G. Brinkmann Company Dba Brinkmann Constructors","2023-RESCON-0003869","0128601001000","39.76616072489407","-104.89322373839244"
"Central Park","8122 E 36th Ave 16 Unit, DENVER, CO","2026-07-07","2026","townhome_or_attached","New Building","1","200177","R.G. Brinkmann Company Dba Brinkmann Constructors","2023-RESCON-0003696","0128601001000","39.76669216824177","-104.89353574142874"
"Central Park","3537 N Uinta St 70 Unit, DENVER, CO","2026-07-07","2026","townhome_or_attached","New Building","1","200177","R.G. Brinkmann Company Dba Brinkmann Constructors","2023-RESCON-0003879","0128601001000","39.76586988148055","-104.8927211189661"
"Central Park","3537 N Uinta St 66 Unit, DENVER, CO","2026-07-07","2026","townhome_or_attached","New Building","1","200177","R.G. Brinkmann Company Dba Brinkmann Constructors","2023-RESCON-0003875","0128601001000","39.766072984432746","-104.8927122450511"
"Central Park","8105 E 35th Ave 112 Unit, DENVER, CO","2026-07-07","2026","townhome_or_attached","New Building","1","200177","R.G. Brinkmann Company Dba Brinkmann Constructors","2023-RESCON-0004217","0128601001000","39.76541075963804","-104.89419069300122"
"Central Park","3586 N Ulster St 151 Unit, DENVER, CO","2026-07-07","2026","townhome_or_attached","New Building","1","200177","R.G. Brinkmann Company Dba Brinkmann Constructors","2023-RESCON-0003337","0128601001000","39.76685129679126","-104.89405018059729"
"Central Park","8105 E 35th Ave 108 Unit, DENVER, CO","2026-07-07","2026","townhome_or_attached","New Building","1","200177","R.G. Brinkmann Company Dba Brinkmann Constructors","2023-RESCON-0004213","0128601001000","39.76540945962601","-104.89393813816454"
"Central Park","3536 N Ulster St 125 Unit, DENVER, CO","2026-07-07","2026","townhome_or_attached","New Building","1","200177","R.G. Brinkmann Company Dba Brinkmann Constructors","2023-RESCON-0003297","0128601001000","39.76608600784057","-104.89417418614056"
"Central Park","3566 N Ulster St 142 Unit, DENVER, CO","2026-07-07","2026","townhome_or_attached","New Building","1","200177","R.G. Brinkmann Company Dba Brinkmann Constructors","2023-RESCON-0003314","0128601001000","39.76647305382514","-104.89416728416768"
"Central Park","8122 E 36th Ave 10 Unit, DENVER, CO","2026-07-07","2026","townhome_or_attached","New Building","1","200177","R.G. Brinkmann Company Dba Brinkmann Constructors","2023-RESCON-0003689","0128601001000","39.7669776250813","-104.8935261573444"
"Central Park","8162 E 36th Ave 23 Unit, DENVER, CO","2026-07-07","2026","townhome_or_attached","New Building","1","200177","R.G. Brinkmann Company Dba Brinkmann Constructors","2023-RESCON-0003703","0128601001000","39.766784494562344","-104.89333928912909"
"Central Park","3546 N Ulster St 131 Unit, DENVER, CO","2026-07-07","2026","townhome_or_attached","New Building","1","200177","R.G. Brinkmann Company Dba Brinkmann Constructors","2023-RESCON-0003303","0128601001000","39.76616299766063","-104.89366482478849"
"Central Park","3567 N Uinta St 49 Unit, DENVER, CO","2026-07-07","2026","townhome_or_attached","New Building","1","200177","R.G. Brinkmann Company Dba Brinkmann Constructors","2023-RESCON-0003858","0128601001000","39.76646279381445","-104.89270886839239"
"Central Park","3517 N Uinta St 75 Unit, DENVER, CO","2026-07-07","2026","townhome_or_attached","New Building","1","200177","R.G. Brinkmann Company Dba Brinkmann Constructors","2023-RESCON-0003884","0128601001000","39.76569476103433","-104.89283291166424"
"Central Park","8185 E 35th Ave 84 Unit, DENVER, CO","2026-07-07","2026","townhome_or_attached","New Building","1","200177","R.G. Brinkmann Company Dba Brinkmann Constructors","2023-RESCON-0003894","0128601001000","39.765401912566446","-104.89300619676062"
"Central Park","8122 E 36th Ave 14 Unit, DENVER, CO","2026-07-07","2026","townhome_or_attached","New Building","1","200177","R.G. Brinkmann Company Dba Brinkmann Constructors","2023-RESCON-0003694","0128601001000","39.766788229459635","-104.89353135310016"
"Central Park","8185 E 35th Ave 83 Unit, DENVER, CO","2026-07-07","2026","townhome_or_attached","New Building","1","200177","R.G. Brinkmann Company Dba Brinkmann Constructors","2023-RESCON-0003893","0128601001000","39.7653989840099","-104.89297064943263"
"Central Park","8125 E 35th Ave 98 Unit, DENVER, CO","2026-07-07","2026","townhome_or_attached","New Building","1","200177","R.G. Brinkmann Company Dba Brinkmann Constructors","2023-RESCON-0004203","0128601001000","39.76581646986537","-104.89354331666334"
"Central Park","3566 N Ulster St 146 Unit, DENVER, CO","2026-07-07","2026","townhome_or_attached","New Building","1","200177","R.G. Brinkmann Company Dba Brinkmann Constructors","2023-RESCON-0003318","0128601001000","39.76667348583879","-104.8941726667788"
"Central Park","8162 E 36th Ave 21 Unit, DENVER, CO","2026-07-07","2026","townhome_or_attached","New Building","1","200177","R.G. Brinkmann Company Dba Brinkmann Constructors","2023-RESCON-0003701","0128601001000","39.766696668741005","-104.89334360645684"
"Central Park","3516 N Ulster St 115 Unit, DENVER, CO","2026-07-07","2026","townhome_or_attached","New Building","1","200177","R.G. Brinkmann Company Dba Brinkmann Constructors","2023-RESCON-0003268","0128601001000","39.76570662963915","-104.89407074598397"
"Central Park","3536 N Ulster St 121 Unit, DENVER, CO","2026-07-07","2026","townhome_or_attached","New Building","1","200177","R.G. Brinkmann Company Dba Brinkmann Constructors","2023-RESCON-0003293","0128601001000","39.76588288647273","-104.89417949868758"
"Central Park","8182 E 36th Ave 32 Unit, DENVER, CO","2026-07-07","2026","townhome_or_attached","New Building","1","200177","R.G. Brinkmann Company Dba Brinkmann Constructors","2023-RESCON-0003713","0128601001000","39.76714487207289","-104.89295197489994"
"Central Park","8105 E 35th Ave 107 Unit, DENVER, CO","2026-07-07","2026","townhome_or_attached","New Building","1","200177","R.G. Brinkmann Company Dba Brinkmann Constructors","2023-RESCON-0004212","0128601001000","39.76540653135091","-104.89390259079379"
"Central Park","8165 E 35th Ave 93 Unit, DENVER, CO","2026-07-07","2026","townhome_or_attached","New Building","1","200177","R.G. Brinkmann Company Dba Brinkmann Constructors","2023-RESCON-0004198","0128601001000","39.76581546178534","-104.89334767446903"
"Central Park","3587 N Uinta St 39 Unit, DENVER, CO","2026-07-07","2026","townhome_or_attached","New Building","1","200177","R.G. Brinkmann Company Dba Brinkmann Constructors","2023-RESCON-0003848","0128601001000","39.76683946467063","-104.89281944043562"
"Central Park","4665 N Beeler CT 202 UNIT, DENVER, CO","2025-09-03","2025","townhome_or_attached","New Building","1","257883","Brookfield (Colorado) Management Llc","2025-RESCON-0002492","0115305003000","39.781604438312364","-104.88141236094748"
"Central Park","4665 N Beeler CT 203 UNIT, DENVER, CO","2025-09-03","2025","townhome_or_attached","New Building","1","257883","Brookfield (Colorado) Management Llc","2025-RESCON-0002493","0115305003000","39.78160404574577","-104.88133764327412"
"Central Park","4665 N Beeler CT 204 UNIT, DENVER, CO","2025-09-03","2025","townhome_or_attached","New Building","1","257883","Brookfield (Colorado) Management Llc","2025-RESCON-0002494","0115305003000","39.78160363444111","-104.88125936884013"
"Central Park","4665 N Beeler CT 102 UNIT, DENVER, CO","2025-09-03","2025","townhome_or_attached","New Building","1","254802","Brookfield (Colorado) Management Llc","2025-RESCON-0002497","0115305003000","39.781673586077204","-104.88098833592525"
"Central Park","4665 N Beeler CT 103 UNIT, DENVER, CO","2025-09-03","2025","townhome_or_attached","New Building","1","254802","Brookfield (Colorado) Management Llc","2025-RESCON-0002498","0115305003000","39.781731252128765","-104.88099138474549"
"Central Park","4665 N Beeler CT 104 UNIT, DENVER, CO","2025-09-03","2025","townhome_or_attached","New Building","1","254802","Brookfield (Colorado) Management Llc","2025-RESCON-0002499","0115305003000","39.78178889947408","-104.88099087563256"
"Central Park","4665 N Beeler CT 105 UNIT, DENVER, CO","2025-09-03","2025","townhome_or_attached","New Building","1","254802","Brookfield (Colorado) Management Llc","2025-RESCON-0002500","0115305003000","39.781849291929724","-104.88099034227528"
"Central Park","4665 N Beeler CT 602 UNIT, DENVER, CO","2025-08-29","2025","townhome_or_attached","New Building","1","257883","Brookfield (Colorado) Management Llc","2025-RESCON-0002486","0115305003000","39.78206068511915","-104.88099203346157"
"Central Park","4665 N Beeler CT 603 UNIT, DENVER, CO","2025-08-29","2025","townhome_or_attached","New Building","1","257883","Brookfield (Colorado) Management Llc","2025-RESCON-0002487","0115305003000","39.78211833245726","-104.8809915243468"
"Central Park","4665 N Beeler CT 604 UNIT, DENVER, CO","2025-08-29","2025","townhome_or_attached","New Building","1","257883","Brookfield (Colorado) Management Llc","2025-RESCON-0002488","0115305003000","39.78218147001658","-104.88099096674394"
"Central Park","4665 N Beeler CT 502 UNIT, DENVER, CO","2025-08-29","2025","townhome_or_attached","New Building","1","252190","Brookfield (Colorado) Management Llc","2025-RESCON-0002478","0115305003000","39.781856969905526","-104.88140657412103"
"Central Park","4665 N Beeler CT 503 UNIT, DENVER, CO","2025-08-29","2025","townhome_or_attached","New Building","1","252190","Brookfield (Colorado) Management Llc","2025-RESCON-0002479","0115305003000","39.78185932244698","-104.88133183194834"
"Central Park","4665 N Beeler CT 504 UNIT, DENVER, CO","2025-08-29","2025","townhome_or_attached","New Building","1","252190","Brookfield (Colorado) Management Llc","2025-RESCON-0002480","0115305003000","39.781856203420695","-104.8812606973458"
"Central Park","9200 E 47th AVE 303 UNIT, DENVER, CO","2025-08-29","2025","townhome_or_attached","New Building","1","251200","Brookfield (Colorado) Management Llc","2025-RESCON-0002476","0115305003000","39.78195269453113","-104.88133812400686"
"Central Park","9200 E 47th AVE 304 UNIT, DENVER, CO","2025-08-29","2025","townhome_or_attached","New Building","1","251200","Brookfield (Colorado) Management Llc","2025-RESCON-0002477","0115305003000","39.78195502833841","-104.8812598249505"
"Central Park","9200 E 47th AVE 302 UNIT, DENVER, CO","2025-08-28","2025","townhome_or_attached","New Building","1","251200","Brookfield (Colorado) Management Llc","2025-RESCON-0002475","0115305003000","39.78195622472165","-104.88148753470631"
"Central Park","4665 N Beeler CT 301 UNIT, DENVER, CO","2025-08-15","2025","townhome_or_attached","New Building","1","263017","Brookfield (Colorado) Management Llc","2025-RESCON-0002459","0115305003000","39.781606288315814","-104.88176459591581"
"Central Park","9200 E 47th AVE 1 UNIT, DENVER, CO","2025-08-15","2025","townhome_or_attached","New Building","1","263017","Brookfield (Colorado) Management Llc","2025-RESCON-0002462","0115305003000","39.78221023246906","-104.88176282693392"
"Central Park","9200 E 47th AVE 1 UNIT, DENVER, CO","2025-08-15","2025","townhome_or_attached","New Building","1","263017","Brookfield (Colorado) Management Llc","2025-RESCON-0002463","0115305003000","39.78220982144714","-104.88168455182047"
"Central Park","9200 E 47th AVE 1 UNIT, DENVER, CO","2025-08-15","2025","townhome_or_attached","New Building","1","263017","Brookfield (Colorado) Management Llc","2025-RESCON-0002464","0115305003000","39.78220944774571","-104.88161339262719"
"Central Park","4665 N Beeler CT 302 UNIT, DENVER, CO","2025-08-15","2025","townhome_or_attached","New Building","1","263017","Brookfield (Colorado) Management Llc","2025-RESCON-0002469","0115305003000","39.78160591466266","-104.88169343733489"
"Central Park","4665 N Beeler CT 303 UNIT, DENVER, CO","2025-08-15","2025","townhome_or_attached","New Building","1","263017","Brookfield (Colorado) Management Llc","2025-RESCON-0002470","0115305003000","39.781605503594555","-104.88161516289667"
"Central Park","9200 E 47th AVE 401 UNIT, DENVER, CO","2025-08-15","2025","townhome_or_attached","New Building","1","257883","Brookfield (Colorado) Management Llc","2025-RESCON-0002458","0115305003000","39.782208774974784","-104.88148530608125"
"Central Park","4665 N Beeler CT 401 UNIT, DENVER, CO","2025-08-15","2025","townhome_or_attached","New Building","1","257883","Brookfield (Colorado) Management Llc","2025-RESCON-0002460","0115305003000","39.78185883860785","-104.88176236830016"
"Central Park","4665 N Beeler CT 402 UNIT, DENVER, CO","2025-08-15","2025","townhome_or_attached","New Building","1","257883","Brookfield (Colorado) Management Llc","2025-RESCON-0002467","0115305003000","39.78185842758557","-104.88168409357914"
"Central Park","4665 N Beeler CT 403 UNIT, DENVER, CO","2025-08-15","2025","townhome_or_attached","New Building","1","257883","Brookfield (Colorado) Management Llc","2025-RESCON-0002468","0115305003000","39.78185805388381","-104.8816129347426"
"Central Park","9200 E 47th AVE 402 UNIT, DENVER, CO","2025-08-15","2025","townhome_or_attached","New Building","1","257883","Brookfield (Colorado) Management Llc","2025-RESCON-0002471","0115305003000","39.782208345075944","-104.8814034730115"
"Central Park","9200 E 47th AVE 403 UNIT, DENVER, CO","2025-08-15","2025","townhome_or_attached","New Building","1","257883","Brookfield (Colorado) Management Llc","2025-RESCON-0002472","0115305003000","39.7822079525038","-104.88132875469442"
"Central Park","9200 E 47th AVE 404 UNIT, DENVER, CO","2025-08-15","2025","townhome_or_attached","New Building","1","257883","Brookfield (Colorado) Management Llc","2025-RESCON-0002473","0115305003000","39.782207578587354","-104.88125759550499"
"Central Park","9200 E 47th AVE 201 UNIT, DENVER, CO","2025-08-15","2025","townhome_or_attached","New Building","1","257325","Brookfield (Colorado) Management Llc","2025-RESCON-0002461","0115305003000","39.781954918417505","-104.88176152082553"
"Central Park","9200 E 47th AVE 202 UNIT, DENVER, CO","2025-08-15","2025","townhome_or_attached","New Building","1","257325","Brookfield (Colorado) Management Llc","2025-RESCON-0002465","0115305003000","39.78195730855799","-104.88169389562135"
"Central Park","9200 E 47th AVE 203 UNIT, DENVER, CO","2025-08-15","2025","townhome_or_attached","New Building","1","257325","Brookfield (Colorado) Management Llc","2025-RESCON-0002466","0115305003000","39.781956878804095","-104.88161206284391"
"Central Park","4665 N Beeler CT 501 UNIT, DENVER, CO","2025-08-14","2025","townhome_or_attached","New Building","1","252190","Brookfield (Colorado) Management Llc","2025-RESCON-0002456","0115305003000","39.78186012622397","-104.88148482461465"
"Central Park","9200 E 47th AVE 301 UNIT, DENVER, CO","2025-08-14","2025","townhome_or_attached","New Building","1","251200","Brookfield (Colorado) Management Llc","2025-RESCON-0002457","0115305003000","39.78195622472165","-104.88148753470631"
"Central Park","4665 N Beeler CT 201 UNIT, DENVER, CO","2025-08-13","2025","townhome_or_attached","New Building","1","257883","Brookfield (Colorado) Management Llc","2025-RESCON-0002454","0115305003000","39.78160481213536","-104.88148351952542"
"Central Park","4665 N Beeler CT 601 UNIT, DENVER, CO","2025-08-13","2025","townhome_or_attached","New Building","1","257883","Brookfield (Colorado) Management Llc","2025-RESCON-0002455","0115305003000","39.78200578289119","-104.88099251833198"
"Central Park","4665 N Beeler CT 101 UNIT, DENVER, CO","2025-08-13","2025","townhome_or_attached","New Building","1","254802","Brookfield (Colorado) Management Llc","2025-RESCON-0000896","0115305003000","39.78161868384118","-104.8809888207959"
"Central Park","9971 E 63RD PL, DENVER, CO","2024-01-10","2024","single_family_or_duplex","NEW BUILDING","0","638000","Infinity Home Collection At Stapleton Llc","2023-RESCON-0001257","0110109032000","39.81178896804924","-104.87118243263944"
"West Colfax","1604 N Zenobia St 1604, DENVER, CO","2026-08-19","2026","single_family_or_duplex","New Building","0","346302","Bucks Enterprises","2026-RESCON-0000687","0231317002000","39.74215080034619","-105.05190805342023"
"West Colfax","1600 N Zenobia ST 1600, DENVER, CO","2026-08-18","2026","single_family_or_duplex","New Building","0","346302","Bucks Enterprises","2025-RESCON-0002863","0231317002000","39.74202987599319","-105.05187326556626"
"West Colfax","1602 N Zenobia St 1602, DENVER, CO","2026-08-14","2026","single_family_or_duplex","New Building","0","346302","Bucks Enterprises","2026-RESCON-0000686","0231317002000","39.74207378537657","-105.05186942894751"
"West Colfax","1700 N Julian St 505 Unit, DENVER, CO","2026-08-03","2026","townhome_or_attached","New Building","0","400000","Bristlecone Construction Llc","2025-RESCON-0001514","0232316092000","39.74447965224106","-105.03099705780583"
"West Colfax","1700 N Julian St 303 Unit, DENVER, CO","2026-08-03","2026","townhome_or_attached","New Building","0","400000","Bristlecone Construction Llc","2025-RESCON-0001501","0232316092000","39.74469778215346","-105.03131210076913"
"West Colfax","1700 N Julian St 404 Unit, DENVER, CO","2026-08-03","2026","townhome_or_attached","New Building","0","400000","Bristlecone Construction Llc","2025-RESCON-0001508","0232316092000","39.74474321758108","-105.03100240754323"
"West Colfax","1700 N Julian St 302 Unit, DENVER, CO","2026-08-03","2026","townhome_or_attached","New Building","0","400000","Bristlecone Construction Llc","2025-RESCON-0001500","0232316092000","39.74464013343592","-105.03131248604558"
"West Colfax","1700 N Julian St 406 Unit, DENVER, CO","2026-08-03","2026","townhome_or_attached","New Building","0","400000","Bristlecone Construction Llc","2025-RESCON-0001510","0232316092000","39.744842030676146","-105.03099819052609"
"West Colfax","1700 N Julian St 503 Unit, DENVER, CO","2026-08-03","2026","townhome_or_attached","New Building","0","400000","Bristlecone Construction Llc","2025-RESCON-0001512","0232316092000","39.744386316215746","-105.0309976820038"
"West Colfax","1700 N Julian St 405 Unit, DENVER, CO","2026-08-03","2026","townhome_or_attached","New Building","0","400000","Bristlecone Construction Llc","2025-RESCON-0001509","0232316092000","39.74478990066085","-105.03100565153612"
"West Colfax","1700 N Julian St 306 Unit, DENVER, CO","2026-08-03","2026","townhome_or_attached","New Building","0","400000","Bristlecone Construction Llc","2025-RESCON-0001504","0232316092000","39.74484878194753","-105.03131464780195"
"West Colfax","1700 N Julian St 305 Unit, DENVER, CO","2026-08-03","2026","townhome_or_attached","New Building","0","400000","Bristlecone Construction Llc","2025-RESCON-0001503","0232316092000","39.74480209977797","-105.03131140359456"
"West Colfax","1700 N Julian St 402 Unit, DENVER, CO","2026-08-03","2026","townhome_or_attached","New Building","0","400000","Bristlecone Construction Llc","2025-RESCON-0001506","0232316092000","39.744638872512205","-105.03099599299371"
"West Colfax","1700 N Julian St 504 Unit, DENVER, CO","2026-08-03","2026","townhome_or_attached","New Building","0","400000","Bristlecone Construction Llc","2025-RESCON-0001513","0232316092000","39.74443297005639","-105.03099381382692"
"West Colfax","1700 N Julian St 502 Unit, DENVER, CO","2026-08-03","2026","townhome_or_attached","New Building","0","400000","Bristlecone Construction Llc","2025-RESCON-0001511","0232316092000","39.744334143674834","-105.03099447474649"
"West Colfax","1700 N Julian St 403 Unit, DENVER, CO","2026-08-03","2026","townhome_or_attached","New Building","0","400000","Bristlecone Construction Llc","2025-RESCON-0001507","0232316092000","39.74468828569786","-105.03099566253378"
"West Colfax","1700 N Julian St 304 Unit, DENVER, CO","2026-08-03","2026","townhome_or_attached","New Building","0","400000","Bristlecone Construction Llc","2025-RESCON-0001502","0232316092000","39.74475268569283","-105.03131173383856"
"West Colfax","1700 N Julian St 205 Unit, DENVER, CO","2026-07-31","2026","townhome_or_attached","New Building","0","400000","Bristlecone Construction Llc","2025-RESCON-0001499","0232316092000","39.744502832090696","-105.03130273512286"
"West Colfax","1700 N Julian St 104 Unit, DENVER, CO","2026-07-31","2026","townhome_or_attached","New Building","0","400000","Bristlecone Construction Llc","2025-RESCON-0001494","0232316092000","39.74410173784221","-105.03123073646199"
"West Colfax","1700 N Julian St 203 Unit, DENVER, CO","2026-07-31","2026","townhome_or_attached","New Building","0","400000","Bristlecone Construction Llc","2025-RESCON-0001497","0232316092000","39.74440948190136","-105.03129980283722"
"West Colfax","1700 N Julian St 501 Unit, DENVER, CO","2026-07-31","2026","townhome_or_attached","New Building","0","400000","Bristlecone Construction Llc","2025-RESCON-0001493","0232316092000","39.74428471540952","-105.03099124914102"
"West Colfax","1700 N Julian St 201 Unit, DENVER, CO","2026-07-31","2026","townhome_or_attached","New Building","0","400000","Bristlecone Construction Llc","2025-RESCON-0001490","0232316092000","39.74429145253798","-105.03130414783044"
"West Colfax","1700 N Julian St 103 Unit, DENVER, CO","2026-07-31","2026","townhome_or_attached","New Building","0","400000","Bristlecone Construction Llc","2025-RESCON-0001489","0232316092000","39.74410419969187","-105.03115959688304"
"West Colfax","1700 N Julian St 401 Unit, DENVER, CO","2026-07-31","2026","townhome_or_attached","New Building","0","400000","Bristlecone Construction Llc","2025-RESCON-0001492","0232316092000","39.74456752625361","-105.03100358249372"
"West Colfax","1700 N Julian ST 102, DENVER, CO","2026-07-31","2026","single_family_or_duplex","New Building","0","400000","Bristlecone Construction Llc","2025-RESCON-0001335","0232316092000","39.74409844013536","-105.03109206842564"
"West Colfax","1700 N Julian St 202 Unit, DENVER, CO","2026-07-31","2026","townhome_or_attached","New Building","0","400000","Bristlecone Construction Llc","2025-RESCON-0001496","0232316092000","39.74435183317772","-105.03130018812222"
"West Colfax","1700 N Julian St 204 Unit, DENVER, CO","2026-07-31","2026","townhome_or_attached","New Building","0","400000","Bristlecone Construction Llc","2025-RESCON-0001498","0232316092000","39.7444588809288","-105.03129591651297"
"West Colfax","1700 N Julian St 301 Unit, DENVER, CO","2026-07-31","2026","townhome_or_attached","New Building","0","400000","Bristlecone Construction Llc","2025-RESCON-0001491","0232316092000","39.74458247055424","-105.03130931523566"
"West Colfax","1700 N Julian St 105 Unit, DENVER, CO","2026-07-31","2026","townhome_or_attached","New Building","0","400000","Bristlecone Construction Llc","2025-RESCON-0001495","0232316092000","39.74410204945326","-105.0313089698119"
"West Colfax","1700 N Julian ST 101, DENVER, CO","2026-07-23","2026","single_family_or_duplex","New Building","0","400000","Bristlecone Construction Llc","2025-RESCON-0000927","0232316092000","39.74410087355301","-105.03101381555595"
"West Colfax","1581 N Meade ST, DENVER, CO","2026-04-27","2026","single_family_or_duplex","New Building","1","344799","Zera Developments Llc","2024-RESCON-0002017","0231415013000","39.74226759529909","-105.03600101708386"
"West Colfax","1583 N Meade ST, DENVER, CO","2026-04-27","2026","single_family_or_duplex","New Building","1","344799","Zera Developments Llc","2024-RESCON-0002018","0231415013000","39.742320146273364","-105.03610023921422"
"West Colfax","4949 W 14th AVE 2, DENVER, CO","2026-02-05","2026","single_family_or_duplex","New Building","1","400000","Bill'S Noreside Construction Inc","2024-RESCON-0003540","0506206056000","39.73863049984066","-105.0502379445126"
"West Colfax","1627 N Irving St, DENVER, CO","2026-01-07","2026","single_family_or_duplex","New Building","1","400000","Denver Construction Management, Llc","2024-RESCON-0001167","0232321009000","39.74341973590862","-105.03024669098728"
"West Colfax","1625 N Irving ST, DENVER, CO","2026-01-07","2026","single_family_or_duplex","New Building","1","400000","Denver Construction Management, Llc","2023-RESCON-0001811","0232321009000","39.74335931269828","-105.03023998347936"
"West Colfax","4630 W 17th AVE SFD, DENVER, CO","2025-12-10","2025","single_family_or_duplex","New Building","1","1190000","Flatwater Home Colorado Llc","2025-RESCON-0003010","0231308001000","39.7437249589411","-105.04718255340676"
"West Colfax","1469 N Winona 1, DENVER, CO","2025-10-08","2025","single_family_or_duplex","New Building","1","250000","J&M Development","2024-RESCON-0000496","0506204045000","39.739751690840954","-105.04766692288916"
"West Colfax","1575 N Lowell Blvd 201 Unit, DENVER, CO","2025-10-06","2025","townhome_or_attached","New Building","1","220000","Haselden Construction Llc","2025-RESCON-0001615","0231414011000","39.74218319759774","-105.03478895738455"
"West Colfax","1575 N Lowell Blvd 202 Unit, DENVER, CO","2025-10-06","2025","townhome_or_attached","New Building","1","220000","Haselden Construction Llc","2025-RESCON-0001623","0231414011000","39.74223537007656","-105.03479216736625"
"West Colfax","1575 N Lowell Blvd 203 Unit, DENVER, CO","2025-10-06","2025","townhome_or_attached","New Building","1","220000","Haselden Construction Llc","2025-RESCON-0001624","0231414011000","39.74227927889887","-105.03478832004201"
"West Colfax","1575 N Lowell Blvd 204 Unit, DENVER, CO","2025-10-06","2025","townhome_or_attached","New Building","1","220000","Haselden Construction Llc","2025-RESCON-0001625","0231414011000","39.742331451375854","-105.03479153002763"
"West Colfax","1575 N Lowell Blvd 205 Unit, DENVER, CO","2025-10-06","2025","townhome_or_attached","New Building","1","220000","Haselden Construction Llc","2025-RESCON-0001626","0231414011000","39.74238087867186","-105.03479475822758"
"West Colfax","1575 N Lowell Blvd 206 Unit, DENVER, CO","2025-10-06","2025","townhome_or_attached","New Building","1","220000","Haselden Construction Llc","2025-RESCON-0001627","0231414011000","39.74243030596688","-105.03479798643211"
"West Colfax","1575 N Lowell Blvd 301 Unit, DENVER, CO","2025-10-06","2025","townhome_or_attached","New Building","1","220000","Haselden Construction Llc","2025-RESCON-0001629","0231414011000","39.74258949917784","-105.0347898183036"
"West Colfax","1575 N Lowell Blvd 302 Unit, DENVER, CO","2025-10-06","2025","townhome_or_attached","New Building","1","220000","Haselden Construction Llc","2025-RESCON-0001630","0231414011000","39.74259244115594","-105.0348395838912"
"West Colfax","1575 N Lowell Blvd 303 Unit, DENVER, CO","2025-10-06","2025","townhome_or_attached","New Building","1","220000","Haselden Construction Llc","2025-RESCON-0001642","0231414011000","39.74258993491744","-105.03490005385112"
"West Colfax","1575 N Lowell Blvd 304 Unit, DENVER, CO","2025-10-06","2025","townhome_or_attached","New Building","1","220000","Haselden Construction Llc","2025-RESCON-0001643","0231414011000","39.742590159774885","-105.0349569496181"
"West Colfax","1575 N Lowell Blvd 305 Unit, DENVER, CO","2025-10-06","2025","townhome_or_attached","New Building","1","220000","Haselden Construction Llc","2025-RESCON-0001644","0231414011000","39.742587611322875","-105.03500675161588"
"West Colfax","1575 N Lowell Blvd 306 Unit, DENVER, CO","2025-10-06","2025","townhome_or_attached","New Building","1","220000","Haselden Construction Llc","2025-RESCON-0001645","0231414011000","39.742587850178204","-105.03506720336674"
"West Colfax","1575 N Lowell Blvd 307 Unit, DENVER, CO","2025-10-06","2025","townhome_or_attached","New Building","1","220000","Haselden Construction Llc","2025-RESCON-0001646","0231414011000","39.74258813114933","-105.03513832424079"
"West Colfax","1575 N Lowell Blvd 101 Unit, DENVER, CO","2025-10-06","2025","townhome_or_attached","New Building","1","200000","Haselden Construction Llc","2025-RESCON-0000383","0231414011000","39.74185925137035","-105.03478755018415"
"West Colfax","1575 N Lowell Blvd 102 Unit, DENVER, CO","2025-10-06","2025","townhome_or_attached","New Building","1","200000","Haselden Construction Llc","2025-RESCON-0001610","0231414011000","39.74190867867504","-105.03479077835959"
"West Colfax","1575 N Lowell Blvd 103 Unit, DENVER, CO","2025-10-06","2025","townhome_or_attached","New Building","1","200000","Haselden Construction Llc","2025-RESCON-0001611","0231414011000","39.741955346740795","-105.03479046879585"
"West Colfax","1575 N Lowell Blvd 104 Unit, DENVER, CO","2025-10-06","2025","townhome_or_attached","New Building","1","200000","Haselden Construction Llc","2025-RESCON-0001612","0231414011000","39.74200747705045","-105.0347830109006"
"West Colfax","1575 N Lowell Blvd 105 Unit, DENVER, CO","2025-10-06","2025","townhome_or_attached","New Building","1","200000","Haselden Construction Llc","2025-RESCON-0001613","0231414011000","39.74205691841043","-105.03478979503807"
"West Colfax","1575 N Lowell Blvd 106 Unit, DENVER, CO","2025-10-06","2025","townhome_or_attached","New Building","1","200000","Haselden Construction Llc","2025-RESCON-0001614","0231414011000","39.7421035873742","-105.03478948546704"
"West Colfax","1469 N Winona Ct 5 Unit, DENVER, CO","2025-10-02","2025","townhome_or_attached","New Building","1","250000","J&M Development","2024-RESCON-0001352","0506204045000","39.73974992952264","-105.04792296135908"
"West Colfax","1345 N Perry St, DENVER, CO","2025-09-15","2025","single_family_or_duplex","New Building","0","300000","Xyz Construction Llc","2025-RESCON-0002986","0506112035000","39.73747716235179","-105.0395067507953"
"West Colfax","1347 N Perry St, DENVER, CO","2025-09-15","2025","single_family_or_duplex","New Building","0","300000","Xyz Construction Llc","2025-RESCON-0002987","0506112035000","39.737515608864506","-105.03951005418985"
"West Colfax","1343 N Perry, DENVER, CO","2025-09-15","2025","single_family_or_duplex","New Building","0","300000","Xyz Construction Llc","2025-RESCON-0002988","0506112035000","39.73743872975371","-105.03950700312956"
"West Colfax","1220 N Newton ST 1/2 DUPLEX, DENVER, CO","2025-07-18","2025","single_family_or_duplex","New Building","1","315000","Schneider Building Company Llc","2024-RESCON-0001226","0506118033000","39.73516304592356","-105.03674493526897"
"West Colfax","1220 N Newton ST 1/2 DUPLEX, DENVER, CO","2025-07-18","2025","single_family_or_duplex","New Building","1","315000","Schneider Building Company Llc","2024-RESCON-0001227","0506118033000","39.73516304592356","-105.03674493526897"
"West Colfax","1625 N Yates St SFR, DENVER, CO","2025-06-25","2025","single_family_or_duplex","New Building","1","493188","Ejc Construction Co","2023-RESCON-0003056","0231317014000","39.74257890741089","-105.05114787301959"
"West Colfax","1623 N Yates St SFR, DENVER, CO","2025-06-25","2025","single_family_or_duplex","New Building","1","408495","Ejc Construction Co","2023-RESCON-0003042","0231317013000","39.74249928356333","-105.05114482655136"
"West Colfax","1617 N Yates St SFR, DENVER, CO","2025-06-24","2025","single_family_or_duplex","New Building","1","408495","Ejc Construction Co","2023-RESCON-0002976","0231317010000","39.74226056120198","-105.05117480287923"
"West Colfax","1621 N Yates St SFR, DENVER, CO","2025-06-24","2025","single_family_or_duplex","New Building","1","408495","Ejc Construction Co","2023-RESCON-0003000","0231317012000","39.74240884174018","-105.0511845221222"
"West Colfax","1619 N Yates St SFR, DENVER, CO","2025-06-24","2025","single_family_or_duplex","New Building","0","408495","Ejc Construction Co","2024-RESCON-0000172","0231317011000","39.742320860274795","-105.05114952454926"
"West Colfax","1446 N Stuart St, DENVER, CO","2025-03-28","2025","single_family_or_duplex","New Building","1","425000","Dulin Construction","2024-RESCON-0001800","0506107040000","39.739528891124266","-105.04258338172585"
"West Colfax","1259 N Stuart 1, DENVER, CO","2025-03-25","2025","single_family_or_duplex","New Building","1","228000","Kent Construction Llc","2024-RESCON-0002769","0506124016000","39.735936955477285","-105.04299793952354"
"West Colfax","1259 N Stuart St 2 Unit, DENVER, CO","2025-03-25","2025","townhome_or_attached","New Building","1","228000","Kent Construction Llc","2024-RESCON-0002995","0506124016000","39.735956171790676","-105.04299781431558"
"West Colfax","1259 N Stuart St 5 Unit, DENVER, CO","2025-03-25","2025","townhome_or_attached","New Building","1","210000","Kent Construction Llc","2024-RESCON-0002998","0506124016000","39.735984369238835","-105.04318964066242"
"West Colfax","1259 N Stuart St 3 Unit, DENVER, CO","2025-03-25","2025","townhome_or_attached","New Building","1","209000","Kent Construction Llc","2024-RESCON-0002996","0506124016000","39.73598120988317","-105.04308298898131"
"West Colfax","1259 N Stuart St 4 Unit, DENVER, CO","2025-03-25","2025","townhome_or_attached","New Building","1","204000","Kent Construction Llc","2024-RESCON-0002997","0506124016000","39.73598417597246","-105.04313986153207"
"West Colfax","1370 N Lowell 1, DENVER, CO","2025-03-24","2025","single_family_or_duplex","New Building","1","302450","Columbine Home Builders","2023-RESCON-0001957","0505210033000","39.73770699445545","-105.03442750513322"
"West Colfax","1370 N Lowell 2, DENVER, CO","2025-03-24","2025","single_family_or_duplex","New Building","1","286600","Columbine Home Builders","2023-RESCON-0001958","0505210033000","39.737717046421594","-105.03419275351612"
"West Colfax","1370 N Lowell 3, DENVER, CO","2025-03-24","2025","single_family_or_duplex","New Building","1","286600","Columbine Home Builders","2023-RESCON-0001959","0505210033000","39.73777744047981","-105.03419235241314"
"West Colfax","1370 N Lowell 5, DENVER, CO","2025-03-24","2025","single_family_or_duplex","New Building","1","282450","Columbine Home Builders","2023-RESCON-0001961","0505210033000","39.7377892515064","-105.03440206825664"
"West Colfax","1370 N Lowell 4, DENVER, CO","2025-03-24","2025","single_family_or_duplex","New Building","1","265125","Columbine Home Builders","2023-RESCON-0001960","0505210033000","39.73777504715828","-105.03428126417428"
"West Colfax","1448 N Stuart ST, DENVER, CO","2025-03-13","2025","single_family_or_duplex","New Building","1","425000","Dulin Construction","2024-RESCON-0001822","0506107040000","39.739564619981884","-105.04259381647455"
"West Colfax","1230 N Zenobia Unit 3, DENVER, CO","2025-03-12","2025","townhome_or_attached","New Building","1","225000","Titan Industries Construction Co. Llc","2022-RESCON-0005181","0506200214000","39.73570225021339","-105.05192436091794"
"West Colfax","4235 W 13th Ave, DENVER, CO","2025-01-06","2025","single_family_or_duplex","New Building","1","268000","J&M Development","2023-RESCON-0001842","0506110012000","39.73675392493426","-105.04200410680896"
"West Colfax","1301 N Raleigh ST, DENVER, CO","2025-01-06","2025","single_family_or_duplex","New Building","1","268000","J&M Development","2022-RESCON-0005654","0506110012000","39.736789072526065","-105.04186520175466"
"West Colfax","4225 W 13th Ave, DENVER, CO","2025-01-06","2025","single_family_or_duplex","New Building","1","222000","J&M Development","2023-RESCON-0001841","0506110012000","39.736750916771804","-105.04193656660965"
"West Colfax","1345 N Perry St, DENVER, CO","2024-12-02","2024","single_family_or_duplex","New Building","0","300000","Redt Construction Llc","2024-RESCON-0000302","0506112035000","39.73747716235179","-105.0395067507953"
"West Colfax","1343 N Perry, DENVER, CO","2024-12-02","2024","single_family_or_duplex","New Building","0","300000","Redt Construction Llc","2023-RESCON-0003998","0506112035000","39.73743872975371","-105.03950700312956"
"West Colfax","1347 N Perry St, DENVER, CO","2024-11-21","2024","single_family_or_duplex","New Building","0","300000","Redt Construction Llc","2024-RESCON-0000303","0506112035000","39.737515608864506","-105.03951005418985"
"West Colfax","1230 N Zenobia Unit 2, DENVER, CO","2024-10-02","2024","townhome_or_attached","New Building","1","203000","Titan Industries Construction Co. Llc","2022-RESCON-0005180","0506200214000","39.73570225021339","-105.05192436091794"
"West Colfax","1230 N Zenobia Unit 1, DENVER, CO","2024-10-02","2024","townhome_or_attached","New Building","1","203000","Titan Industries Construction Co. Llc","2022-RESCON-0003372","0506200214000","39.73570225021339","-105.05192436091794"
"West Colfax","1370 N Quitman 1/2, DENVER, CO","2024-09-05","2024","single_family_or_duplex","New Building","1","253246","Prenvalley Builders","2024-RESCON-0001611","0506112026000","39.73790284165477","-105.04025068348928"
"West Colfax","1569 N Vrain DUPLEX, DENVER, CO","2024-08-05","2024","single_family_or_duplex","New Building","1","271471","Mag Builders Inc","2023-RESCON-0001983","0231313011000","39.74171857673593","-105.04657320102412"
"West Colfax","1571 N Vrain ST DUPLEX, DENVER, CO","2024-08-05","2024","single_family_or_duplex","New Building","1","271471","Mag Builders Inc","2023-RESCON-0001982","0231313011000","39.74178996517784","-105.04657629551303"
"West Colfax","1563 N Hooker ST, DENVER, CO","2024-07-02","2024","single_family_or_duplex","New Building","1","223500","Tri Construction Inc","2022-RESCON-0001163","0232327035000","39.74184622114133","-105.02875302243518"
"West Colfax","1421 N Xavier ST 1/2 DUPLEX, DENVER, CO","2024-06-20","2024","single_family_or_duplex","New Building","1","261382","Darlington Renovation & Repair","2023-RESCON-0002016","0506206011000","39.7388986580104","-105.05000864801578"
"West Colfax","1423 N Xavier St 1/2 DUPLEX, DENVER, CO","2024-06-20","2024","single_family_or_duplex","New Building","1","261382","Darlington Renovation & Repair","2023-RESCON-0002017","0506206011000","39.7389865175497","-105.05001164019846"
"West Colfax","1219 N Newton, DENVER, CO","2024-06-20","2024","single_family_or_duplex","New Building","1","210100","J&M Development","2022-RESCON-0002369","0506119014000","39.735172778740804","-105.03712533228529"
"West Colfax","1221 N Newton St, DENVER, CO","2024-06-20","2024","single_family_or_duplex","New Building","1","210100","J&M Development","2022-RESCON-0002697","0506119014000","39.73524415361506","-105.03712486125585"
"West Colfax","1645 N Osceola ST 1/2 Duplex, DENVER, CO","2024-05-25","2024","single_family_or_duplex","New Building","1","273549","Dougherty Land Builders","2022-RESCON-0004245","0231410013000","39.74362473980559","-105.03834620108444"
"West Colfax","1647 N Osceola St 1/2 DUPLEX, DENVER, CO","2024-05-25","2024","single_family_or_duplex","New Building","1","273549","Dougherty Land Builders","2022-RESCON-0004246","0231410013000","39.743652191597185","-105.03834602037544"
"West Colfax","1559 N Hooker ST, DENVER, CO","2024-05-14","2024","single_family_or_duplex","New Building","1","223500","Tri Construction Inc","2022-RESCON-0001162","0232327035000","39.74183472770176","-105.02862508100002"
"West Colfax","1590 N Lowell, DENVER, CO","2024-05-10","2024","single_family_or_duplex","New Building","1","500000","G.J. Gardner Homes Denver","2023-RESCON-0001105","0232330003000","39.74246149008787","-105.03435326938997"
"West Colfax","1588 N Lowell BLVD, DENVER, CO","2024-05-10","2024","single_family_or_duplex","New Building","1","500000","G.J. Gardner Homes Denver","2023-RESCON-0001100","0232330003000","39.74239560577347","-105.03435370683488"
"West Colfax","1372 N Lowell BLVD 5, DENVER, CO","2024-05-01","2024","single_family_or_duplex","New Building","1","302450","Columbine Home Builders","2023-RESCON-0001967","0505210034000","39.73792384995675","-105.03442250978303"
"West Colfax","1372 N Lowell BLVD 3, DENVER, CO","2024-05-01","2024","single_family_or_duplex","New Building","1","286600","Columbine Home Builders","2023-RESCON-0001965","0505210034000","39.7379119545138","-105.03419145904493"
"West Colfax","1372 N Lowell BLVD 2, DENVER, CO","2024-05-01","2024","single_family_or_duplex","New Building","1","286600","Columbine Home Builders","2023-RESCON-0001964","0505210034000","39.73793635147675","-105.03411306847094"
"West Colfax","1372 N Lowell BLVD 1, DENVER, CO","2024-05-01","2024","single_family_or_duplex","New Building","1","282450","Columbine Home Builders","2023-RESCON-0001963","0505210034000","39.737829289288435","-105.0341137796393"
"West Colfax","1372 N Lowell BLVD 4, DENVER, CO","2024-05-01","2024","single_family_or_duplex","New Building","1","265125","Columbine Home Builders","2023-RESCON-0001966","0505210034000","39.73791503748842","-105.03427677877127"
"West Colfax","1745 N LOWELL BLVD 1/2 DUPLEX, DENVER, CO","2024-02-06","2024","single_family_or_duplex","NEW BUILDING","1","320000","Home Advantage","2022-RESCON-0005538","0231405017000","39.744519939696126","-105.0349228158281"
"West Colfax","1745 N LOWELL BLVD 1/2 DUPLEX, DENVER, CO","2024-02-06","2024","single_family_or_duplex","NEW BUILDING","1","320000","Home Advantage","2022-RESCON-0005537","0231405017000","39.744519939696126","-105.0349228158281"
"Gateway - Green Valley Ranch","4440 N Rifle ST TOWNHOME, DENVER, CO","2026-02-19","2026","single_family_or_duplex","New Building","1","212364","Paulscorp Llc","2025-RESCON-0003160","0021306001000","39.777440699092445","-104.78599056813445"
"Gateway - Green Valley Ranch","4410 N Rifle ST TOWNHOME, DENVER, CO","2025-12-19","2025","single_family_or_duplex","New Building","1","212364","Paulscorp Llc","2025-RESCON-0003153","0021306001000","39.776998759415314","-104.78599862772494"
"Gateway - Green Valley Ranch","4438 N Rifle TOWNHOME, DENVER, CO","2025-12-19","2025","single_family_or_duplex","New Building","1","212364","Paulscorp Llc","2025-RESCON-0003237","0021306001000","39.77730897677356","-104.78599902570191"
"Gateway - Green Valley Ranch","4460 N Rifle TOWNHOME, DENVER, CO","2025-12-17","2025","single_family_or_duplex","New Building","1","212364","Paulscorp Llc","2025-RESCON-0003267","0021306001000","39.777685012547096","-104.78598807947463"
"Gateway - Green Valley Ranch","4474 N Rifle ST TOWNHOME, DENVER, CO","2025-12-16","2025","single_family_or_duplex","New Building","1","212364","Paulscorp Llc","2025-RESCON-0003158","0021306002000","39.778412464387905","-104.78598066929902"
"Gateway - Green Valley Ranch","4488 N Rifle ST TOWNHOME, DENVER, CO","2025-12-16","2025","single_family_or_duplex","New Building","1","212364","Paulscorp Llc","2025-RESCON-0003159","0021306002000","39.77884616854594","-104.78597269332369"
"Gateway - Green Valley Ranch","4484 N Rifle TOWNHOME, DENVER, CO","2025-12-16","2025","single_family_or_duplex","New Building","1","212364","Paulscorp Llc","2025-RESCON-0003256","0021306002000","39.778719894234754","-104.7859739796485"
"Gateway - Green Valley Ranch","4498 N Rifle, DENVER, CO","2025-12-16","2025","single_family_or_duplex","New Building","1","212364","Paulscorp Llc","2025-RESCON-0003262","0021306002000","39.779150874824666","-104.78596958933774"
"Gateway - Green Valley Ranch","4472 N Rifle TOWNHOME, DENVER, CO","2025-12-14","2025","single_family_or_duplex","New Building","1","271769","Paulscorp Llc","2025-RESCON-0003246","0021306002000","39.778286168479895","-104.78597839786845"
"Gateway - Green Valley Ranch","4462 N Rifle ST TOWNHOME, DENVER, CO","2025-12-14","2025","single_family_or_duplex","New Building","1","212364","Paulscorp Llc","2025-RESCON-0003154","0021306002000","39.77797595033589","-104.78597799998646"
"Gateway - Green Valley Ranch","4378 N Rifle St TOWNHOME, DENVER, CO","2025-12-01","2025","single_family_or_duplex","New Building","1","212364","Paulscorp Llc","2025-RESCON-0003161","0021306001000","39.77661993529674","-104.78600248645277"
"Gateway - Green Valley Ranch","4398 N Rifle TOWNHOME, DENVER, CO","2025-12-01","2025","single_family_or_duplex","New Building","1","212364","Paulscorp Llc","2025-RESCON-0003273","0021306001000","39.77686156845745","-104.7860106988076"
"Gateway - Green Valley Ranch","17438 E 43rd PL SFR, DENVER, CO","2025-10-15","2025","single_family_or_duplex","New Building","1","291906","Paulscorp Llc","2025-RESCON-0003165","0021305001000","39.77579493722286","-104.78576895759669"
"Gateway - Green Valley Ranch","17488 E 43rd SFR, DENVER, CO","2025-10-15","2025","single_family_or_duplex","New Building","1","291906","Paulscorp Llc","2025-RESCON-0003226","0021305001000","39.77579059473229","-104.78550572153267"
"Gateway - Green Valley Ranch","17428 E 43rd, DENVER, CO","2025-10-15","2025","single_family_or_duplex","New Building","1","290921","Paulscorp Llc","2025-RESCON-0003171","0021305001000","39.77578756513963","-104.78591134575426"
"Gateway - Green Valley Ranch","17478 E 43rd PL SFR, DENVER, CO","2025-10-15","2025","single_family_or_duplex","New Building","1","267847","Paulscorp Llc","2025-RESCON-0003225","0021305001000","39.775785471558116","-104.7855662567956"
"Gateway - Green Valley Ranch","4321 N Salida WAY, DENVER, CO","2025-10-09","2025","single_family_or_duplex","New Building","1","212364","Paulscorp Llc","2025-RESCON-0003061","0021305001000","39.77556138652078","-104.78347654198248"
"Gateway - Green Valley Ranch","4301 N Salida WAY TOWNHOME, DENVER, CO","2025-10-09","2025","single_family_or_duplex","New Building","1","212364","Paulscorp Llc","2025-RESCON-0003062","0021305001000","39.77531169008499","-104.7834968833558"
"Gateway - Green Valley Ranch","4341 N Salida Way, DENVER, CO","2025-10-09","2025","single_family_or_duplex","New Building","1","212364","Paulscorp Llc","2025-RESCON-0003335","0021305001000","39.77572060211176","-104.7834749144945"
"Gateway - Green Valley Ranch","4311 N Salida Way TOWNHOME, DENVER, CO","2025-10-09","2025","single_family_or_duplex","New Building","1","212364","Paulscorp Llc","2025-RESCON-0003338","0021305001000","39.7754160037592","-104.78349581710549"
"Gateway - Green Valley Ranch","4134 N Truckee ST, DENVER, CO","2025-10-08","2025","single_family_or_duplex","New Building","1","221672","Paulscorp Llc","2025-RESCON-0002542","0021301001000","39.77390217269293","-104.78194944298322"
"Gateway - Green Valley Ranch","4090 N Truckee ST, DENVER, CO","2025-10-08","2025","single_family_or_duplex","New Building","1","221672","Paulscorp Llc","2025-RESCON-0002537","0021301001000","39.77360016761737","-104.78194542110428"
"Gateway - Green Valley Ranch","17508 E 43rd PL SFR, DENVER, CO","2025-10-03","2025","single_family_or_duplex","New Building","1","291906","Paulscorp Llc","2025-RESCON-0003142","0021305001000","39.77578350656354","-104.78524251465947"
"Gateway - Green Valley Ranch","17568 E 43rd PL SFR, DENVER, CO","2025-10-03","2025","single_family_or_duplex","New Building","1","291906","Paulscorp Llc","2025-RESCON-0003157","0021305001000","39.77577553185507","-104.78483344485473"
"Gateway - Green Valley Ranch","17528 E 43rd PL SFR, DENVER, CO","2025-10-03","2025","single_family_or_duplex","New Building","1","271769","Paulscorp Llc","2025-RESCON-0003139","0021305001000","39.775785279623555","-104.78508239323656"
"Gateway - Green Valley Ranch","17618 E 43rd SFR, DENVER, CO","2025-09-30","2025","single_family_or_duplex","New Building","1","290921","Paulscorp Llc","2025-RESCON-0002993","0021305001000","39.77577795225205","-104.78432820770898"
"Gateway - Green Valley Ranch","17610 E 43rd SFR, DENVER, CO","2025-09-30","2025","single_family_or_duplex","New Building","1","290921","Paulscorp Llc","2025-RESCON-0002996","0021305001000","39.77578197308753","-104.78453807840268"
"Gateway - Green Valley Ranch","17614 E 43rd PL SFR, DENVER, CO","2025-09-30","2025","single_family_or_duplex","New Building","0","271769","Paulscorp Llc","2025-RESCON-0002992","0021305001000","39.77577014945846","-104.78439944388606"
"Gateway - Green Valley Ranch","17608 E 43rd PL SFR, DENVER, CO","2025-09-30","2025","single_family_or_duplex","New Building","1","271769","Paulscorp Llc","2025-RESCON-0002995","0021305001000","39.77577691527054","-104.78460928771185"
"Gateway - Green Valley Ranch","17630 E 43rd AVE SFR, DENVER, CO","2025-09-17","2025","single_family_or_duplex","New Building","1","271769","Paulscorp Llc","2025-RESCON-0002803","0021305001000","39.775772827652986","-104.78393689802213"
"Gateway - Green Valley Ranch","17507 E 43rd AVE SFR, DENVER, CO","2025-09-16","2025","single_family_or_duplex","New Building","1","291906","Paulscorp Llc","2025-RESCON-0002874","0021305001000","39.77530590199528","-104.78525450023355"
"Gateway - Green Valley Ranch","17511 E 43rd SFR, DENVER, CO","2025-09-16","2025","single_family_or_duplex","New Building","1","291906","Paulscorp Llc","2025-RESCON-0002875","0021305001000","39.77530551321605","-104.7851904637659"
"Gateway - Green Valley Ranch","17567 E 43rd AVE SFR, DENVER, CO","2025-09-16","2025","single_family_or_duplex","New Building","1","290921","Paulscorp Llc","2025-RESCON-0002787","0021305001000","39.77529477107907","-104.78432602524109"
"Gateway - Green Valley Ranch","17567 E 43rd AVE SFR, DENVER, CO","2025-09-16","2025","single_family_or_duplex","New Building","1","290921","Paulscorp Llc","2025-RESCON-0002788","0021305001000","39.77529477107907","-104.78432602524109"
"Gateway - Green Valley Ranch","17557 E 43rd AVE SFR, DENVER, CO","2025-09-16","2025","single_family_or_duplex","New Building","1","290921","Paulscorp Llc","2025-RESCON-0002807","0021305001000","39.77529673860119","-104.78464976626152"
"Gateway - Green Valley Ranch","17467 E 43rd AVE SFR, DENVER, CO","2025-09-16","2025","single_family_or_duplex","New Building","0","290921","Paulscorp Llc","2025-RESCON-0002812","0021305001000","39.77531059046629","-104.78557465460473"
"Gateway - Green Valley Ranch","17477 E 43rd SFR, DENVER, CO","2025-09-16","2025","single_family_or_duplex","New Building","1","290921","Paulscorp Llc","2025-RESCON-0002813","0021305001000","39.77529922147227","-104.78551073005227"
"Gateway - Green Valley Ranch","17517 E 43rd AVE SFR, DENVER, CO","2025-09-16","2025","single_family_or_duplex","New Building","1","271769","Paulscorp Llc","2025-RESCON-0002802","0021305001000","39.77529369034591","-104.78505182891432"
"Gateway - Green Valley Ranch","17561 E 43rd AVE SFR, DENVER, CO","2025-09-16","2025","single_family_or_duplex","New Building","1","271769","Paulscorp Llc","2025-RESCON-0002845","0021305001000","39.775284525910784","-104.78444709507414"
"Gateway - Green Valley Ranch","17447 E 43rd SFR, DENVER, CO","2025-09-16","2025","single_family_or_duplex","New Building","1","271769","Paulscorp Llc","2025-RESCON-0002878","0021305001000","39.775300991509184","-104.7858024528931"
"Gateway - Green Valley Ranch","17577 E 43rd AVE SFR, DENVER, CO","2025-09-16","2025","single_family_or_duplex","New Building","1","257486","Paulscorp Llc","2025-RESCON-0002841","0021305001000","39.77528210354148","-104.784048646103"
"Gateway - Green Valley Ranch","17579 E 43rd SFR, DENVER, CO","2025-09-16","2025","single_family_or_duplex","New Building","1","208944","Paulscorp Llc","2025-RESCON-0002842","0021305001000","39.77528167083364","-104.78397749450389"
"Gateway - Green Valley Ranch","4334 N Salida SFR, DENVER, CO","2025-08-08","2025","single_family_or_duplex","New Building","1","290921","Paulscorp Llc","2025-RESCON-0001930","0021301001000","39.77580952955936","-104.7822999198846"
"Gateway - Green Valley Ranch","17777 E 43rd SFR, DENVER, CO","2025-08-08","2025","single_family_or_duplex","New Building","1","276671","Paulscorp Llc","2025-RESCON-0001884","0021301001000","39.77528855792814","-104.78195303037187"
"Gateway - Green Valley Ranch","4324 N Salida WAY SFR, DENVER, CO","2025-08-08","2025","single_family_or_duplex","New Building","1","276671","Paulscorp Llc","2025-RESCON-0001910","0021301001000","39.77581379249272","-104.78254892422777"
"Gateway - Green Valley Ranch","4332 N Salida WAY SFR, DENVER, CO","2025-08-08","2025","single_family_or_duplex","New Building","1","271769","Paulscorp Llc","2025-RESCON-0001929","0021301001000","39.77582364539039","-104.78236381627786"
"Gateway - Green Valley Ranch","17637 E 43rd AVE SFR, DENVER, CO","2025-08-08","2025","single_family_or_duplex","New Building","1","257486","Paulscorp Llc","2025-RESCON-0001903","0021301001000","39.77527266074027","-104.78249753794042"
"Gateway - Green Valley Ranch","17787 E 43rd AVE SFR, DENVER, CO","2025-08-08","2025","single_family_or_duplex","New Building","1","257486","Paulscorp Llc","2025-RESCON-0001906","0021301001000","39.775398470268875","-104.78196969351119"
"Gateway - Green Valley Ranch","17797 E 43rd SFR, DENVER, CO","2025-08-08","2025","single_family_or_duplex","New Building","1","208944","Paulscorp Llc","2025-RESCON-0001907","0021301001000","39.775464309184436","-104.781961903477"
"Gateway - Green Valley Ranch","4330 N Salida WAY SFR, DENVER, CO","2025-08-08","2025","single_family_or_duplex","New Building","1","208944","Paulscorp Llc","2025-RESCON-0001911","0021301001000","39.77581871897797","-104.78245637025937"
"Gateway - Green Valley Ranch","17767 E 43rd AVE SFR, DENVER, CO","2025-08-08","2025","single_family_or_duplex","New Building","1","208872","Paulscorp Llc","2025-RESCON-0001883","0021301001000","39.77523367769718","-104.78195715034076"
"Gateway - Green Valley Ranch","4194 N Truckee SFR, DENVER, CO","2025-07-31","2025","single_family_or_duplex","New Building","1","276671","Paulscorp Llc","2025-RESCON-0001937","0021301001000","39.774311214837496","-104.78194881071725"
"Gateway - Green Valley Ranch","4264 N Truckee SFR, DENVER, CO","2025-07-31","2025","single_family_or_duplex","New Building","1","276671","Paulscorp Llc","2025-RESCON-0001944","0021301001000","39.77482184720316","-104.78195069557368"
"Gateway - Green Valley Ranch","4164 N Truckee ST SFR, DENVER, CO","2025-07-31","2025","single_family_or_duplex","New Building","1","271769","Paulscorp Llc","2025-RESCON-0001882","0021301001000","39.77410539671552","-104.78196159223408"
"Gateway - Green Valley Ranch","4200 N Truckee SFR, DENVER, CO","2025-07-31","2025","single_family_or_duplex","New Building","1","257486","Paulscorp Llc","2025-RESCON-0001881","0021301001000","39.77447328406766","-104.78196493936028"
"Gateway - Green Valley Ranch","4214 N Truckee SFR, DENVER, CO","2025-07-31","2025","single_family_or_duplex","New Building","1","257486","Paulscorp Llc","2025-RESCON-0001887","0021301001000","39.77461053982718","-104.78196353340668"
"Gateway - Green Valley Ranch","4284 N Truckee SFR, DENVER, CO","2025-07-31","2025","single_family_or_duplex","New Building","1","257486","Paulscorp Llc","2025-RESCON-0001889","0021301001000","39.7749783394186","-104.78195265032082"
"Gateway - Green Valley Ranch","4198 N Truckee ST SFR, DENVER, CO","2025-07-31","2025","single_family_or_duplex","New Building","1","208944","Paulscorp Llc","2025-RESCON-0001880","0021301001000","39.774415593630074","-104.7819584147846"
"Gateway - Green Valley Ranch","4274 N Truckee ST SFR, DENVER, CO","2025-07-31","2025","single_family_or_duplex","New Building","1","208944","Paulscorp Llc","2025-RESCON-0001888","0021301001000","39.77492075747923","-104.78196391351312"
"Gateway - Green Valley Ranch","4204 N Truckee ST SFR, DENVER, CO","2025-07-31","2025","single_family_or_duplex","New Building","1","208912","Paulscorp Llc","2025-RESCON-0001886","0021301001000","39.77454467829244","-104.78196776581181"
"Gateway - Green Valley Ranch","4254 N Truckee ST SFR, DENVER, CO","2025-07-31","2025","single_family_or_duplex","New Building","1","208912","Paulscorp Llc","2025-RESCON-0001943","0021301001000","39.77476696696255","-104.78195481551703"
"Gateway - Green Valley Ranch","4184 N Truckee ST SFR, DENVER, CO","2025-07-31","2025","single_family_or_duplex","New Building","1","208872","Paulscorp Llc","2025-RESCON-0001936","0021301001000","39.77425637798149","-104.78196004568665"
"Gateway - Green Valley Ranch","4191 N Salida Way, DENVER, CO","2025-05-20","2025","single_family_or_duplex","New Building","1","212364","Paulscorp Llc","2025-RESCON-0001203","0021304001000","39.77421574896604","-104.78385318686139"
"Gateway - Green Valley Ranch","4131 N Salida Way, DENVER, CO","2025-05-20","2025","single_family_or_duplex","New Building","0","212364","Paulscorp Llc","2025-RESCON-0001198","0021304001000","39.77390555197698","-104.78385635591734"
"Gateway - Green Valley Ranch","4111 N Salida WAY, DENVER, CO","2025-05-20","2025","single_family_or_duplex","New Building","0","212364","Paulscorp Llc","2025-RESCON-0001196","0021304001000","39.77379298130458","-104.78385394823718"
"Gateway - Green Valley Ranch","4151 N Salida WAY TOWNHOME, DENVER, CO","2025-05-20","2025","single_family_or_duplex","New Building","1","212364","Paulscorp Llc","2025-RESCON-0001200","0021304001000","39.77404280688786","-104.78385495368772"
"Gateway - Green Valley Ranch","17703 E 41st AVE SFR, DENVER, CO","2025-04-24","2025","single_family_or_duplex","New Building","1","276671","Paulscorp Llc","2025-RESCON-0000588","0021302001000","39.773757320948214","-104.78250593288807"
"Gateway - Green Valley Ranch","17603 E 41st AVE SFR, DENVER, CO","2025-04-24","2025","single_family_or_duplex","New Building","1","276671","Paulscorp Llc","2025-RESCON-0000590","0021302001000","39.773760051901206","-104.78295417933953"
"Gateway - Green Valley Ranch","17693 E 41st SFR, DENVER, CO","2025-04-24","2025","single_family_or_duplex","New Building","1","257486","Paulscorp Llc","2025-RESCON-0000594","0021302001000","39.773758101392616","-104.78263400296574"
"Gateway - Green Valley Ranch","17673 E 41st AVE SFR, DENVER, CO","2025-04-24","2025","single_family_or_duplex","New Building","1","208944","Paulscorp Llc","2025-RESCON-0000593","0021302001000","39.77375857826227","-104.78271226801459"
"Gateway - Green Valley Ranch","17623 E 41st SFR, DENVER, CO","2025-04-24","2025","single_family_or_duplex","New Building","1","208912","Paulscorp Llc","2025-RESCON-0000591","0021302001000","39.77375685176384","-104.78287949987242"
"Gateway - Green Valley Ranch","17753 E 41st SFR, DENVER, CO","2025-04-24","2025","single_family_or_duplex","New Building","1","208912","Paulscorp Llc","2025-RESCON-0000589","0021302001000","39.773762355820885","-104.78243116914354"
"Gateway - Green Valley Ranch","17604 E 42nd AVE SFR, DENVER, CO","2025-04-23","2025","single_family_or_duplex","New Building","1","276671","Paulscorp Llc","2025-RESCON-0000532","0021302001000","39.774248593569574","-104.7829349509809"
"Gateway - Green Valley Ranch","17654 E 42nd AVE SFR, DENVER, CO","2025-04-23","2025","single_family_or_duplex","New Building","1","257486","Paulscorp Llc","2025-RESCON-0000526","0021302001000","39.774253021897806","-104.78276057480927"
"Gateway - Green Valley Ranch","17704 E 42nd AVE SFR, DENVER, CO","2025-04-23","2025","single_family_or_duplex","New Building","1","257486","Paulscorp Llc","2025-RESCON-0000524","0021302001000","39.77425427128546","-104.78251507732996"
"Gateway - Green Valley Ranch","17674 E 42nd SFR, DENVER, CO","2025-04-23","2025","single_family_or_duplex","New Building","1","208944","Paulscorp Llc","2025-RESCON-0000527","0021302001000","39.7742580569312","-104.78268581055434"
"Gateway - Green Valley Ranch","17754 E 42nd SFR, DENVER, CO","2025-04-23","2025","single_family_or_duplex","New Building","1","208944","Paulscorp Llc","2025-RESCON-0000525","0021302001000","39.774253794284796","-104.78243681172903"
"Gateway - Green Valley Ranch","17624 E 42nd SFR, DENVER, CO","2025-04-23","2025","single_family_or_duplex","New Building","1","208912","Paulscorp Llc","2025-RESCON-0000533","0021302001000","39.77425360704339","-104.7828566292158"
"Gateway - Green Valley Ranch","17423 E 41st SFR, DENVER, CO","2025-02-14","2025","single_family_or_duplex","New Building","1","276671","Paulscorp Llc","2024-RESCON-0003848","0021304001000","39.77377895258479","-104.78561161093417"
"Gateway - Green Valley Ranch","17467 E 41st AVE SFR, DENVER, CO","2025-02-14","2025","single_family_or_duplex","New Building","1","276671","Paulscorp Llc","2024-RESCON-0004032","0021304001000","39.77376034523207","-104.78435592186277"
"Gateway - Green Valley Ranch","17425 E 41st AVE SFR, DENVER, CO","2025-02-14","2025","single_family_or_duplex","New Building","0","257486","Paulscorp Llc","2024-RESCON-0003820","0021304001000","39.773767238165966","-104.78549076771549"
"Gateway - Green Valley Ranch","17455 E 41st AVE SFR, DENVER, CO","2025-02-14","2025","single_family_or_duplex","New Building","1","257486","Paulscorp Llc","2024-RESCON-0003856","0021304001000","39.77376516584674","-104.78469741530137"
"Gateway - Green Valley Ranch","17437 E 41st AVE SFR, DENVER, CO","2025-02-14","2025","single_family_or_duplex","New Building","1","247671","Paulscorp Llc","2024-RESCON-0003860","0021304001000","39.77376501374111","-104.7851243436951"
"Gateway - Green Valley Ranch","17457 E 41st, DENVER, CO","2025-02-14","2025","single_family_or_duplex","New Building","1","208944","Paulscorp Llc","2024-RESCON-0003857","0021304001000","39.77376460382754","-104.78460492021911"
"Gateway - Green Valley Ranch","17427 E 41st SFR, DENVER, CO","2025-02-14","2025","single_family_or_duplex","New Building","1","208944","Paulscorp Llc","2024-RESCON-0003821","0021304001000","39.77376671995695","-104.7854053876311"
"Gateway - Green Valley Ranch","17417 E 41st AVE SFR, DENVER, CO","2025-02-14","2025","single_family_or_duplex","New Building","1","208912","Paulscorp Llc","2024-RESCON-0003847","0021304001000","39.77376568039595","-104.78568645838644"
"Gateway - Green Valley Ranch","17473 E 41st SFR, DENVER, CO","2025-02-14","2025","single_family_or_duplex","New Building","1","208912","Paulscorp Llc","2024-RESCON-0004033","0021304001000","39.773773616575085","-104.7842810741643"
"Gateway - Green Valley Ranch","17443 E 41st SFR, DENVER, CO","2025-02-14","2025","single_family_or_duplex","New Building","1","208192","Paulscorp Llc","2024-RESCON-0003861","0021304001000","39.77377549726553","-104.78504240912726"
"Gateway - Green Valley Ranch","17414 E 42nd AVE SFR, DENVER, CO","2025-02-05","2025","single_family_or_duplex","New Building","1","276671","Paulscorp Llc","2024-RESCON-0003843","0021304001000","39.774255042684594","-104.78580243631271"
"Gateway - Green Valley Ranch","17416 E 42nd, DENVER, CO","2025-02-05","2025","single_family_or_duplex","New Building","1","208912","Paulscorp Llc","2024-RESCON-0003844","0021304001000","39.77426550508803","-104.78571694257745"
"Gateway - Green Valley Ranch","17454 E 42nd SFR, DENVER, CO","2025-02-03","2025","single_family_or_duplex","New Building","1","290921","Paulscorp Llc","2024-RESCON-0003840","0021304001000","39.77425197704465","-104.78529726613569"
"Gateway - Green Valley Ranch","17522 E 42nd AVE SFR, DENVER, CO","2025-01-31","2025","single_family_or_duplex","New Building","1","256136","Paulscorp Llc","2024-RESCON-0004051","0021304001000","39.77425692778841","-104.7843046014432"
"Gateway - Green Valley Ranch","17524 E 42nd SFR, DENVER, CO","2025-01-31","2025","single_family_or_duplex","New Building","1","208944","Paulscorp Llc","2024-RESCON-0004052","0021304001000","39.774259110558724","-104.78421207768443"
"Washington Park","1170 S Gaylord St, DENVER, CO","2026-09-22","2026","single_family_or_duplex","New Building","1","1250000","Neyer Construction Inc","2026-RESCON-0000049","0523102009000","39.69533752236734","-104.96141353885551"
"Washington Park","618 S Franklin ST, DENVER, CO","2026-09-18","2026","single_family_or_duplex","New Building","1","709775","Jb Concrete Inc","2026-RESCON-0002103","0514229003000","39.70525828759864","-104.96848135312882"
"Washington Park","1220 S Vine ST, DENVER, CO","2026-08-18","2026","single_family_or_duplex","New Building","1","1350000","Henry Development Llc","2025-RESCON-0004015","0523112003000","39.69437713825951","-104.96271799536223"
"Washington Park","491 S Race ST, DENVER, CO","2026-07-20","2026","single_family_or_duplex","New Building","1","765000","5280 Construction & Development Llc","2026-RESCON-0000340","0514112013000","39.707668560394104","-104.96422277791537"
"Washington Park","950 S Gilpin St, DENVER, CO","2026-07-02","2026","single_family_or_duplex","New Building","1","1000000","Moseley Construction","2025-RESCON-0003004","0514421018000","39.69924915022601","-104.96734341697554"
"Washington Park","923 S York St, DENVER, CO","2026-06-22","2026","single_family_or_duplex","New Building","0","250000","Klm Construction Inc","2026-RESCON-0001056","0514416026000","39.699754570628336","-104.96077902431323"
"Washington Park","800 S Franklin ST, DENVER, CO","2026-06-05","2026","single_family_or_duplex","New Building","1","1255721","Tk Morrison Construction Llc","2026-RESCON-0000029","0514311001000","39.701790907495976","-104.96846852209526"
"Washington Park","1245 S York ST 1245, DENVER, CO","2026-06-03","2026","single_family_or_duplex","New Building","0","650000","Devex Construction Llc","2026-RESCON-0000746","0523113018000","39.693951146736396","-104.96081650629672"
"Washington Park","524 S Gaylord ST, DENVER, CO","2026-05-22","2026","single_family_or_duplex","New Building","1","394403","Progressive Building Group Llc","2025-RESCON-0002959","0514118041000","39.707052083044395","-104.961483566145"
"Washington Park","520 S Gaylord ST, DENVER, CO","2026-05-22","2026","single_family_or_duplex","New Building","1","394403","Progressive Building Group Llc","2025-RESCON-0002958","0514118041000","39.70708504175131","-104.96148686749228"
"Washington Park","603 S Vine, DENVER, CO","2026-05-19","2026","single_family_or_duplex","New Building","1","700024","Devex Construction Llc","2026-RESCON-0000666","0514127029000","39.70552490455807","-104.96311245824461"
"Washington Park","767 S York ST SFR, DENVER, CO","2026-05-01","2026","single_family_or_duplex","New Building","1","927000","Jb Concrete Inc","2025-RESCON-0003340","0514402018000","39.702604640995084","-104.96087440915502"
"Washington Park","844 S Vine St, DENVER, CO","2026-04-19","2026","single_family_or_duplex","New Building","1","725000","Anderson Construction Llc","2025-RESCON-0004065","0514412008000","39.70118202918245","-104.96255572033425"
"Washington Park","512 S Gaylord ST 512, DENVER, CO","2026-04-17","2026","single_family_or_duplex","New Building","0","586000","Progressive Building Group Llc","2025-RESCON-0003103","0514118035000","39.70725251629103","-104.96148913648544"
"Washington Park","514 S Gaylord St 514, DENVER, CO","2026-04-17","2026","single_family_or_duplex","New Building","0","586000","Progressive Building Group Llc","2025-RESCON-0003104","0514118035000","39.707156434196975","-104.96148987387889"
"Washington Park","140 S Marion Street Pkwy SFR, DENVER, CO","2026-04-15","2026","single_family_or_duplex","New Building","1","3000000","Pg Arnold Construction","2025-RESCON-0001580","0511411006000","39.71389415194411","-104.97194924764996"
"Washington Park","757 S Vine ST SFD, DENVER, CO","2026-03-16","2026","single_family_or_duplex","New Building","1","770782","Berville Inc","2025-RESCON-0002680","0514404019000","39.70273825548185","-104.96307691251846"
"Washington Park","1415 S Vine ST SFR, DENVER, CO","2026-03-09","2026","single_family_or_duplex","New Building","1","750000","Progressive Building Group Llc","2025-RESCON-0003472","0523100085000","39.69078030966532","-104.96321814264286"
"Washington Park","758 S Race ST, DENVER, CO","2026-03-04","2026","single_family_or_duplex","New Building","1","699881","Devex Construction Llc","2025-RESCON-0003949","0514404010000","39.70270309785103","-104.96379510655149"
"Washington Park","1253 S Race ST, DENVER, CO","2026-03-02","2026","single_family_or_duplex","New Building","1","848625","Progressive Building Group Llc","2025-RESCON-0002608","0523110018000","39.69380506258327","-104.96429307825953"
"Washington Park","355 S Williams St SFD, DENVER, CO","2026-03-02","2026","single_family_or_duplex","New Building","1","512635","Colson Builders Llc","2025-RESCON-0003620","0514107021000","39.71014445073308","-104.96655692325253"
"Washington Park","587 S Race ST SFR, DENVER, CO","2026-02-03","2026","single_family_or_duplex","New Building","1","513931","Larsen Development Company","2025-RESCON-0002712","0514121018000","39.705920347767766","-104.96434275466505"
"Washington Park","1135 S York St SFR, DENVER, CO","2026-01-14","2026","single_family_or_duplex","New Building","1","718347","Baronger Colorado","2025-RESCON-0003274","0523102018000","39.69574091621775","-104.96077787959308"
"Washington Park","795 S Gaylord ST SFR, DENVER, CO","2026-01-14","2026","single_family_or_duplex","New Building","1","590970","Devex Construction Llc","2025-RESCON-0003326","0514403014000","39.70219486633486","-104.96191534040804"
"Washington Park","420 S Williams ST, DENVER, CO","2026-01-07","2026","single_family_or_duplex","New Building","1","741017","Berville Inc","2025-RESCON-0000430","0514111002000","39.7088850171061","-104.96609731819449"
"Washington Park","398 S Williams ST SFD, DENVER, CO","2025-12-29","2025","single_family_or_duplex","New Building","1","734399","Larsen Development Company","2025-RESCON-0003379","0514106013000","39.709508276460895","-104.96611390218777"
"Washington Park","1570 S Vine St SFD, DENVER, CO","2025-12-29","2025","single_family_or_duplex","New Building","1","636873","Avanti Construction Llc","2025-RESCON-0003402","0523403031000","39.687944656466016","-104.96267484932488"
"Washington Park","678 S Vine ST, DENVER, CO","2025-11-18","2025","single_family_or_duplex","New Building","1","557520","Redeux Developments Llc","2025-RESCON-0002838","0514128013000","39.704213410144966","-104.96267822285778"
"Washington Park","862 S Gaylord ST, DENVER, CO","2025-11-10","2025","single_family_or_duplex","New Building","1","750000","Stone Cloud Construction Llc","2025-RESCON-0001856","0514413009000","39.70079028920638","-104.96153872705956"
"Washington Park","977 S York ST SFR, DENVER, CO","2025-11-06","2025","single_family_or_duplex","New Building","1","475397","Progressive Building Group Llc","2025-RESCON-0001406","0514416018000","39.69887881416063","-104.96077864570125"
"Washington Park","383 S Vine ST SFR, DENVER, CO","2025-10-28","2025","single_family_or_duplex","New Building","1","860000","Gunlock Homes Inc","2025-RESCON-0000780","0514104014000","39.709593124470544","-104.96304222943624"
"Washington Park","536 S High ST, DENVER, CO","2025-10-27","2025","single_family_or_duplex","New Building","1","550974","Progressive Building Group Llc","2025-RESCON-0002512","0514121006000","39.706845698534856","-104.96498612544023"
"Washington Park","1083 S University BLVD, DENVER, CO","2025-10-21","2025","single_family_or_duplex","New Building","1","905000","Augusten Muller Homes Llc","2025-RESCON-0001862","0514428027000","39.69686961909339","-104.95966398095051"
"Washington Park","826 S York ST, DENVER, CO","2025-10-20","2025","single_family_or_duplex","New Building","1","750000","Stone Cloud Construction Llc","2025-RESCON-0002047","0514414004000","39.70151239487842","-104.96036035951724"
"Washington Park","631 S Gilpin ST, DENVER, CO","2025-09-17","2025","single_family_or_duplex","New Building","1","655826","Five J Construction Llc","2024-RESCON-0002846","0514229023000","39.70508181953656","-104.9677043194163"
"Washington Park","1144 S Race St SFR, DENVER, CO","2025-08-27","2025","single_family_or_duplex","New Building","1","732007","Jb Concrete Inc","2025-RESCON-0001032","0523104006000","39.69574109895835","-104.9638198698716"
"Washington Park","1059 S York ST SFD, DENVER, CO","2025-07-16","2025","single_family_or_duplex","New Building","1","940000","Coreventure Llc","2022-RESCON-0005200","0514427015000","39.697283925058905","-104.9608086692473"
"Washington Park","829 S Race ST, DENVER, CO","2025-06-30","2025","single_family_or_duplex","New Building","0","581129","Progressive Building Group Llc","2024-RESCON-0003822","0514410025000","39.701439481603124","-104.96422768901614"
"Washington Park","910 S Gaylord ST SFD, DENVER, CO","2025-06-16","2025","single_family_or_duplex","New Building","1","591631","Haley Custom Homes Llc","2024-RESCON-0000316","0514416002000","39.69993642965485","-104.96152395521428"
"Washington Park","331 S Gaylord ST SFR, DENVER, CO","2025-06-12","2025","single_family_or_duplex","New Building","1","700000","Justin And Dylan Llc","2024-RESCON-0004262","0514103030000","39.71055422255742","-104.96189388804184"
"Washington Park","450 S Gilpin ST, DENVER, CO","2025-06-09","2025","single_family_or_duplex","New Building","1","988000","Weaver'S Construction Llc","2024-RESCON-0004236","0514110009000","39.708335336731","-104.96717136462698"
"Washington Park","1505 S GAYLORD ST, DENVER, CO","2025-03-17","2025","single_family_or_duplex","New Building","1","870000","Caliber Construction Llc","2024-RESCON-0002601","0523403037000","39.68904191707275","-104.96188470283009"
"Washington Park","1501 S Gaylord ST, DENVER, CO","2025-03-11","2025","single_family_or_duplex","New Building","1","870000","Caliber Construction Llc","2024-RESCON-0002251","0523403036000","39.68917095959237","-104.96188726685325"
"Washington Park","824 S Franklin ST SFR, DENVER, CO","2025-03-10","2025","single_family_or_duplex","New Building","1","1850000","Stone Cloud Construction Llc","2024-RESCON-0003464","0514311003000","39.701510911301895","-104.96847419694464"
"Washington Park","178 S Humboldt ST SFR, DENVER, CO","2025-01-31","2025","single_family_or_duplex","New Building","1","617909","Devex Construction Llc","2024-RESCON-0003172","0511409009000","39.713345793760794","-104.96966420111539"
"Washington Park","525 S High ST SFR, DENVER, CO","2025-01-30","2025","single_family_or_duplex","New Building","1","648390","Tk Morrison Construction Llc","2024-RESCON-0003118","0514122022000","39.70693533896214","-104.9653799677773"
"Washington Park","482 S Gilpin ST, DENVER, CO","2025-01-29","2025","single_family_or_duplex","New Building","1","574985","Denver Luxury Builders Llc","2024-RESCON-0002528","0514110013000","39.70779782344778","-104.96729629356297"
"Washington Park","1184 S Williams ST, DENVER, CO","2025-01-24","2025","single_family_or_duplex","New Building","1","665000","Baronger Colorado","2024-RESCON-0002848","0523106009000","39.69520264476047","-104.96615165697715"
"Washington Park","1350 S York ST, DENVER, CO","2025-01-15","2025","single_family_or_duplex","New Building","0","250000","Chisel Construction Llc","2023-RESCON-0002671","0523115007000","39.69200557396705","-104.96040502937326"
"Washington Park","681 S Gaylord ST SFR, DENVER, CO","2024-12-24","2024","single_family_or_duplex","New Building","0","575000","Denver Builders Inc","2024-RESCON-0002068","0514128017000","39.704163345750956","-104.96193578833785"
"Washington Park","1193 S York ST Shoring, DENVER, CO","2024-12-20","2024","single_family_or_duplex","New Building","0","583284","Devex Construction Llc","2024-RESCON-0002069","0523102035000","39.69507101790328","-104.9607688119424"
"Washington Park","916 S High ST, DENVER, CO","2024-12-17","2024","single_family_or_duplex","New Building","0","458000","Gunlock Homes Inc","2024-RESCON-0002027","0514419003000","39.699790340158245","-104.96500437602674"
"Washington Park","888 S Franklin ST, DENVER, CO","2024-11-21","2024","single_family_or_duplex","New Building","0","1415000","Moseley Construction","2024-RESCON-0002271","0514311010000","39.70035806492236","-104.96851491454473"
"Washington Park","1166 S Vine ST, DENVER, CO","2024-10-21","2024","single_family_or_duplex","New Building","1","685000","Neyer Construction Inc","2024-RESCON-0001200","0523103009000","39.69533781916682","-104.96267865729921"
"Washington Park","1040 S Gilpin ST SFR, DENVER, CO","2024-10-15","2024","single_family_or_duplex","New Building","0","530000","Redeux Developments Llc","2023-RESCON-0004727","0514422022000","39.69755783827942","-104.96729939325965"
"Washington Park","1195 S York ST, DENVER, CO","2024-10-04","2024","single_family_or_duplex","New Building","0","594525","Devex Construction Llc","2024-RESCON-0002486","0523102036000","39.694941992823374","-104.96076980330841"
"Washington Park","300 S Franklin ST SFD, DENVER, CO","2024-09-26","2024","single_family_or_duplex","New Building","1","1100000","Justin And Dylan Llc","2022-RESCON-0005567","0514201001000","39.71096048755832","-104.96852701904486"
"Washington Park","680 S Gaylord ST, DENVER, CO","2024-09-24","2024","single_family_or_duplex","New Building","0","360754","Devex Construction Llc","2024-RESCON-0001505","0514129012000","39.704208078601184","-104.96151250039026"
"Washington Park","684 S Gaylord 1/2 d, DENVER, CO","2024-09-24","2024","single_family_or_duplex","New Building","0","360754","Devex Construction Llc","2024-RESCON-0001599","0514129012000","39.70412570615878","-104.96150957836674"
"Washington Park","1253 S High ST, DENVER, CO","2024-09-11","2024","single_family_or_duplex","New Building","0","950000","Stone Cloud Construction Llc","2024-RESCON-0001370","0523109018000","39.69382687019232","-104.96546560968861"
"Washington Park","1491 S York ST, DENVER, CO","2024-09-11","2024","single_family_or_duplex","New Building","1","525000","Justin And Dylan Llc","2023-RESCON-0002367","0523100047000","39.68945430824098","-104.96081551799604"
"Washington Park","163 S Franklin ST SFR, DENVER, CO","2024-09-07","2024","single_family_or_duplex","New Building","0","625321","Denver Builders Inc","2024-RESCON-0000358","0511409015000","39.71363343386565","-104.96891910908909"
"Washington Park","716 S Race ST SFD, DENVER, CO","2024-08-19","2024","single_family_or_duplex","New Building","1","620000","Caliber Construction Llc","2024-RESCON-0000886","0514404003000","39.70350986645205","-104.96371785948291"
"Washington Park","175 S Franklin St, DENVER, CO","2024-08-13","2024","single_family_or_duplex","New Building","1","1490000","Montare Builders Llc","2024-RESCON-0001395","0511409025000","39.713320352021384","-104.96889304205949"
"Washington Park","592 S High ST SFR, DENVER, CO","2024-08-13","2024","single_family_or_duplex","New Building","0","800000","Denver Luxury Builders Llc","2024-RESCON-0000339","0514121016000","39.70580238980675","-104.96496564644903"
"Washington Park","127 S Humboldt ST SFR, DENVER, CO","2024-08-12","2024","single_family_or_duplex","New Building","1","710000","Kgn Asset Management Inc","2024-RESCON-0000163","0511410022000","39.71417663951757","-104.97005604309143"
"Washington Park","711 S Vine ST, DENVER, CO","2024-08-05","2024","single_family_or_duplex","New Building","1","662000","Anderson Construction Llc","2023-RESCON-0003843","0514404025000","39.7035729462199","-104.96310251402653"
"Washington Park","272 S Franklin ST, DENVER, CO","2024-07-26","2024","single_family_or_duplex","New Building","1","535120","Home Owner","2023-RESCON-0005054","0511605021000","39.711718309064615","-104.96855326943773"
"Washington Park","1101 S Williams ST, DENVER, CO","2024-07-25","2024","single_family_or_duplex","New Building","0","950000","Stone Cloud Construction Llc","2024-RESCON-0000103","0523107001000","39.69643988080732","-104.96655803467236"
"Washington Park","758 S Vine ST SFR, DENVER, CO","2024-07-20","2024","single_family_or_duplex","New Building","0","565324","Denver Builders Inc","2023-RESCON-0003189","0514403009000","39.702774773083135","-104.96265725207732"
"Washington Park","1208 S Vine ST SFR, DENVER, CO","2024-07-16","2024","single_family_or_duplex","New Building","1","800000","D G L Const-Serv Inc","2024-RESCON-0000052","0523112002000","39.69449503729318","-104.96268510984872"
"Washington Park","1280 S Gaylord ST, DENVER, CO","2024-07-08","2024","single_family_or_duplex","New Building","1","637667","Denver Luxury Builders Llc","2023-RESCON-0003110","0523113024000","39.69325706870453","-104.96152189918178"
"Washington Park","415 S Williams ST SFD, DENVER, CO","2024-06-26","2024","single_family_or_duplex","New Building","1","906588","Divine Development & Construction Llc","2023-RESCON-0000578","0514110027000","39.70898035462595","-104.96653733712061"
"Washington Park","170 S Lafayette ST SFD, DENVER, CO","2024-06-26","2024","single_family_or_duplex","New Building","1","580000","M & A Building Solutions Llc","2023-RESCON-0000808","0511410009000","39.7134362095983","-104.97084365214474"
"Washington Park","353 S Gilpin ST, DENVER, CO","2024-06-25","2024","single_family_or_duplex","New Building","1","900000","Cottage Contractors Inc","2024-RESCON-0000459","0514201021000","39.71014464394633","-104.96781164454464"
"Washington Park","939 S Gaylord ST, DENVER, CO","2024-06-13","2024","single_family_or_duplex","New Building","1","700000","Anderson Construction Llc","2023-RESCON-0001820","0514417022000","39.69949349398634","-104.96191828414072"
"Washington Park","745 S Gaylord ST SFR, DENVER, CO","2024-05-15","2024","single_family_or_duplex","New Building","1","800000","Moseley Construction","2022-RESCON-0000718","0514403020000","39.70301300404195","-104.96192328321838"
"Washington Park","735 S Gaylord ST, DENVER, CO","2024-05-01","2024","single_family_or_duplex","New Building","1","445972","Nexus Architecture P.C.","2022-RESCON-0005096","0514403021000","39.70310094912389","-104.96194393458298"
"Washington Park","256 S Marion Street PKWY SFD, DENVER, CO","2024-04-30","2024","single_family_or_duplex","New Building","1","575000","Method Builders","2022-RESCON-0005219","0511422007000","39.71211767048588","-104.97188797210872"
"Washington Park","352 S High ST, DENVER, CO","2024-04-29","2024","single_family_or_duplex","New Building","0","581747","Baronger Colorado","2023-RESCON-0004838","0514105008000","39.71015365712596","-104.96495734744434"
"Washington Park","507 S Gaylord ST SFR, DENVER, CO","2024-04-12","2024","single_family_or_duplex","New Building","0","470531","Anderson Construction Llc","2023-RESCON-0003682","0514119028000","39.707194090079796","-104.96191965642421"
"Washington Park","1120 S Gaylord ST, DENVER, CO","2024-04-03","2024","single_family_or_duplex","New Building","0","602179","Redeux Developments Llc","2023-RESCON-0005137","0523102003000","39.696186381101924","-104.96153496023872"
"Washington Park","679 S High ST, DENVER, CO","2024-03-21","2024","single_family_or_duplex","New Building","1","650000","Henry Development Llc","2024-RESCON-0000286","0514125017000","39.70421192866246","-104.96536517552568"
"Washington Park","1860 E CEDAR AVE, DENVER, CO","2024-02-14","2024","single_family_or_duplex","NEW BUILDING","0","682242","Domani Development Inc","2023-RESCON-0002471","0511610039000","39.71264564306308","-104.96539688552868"
"Washington Park","393 S HIGH ST SUD, DENVER, CO","2024-02-13","2024","single_family_or_duplex","NEW BUILDING","0","400000","Neyer Construction Inc","2022-RESCON-0001709","0514106014000","39.709441843419185","-104.96538930614726"
"Washington Park","1051 S GILPIN ST SFR, DENVER, CO","2024-02-12","2024","single_family_or_duplex","NEW BUILDING","1","574512","Gunlock Homes Inc","2023-RESCON-0002674","0514323018000","39.697425285918705","-104.96773396357946"
"Washington Park","374 S HUMBOLDT, DENVER, CO","2024-01-29","2024","single_family_or_duplex","NEW BUILDING","1","310279","Denver Luxury Builders Llc","2023-RESCON-0000803","0514202013000","39.709749510621776","-104.9696771655484"
"Washington Park","372 S HUMBOLDT ST 1/2 DUPLEX, DENVER, CO","2024-01-29","2024","single_family_or_duplex","NEW BUILDING","1","310279","Denver Luxury Builders Llc","2023-RESCON-0000802","0514202013000","39.709774169359356","-104.96966631588403"
"Washington Park","751 S YORK ST SFR, DENVER, CO","2024-01-09","2024","single_family_or_duplex","NEW BUILDING","0","797234","Devex Construction Llc","2023-RESCON-0003382","0514402020000","39.70288151586635","-104.96078698397616"
"Berkeley","4525 N Xavier ST SFR, DENVER, CO","2026-08-19","2026","single_family_or_duplex","New Building","1","715000","Columbine Home Builders","2026-RESCON-0001018","0219206017000","39.778967905025894","-105.04994354134256"
"Berkeley","4454 N Raleigh, DENVER, CO","2026-08-05","2026","single_family_or_duplex","New Building","1","390965","Revo Renovations Llc","2024-RESCON-0002428","0219125006000","39.77757603778433","-105.041395829052"
"Berkeley","4445 N Utica ST 1/2 Duplex, DENVER, CO","2026-07-24","2026","single_family_or_duplex","New Building","1","750000","Sustronk6 Corp","2025-RESCON-0003879","0219216019000","39.777534159207946","-105.04546273341303"
"Berkeley","4451 N Utica 1/2, DENVER, CO","2026-07-24","2026","single_family_or_duplex","New Building","1","750000","Sustronk6 Corp","2025-RESCON-0003880","0219216019000","39.77756920042582","-105.04529528601925"
"Berkeley","4452 N Raleigh ST 1/2 DUPLEX, DENVER, CO","2026-07-17","2026","single_family_or_duplex","New Building","1","390964","Revo Renovations Llc","2024-RESCON-0002426","0219125006000","39.77751830659336","-105.04137485966446"
"Berkeley","4455 N Stuart ST DUPLEX, DENVER, CO","2026-06-30","2026","single_family_or_duplex","New Building","1","415000","H&W Construction Co Llc","2023-RESCON-0002799","0219123019000","39.77765067065688","-105.04293945253838"
"Berkeley","4453 N Stuart St DUPLEX, DENVER, CO","2026-06-30","2026","single_family_or_duplex","New Building","1","415000","H&W Construction Co Llc","2023-RESCON-0002806","0219123019000","39.77756541923109","-105.04290087205642"
"Berkeley","4250 N Raleigh St ½ DUPLEX, DENVER, CO","2026-06-17","2026","single_family_or_duplex","New Building","1","311523","Mag Builders Inc","2026-RESCON-0000580","0219407003000","39.77483094158921","-105.04142801908803"
"Berkeley","4252 N Raleigh ST ½ DUPLEX, DENVER, CO","2026-06-17","2026","single_family_or_duplex","New Building","1","311523","Mag Builders Inc","2026-RESCON-0000581","0219407003000","39.77483094158921","-105.04142801908803"
"Berkeley","4100 N Quitman ST, DENVER, CO","2026-06-07","2026","single_family_or_duplex","New Building","0","645682","Mag Builders Inc","2026-RESCON-0001265","0219409008000","39.77263586872803","-105.04030394355107"
"Berkeley","4476 N Utica ST 1/2 Duplex, DENVER, CO","2026-06-03","2026","single_family_or_duplex","New Building","1","396001","Just Construction","2025-RESCON-0000799","0219217003000","39.777987558936246","-105.04486562746466"
"Berkeley","4474 N Utica 1/2 Duplex, DENVER, CO","2026-06-03","2026","single_family_or_duplex","New Building","1","395001","Just Construction","2025-RESCON-0000798","0219217003000","39.777924420603","-105.04486603742627"
"Berkeley","4474 N Wolff ST, DENVER, CO","2026-05-27","2026","single_family_or_duplex","New Building","0","1678900","Columbine Home Builders","2026-RESCON-0000916","0219214003000","39.778001326566155","-105.0484412072096"
"Berkeley","4015 N Quitman ST SFR, DENVER, CO","2026-05-13","2026","single_family_or_duplex","New Building","1","425000","Sustainable Design Build","2026-RESCON-0000362","0219415018000","39.77200029827499","-105.04064252288106"
"Berkeley","4209 N Perry ST, DENVER, CO","2026-04-13","2026","single_family_or_duplex","New Building","0","645500","Intermetrix Investments Llc","2026-RESCON-0000507","0219408012000","39.774118467932134","-105.03964672260501"
"Berkeley","4585 N Raleigh ST 4585, DENVER, CO","2026-04-10","2026","single_family_or_duplex","New Building","1","437114","Dougherty Land Builders","2025-RESCON-0000488","0219121029000","39.77988903234956","-105.04178630422304"
"Berkeley","4585 N Raleigh ST 4587, DENVER, CO","2026-04-10","2026","single_family_or_duplex","New Building","1","437114","Dougherty Land Builders","2025-RESCON-0000489","0219121029000","39.77988903234956","-105.04178630422304"
"Berkeley","4552 N Winona Ct, DENVER, CO","2026-04-10","2026","single_family_or_duplex","New Building","1","424036","Jl Harris Enterprises","2025-RESCON-0003529","0219203040000","39.77937764190352","-105.04726177533541"
"Berkeley","4548 N Winona CT, DENVER, CO","2026-04-08","2026","single_family_or_duplex","New Building","1","424036","Jl Harris Enterprises","2025-RESCON-0003501","0219203041000","39.77927047184394","-105.0472340040516"
"Berkeley","4597 N Raleigh 1/2 Duplex, DENVER, CO","2026-03-13","2026","single_family_or_duplex","New Building","1","325000","Dougherty Land Builders","2025-RESCON-0002491","0219121030000","39.78002629036867","-105.04178540693964"
"Berkeley","4110 N Yates St, DENVER, CO","2026-02-03","2026","single_family_or_duplex","New Building","1","370000","Leif Inc","2025-RESCON-0003566","0219311011000","39.773255472420615","-105.05075933982876"
"Berkeley","3953 N Vrain St, DENVER, CO","2026-01-23","2026","single_family_or_duplex","New Building","1","654904","Columbine Home Builders","2025-RESCON-0003676","0219319021000","39.772110817882","-105.04649046268618"
"Berkeley","4535 N Utica ST, DENVER, CO","2025-12-16","2025","single_family_or_duplex","New Building","1","626903","Homebound Technologies, Inc.","2025-RESCON-0001978","0219202018000","39.77906820412362","-105.04532469911103"
"Berkeley","4537 N Utica ST, DENVER, CO","2025-12-16","2025","single_family_or_duplex","New Building","1","626903","Homebound Technologies, Inc.","2025-RESCON-0001979","0219202018000","39.77910114584949","-105.04532448543017"
"Berkeley","4500 N Stuart ST ½ DUPLEX, DENVER, CO","2025-12-02","2025","single_family_or_duplex","New Building","1","299214","Reed Design Builders Inc","2025-RESCON-0001776","0219121012000","39.77850000910091","-105.04250696647647"
"Berkeley","4500 N Stuart ST ½ DUPLEX, DENVER, CO","2025-12-02","2025","single_family_or_duplex","New Building","1","299214","Reed Design Builders Inc","2025-RESCON-0001775","0219121012000","39.77850000910091","-105.04250696647647"
"Berkeley","4255 N Perry ST SFR, DENVER, CO","2025-11-19","2025","single_family_or_duplex","New Building","1","750000","Moseley Construction","2025-RESCON-0002583","0219408016000","39.77482093449837","-105.03956739621358"
"Berkeley","4469 N Perry ST, DENVER, CO","2025-11-10","2025","single_family_or_duplex","New Building","1","320700","Sustainable Design Build","2025-RESCON-0002227","0219126022000","39.77794187930898","-105.03947218050975"
"Berkeley","4474 N Quitman ST SFR, DENVER, CO","2025-08-12","2025","single_family_or_duplex","New Building","0","850000","Against The Grain Workshop Llc","2025-RESCON-0000777","0219126003000","39.77798038894726","-105.04019417806471"
"Berkeley","4513 N Vrain 1/2 Duplex, DENVER, CO","2025-08-07","2025","single_family_or_duplex","New Building","1","392000","Tk Morrison Construction Llc","2025-RESCON-0001928","0219203017000","39.77869924097277","-105.04646206752184"
"Berkeley","4511 N Vrain ST 1/2 Duplex, DENVER, CO","2025-08-07","2025","single_family_or_duplex","New Building","1","392000","Tk Morrison Construction Llc","2025-RESCON-0001927","0219203017000","39.77865254610772","-105.04645525384284"
"Berkeley","4200 N Perry ST SFR, DENVER, CO","2025-07-23","2025","single_family_or_duplex","New Building","1","1200000","Fhg Builders Llc","2024-RESCON-0003886","0219431013000","39.77396515926962","-105.0390535974553"
"Berkeley","3200 W 46th AVE SFR, DENVER, CO","2025-07-11","2025","single_family_or_duplex","New Building","1","667310","Windsor Homes Llc","2024-RESCON-0003137","0220208020000","39.7800426670395","-105.02854959357185"
"Berkeley","4474 N Quitman St, DENVER, CO","2025-07-09","2025","single_family_or_duplex","Phased Construction","0","250000","Against The Grain Workshop Llc","2025-RESCON-0001299","0219126003000","39.77798038894726","-105.04019417806471"
"Berkeley","4441 N Stuart ST, DENVER, CO","2025-06-10","2025","single_family_or_duplex","New Building","1","333278","Denver Construction Management, Llc","2024-RESCON-0002880","0219123017000","39.777315693894145","-105.04292384755813"
"Berkeley","4443 N Stuart ST, DENVER, CO","2025-06-10","2025","single_family_or_duplex","New Building","1","333278","Denver Construction Management, Llc","2024-RESCON-0002881","0219123017000","39.77734314534693","-105.04292366855498"
"Berkeley","4518 N Utica ST DUPLEX, DENVER, CO","2025-06-05","2025","single_family_or_duplex","New Building","1","374208","Homebound Technologies, Inc.","2024-RESCON-0004270","0219201010000","39.77878402393489","-105.0449565195442"
"Berkeley","4520 N Utica, DENVER, CO","2025-06-05","2025","single_family_or_duplex","New Building","1","374208","Homebound Technologies, Inc.","2024-RESCON-0004271","0219201010000","39.778841671959796","-105.04495614530127"
"Berkeley","4512 N Utica ST, DENVER, CO","2025-06-04","2025","single_family_or_duplex","New Building","1","485560","Homebound Technologies, Inc.","2024-RESCON-0004152","0219201011000","39.77864111142714","-105.04491475244257"
"Berkeley","4514 N Utica ST, DENVER, CO","2025-06-04","2025","single_family_or_duplex","New Building","1","485560","Homebound Technologies, Inc.","2024-RESCON-0004153","0219201011000","39.77869875945506","-105.04491437816607"
"Berkeley","4337 N Winona CT SFR, DENVER, CO","2025-05-29","2025","single_family_or_duplex","New Building","1","700000","Tuck Development Llc","2024-RESCON-0000544","0219304017000","39.77536277079145","-105.04762213341104"
"Berkeley","4620 N Raleigh ST SFD, DENVER, CO","2025-05-15","2025","single_family_or_duplex","New Building","1","522000","Rog & Wilco Construction Llc","2024-RESCON-0002314","0219108009000","39.78078474216853","-105.04127876743155"
"Berkeley","4548 N Julian ST SFD, DENVER, CO","2025-04-28","2025","single_family_or_duplex","New Building","1","610131","Against The Grain Workshop Llc","2024-RESCON-0002355","0220214001000","39.778991274861","-105.03130694691829"
"Berkeley","4576 N Winona CT SFR, DENVER, CO","2025-04-10","2025","single_family_or_duplex","New Building","1","520000","Klm Construction Inc","2024-RESCON-0003408","0219203004000","39.77979189953142","-105.0471914983126"
"Berkeley","4228 N Stuart ST 1/2 duplex, DENVER, CO","2025-03-17","2025","single_family_or_duplex","New Building","1","417085","Mag Builders Inc","2024-RESCON-0001473","0219406005000","39.77448979868318","-105.04265054264542"
"Berkeley","4226 Stuart ST 1/2 duplex, DENVER, CO","2025-03-17","2025","single_family_or_duplex","New Building","1","417085","Mag Builders Inc","2024-RESCON-0001472","0219406005000","39.77442950216018","-105.04267583988613"
"Berkeley","3955 W 38th 107, DENVER, CO","2025-01-30","2025","single_family_or_duplex","New Building","1","490640","Redt Construction Llc","2024-RESCON-0000254","0219424042000","39.76970435737385","-105.03899979049366"
"Berkeley","3955 W 38th 302, DENVER, CO","2025-01-30","2025","single_family_or_duplex","New Building","1","353280","Redt Construction Llc","2024-RESCON-0000263","0219424042000","39.76970435737385","-105.03899979049366"
"Berkeley","3955 W 38th 108, DENVER, CO","2025-01-30","2025","single_family_or_duplex","New Building","1","330600","Redt Construction Llc","2024-RESCON-0000255","0219424042000","39.76970435737385","-105.03899979049366"
"Berkeley","3955 W 38th 602, DENVER, CO","2025-01-30","2025","single_family_or_duplex","New Building","1","323200","Redt Construction Llc","2024-RESCON-0000272","0219424042000","39.76970435737385","-105.03899979049366"
"Berkeley","3955 W 38th 601, DENVER, CO","2025-01-30","2025","single_family_or_duplex","New Building","1","310000","Redt Construction Llc","2024-RESCON-0000271","0219424042000","39.76970435737385","-105.03899979049366"
"Berkeley","3955 W 38th 402, DENVER, CO","2025-01-30","2025","single_family_or_duplex","New Building","1","306420","Redt Construction Llc","2024-RESCON-0000265","0219424042000","39.76970435737385","-105.03899979049366"
"Berkeley","3955 W 38th 201, DENVER, CO","2025-01-30","2025","single_family_or_duplex","New Building","1","268920","Redt Construction Llc","2024-RESCON-0000256","0219424042000","39.76970435737385","-105.03899979049366"
"Berkeley","3955 W 38th 103, DENVER, CO","2025-01-30","2025","single_family_or_duplex","New Building","1","261810","Redt Construction Llc","2024-RESCON-0000250","0219424042000","39.76970435737385","-105.03899979049366"
"Berkeley","3955 W 38th 104, DENVER, CO","2025-01-30","2025","single_family_or_duplex","New Building","1","261120","Redt Construction Llc","2024-RESCON-0000251","0219424042000","39.76970435737385","-105.03899979049366"
"Berkeley","3955 W 38th 102, DENVER, CO","2025-01-30","2025","single_family_or_duplex","New Building","1","259250","Redt Construction Llc","2024-RESCON-0000249","0219424042000","39.76970435737385","-105.03899979049366"
"Berkeley","3955 W 38th 106, DENVER, CO","2025-01-30","2025","single_family_or_duplex","New Building","1","257730","Redt Construction Llc","2024-RESCON-0000253","0219424042000","39.76970435737385","-105.03899979049366"
"Berkeley","3955 W 38th 205, DENVER, CO","2025-01-30","2025","single_family_or_duplex","New Building","1","240840","Redt Construction Llc","2024-RESCON-0000260","0219424042000","39.76970435737385","-105.03899979049366"
"Berkeley","3955 W 38th 204, DENVER, CO","2025-01-30","2025","single_family_or_duplex","New Building","1","240730","Redt Construction Llc","2024-RESCON-0000259","0219424042000","39.76970435737385","-105.03899979049366"
"Berkeley","3955 W 38th 105, DENVER, CO","2025-01-30","2025","single_family_or_duplex","New Building","1","224360","Redt Construction Llc","2024-RESCON-0000252","0219424042000","39.76970435737385","-105.03899979049366"
"Berkeley","3955 W 38th 301, DENVER, CO","2025-01-29","2025","single_family_or_duplex","New Building","1","354710","Redt Construction Llc","2024-RESCON-0000262","0219424042000","39.76970435737385","-105.03899979049366"
"Berkeley","3955 W 38th 401, DENVER, CO","2025-01-29","2025","single_family_or_duplex","New Building","1","313220","Redt Construction Llc","2024-RESCON-0000264","0219424042000","39.76970435737385","-105.03899979049366"
"Berkeley","3955 W 38th 206, DENVER, CO","2025-01-29","2025","single_family_or_duplex","New Building","1","248890","Redt Construction Llc","2024-RESCON-0000261","0219424042000","39.76970435737385","-105.03899979049366"
"Berkeley","3955 W 38th 203, DENVER, CO","2025-01-29","2025","single_family_or_duplex","New Building","1","243500","Redt Construction Llc","2024-RESCON-0000258","0219424042000","39.76970435737385","-105.03899979049366"
"Berkeley","3955 W 38th 202, DENVER, CO","2025-01-29","2025","single_family_or_duplex","New Building","1","240910","Redt Construction Llc","2024-RESCON-0000257","0219424042000","39.76970435737385","-105.03899979049366"
"Berkeley","4570 N Raleigh ST 1/2 Duplex, DENVER, CO","2025-01-24","2025","single_family_or_duplex","New Building","1","346397","Mag Builders Inc","2023-RESCON-0005102","0219120004000","39.77964303849304","-105.04135739951647"
"Berkeley","4572 N Raleigh 1/2 Duplex, DENVER, CO","2025-01-24","2025","single_family_or_duplex","New Building","1","346397","Mag Builders Inc","2023-RESCON-0005104","0219120004000","39.779643010774585","-105.04135028378359"
"Berkeley","4141 N Zenobia ST, DENVER, CO","2025-01-17","2025","single_family_or_duplex","New Building","1","486118","Forma","2024-RESCON-0002895","0219309045000","39.77362916349339","-105.05229029444827"
"Berkeley","3955 W 38th 101, DENVER, CO","2025-01-03","2025","single_family_or_duplex","New Building","1","262310","Redt Construction Llc","2024-RESCON-0000220","0219424042000","39.76970435737385","-105.03899979049366"
"Berkeley","3920 N Wolff ST SFR, DENVER, CO","2024-11-22","2024","single_family_or_duplex","New Building","1","1190000","G.J. Gardner Homes Denver","2024-RESCON-0003552","0219320012000","39.77157460687803","-105.0484007811526"
"Berkeley","3963 Utica, DENVER, CO","2024-11-06","2024","single_family_or_duplex","New Building","1","283219","Bulldog Renovations Llc","2024-RESCON-0001262","0219318031000","39.772419333957494","-105.04533936300312"
"Berkeley","3701 W Alice PL SFR, DENVER, CO","2024-11-01","2024","single_family_or_duplex","New Building","1","867968","Tuck Development Llc","2024-RESCON-0000850","0219112005000","39.78128554761816","-105.03597399819192"
"Berkeley","3961 N Utica ST 1/2 Duplex, DENVER, CO","2024-11-01","2024","single_family_or_duplex","New Building","1","283219","Bulldog Renovations Llc","2024-RESCON-0001261","0219318031000","39.77234794629827","-105.04533626842178"
"Berkeley","4452 N Xavier ST SFR, DENVER, CO","2024-10-03","2024","single_family_or_duplex","New Building","0","838000","Nicolas Medina Llc","2024-RESCON-0002013","0219213028000","39.777388042379535","-105.04958722734598"
"Berkeley","4485 N Raleigh 1/2 DUPLEX, DENVER, CO","2024-08-09","2024","single_family_or_duplex","New Building","1","656820","Work Shop Denver","2022-RESCON-0006157","0219124022000","39.77810740300744","-105.04179083501276"
"Berkeley","4481 N Raleigh ST 1/2 DUPLEX, DENVER, CO","2024-08-09","2024","single_family_or_duplex","New Building","1","656820","Work Shop Denver","2022-RESCON-0006156","0219124022000","39.77807992387201","-105.04178389888712"
"Berkeley","3916 N Raleigh 1/2 DUPLEX, DENVER, CO","2024-07-19","2024","single_family_or_duplex","New Building","1","291111","Q Builders","2024-RESCON-0000056","0219415022000","39.771347298151426","-105.0414401346871"
"Berkeley","3918 N Raleigh ST 1/2 DUPLEX, DENVER, CO","2024-07-19","2024","single_family_or_duplex","New Building","1","291111","Q Builders","2024-RESCON-0000057","0219415022000","39.77137473580719","-105.04143639767133"
"Berkeley","4301 N Osceola ST, DENVER, CO","2024-06-27","2024","single_family_or_duplex","New Building","1","363294","Fourth Street Group","2022-RESCON-0005917","0219429003000","39.775818080456894","-105.0383263002452"
"Berkeley","4303 N Osceola ST, DENVER, CO","2024-06-26","2024","single_family_or_duplex","New Building","1","363294","Fourth Street Group","2022-RESCON-0005918","0219429003000","39.775872998230675","-105.03832949631406"
"Berkeley","4329 N Raleigh ST, DENVER, CO","2024-06-07","2024","single_family_or_duplex","New Building","1","300000","Davis Investments, Llc","2022-RESCON-0002599","0219403033000","39.77577988890294","-105.04190210889927"
"Berkeley","4331 N Raleigh ST, DENVER, CO","2024-06-07","2024","single_family_or_duplex","New Building","1","300000","Davis Investments, Llc","2022-RESCON-0002600","0219403033000","39.775856628421714","-105.04186958751124"
"Berkeley","4566 N Yates ST, DENVER, CO","2024-06-03","2024","single_family_or_duplex","New Building","0","400680","Davis Investments, Llc","2023-RESCON-0002577","0219206006000","39.7793469800676","-105.0507238566065"
"Berkeley","4455 N Xavier ST SFD, DENVER, CO","2024-05-22","2024","single_family_or_duplex","New Building","1","550000","Pr Builders","2022-RESCON-0005257","0219212020000","39.777567918986314","-105.04996320363482"
"Berkeley","4134 N Vrain 1/2 DUPLEX, DENVER, CO","2024-03-05","2024","single_family_or_duplex","New Building","1","350000","J&M Development","2023-RESCON-0000793","0219315009000","39.773556143920345","-105.04612534746475"
"Berkeley","4494 N MEADE ST, DENVER, CO","2024-02-19","2024","single_family_or_duplex","NEW BUILDING","1","517109","Mag Builders Inc","2023-RESCON-0002697","0219130001000","39.77825058871185","-105.03559560608389"
"Berkeley","4132 N WOLFF ST, DENVER, CO","2024-01-18","2024","single_family_or_duplex","NEW BUILDING","1","261910","Truth Design Build Llc","2023-RESCON-0001675","0219313028000","39.773614435090245","-105.04843388956446"
"Berkeley","4130 N WOLFF ST, DENVER, CO","2024-01-16","2024","single_family_or_duplex","NEW BUILDING","1","261910","Truth Design Build Llc","2023-RESCON-0001673","0219313029000","39.773545806340046","-105.04843433165374"
"Berkeley","3968 N WOLFF ST, DENVER, CO","2024-01-11","2024","single_family_or_duplex","NEW BUILDING","1","912160","Q Builders","2023-RESCON-0004697","0219320005000","39.77238725544804","-105.04841689150436"
"Highland","2530 W Caithness PL 3, DENVER, CO","2026-09-23","2026","single_family_or_duplex","New Building","1","400000","North Point Construction Llc","2025-RESCON-0004124","0229407046000","39.76061247640693","-105.01918304901936"
"Highland","3650 N Kalamath SFR, DENVER, CO","2026-08-25","2026","single_family_or_duplex","New Building","1","440000","Five J Construction Llc","2025-RESCON-0002003","0228114003000","39.767743258762884","-105.00040104953109"
"Highland","3737 N Wyandot ST, DENVER, CO","2026-08-10","2026","single_family_or_duplex","New Building","1","650000","Columbine Home Builders","2026-RESCON-0000073","0228206032000","39.76885688159462","-105.01461213693446"
"Highland","3735 Wyandot, DENVER, CO","2026-08-10","2026","single_family_or_duplex","New Building","0","650000","Columbine Home Builders","2026-RESCON-0000070","0228206033000","39.76879940945226","-105.01465522380458"
"Highland","2506 W 29th AVE 1, DENVER, CO","2026-07-13","2026","single_family_or_duplex","New Building","1","400000","Gallup Development Llc","2025-RESCON-0002008","0229416010000","39.75818871015503","-105.0185807729064"
"Highland","2506 W 29th AVE, DENVER, CO","2026-07-01","2026","single_family_or_duplex","New Building","1","400000","Gallup Development Llc","2025-RESCON-0002009","0229416010000","39.758253241541176","-105.01824954032418"
"Highland","1736 W 33rd SFR, DENVER, CO","2026-05-29","2026","single_family_or_duplex","New Building","0","675000","Leif Inc","2024-RESCON-0002385","0228236025000","39.76306721834532","-105.00735298998731"
"Highland","1734 W 33rd AVE, DENVER, CO","2026-05-29","2026","single_family_or_duplex","New Building","0","675000","Leif Inc","2024-RESCON-0002384","0228236025000","39.76283083729953","-105.00728350874527"
"Highland","2604 W Argyle PL, DENVER, CO","2026-05-13","2026","single_family_or_duplex","New Building","0","525000","Dominion Construction Llc","2026-RESCON-0000620","0229405029000","39.76132165786609","-105.01940583679936"
"Highland","2610 W Argyle PL, DENVER, CO","2026-05-13","2026","single_family_or_duplex","New Building","0","525000","Dominion Construction Llc","2026-RESCON-0000830","0229405029000","39.761321803086226","-105.01944140612244"
"Highland","3640 N Kalamath ST SFR, DENVER, CO","2026-04-30","2026","single_family_or_duplex","New Building","1","400000","Columbine Home Builders","2024-RESCON-0000656","0228114040000","39.76762241184035","-105.00038768130648"
"Highland","3325 N Shoshone ST SFR, DENVER, CO","2026-03-18","2026","single_family_or_duplex","New Building","1","545000","Vintage Denver Homes Llc","2025-RESCON-0001239","0228227014000","39.763634703178745","-105.00979632727679"
"Highland","3329 N Shoshone ST SFR, DENVER, CO","2026-03-18","2026","single_family_or_duplex","New Building","1","510716","Vintage Denver Homes Llc","2025-RESCON-0002752","0228227014000","39.76376645576563","-105.00979184891303"
"Highland","3327 N Shoshone ST SFR, DENVER, CO","2026-03-18","2026","single_family_or_duplex","New Building","1","510160","Vintage Denver Homes Llc","2025-RESCON-0002749","0228227014000","39.76370336165933","-105.00980296153082"
"Highland","2928 N Wyandot ST SFR, DENVER, CO","2026-01-30","2026","single_family_or_duplex","New Building","1","653115","Elevation Builder Llc","2023-RESCON-0002912","0228320056000","39.758972808336054","-105.0143177557744"
"Highland","3643 N Mariposa ST SFR, DENVER, CO","2026-01-16","2026","single_family_or_duplex","New Building","1","675000","Berville Inc","2025-RESCON-0003958","0228111022000","39.76765950679747","-105.00331512768932"
"Highland","3434 N Quivas ST, DENVER, CO","2025-12-10","2025","single_family_or_duplex","New Building","1","384417","Build 11 Llc","2024-RESCON-0004129","0228224042000","39.76510334566955","-105.00780823730122"
"Highland","3432 N Quivas ST, DENVER, CO","2025-12-10","2025","single_family_or_duplex","New Building","1","305813","Build 11 Llc","2024-RESCON-0004128","0228224042000","39.76507550741173","-105.0077159448945"
"Highland","2121 W 28th Ave, DENVER, CO","2025-12-04","2025","single_family_or_duplex","New Building","1","394124","Phifer Homes, Inc","2025-RESCON-0002564","0228324008000","39.75734049587526","-105.01259332538261"
"Highland","2125 W 28th AVE, DENVER, CO","2025-12-04","2025","single_family_or_duplex","New Building","1","394124","Phifer Homes, Inc","2025-RESCON-0003352","0228324008000","39.75733814834256","-105.0126893761429"
"Highland","2123 W 28th Ave, DENVER, CO","2025-12-04","2025","single_family_or_duplex","New Building","1","375000","Phifer Homes, Inc","2025-RESCON-0003351","0228324008000","39.757340687335784","-105.01263956285868"
"Highland","3533 N Lipan ST 1/2, DENVER, CO","2025-11-29","2025","single_family_or_duplex","New Building","1","275000","Revo Renovations Llc","2025-RESCON-0001832","0228120015000","39.766185091940166","-105.00196313199093"
"Highland","2500 W 29th 1/2 Duplex, DENVER, CO","2025-10-28","2025","single_family_or_duplex","New Building","1","675345","Gallup Development Llc","2024-RESCON-0002101","0229416011000","39.75827469325128","-105.01812490222018"
"Highland","2502 W 29th AVE 1/2 Duplex, DENVER, CO","2025-10-28","2025","single_family_or_duplex","New Building","1","675343","Gallup Development Llc","2024-RESCON-0002102","0229416011000","39.758277525778105","-105.01814622401947"
"Highland","3643 N Mariposa ST SFR, DENVER, CO","2025-09-26","2025","single_family_or_duplex","New Building","1","675000","Five J Construction Llc","2024-RESCON-0001208","0228111022000","39.76765950679747","-105.00331512768932"
"Highland","3443 N Quivas ST, DENVER, CO","2025-08-28","2025","single_family_or_duplex","New Building","1","374539","Progressive Building Group Llc","2025-RESCON-0000162","0228223016000","39.765234047797605","-105.00820928817991"
"Highland","3443 N Quivas ST, DENVER, CO","2025-08-28","2025","single_family_or_duplex","New Building","1","374539","Progressive Building Group Llc","2025-RESCON-0000163","0228223016000","39.765234047797605","-105.00820928817991"
"Highland","2434 W 36th AVE, DENVER, CO","2025-07-22","2025","single_family_or_duplex","New Building","1","322870","Progressive Building Group Llc","2022-RESCON-0005611","0229113001000","39.766705005226925","-105.01670806292204"
"Highland","2436 W 36th AVE, DENVER, CO","2025-07-22","2025","single_family_or_duplex","New Building","1","322870","Progressive Building Group Llc","2022-RESCON-0005613","0229113001000","39.76670529728628","-105.01677920701965"
"Highland","3685 N Osage SFD, DENVER, CO","2025-06-14","2025","single_family_or_duplex","New Building","1","800000","Columbine Home Builders","2024-RESCON-0001077","0228109041000","39.767863458085635","-105.00546233702248"
"Highland","3691 N Osage ST SFR, DENVER, CO","2025-06-14","2025","single_family_or_duplex","New Building","1","409644","Columbine Home Builders","2025-RESCON-0000886","0228109042000","39.76793754722404","-105.00545469964298"
"Highland","3510 N Wyandot St, DENVER, CO","2025-06-02","2025","single_family_or_duplex","New Building","1","364606","Mile High Custom Builders Llc","2024-RESCON-0003132","0228217020000","39.765914647448","-105.0141060308757"
"Highland","1460 W 38th AVE 1/2 DUPLEX, DENVER, CO","2025-05-16","2025","single_family_or_duplex","New Building","1","228012","Pure Construction Llc","2022-RESCON-0003606","0228106001000","39.76911622340117","-105.00372814236313"
"Highland","1490 W 38th AVE 1/2 DUPLEX, DENVER, CO","2025-05-16","2025","single_family_or_duplex","New Building","1","225000","Pure Construction Llc","2022-RESCON-0003608","0228106001000","39.7691173478176","-105.00399494170287"
"Highland","3512 N Wyandot ST, DENVER, CO","2025-05-01","2025","single_family_or_duplex","New Building","1","364606","Mile High Custom Builders Llc","2024-RESCON-0003131","0228217020000","39.76593935382115","-105.01410585964358"
"Highland","3535 N Osage ST *SFR*, DENVER, CO","2025-01-25","2025","single_family_or_duplex","New Building","0","324220","Columbine Home Builders","2022-RESCON-0006477","0228123026000","39.76634598511818","-105.00561533290096"
"Highland","2203 W 37th DUPLEX, DENVER, CO","2025-01-14","2025","single_family_or_duplex","New Building","1","344918","Neyer Construction Inc","2023-RESCON-0001920","0228205022000","39.76817236464994","-105.0130516253565"
"Highland","3701 N Vallejo ST DUPLEX, DENVER, CO","2025-01-14","2025","single_family_or_duplex","New Building","1","333196","Neyer Construction Inc","2023-RESCON-0001919","0228205022000","39.76824897868847","-105.01299061765918"
"Highland","3710 N Zuni ST 1/2 DUPLEX, DENVER, CO","2025-01-05","2025","single_family_or_duplex","New Building","1","443708","Divine Development & Construction Llc","2023-RESCON-0002427","0228206006000","39.76832310957271","-105.01565459107238"
"Highland","3712 N Zuni St 1/2 DUPLEX, DENVER, CO","2025-01-05","2025","single_family_or_duplex","New Building","1","443708","Divine Development & Construction Llc","2023-RESCON-0002428","0228206006000","39.768361556313145","-105.01565788283972"
"Highland","3616 N Decatur ST SFD, DENVER, CO","2024-12-23","2024","single_family_or_duplex","New Building","1","226000","Saul Construction Inc","2024-RESCON-0001757","0229109026000","39.767195562392395","-105.02188060667089"
"Highland","3529 N Osage ST *Duplex*, DENVER, CO","2024-12-18","2024","single_family_or_duplex","New Building","0","650000","Columbine Home Builders","2022-RESCON-0003188","0228123019000","39.76623829579406","-105.00546668637075"
"Highland","3531 N Osage ST *Duplex*, DENVER, CO","2024-12-18","2024","single_family_or_duplex","New Building","1","650000","Columbine Home Builders","2022-RESCON-0003190","0228123019000","39.76626849245313","-105.00546647336496"
"Highland","2841 W 36th AVE, DENVER, CO","2024-11-13","2024","single_family_or_duplex","New Building","0","397096","Fourth Street Group","2024-RESCON-0002076","0229108024000","39.7670330285111","-105.02309476392641"
"Highland","2845 W 36th AVE, DENVER, CO","2024-11-13","2024","single_family_or_duplex","New Building","0","397096","Fourth Street Group","2024-RESCON-0002074","0229108024000","39.76702795608056","-105.02319796072929"
"Highland","2828 N Vallejo 1/2, DENVER, CO","2024-11-11","2024","single_family_or_duplex","New Building","1","900000","St Martin Construction Corp","2024-RESCON-0001926","0228324039000","39.757764723878296","-105.01294606283638"
"Highland","2824 N Vallejo ST, DENVER, CO","2024-11-11","2024","single_family_or_duplex","New Building","0","900000","St Martin Construction Corp","2023-RESCON-0004845","0228324038000","39.75769058891802","-105.01294302095803"
"Highland","2832 N Vallejo ST, DENVER, CO","2024-11-11","2024","single_family_or_duplex","New Building","1","900000","St Martin Construction Corp","2024-RESCON-0001450","0228324040000","39.757855122841825","-105.01289919574272"
"Highland","3291 N Zuni 1/2 DUPLEX, DENVER, CO","2024-10-25","2024","single_family_or_duplex","New Building","1","615500","Vintage Denver Homes Llc","2022-RESCON-0005252","0229136022000","39.76303738226006","-105.01604326253009"
"Highland","3297 N Zuni 1/2 DUPLEX, DENVER, CO","2024-10-25","2024","single_family_or_duplex","New Building","1","615500","Vintage Denver Homes Llc","2022-RESCON-0005253","0229136022000","39.763095030532455","-105.01604286459755"
"Highland","3638 N kalamath ST 1/2 DUPLEX, DENVER, CO","2024-10-11","2024","single_family_or_duplex","New Building","0","219226","Columbine Home Builders","2024-RESCON-0000031","0228114041000","39.76755930271594","-105.00039524576056"
"Highland","3636 N Kalamath 1/2 DUPLEX, DENVER, CO","2024-10-11","2024","single_family_or_duplex","New Building","1","216117","Columbine Home Builders","2024-RESCON-0000030","0228114041000","39.76752084044057","-105.00038840515819"
"Highland","1747 W 34th AVE SFD, DENVER, CO","2024-08-21","2024","single_family_or_duplex","New Building","1","381422","Home Owner","2023-RESCON-0004618","0228224027000","39.76462506345341","-105.00766219254653"
"Highland","1757 W 36th AVE, DENVER, CO","2024-08-02","2024","single_family_or_duplex","New Building","1","600000","Home Owner","2022-RESCON-0006212","0228212008000","39.76700338072263","-105.00788738825331"
"Highland","3424 N Mariposa ST SFR, DENVER, CO","2024-07-24","2024","single_family_or_duplex","New Building","1","525658","Denver Builders Inc","2024-RESCON-0001294","0228127008000","39.76497240170752","-105.00277923694966"
"Highland","3312 N Navajo ST SFR, DENVER, CO","2024-07-05","2024","single_family_or_duplex","New Building","1","412192","Denver Builders Inc","2023-RESCON-0002657","0228131009000","39.763544545696305","-105.0040023531129"
"Highland","3439 N Navajo ST SFR, DENVER, CO","2024-07-04","2024","single_family_or_duplex","New Building","0","455703","Denver Builders Inc","2023-RESCON-0004523","0228125020000","39.76517164215508","-105.00445684020013"
"Highland","3705 N Pecos ST SFR, DENVER, CO","2024-06-19","2024","single_family_or_duplex","New Building","0","505445","Denver Builders Inc","2023-RESCON-0003221","0228201023000","39.76820623176445","-105.0066801040546"
"Highland","2470 W Argyle, DENVER, CO","2024-05-14","2024","single_family_or_duplex","New Building","1","270000","Denver Builders Inc","2023-RESCON-0004272","0229406013000","39.76130544787655","-105.01745669013295"
"Highland","2327 W 33rd 1/2 DUPLEX, DENVER, CO","2024-05-02","2024","single_family_or_duplex","New Building","1","257264","Rog & Wilco Construction Llc","2022-RESCON-0004678","0228230012000","39.763464097726064","-105.01500162938923"
"Highland","2325 W 33rd AVE 1/2 DUPLEX, DENVER, CO","2024-05-02","2024","single_family_or_duplex","New Building","1","257264","Rog & Wilco Construction Llc","2022-RESCON-0004676","0228230012000","39.763373566222775","-105.01501648420209"
"Highland","2468 W Argyle, DENVER, CO","2024-04-23","2024","single_family_or_duplex","New Building","1","270000","Denver Builders Inc","2023-RESCON-0004271","0229406013000","39.76129981174097","-105.01742115861177"
"Highland","2472 W Argyle PL, DENVER, CO","2024-04-23","2024","single_family_or_duplex","New Building","1","270000","Denver Builders Inc","2023-RESCON-0004275","0229406013000","39.7613083971642","-105.01750646827672"
"Highland","2466 W Argyle Pl, DENVER, CO","2024-04-23","2024","single_family_or_duplex","New Building","1","270000","Denver Builders Inc","2023-RESCON-0003069","0229406013000","39.76129410267528","-105.01736784244386"
"Highland","3554 N Osage ST SFD, DENVER, CO","2024-02-27","2024","single_family_or_duplex","New Building","1","550000","Denver Construction Management, Llc","2022-RESCON-0005663","0228122002000","39.76665337664177","-105.00494439064637"
"Highland","3645 N OSAGE ST SFR, DENVER, CO","2024-02-20","2024","single_family_or_duplex","NEW BUILDING","1","412508","Five J Construction Llc","2023-RESCON-0001238","0228109037000","39.767676787935955","-105.0054636538236"
"Highland","3647 N OSAGE ST SFR, DENVER, CO","2024-02-20","2024","single_family_or_duplex","NEW BUILDING","1","412508","Five J Construction Llc","2023-RESCON-0001232","0228109038000","39.76774814687438","-105.00545959308626"
"Highland","3614 N OSAGE ST, DENVER, CO","2024-01-25","2024","single_family_or_duplex","NEW BUILDING","0","573854","Five J Construction Llc","2023-RESCON-0004561","0228110060000","39.76725820883116","-105.00515355978558"
"Highland","3614 N PECOS SFD, DENVER, CO","2024-01-25","2024","single_family_or_duplex","NEW BUILDING","1","483267","Five J Construction Llc","2023-RESCON-0002194","0228109006000","39.7671743667365","-105.00610751881321"
"Highland","3616 N PECOS ST SFD, DENVER, CO","2024-01-25","2024","single_family_or_duplex","NEW BUILDING","1","477986","Five J Construction Llc","2023-RESCON-0002187","0228109006000","39.76725473798891","-105.00628837672274"
"Highland","3612 N OSAGE ST SFD, DENVER, CO","2024-01-25","2024","single_family_or_duplex","NEW BUILDING","1","386951","Five J Construction Llc","2023-RESCON-0001046","0228110059000","39.76714552220604","-105.00512233921224"
"Sloan Lake","2809 N Yates St SFD, DENVER, CO","2026-09-08","2026","single_family_or_duplex","New Building","1","646838","Abell To Build, Llc","2026-RESCON-0000329","0230322027000","39.75759301644856","-105.05124027221744"
"Sloan Lake","1927 N Meade ST SFR, DENVER, CO","2026-08-27","2026","single_family_or_duplex","New Building","1","913033","Build 11 Llc","2026-RESCON-0001048","0231402008000","39.74696508021699","-105.03609085023295"
"Sloan Lake","1927 N Meade ST SFR, DENVER, CO","2026-08-25","2026","single_family_or_duplex","New Building","1","211269","Build 11 Llc","2026-RESCON-0001049","0231402008000","39.74696508021699","-105.03609085023295"
"Sloan Lake","3402 W 25th, DENVER, CO","2026-08-19","2026","single_family_or_duplex","New Building","1","420000","Sloan Building Company Llc (The)","2026-RESCON-0001666","0232208017000","39.75347907030574","-105.03180824207745"
"Sloan Lake","2453 N Julian ST, DENVER, CO","2026-08-19","2026","single_family_or_duplex","New Building","1","420000","Sloan Building Company Llc (The)","2026-RESCON-0001665","0232208017000","39.753432317558016","-105.031787214469"
"Sloan Lake","2343 N Julian ST DUPLEX, DENVER, CO","2026-07-23","2026","single_family_or_duplex","New Building","1","470000","Sloan Building Company Llc (The)","2026-RESCON-0000913","0232217015000","39.75211709598563","-105.03172486512868"
"Sloan Lake","2347 N Julian, DENVER, CO","2026-07-23","2026","single_family_or_duplex","New Building","1","470000","Sloan Building Company Llc (The)","2026-RESCON-0000917","0232217015000","39.75213356700268","-105.03172475513489"
"Sloan Lake","3320 W 25th AVE SFR, DENVER, CO","2026-07-21","2026","single_family_or_duplex","New Building","1","769629","Larsen Development Company","2024-RESCON-0002978","0232209018000","39.75339495598286","-105.0306777938814"
"Sloan Lake","2726 N Hazel Ct, DENVER, CO","2026-07-13","2026","single_family_or_duplex","New Building","0","516820","Piper Development Llc","2026-RESCON-0000002","0229328002000","39.756483864057685","-105.02737419960283"
"Sloan Lake","2510 N Raleigh ST, DENVER, CO","2026-06-19","2026","single_family_or_duplex","New Building","1","375000","Blue Horse Construction Llc","2026-RESCON-0001257","0231106004000","39.75425259787284","-105.04140966087567"
"Sloan Lake","2001 N Osceola St SFD, DENVER, CO","2026-05-15","2026","single_family_or_duplex","New Building","1","1150000","Denver Design Build Llc","2025-RESCON-0003295","0231149024000","39.7477289829666","-105.03836897091823"
"Sloan Lake","2602 Hazel CT 1/2 Duplex, DENVER, CO","2026-04-28","2026","single_family_or_duplex","New Building","1","425000","Mchugh Homes Inc.","2025-RESCON-0003812","0229330025000","39.75512800685777","-105.02744735946142"
"Sloan Lake","3143 W 26th AVE 1/2 Duplex, DENVER, CO","2026-04-27","2026","single_family_or_duplex","New Building","1","425000","Mchugh Homes Inc.","2025-RESCON-0003811","0229330025000","39.755100340093335","-105.02739419519742"
"Sloan Lake","3801 W 23rd AVE, DENVER, CO","2026-04-21","2026","single_family_or_duplex","New Building","1","209000","L & D Enterprises Llc","2025-RESCON-0003883","0231129012000","39.75135620285208","-105.03716076787863"
"Sloan Lake","2031 N Meade St SFD, DENVER, CO","2026-04-14","2026","single_family_or_duplex","New Building","1","568661","Global Epc Services Inc","2026-RESCON-0000212","0231147011000","39.748202932445594","-105.03602575956754"
"Sloan Lake","2095 N Hooker St, DENVER, CO","2026-03-31","2026","single_family_or_duplex","New Building","1","380000","Collective Holdings Llc","2025-RESCON-0002021","0232234014000","39.74860457324615","-105.02863647712313"
"Sloan Lake","3208 W 21st, DENVER, CO","2026-03-31","2026","single_family_or_duplex","New Building","1","380000","Collective Holdings Llc","2025-RESCON-0002023","0232234014000","39.748638056504895","-105.02877139591492"
"Sloan Lake","2531 N Perry ST SFR, DENVER, CO","2026-02-25","2026","single_family_or_duplex","New Building","1","850000","Nativa Design+Build Llc","2025-RESCON-0001159","0231105009000","39.75454217640714","-105.03964009171332"
"Sloan Lake","2687 N Hazel Ct 1/2 DUPLEX, DENVER, CO","2026-02-17","2026","single_family_or_duplex","New Building","1","500491","Harvest Land Company, Inc.","2024-RESCON-0002160","0229331055000","39.755829595065606","-105.02783387502453"
"Sloan Lake","2689 N Hazel Ct 1/2 DUPLEX, DENVER, CO","2026-02-02","2026","single_family_or_duplex","New Building","1","500491","Harvest Land Company, Inc.","2024-RESCON-0002159","0229331055000","39.75588451263537","-105.02783706197047"
"Sloan Lake","3040 W 27th AVE ½ DUPLEX, DENVER, CO","2025-12-31","2025","single_family_or_duplex","New Building","1","539320","Del Mar Building Services Llc","2025-RESCON-0000192","0229330006000","39.755817873699876","-105.02628320698595"
"Sloan Lake","3040 W 27th AVE ½ DUPLEX, DENVER, CO","2025-12-31","2025","single_family_or_duplex","New Building","1","539320","Del Mar Building Services Llc","2025-RESCON-0000191","0229330006000","39.755817873699876","-105.02628320698595"
"Sloan Lake","3200 W 27th AVE 1/2 Duplex, DENVER, CO","2025-12-02","2025","single_family_or_duplex","New Building","1","466750","Homebound Technologies, Inc.","2025-RESCON-0000097","0229331008000","39.7558639250661","-105.02886510459685"
"Sloan Lake","3202 W 27th 1/2 Duplex, DENVER, CO","2025-12-02","2025","single_family_or_duplex","New Building","1","466700","Homebound Technologies, Inc.","2025-RESCON-0000098","0229331008000","39.755864010484615","-105.02888644454119"
"Sloan Lake","3933 W 24th AVE, DENVER, CO","2025-11-24","2025","single_family_or_duplex","New Building","1","936366","Sloan Building Company Llc (The)","2025-RESCON-0001923","0231119008000","39.75228862730382","-105.03901470292686"
"Sloan Lake","3309 W 20th 1/2 Duplex, DENVER, CO","2025-11-13","2025","single_family_or_duplex","New Building","1","388076","Mag Builders Inc","2024-RESCON-0001806","0232233009000","39.7477576897268","-105.03035988614273"
"Sloan Lake","3311 W 20th AVE 1/2 Duplex, DENVER, CO","2025-11-13","2025","single_family_or_duplex","New Building","1","388076","Mag Builders Inc","2024-RESCON-0001807","0232233009000","39.747766109729945","-105.03040606219975"
"Sloan Lake","2258 N Perry, DENVER, CO","2025-10-23","2025","single_family_or_duplex","New Building","1","339104","L & D Enterprises Llc","2025-RESCON-0001618","0231135001000","39.75103153123796","-105.03907275810252"
"Sloan Lake","3153 W 26th AVE DUPLEX, DENVER, CO","2025-10-17","2025","single_family_or_duplex","New Building","1","725000","Piper Development Llc","2025-RESCON-0000004","0229331018000","39.75506695082072","-105.02796705218036"
"Sloan Lake","2112 N Perry ST, DENVER, CO","2025-09-26","2025","single_family_or_duplex","New Building","1","884773","Work Shop Denver","2025-RESCON-0000436","0231142006000","39.74906605357389","-105.0391034590985"
"Sloan Lake","2417 N Meade SFR, DENVER, CO","2025-07-09","2025","single_family_or_duplex","New Building","1","1150000","Hinz Robert","2025-RESCON-0000128","0231117009000","39.75248553594653","-105.03602943202635"
"Sloan Lake","1933 N Meade ST SFR, DENVER, CO","2025-07-06","2025","single_family_or_duplex","New Building","0","655000","Sustronk6 Corp","2024-RESCON-0002453","0231402010000","39.74713190587396","-105.03592971274296"
"Sloan Lake","4101 W 20th, DENVER, CO","2025-07-03","2025","single_family_or_duplex","New Building","1","1200000","Old Greenwich Inc","2025-RESCON-0001017","0231151011000","39.74795962525979","-105.04118764397835"
"Sloan Lake","3155 W 26th AVE DUPLEX, DENVER, CO","2025-07-03","2025","single_family_or_duplex","New Building","1","725000","Piper Development Llc","2025-RESCON-0000003","0229331018000","39.75506988140807","-105.02801326972016"
"Sloan Lake","2425 N Meade ST 1/2 Duplex, DENVER, CO","2025-07-03","2025","single_family_or_duplex","New Building","1","555000","Hinz Robert","2025-RESCON-0000136","0231117015000","39.75259532871655","-105.03602514897723"
"Sloan Lake","2427 N Meade ST 1/2 Duplex, DENVER, CO","2025-07-02","2025","single_family_or_duplex","New Building","1","558000","Hinz Robert","2025-RESCON-0000137","0231117015000","39.75265297727966","-105.03602476753143"
"Sloan Lake","3227 W 21st Ave, DENVER, CO","2025-06-27","2025","single_family_or_duplex","New Building","0","764000","Unrealconstruction Llc","2025-RESCON-0001076","0232227008000","39.74897999604551","-105.02915318975728"
"Sloan Lake","3225 W 21st AVE, DENVER, CO","2025-06-27","2025","single_family_or_duplex","New Building","1","764000","Unrealconstruction Llc","2025-RESCON-0001075","0232227008000","39.748974050347464","-105.02903942476563"
"Sloan Lake","2761 N Zenobia ST SFR, DENVER, CO","2025-06-07","2025","single_family_or_duplex","New Building","0","502804","Davis Investments, Llc","2025-RESCON-0000263","0230323031000","39.75710288114376","-105.05229267085181"
"Sloan Lake","3930 W Byron PL SFR, DENVER, CO","2025-05-30","2025","single_family_or_duplex","New Building","1","512135","Mag Builders Inc","2024-RESCON-0002797","0231119005000","39.752875913520406","-105.0389646062379"
"Sloan Lake","2666 N King ST, DENVER, CO","2025-05-20","2025","single_family_or_duplex","New Building","1","593872","Tk Morrison Construction Llc","2025-RESCON-0000397","0229323004000","39.75614748181844","-105.03319890644806"
"Sloan Lake","2651 N Irving St 1/2, DENVER, CO","2025-04-10","2025","single_family_or_duplex","New Building","1","450000","Burnham Custom Builds, Llc.","2024-RESCON-0003891","0229325021000","39.75582220514156","-105.03010313653223"
"Sloan Lake","2027 N Meade ST SFD, DENVER, CO","2025-04-07","2025","single_family_or_duplex","New Building","1","571000","Camerata Homes Llc","2024-RESCON-0002247","0231147009000","39.748087508940074","-105.03599451602865"
"Sloan Lake","2337 N Irving, DENVER, CO","2025-04-04","2025","single_family_or_duplex","New Building","1","425000","Joe Klopfenstein Llc","2024-RESCON-0002806","0232216016000","39.7518912875555","-105.03017215673682"
"Sloan Lake","2339 N Irving St, DENVER, CO","2025-04-04","2025","single_family_or_duplex","New Building","1","425000","Joe Klopfenstein Llc","2024-RESCON-0002807","0232216016000","39.751915994080996","-105.03017199119958"
"Sloan Lake","2085 N Perry ST 1/2 Duplex, DENVER, CO","2025-03-18","2025","single_family_or_duplex","New Building","0","259899","Work Shop Denver","2024-RESCON-0002941","0231150011000","39.74856259724511","-105.0395299785016"
"Sloan Lake","2091 N Perry 1/2 Duplex, DENVER, CO","2025-03-18","2025","single_family_or_duplex","New Building","1","257899","Work Shop Denver","2024-RESCON-0001669","0231150011000","39.74857632311681","-105.03952988837246"
"Sloan Lake","2184 N King ST 1/2 Duplex, DENVER, CO","2025-02-25","2025","single_family_or_duplex","New Building","1","288738","Denver Construction Management, Llc","2024-RESCON-0000917","0232229001000","39.74966486869417","-105.0329255367319"
"Sloan Lake","2186 N King, DENVER, CO","2025-02-25","2025","single_family_or_duplex","New Building","1","288738","Denver Construction Management, Llc","2024-RESCON-0000918","0232229001000","39.7497115648492","-105.03293233858496"
"Sloan Lake","4444 W 28th AVE SFR, DENVER, CO","2024-11-14","2024","single_family_or_duplex","New Building","0","1393280","Blvd Builders Llc","2023-RESCON-0003796","0230328019000","39.757131345587126","-105.0446844499999"
"Sloan Lake","2778 N Utica ST SFR, DENVER, CO","2024-10-21","2024","single_family_or_duplex","New Building","0","957920","Blvd Builders Llc","2023-RESCON-0003813","0230328021000","39.757122578685504","-105.0452571550977"
"Sloan Lake","2632 N Wolff ST SFR, DENVER, CO","2024-09-23","2024","single_family_or_duplex","New Building","0","660958","Mag Builders Inc","2024-RESCON-0001728","0230331003000","39.755662206802896","-105.04813336382827"
"Sloan Lake","3649 W 21st AVE SFD, DENVER, CO","2024-09-17","2024","single_family_or_duplex","New Building","1","244203","Leif Inc","2024-RESCON-0001709","0231145026000","39.74889922029495","-105.03507514834806"
"Sloan Lake","2758 N Utica ST SFR, DENVER, CO","2024-09-16","2024","single_family_or_duplex","New Building","0","957920","Blvd Builders Llc","2023-RESCON-0003817","0230328022000","39.756974338790435","-105.04525811650677"
"Sloan Lake","2424 N Newton ST SFR, DENVER, CO","2024-07-26","2024","single_family_or_duplex","New Building","1","552471","Reed Design Builders Llc","2022-RESCON-0005445","0231117004000","39.75263133864928","-105.03680380455054"
"Sloan Lake","2391 N King 1/2 DUPLEX, DENVER, CO","2024-07-25","2024","single_family_or_duplex","New Building","1","469668","J&M Development","2022-RESCON-0006016","0232218017000","39.752222166060506","-105.03329616867474"
"Sloan Lake","2393 N King, DENVER, CO","2024-07-15","2024","single_family_or_duplex","New Building","1","469668","J&M Development","2022-RESCON-0006018","0232218017000","39.752288036028595","-105.033292173698"
"Sloan Lake","2751 N Zenobia ST SFD, DENVER, CO","2024-07-05","2024","single_family_or_duplex","New Building","1","430000","Columbine Home Builders","2024-RESCON-0001683","0230323016000","39.75692718951326","-105.05229379266905"
"Sloan Lake","2610 N Perry ST SFR, DENVER, CO","2024-06-27","2024","single_family_or_duplex","New Building","1","813819","Home Owner","2023-RESCON-0002715","0230429083000","39.755080901427434","-105.03910660361767"
"Sloan Lake","2224 N Raleigh ST 1/2, DENVER, CO","2024-06-18","2024","single_family_or_duplex","New Building","1","257000","Tk Morrison Construction Llc","2023-RESCON-0000543","0231137005000","39.75053295360421","-105.04145176884292"
"Sloan Lake","3940 W Byron PL SFR, DENVER, CO","2024-06-05","2024","single_family_or_duplex","New Building","0","480000","Touchstone Development Llc","2024-RESCON-0000639","0231119006000","39.75286005538628","-105.03912120084253"
"Sloan Lake","2245 N RALEIGH ST SFD, DENVER, CO","2024-01-23","2024","single_family_or_duplex","NEW BUILDING","1","620000","G.J. Gardner Homes Denver","2023-RESCON-0001059","0231138012000","39.750896979279204","-105.04187616940425"
"Sloan Lake","2401 N PERRY ST, DENVER, CO","2024-01-08","2024","single_family_or_duplex","NEW BUILDING","0","554346","Work Shop Denver","2023-RESCON-0003591","0231120006000","39.7522823687824","-105.03951977807677"
"University Hills","2287 S Dexter ST, DENVER, CO","2026-09-16","2026","single_family_or_duplex","New Building","1","325000","Justin And Dylan Llc","2025-RESCON-0003545","0630209026000","39.6750819029511","-104.93325404196041"
"University Hills","2297 S Dexter ST, DENVER, CO","2026-08-14","2026","single_family_or_duplex","New Building","1","325000","Justin And Dylan Llc","2025-RESCON-0003550","0630209027000","39.674961094863754","-104.93325146459613"
"University Hills","2922 S Cherry WAY, DENVER, CO","2026-08-03","2026","single_family_or_duplex","New Building","1","658233","Home Owner","2026-RESCON-0000475","0631203009000","39.66481876439662","-104.93417875007705"
"University Hills","3230 S Birch ST, DENVER, CO","2026-07-29","2026","single_family_or_duplex","New Building","0","1093632","Home Owner","2026-RESCON-0000982","0631312016000","39.65768389290075","-104.93595531820844"
"University Hills","3313 S Dexter ST, DENVER, CO","2026-07-09","2026","single_family_or_duplex","New Building","1","485692","Henry Development Llc","2026-RESCON-0000925","0631317010000","39.65630320749963","-104.93314988003574"
"University Hills","3055 S Bellaire ST, DENVER, CO","2026-05-01","2026","single_family_or_duplex","New Building","1","647362","Denver Construction Management, Llc","2025-RESCON-0003448","0631209027000","39.66143133586136","-104.93825532446067"
"University Hills","3076 S Cherry WAY SFD, DENVER, CO","2026-02-11","2026","single_family_or_duplex","New Building","1","810000","Lux Builders Llc","2024-RESCON-0000899","0631213015000","39.66200809563295","-104.93258878054452"
"University Hills","3090 S Birch ST, DENVER, CO","2026-02-10","2026","single_family_or_duplex","New Building","1","750000","Austin Development Llc","2025-RESCON-0003080","0631211016000","39.660905281179545","-104.93560976376452"
"University Hills","3410 S Cherry ST SFR, DENVER, CO","2026-01-22","2026","single_family_or_duplex","New Building","1","653872","Evolve Custom Build","2025-RESCON-0000609","0631330001000","39.654716051542884","-104.93364926945152"
"University Hills","3360 S Dexter ST SFR, DENVER, CO","2025-10-14","2025","single_family_or_duplex","New Building","1","778000","Dokken Built Llc.","2025-RESCON-0000104","0631316005000","39.65556204369201","-104.93259824706016"
"University Hills","2225 S Dexter ST SFD, DENVER, CO","2025-08-11","2025","single_family_or_duplex","New Building","1","400917","Justin And Dylan Llc","2024-RESCON-0001530","0630209018000","39.67622182512444","-104.93337984303194"
"University Hills","2851 S Dexter Way, DENVER, CO","2025-06-18","2025","single_family_or_duplex","New Building","1","1100000","Cline Design Group Inc","2025-RESCON-0000155","0631203037000","39.665639994105184","-104.9336854799289"
"University Hills","2934 S Bellaire ST SFD, DENVER, CO","2025-05-21","2025","single_family_or_duplex","New Building","1","600000","Lux Builders Llc","2022-RESCON-0006031","0631206004000","39.664557876456094","-104.9375944741108"
"University Hills","3310 S Clermont ST, DENVER, CO","2025-05-01","2025","single_family_or_duplex","New Building","0","709900","Evolve Custom Build","2024-RESCON-0001155","0631318014000","39.65638804518","-104.93480430745043"
"University Hills","3255 S Clermont ST, DENVER, CO","2025-03-31","2025","single_family_or_duplex","New Building","1","750000","Dokken Built Llc.","2024-RESCON-0004036","0631312007000","39.657359833208055","-104.93536122034863"
"University Hills","3400 S Bellaire ST SFR, DENVER, CO","2025-03-19","2025","single_family_or_duplex","New Building","1","510293","Dokken Built Llc.","2024-RESCON-0002404","0631327018000","39.654722063448524","-104.93718667230311"
"University Hills","3410 S Bellaire SFD, DENVER, CO","2025-02-12","2025","single_family_or_duplex","New Building","1","518126","Dokken Built Llc.","2024-RESCON-0002401","0631327019000","39.65457376899822","-104.9371772059277"
"University Hills","4645 E Highline PL SFR, DENVER, CO","2025-01-07","2025","single_family_or_duplex","New Building","1","805000","Dokken Built Llc.","2024-RESCON-0000647","0631332010000","39.6601152752953","-104.93346364319513"
"University Hills","3057 S Dexter WAY SFR, DENVER, CO","2024-12-04","2024","single_family_or_duplex","New Building","1","675252","Lux Builders Llc","2022-RESCON-0004240","0631213024000","39.662704596418365","-104.93298808625465"
"University Hills","3015 S Ash ST SFD, DENVER, CO","2024-11-08","2024","single_family_or_duplex","New Building","1","700000","Lux Builders Llc","2022-RESCON-0005448","0631208018000","39.66269988146796","-104.93944577186751"
"University Hills","4101 E Wesley 1, DENVER, CO","2024-10-17","2024","single_family_or_duplex","New Building","0","344580","Bc Builders Llc","2022-RESCON-0003817","0630323009000","39.673415119846354","-104.93947744933902"
"University Hills","4103 E Wesley 5, DENVER, CO","2024-10-17","2024","single_family_or_duplex","New Building","0","343804","Bc Builders Llc","2022-RESCON-0004308","0630323009000","39.67365561591213","-104.93924816104841"
"University Hills","4107 E Wesley 1, DENVER, CO","2024-10-17","2024","single_family_or_duplex","New Building","0","343804","Bc Builders Llc","2022-RESCON-0004315","0630323009000","39.67398611187077","-104.93946933765218"
"University Hills","4103 E Wesley 1, DENVER, CO","2024-10-17","2024","single_family_or_duplex","New Building","0","343804","Bc Builders Llc","2022-RESCON-0004304","0630323009000","39.67386159227911","-104.93983980418102"
"University Hills","4105 E Wesley 6, DENVER, CO","2024-10-17","2024","single_family_or_duplex","New Building","0","343804","Bc Builders Llc","2022-RESCON-0004314","0630323009000","39.67374039699507","-104.9391799842112"
"University Hills","4105 E Wesley 1, DENVER, CO","2024-10-17","2024","single_family_or_duplex","New Building","0","343804","Bc Builders Llc","2022-RESCON-0004309","0630323009000","39.67374178631962","-104.93947128848102"
"University Hills","4107 E Wesley 6, DENVER, CO","2024-10-17","2024","single_family_or_duplex","New Building","0","343804","Bc Builders Llc","2022-RESCON-0004320","0630323009000","39.673984688646556","-104.9391709273902"
"University Hills","4103 E Wesley 4, DENVER, CO","2024-10-17","2024","single_family_or_duplex","New Building","0","330188","Bc Builders Llc","2022-RESCON-0004307","0630323009000","39.67365864919707","-104.93930853115612"
"University Hills","4105 E Wesley 2, DENVER, CO","2024-10-17","2024","single_family_or_duplex","New Building","0","330188","Bc Builders Llc","2022-RESCON-0004310","0630323009000","39.67374165080807","-104.93944286866547"
"University Hills","4107 E Wesley 4, DENVER, CO","2024-10-17","2024","single_family_or_duplex","New Building","0","330188","Bc Builders Llc","2022-RESCON-0004318","0630323009000","39.67398533257739","-104.93930592197997"
"University Hills","4105 E Wesley 3, DENVER, CO","2024-10-17","2024","single_family_or_duplex","New Building","0","330188","Bc Builders Llc","2022-RESCON-0004311","0630323009000","39.67374115951561","-104.93933984566945"
"University Hills","4105 E Wesley 4, DENVER, CO","2024-10-17","2024","single_family_or_duplex","New Building","0","330188","Bc Builders Llc","2022-RESCON-0004312","0630323009000","39.67374375225991","-104.93930785145179"
"University Hills","4103 E Wesley 3, DENVER, CO","2024-10-17","2024","single_family_or_duplex","New Building","0","330188","Bc Builders Llc","2022-RESCON-0004306","0630323009000","39.67366152997219","-104.93933692901322"
"University Hills","4107 E Wesley 3, DENVER, CO","2024-10-17","2024","single_family_or_duplex","New Building","0","330188","Bc Builders Llc","2022-RESCON-0004317","0630323009000","39.67398272289129","-104.93933436381869"
"University Hills","4103 E Wesley 2, DENVER, CO","2024-10-17","2024","single_family_or_duplex","New Building","0","330188","Bc Builders Llc","2022-RESCON-0004305","0630323009000","39.673656530805","-104.93943999573347"
"University Hills","4105 E Wesley 5, DENVER, CO","2024-10-17","2024","single_family_or_duplex","New Building","0","330188","Bc Builders Llc","2022-RESCON-0004313","0630323009000","39.67374049867705","-104.93920129907205"
"University Hills","4107 E Wesley 2, DENVER, CO","2024-10-17","2024","single_family_or_duplex","New Building","0","330188","Bc Builders Llc","2022-RESCON-0004316","0630323009000","39.673983248067394","-104.9394444921475"
"University Hills","4101 E Wesley 3, DENVER, CO","2024-10-17","2024","single_family_or_duplex","New Building","0","330180","Bc Builders Llc","2022-RESCON-0004301","0630323009000","39.67341449304913","-104.93934600713902"
"University Hills","4101 E Wesley 2, DENVER, CO","2024-10-17","2024","single_family_or_duplex","New Building","0","330180","Bc Builders Llc","2022-RESCON-0004300","0630323009000","39.673414950457705","-104.93944192473487"
"University Hills","4101 E Wesley 4, DENVER, CO","2024-10-17","2024","single_family_or_duplex","New Building","0","330180","Bc Builders Llc","2022-RESCON-0004302","0630323009000","39.67341432362077","-104.9393104825355"
"University Hills","4107 E Wesley 5, DENVER, CO","2024-10-17","2024","single_family_or_duplex","New Building","0","330118","Bc Builders Llc","2022-RESCON-0004319","0630323009000","39.673982078993106","-104.93919936923366"
"University Hills","4101 E Wesley 5, DENVER, CO","2024-10-17","2024","single_family_or_duplex","New Building","0","224965","Bc Builders Llc","2022-RESCON-0004303","0630323009000","39.67341674690859","-104.9392429638611"
"University Hills","2166 S Ash ST, DENVER, CO","2024-09-18","2024","single_family_or_duplex","New Building","1","750000","Vermeer Construction Inc","2024-RESCON-0002217","0630202029000","39.6771708182293","-104.93834254200561"
"University Hills","2168 S Ash ST, DENVER, CO","2024-09-18","2024","single_family_or_duplex","New Building","1","750000","Vermeer Construction Inc","2024-RESCON-0002218","0630202029000","39.67717529012937","-104.93812933788489"
"University Hills","3301 S Flamingo WAY SFD, DENVER, CO","2024-08-28","2024","single_family_or_duplex","New Building","1","478693","Coreventure Llc","2023-RESCON-0004253","0631418010000","39.65647093962112","-104.92641441266862"
"University Hills","3087 S Dexter WAY SFD, DENVER, CO","2024-07-29","2024","single_family_or_duplex","New Building","1","579579","Redeux Developments Llc","2024-RESCON-0000997","0631213020000","39.662598872836746","-104.932129342747"
"University Hills","4671 E Highline PL SFD, DENVER, CO","2024-05-20","2024","single_family_or_duplex","New Building","1","565000","Neyer Construction Inc","2022-RESCON-0004907","0631332011000","39.65998261324682","-104.93328001386422"
"University Hills","2164 S Ash ST 1/2 DUPLEX, DENVER, CO","2024-05-14","2024","single_family_or_duplex","New Building","1","225474","Vermeer Construction Inc","2023-RESCON-0004313","0630202028000","39.67721374029315","-104.93813258291647"
"University Hills","3097 S Dexter WAY, DENVER, CO","2024-03-28","2024","single_family_or_duplex","New Building","1","700000","Dokken Built Llc.","2023-RESCON-0001217","0631213019000","39.66261139753812","-104.93188059672502"
"University Hills","3065 S Birch ST SFD, DENVER, CO","2024-03-12","2024","single_family_or_duplex","New Building","1","650220","Denver Construction Management, Llc","2023-RESCON-0000613","0631210037000","39.66130638960298","-104.93681421645321"
"University Hills","3005 S ASH ST SFR, DENVER, CO","2024-01-30","2024","single_family_or_duplex","NEW BUILDING","1","754800","Lux Builders Llc","2022-RESCON-0004829","0631208020000","39.66301831342533","-104.93943967755405"
"University Hills","3289 S EUDORA ST SFD, DENVER, CO","2024-01-22","2024","single_family_or_duplex","NEW BUILDING","1","468882","Cornerstone Builders Llc","2023-RESCON-0000800","0631414012000","39.6570138627244","-104.93079642008686"
"University Hills","2140 S ASH ST 101, DENVER, CO","2024-01-19","2024","townhome_or_attached","NEW BUILDING","5","219660","Redt Construction Llc","2023-RESCON-0002175","0630202005000","39.67756336966924","-104.9383358483786"
"University Hills","2140 S ASH ST 105, DENVER, CO","2024-01-19","2024","townhome_or_attached","NEW BUILDING","5","219660","Redt Construction Llc","2023-RESCON-0003130","0630202005000","39.67755904550176","-104.93800547088156"
"University Hills","2140 S ASH ST 102, DENVER, CO","2024-01-19","2024","townhome_or_attached","NEW BUILDING","5","219660","Redt Construction Llc","2023-RESCON-0003122","0630202005000","39.67755999636937","-104.93820442039161"
"University Hills","2140 S ASH ST 104, DENVER, CO","2024-01-19","2024","townhome_or_attached","NEW BUILDING","5","219660","Redt Construction Llc","2023-RESCON-0003129","0630202005000","39.6775621133824","-104.93807294963237"
"University Hills","2140 S ASH ST 103, DENVER, CO","2024-01-19","2024","townhome_or_attached","NEW BUILDING","5","219660","Redt Construction Llc","2023-RESCON-0003126","0630202005000","39.677559690770046","-104.93814047233424"
"University Hills","3276 S CHERRY ST SFD, DENVER, CO","2024-01-09","2024","single_family_or_duplex","NEW BUILDING","1","790000","Vertex Homes Llc","2023-RESCON-0000788","0631314015000","39.65714350540304","-104.93376465940102"
"University Hills","2895 S DEXTER WAY, DENVER, CO","2024-01-04","2024","single_family_or_duplex","NEW BUILDING","1","650000","Helix Construction Llc","2021-RESCON-0001982","0631203034000","39.66510728013839","-104.93366135817921"
"University Park","2045 S Cook ST, DENVER, CO","2026-09-21","2026","single_family_or_duplex","New Building","0","250000","Lifehouse Constructive Solutions Inc","2026-RESCON-0002467","0525107013000","39.679326694083734","-104.94836579033164"
"University Park","2482 S Clayton ST, DENVER, CO","2026-07-27","2026","single_family_or_duplex","New Building","1","801317","Jb Concrete Inc","2026-RESCON-0001434","0525311010000","39.671502417427654","-104.9548253282178"
"University Park","2060 S Cook ST, DENVER, CO","2026-07-01","2026","single_family_or_duplex","New Building","0","1398500","Columbine Home Builders","2026-RESCON-0000737","0525108004000","39.67906006562017","-104.94771060177608"
"University Park","1910 S Columbine ST, DENVER, CO","2026-06-16","2026","single_family_or_duplex","New Building","1","227258","J&M Development","2025-RESCON-0001993","0525205002000","39.68165869761989","-104.95628845702284"
"University Park","1912 S Columbine ST, DENVER, CO","2026-06-16","2026","single_family_or_duplex","New Building","1","217936","J&M Development","2025-RESCON-0001994","0525205002000","39.68166083484722","-104.9561569779693"
"University Park","2542 S Cook ST, DENVER, CO","2026-05-29","2026","single_family_or_duplex","New Building","0","350000","Saul Construction Inc","2026-RESCON-0001374","0525420030000","39.670394595210226","-104.94745905026117"
"University Park","2501 S Columbine ST, DENVER, CO","2026-04-30","2026","single_family_or_duplex","New Building","1","767135","Atk Construction Llc","2025-RESCON-0003053","0525320022000","39.671086113795866","-104.95681794991879"
"University Park","2437 S Garfield ST SFR, DENVER, CO","2026-03-18","2026","single_family_or_duplex","New Building","1","673823","Tk Morrison Construction Llc","2025-RESCON-0003301","0525414015000","39.672145888841214","-104.94449666099224"
"University Park","2134 S Milwaukee ST SFD, DENVER, CO","2026-02-24","2026","single_family_or_duplex","New Building","1","942203","Mjs Properties Llc","2025-RESCON-0004130","0525216005000","39.67766904820209","-104.95200268810818"
"University Park","2243 S Adams ST SFR, DENVER, CO","2026-02-24","2026","single_family_or_duplex","New Building","1","677622","Tk Morrison Construction Llc","2025-RESCON-0002136","0525228013000","39.67571157390072","-104.94964120151873"
"University Park","1900 S Columbine ST DUPLEX, DENVER, CO","2026-02-13","2026","single_family_or_duplex","New Building","1","246000","J&M Development","2025-RESCON-0001067","0525205002000","39.68172182139937","-104.9562844150628"
"University Park","1900 S Columbine ST DUPLEX, DENVER, CO","2026-02-13","2026","single_family_or_duplex","New Building","1","231000","J&M Development","2025-RESCON-0001068","0525205002000","39.68172182139937","-104.9562844150628"
"University Park","2606 S Milwaukee St SFD, DENVER, CO","2025-12-18","2025","single_family_or_duplex","New Building","1","903849","Mjs Properties Llc","2025-RESCON-0001962","0525327013000","39.66911451865647","-104.95199130818597"
"University Park","2141 S Adams ST, DENVER, CO","2025-10-31","2025","single_family_or_duplex","New Building","1","693346","Devex Construction Llc","2025-RESCON-0003039","0525215020000","39.67759512135233","-104.9496939376335"
"University Park","2150 S Josephine ST 102 UNIT, DENVER, CO","2025-10-28","2025","townhome_or_attached","New Building","1","453500","Columbine Home Builders","2025-RESCON-0000005","0525220049000","39.67748575273699","-104.95746833286734"
"University Park","2150 S Josephine ST 103 UNIT, DENVER, CO","2025-10-28","2025","townhome_or_attached","New Building","1","453500","Columbine Home Builders","2025-RESCON-0000006","0525220049000","39.67748549040888","-104.95741149013651"
"University Park","2150 S Josephine 104 UNIT, DENVER, CO","2025-10-28","2025","townhome_or_attached","New Building","1","453500","Columbine Home Builders","2025-RESCON-0000007","0525220049000","39.67748526084922","-104.95736175274736"
"University Park","2150 S Josephine ST 201 UNIT, DENVER, CO","2025-10-28","2025","townhome_or_attached","New Building","1","453500","Columbine Home Builders","2025-RESCON-0000008","0525220049000","39.677467798196396","-104.95774203812321"
"University Park","2150 S Josephine ST 202 UNIT, DENVER, CO","2025-10-28","2025","townhome_or_attached","New Building","1","453500","Columbine Home Builders","2025-RESCON-0000009","0525220049000","39.677415622423865","-104.95773888836989"
"University Park","2150 S Josephine 203 UNIT, DENVER, CO","2025-10-28","2025","townhome_or_attached","New Building","1","453500","Columbine Home Builders","2025-RESCON-0000011","0525220049000","39.67736620826774","-104.95773927007971"
"University Park","2150 S Josephine 204 UNIT, DENVER, CO","2025-10-28","2025","townhome_or_attached","New Building","1","453500","Columbine Home Builders","2025-RESCON-0000012","0525220049000","39.677319554827434","-104.95774318325226"
"University Park","2150 S Josephine 205 UNIT, DENVER, CO","2025-10-28","2025","townhome_or_attached","New Building","1","453500","Columbine Home Builders","2025-RESCON-0000014","0525220049000","39.67727014066966","-104.95774356495856"
"University Park","2150 S Josephine 206, DENVER, CO","2025-10-28","2025","single_family_or_duplex","New Building","1","453500","Columbine Home Builders","2025-RESCON-0000016","0525220049000","39.67723718151096","-104.95774026677094"
"University Park","2150 S Josephine ST 301, DENVER, CO","2025-10-28","2025","single_family_or_duplex","New Building","1","453500","Columbine Home Builders","2025-RESCON-0000017","0525220049000","39.677225086061284","-104.95749877088068"
"University Park","2150 S Josephine ST 302 UNIT, DENVER, CO","2025-10-28","2025","townhome_or_attached","New Building","1","453500","Columbine Home Builders","2025-RESCON-0000018","0525220049000","39.677227683738984","-104.95746677458091"
"University Park","2150 S Josephine ST 303 UNIT, DENVER, CO","2025-10-28","2025","townhome_or_attached","New Building","1","453500","Columbine Home Builders","2025-RESCON-0000019","0525220049000","39.67722470897172","-104.9574170585929"
"University Park","2150 S Josephine ST 304 UNIT, DENVER, CO","2025-10-28","2025","townhome_or_attached","New Building","1","453500","Columbine Home Builders","2025-RESCON-0000020","0525220049000","39.67722717545178","-104.95735664219512"
"University Park","2450 S Steele ST, DENVER, CO","2025-10-24","2025","single_family_or_duplex","New Building","0","520000","Five J Construction Llc","2024-RESCON-0000842","0525407010000","39.67191299582154","-104.94984860612124"
"University Park","2570 S Jackson ST 1/2, DENVER, CO","2025-10-24","2025","single_family_or_duplex","New Building","1","225000","Dak Construction Llc","2025-RESCON-0002618","0525428003000","39.66994831316569","-104.94248206198424"
"University Park","2070 S Saint Paul ST SFR, DENVER, CO","2025-09-02","2025","single_family_or_duplex","New Building","1","675711","Vertical Management Group Llc","2024-RESCON-0003191","0525214008000","39.678930066447116","-104.95043312955416"
"University Park","2408 S Monroe ST, DENVER, CO","2025-08-18","2025","single_family_or_duplex","New Building","1","1049043","Devex Construction Llc","2025-RESCON-0001758","0525414002000","39.672692381969874","-104.9451140354786"
"University Park","2520 S Fillmore ST SFR, DENVER, CO","2025-08-11","2025","single_family_or_duplex","New Building","1","1400000","Mjs Properties Llc","2025-RESCON-0001576","0525317003000","39.670793284522034","-104.95346313572757"
"University Park","2150 S Josephine ST 101 UNIT, DENVER, CO","2025-08-11","2025","townhome_or_attached","New Building","1","453500","Columbine Home Builders","2023-RESCON-0004176","0525220049000","39.677485933077","-104.95750741341062"
"University Park","2045 S Cook ST SFR, DENVER, CO","2025-07-28","2025","single_family_or_duplex","New Building","1","800000","Columbine Home Builders","2025-RESCON-0001138","0525107013000","39.679326694083734","-104.94836579033164"
"University Park","3303 E Asbury AVE SFR, DENVER, CO","2025-07-09","2025","single_family_or_duplex","New Building","0","756660","Anderson Construction Llc","2025-RESCON-0000376","0525106009000","39.68044181129382","-104.94906051217218"
"University Park","2339 S Adams St SFR, DENVER, CO","2025-07-07","2025","single_family_or_duplex","New Building","1","573703","Wells Construction Llc","2025-RESCON-0001162","0525406007000","39.67404536409671","-104.94910005338443"
"University Park","2445 S Jackson ST, DENVER, CO","2025-06-13","2025","single_family_or_duplex","New Building","1","904645","Wild & Mild Homes Llc","2024-RESCON-0003631","0525437030000","39.67216826669532","-104.94342361707977"
"University Park","2470 S Steele ST SFR, DENVER, CO","2025-05-15","2025","single_family_or_duplex","New Building","1","697838","Five J Construction Llc","2024-RESCON-0001132","0525407012000","39.6716246787639","-104.94983665549384"
"University Park","2400 S Monroe St SFR, DENVER, CO","2025-05-15","2025","single_family_or_duplex","New Building","1","629766","Wells Construction Llc","2025-RESCON-0000637","0525414006000","39.672862637619865","-104.94512334747078"
"University Park","2427 S Milwaukee ST, DENVER, CO","2025-04-24","2025","single_family_or_duplex","New Building","0","1956985","Bar R9 Enterprise","2024-RESCON-0003467","0525312021000","39.67246103730921","-104.95256911889314"
"University Park","2485 S Madison St, DENVER, CO","2025-04-03","2025","single_family_or_duplex","New Building","1","620265","Devex Construction Llc","2024-RESCON-0003972","0525409013000","39.671481482431744","-104.94681815049485"
"University Park","2244 S Jackson ST, DENVER, CO","2025-03-05","2025","single_family_or_duplex","New Building","1","1100000","Jones Custom Builders Inc","2024-RESCON-0003918","0525123007000","39.67564114325554","-104.94342805697706"
"University Park","2701 S Cook ST, DENVER, CO","2025-02-24","2025","single_family_or_duplex","New Building","1","630625","Denver Luxury Builders Llc","2024-RESCON-0000828","0536117006000","39.667484096272005","-104.94795085986078"
"University Park","2244 S Columbine ST SFD, DENVER, CO","2025-02-18","2025","single_family_or_duplex","New Building","1","1041980","Five J Construction Llc","2024-RESCON-0001628","0525224005000","39.67574173065587","-104.95612112134198"
"University Park","2615 S Saint Paul ST SFD, DENVER, CO","2025-02-02","2025","single_family_or_duplex","New Building","1","885496","Five J Construction Llc","2024-RESCON-0002928","0525327010000","39.669118561191254","-104.95109252333059"
"University Park","2615 S Saint Paul ST SFD, DENVER, CO","2025-01-27","2025","single_family_or_duplex","New Building","1","885496","Five J Construction Llc","2025-RESCON-0000290","0525327010000","39.669118561191254","-104.95109252333059"
"University Park","2330 S Fillmore ST, DENVER, CO","2025-01-03","2025","single_family_or_duplex","New Building","1","1020000","Moseley Construction","2024-RESCON-0002366","0525303003000","39.67426588155377","-104.95340767840713"
"University Park","2315 S Monroe ST, DENVER, CO","2024-12-20","2024","single_family_or_duplex","New Building","1","1595510","Ejc Construction Co","2024-RESCON-0001637","0525403020000","39.6745041584286","-104.9456645872063"
"University Park","2332 S Columbine ST, DENVER, CO","2024-11-29","2024","single_family_or_duplex","New Building","1","1220000","Mjs Properties Llc","2024-RESCON-0001471","0525305004000","39.67423536741971","-104.95629976550131"
"University Park","2495 S Saint Paul ST SFD, DENVER, CO","2024-09-20","2024","single_family_or_duplex","New Building","1","719408","Mjs Properties Llc","2024-RESCON-0000076","0525313013000","39.671362236600906","-104.95124905383142"
"University Park","2237 S MADISON ST SFR, DENVER, CO","2024-08-21","2024","single_family_or_duplex","New Building","1","648521","Wiggs Custom Homes Llc","2024-RESCON-0000247","0525120021000","39.67571196072669","-104.94679902481218"
"University Park","2435 S Josephine ST, DENVER, CO","2024-07-08","2024","single_family_or_duplex","New Building","1","676806","Vintage Denver Homes Llc","2024-RESCON-0000470","0525308015000","39.67233332314615","-104.95818668765618"
"University Park","2650 S MONROE ST SUD, DENVER, CO","2024-02-05","2024","single_family_or_duplex","NEW BUILDING","1","671789","Jb Concrete Inc","2023-RESCON-0003265","0525431001000","39.668407112148095","-104.94515856125435"
"University Park","2311 S JOSEPHINE ST SFD, DENVER, CO","2024-02-02","2024","single_family_or_duplex","NEW BUILDING","1","600000","Lux Builders Llc","2022-RESCON-0005944","0525307024000","39.674549566996234","-104.95835076775096"
"DIA","6111 N Dunkirk ST 1 UNIT, DENVER, CO","2025-03-08","2025","townhome_or_attached","New Building","0","213532","Rhino Residential Llc","2024-RESCON-0000968","0010255008000","39.80751873028572","-104.76341970424492"
"DIA","6118 N Ceylon ST 1 UNIT, DENVER, CO","2025-03-08","2025","townhome_or_attached","New Building","1","213532","Rhino Residential Llc","2024-RESCON-0003488","0010254001000","39.80768572717404","-104.76466375935466"
"DIA","6111 N Dunkirk St 8 Unit, DENVER, CO","2025-03-08","2025","townhome_or_attached","New Building","0","213532","Rhino Residential Llc","2025-RESCON-0000176","0010255001000","39.80753039182942","-104.76396773731709"
"DIA","6118 N Ceylon St 8 Unit, DENVER, CO","2025-03-08","2025","townhome_or_attached","New Building","1","213532","Rhino Residential Llc","2024-RESCON-0004177","0010254008000","39.807556075844936","-104.76412408312736"
"DIA","6114 N Ceylon ST 1 UNIT, DENVER, CO","2025-03-08","2025","townhome_or_attached","New Building","1","213123","Rhino Residential Llc","2024-RESCON-0003369","0010253001000","39.807790515073854","-104.76517878210646"
"DIA","6114 N Ceylon St 6 Unit, DENVER, CO","2025-03-08","2025","townhome_or_attached","New Building","1","213123","Rhino Residential Llc","2024-RESCON-0004062","0010253006000","39.80766191035617","-104.76480638736403"
"DIA","6107 N Dunkirk ST 1 UNIT, DENVER, CO","2025-02-26","2025","townhome_or_attached","New Building","1","213123","Rhino Residential Llc","2025-RESCON-0000119","0010256005000","39.80746624669285","-104.7629290518766"
"DIA","6107 N Dunkirk St 5 Unit, DENVER, CO","2025-02-26","2025","townhome_or_attached","New Building","1","213123","Rhino Residential Llc","2025-RESCON-0000250","0010256001000","39.80742705263056","-104.76324625550221"
"DIA","6131 N Dunkirk St 1 Unit, DENVER, CO","2024-11-20","2024","townhome_or_attached","New Building","0","273539","Rhino Residential Llc","2024-RESCON-0003300","0010249001000","39.807947730493304","-104.76397759095609"
"DIA","6131 N Dunkirk ST 3 UNIT, DENVER, CO","2024-11-20","2024","townhome_or_attached","New Building","0","273539","Rhino Residential Llc","2024-RESCON-0003227","0010249003000","39.807813000253404","-104.76394341171127"
"DIA","6131 N Dunkirk ST 2 UNIT, DENVER, CO","2024-11-20","2024","townhome_or_attached","New Building","0","237554","Rhino Residential Llc","2024-RESCON-0003296","0010249003000","39.807813000253404","-104.76394341171127"
"DIA","6134 N Ceylon St 6 Unit, DENVER, CO","2024-10-29","2024","townhome_or_attached","New Building","1","213123","Rhino Residential Llc","2024-RESCON-0003271","0010242001000","39.80837118109787","-104.76496624184387"
"DIA","19290 E 59th Ave 1001 Unit, DENVER, CO","2024-04-07","2024","townhome_or_attached","New Building","0","275110","Haselden Construction Llc","2023-RESCON-0004031","0010211037000","39.80332610881141","-104.76288006328762"
"DIA","19290 E 59th 8, DENVER, CO","2024-04-07","2024","single_family_or_duplex","New Building","1","275110","Haselden Construction Llc","2024-RESCON-0000727","0010211030000","39.803242807519325","-104.76360702312452"
"DIA","19290 E 59th Ave 902 Unit, DENVER, CO","2024-03-28","2024","townhome_or_attached","New Building","0","275110","Haselden Construction Llc","2024-RESCON-0000746","0010211035000","39.80324696234511","-104.76339342582172"
"DIA","19290 E 59th Ave 1004 Unit, DENVER, CO","2024-03-28","2024","townhome_or_attached","New Building","0","275110","Haselden Construction Llc","2024-RESCON-0000752","0010211037000","39.80347157483686","-104.76287497374155"
"DIA","19290 E 59th 8, DENVER, CO","2024-03-28","2024","single_family_or_duplex","New Building","1","275110","Haselden Construction Llc","2024-RESCON-0000726","0010211028000","39.80324093019361","-104.76374585270455"
"DIA","19290 E 59th Ave 904 Unit, DENVER, CO","2024-03-28","2024","townhome_or_attached","New Building","0","275110","Haselden Construction Llc","2024-RESCON-0000749","0010211035000","39.80325153979286","-104.76324744936994"
"DIA","19290 E 59th AVE 804 UNIT, DENVER, CO","2024-03-28","2024","townhome_or_attached","New Building","1","275110","Haselden Construction Llc","2024-RESCON-0000728","0010211031000","39.803242562743435","-104.76356787419962"
"DIA","19290 E 59th AVE 402 UNIT, DENVER, CO","2024-03-28","2024","townhome_or_attached","New Building","0","275110","Haselden Construction Llc","2024-RESCON-0000540","0010211014000","39.8032388426945","-104.76429043749339"
"DIA","19290 E 59th Ave 1005 Unit, DENVER, CO","2024-03-28","2024","townhome_or_attached","New Building","0","275110","Haselden Construction Llc","2024-RESCON-0000753","0010211037000","39.803493557607965","-104.76287830172045"
"DIA","19290 E 59th Ave 903 Unit, DENVER, CO","2024-03-28","2024","townhome_or_attached","New Building","0","275110","Haselden Construction Llc","2024-RESCON-0000748","0010211035000","39.80324906187413","-104.76329018615422"
"DIA","19290 E 59th 8, DENVER, CO","2024-03-28","2024","single_family_or_duplex","New Building","1","275110","Haselden Construction Llc","2023-RESCON-0004029","0010211028000","39.80324093019361","-104.76374585270455"
"DIA","19290 E 59th AVE 403 UNIT, DENVER, CO","2024-03-28","2024","townhome_or_attached","New Building","0","275110","Haselden Construction Llc","2024-RESCON-0000541","0010211015000","39.8032382201812","-104.76419078568472"
"DIA","19290 E 59th AVE 404 UNIT, DENVER, CO","2024-03-28","2024","townhome_or_attached","New Building","0","275110","Haselden Construction Llc","2024-RESCON-0000542","0010211016000","39.803237953364","-104.76414807776722"
"DIA","19290 E 59th Ave 1002 Unit, DENVER, CO","2024-03-28","2024","townhome_or_attached","New Building","0","275110","Haselden Construction Llc","2024-RESCON-0000750","0010211037000","39.80332610881141","-104.76288006328762"
"DIA","19290 E 59th Ave 1003 Unit, DENVER, CO","2024-03-28","2024","townhome_or_attached","New Building","0","275110","Haselden Construction Llc","2024-RESCON-0000751","0010211037000","39.803378264995125","-104.76287951460368"
"DIA","19290 E 59th AVE 901 BLDG, DENVER, CO","2024-03-28","2024","townhome_or_attached","New Building","0","275110","Haselden Construction Llc","2023-RESCON-0004030","0010211035000","39.80352227766053","-104.76308087634551"
"DIA","19290 E 59th AVE 401 UNIT, DENVER, CO","2024-03-28","2024","townhome_or_attached","New Building","0","275110","Haselden Construction Llc","2023-RESCON-0004027","0010211013000","39.80323906500023","-104.76432602742544"
"DIA","19290 E 59th AVE 202 UNIT, DENVER, CO","2024-03-28","2024","townhome_or_attached","New Building","0","275100","Haselden Construction Llc","2024-RESCON-0000537","0010211007000","39.803234908490445","-104.76453962581654"
"DIA","19290 E 59th AVE 301 UNIT, DENVER, CO","2024-03-28","2024","townhome_or_attached","New Building","0","275100","Haselden Construction Llc","2023-RESCON-0004026","0010211009000","39.80352375205934","-104.76419490570184"
"DIA","19290 E 59th AVE 304 UNIT, DENVER, CO","2024-03-28","2024","townhome_or_attached","New Building","0","275100","Haselden Construction Llc","2024-RESCON-0000555","0010211012000","39.80352538528753","-104.76401692648908"
"DIA","19290 E 59th AVE 303 UNIT, DENVER, CO","2024-03-28","2024","townhome_or_attached","New Building","0","275100","Haselden Construction Llc","2024-RESCON-0000554","0010211011000","39.803517416965065","-104.76405972107705"
"DIA","19290 E 59th AVE 302 UNIT, DENVER, CO","2024-03-28","2024","townhome_or_attached","New Building","0","275100","Haselden Construction Llc","2024-RESCON-0000552","0010211010000","39.80351801735402","-104.76415581427435"
"DIA","19290 E 59th Ave 201 Unit, DENVER, CO","2024-03-28","2024","townhome_or_attached","New Building","0","275100","Haselden Construction Llc","2023-RESCON-0004024","0010211007000","39.803234908490445","-104.76453962581654"
"DIA","19290 E 59th AVE 203 UNIT, DENVER, CO","2024-03-28","2024","townhome_or_attached","New Building","0","275100","Haselden Construction Llc","2024-RESCON-0000538","0010211007000","39.803234908490445","-104.76453962581654"
"DIA","6128 N Ceylon ST 1 UNIT, DENVER, CO","2024-03-12","2024","townhome_or_attached","New Building","0","210947","Rhino Residential Llc","2023-RESCON-0003964","0010243001000","39.80799364116014","-104.76473527654314"
"DIA","6128 N Ceylon St 7 Unit, DENVER, CO","2024-03-12","2024","townhome_or_attached","New Building","0","210947","Rhino Residential Llc","2023-RESCON-0004015","0010243001000","39.80836179081927","-104.76478124588235"
"DIA","19290 E 59th Ave 704 Unit, DENVER, CO","2024-03-08","2024","townhome_or_attached","New Building","0","275110","Haselden Construction Llc","2024-RESCON-0000743","0010211027000","39.803537227537404","-104.76327647859999"
"DIA","19290 E 59th AVE 603 UNIT, DENVER, CO","2024-03-08","2024","townhome_or_attached","New Building","0","275110","Haselden Construction Llc","2024-RESCON-0000548","0010211023000","39.803241864503896","-104.7638953315857"
"DIA","19290 E 59th AVE 701 BLDG, DENVER, CO","2024-03-08","2024","townhome_or_attached","New Building","0","275110","Haselden Construction Llc","2023-RESCON-0005045","0010211025000","39.80352227766053","-104.76308087634551"
"DIA","19290 E 59th AVE 601 UNIT, DENVER, CO","2024-03-08","2024","townhome_or_attached","New Building","0","275110","Haselden Construction Llc","2023-RESCON-0004128","0010211021000","39.80323704162166","-104.76400215905167"
"DIA","19290 E 59th AVE 602 UNIT, DENVER, CO","2024-03-08","2024","townhome_or_attached","New Building","0","275110","Haselden Construction Llc","2024-RESCON-0000547","0010211022000","39.803242264861396","-104.76395939346415"
"DIA","19290 E 59th Ave 703 Unit, DENVER, CO","2024-03-08","2024","townhome_or_attached","New Building","0","248238","Haselden Construction Llc","2024-RESCON-0000742","0010211026000","39.80352642537911","-104.76330506611039"
"DIA","19290 E 59th Ave 702 Unit, DENVER, CO","2024-03-08","2024","townhome_or_attached","New Building","0","248238","Haselden Construction Llc","2024-RESCON-0000741","0010211025000","39.80352704864168","-104.76340471832107"
"DIA","19290 E 59th 501, DENVER, CO","2024-03-07","2024","single_family_or_duplex","New Building","1","275110","Haselden Construction Llc","2023-RESCON-0004028","0010211017000","39.80352407297001","-104.76380694387308"
"DIA","19290 E 59th 504, DENVER, CO","2024-03-07","2024","single_family_or_duplex","New Building","1","275110","Haselden Construction Llc","2024-RESCON-0000725","0010211020000","39.803531195736525","-104.7636289069528"
"DIA","19290 E 59th 101, DENVER, CO","2024-03-07","2024","single_family_or_duplex","New Building","1","275110","Haselden Construction Llc","2023-RESCON-0005069","0010211002000","39.803514994678395","-104.7645509228956"
"DIA","19290 E 59th Ave 104 Unit, DENVER, CO","2024-03-07","2024","townhome_or_attached","New Building","1","275110","Haselden Construction Llc","2024-RESCON-0000733","0010211005000","39.80352211856221","-104.76437288490632"
"DIA","19290 E 59th Ave 103 Unit, DENVER, CO","2024-03-07","2024","townhome_or_attached","New Building","1","248238","Haselden Construction Llc","2024-RESCON-0000732","0010211004000","39.80351140505518","-104.76441570943751"
"DIA","19290 E 59th Ave 102 Unit, DENVER, CO","2024-03-07","2024","townhome_or_attached","New Building","1","248238","Haselden Construction Llc","2024-RESCON-0000731","0010211003000","39.8035120273781","-104.76451536163671"
"DIA","19290 E 59th 502, DENVER, CO","2024-03-07","2024","single_family_or_duplex","New Building","1","248238","Haselden Construction Llc","2024-RESCON-0000723","0010211018000","39.8035211276918","-104.76377494164849"
"DIA","19290 E 59th 503, DENVER, CO","2024-03-07","2024","single_family_or_duplex","New Building","1","248238","Haselden Construction Llc","2024-RESCON-0000724","0010211019000","39.80352046024287","-104.7636681714283"
"Overland","2286 S Bannock ST, DENVER, CO","2026-09-02","2026","single_family_or_duplex","New Building","0","349115","Vermeer Construction Inc","2026-RESCON-0002278","0527221040000","39.67514326242897","-104.9898051874364"
"Overland","2437 S Cherokee 1/2 Duplex, DENVER, CO","2026-05-04","2026","single_family_or_duplex","New Building","1","485373","Vermeer Construction Inc","2026-RESCON-0000215","0527412017000","39.67235784434224","-104.99132460143136"
"Overland","2433 S Cherokee ST 1/2 Duplex, DENVER, CO","2026-05-04","2026","single_family_or_duplex","New Building","0","485373","Vermeer Construction Inc","2026-RESCON-0000214","0527412017000","39.67239629309548","-104.99132787537422"
"Overland","2364 S Cherokee ST ½ DUPLEX, DENVER, CO","2026-02-24","2026","single_family_or_duplex","New Building","1","359657","Vermeer Construction Inc","2025-RESCON-0004052","0527401027000","39.67352289830077","-104.99092892623636"
"Overland","2362 S Cherokee ST ½ DUPLEX, DENVER, CO","2026-02-24","2026","single_family_or_duplex","New Building","1","359657","Vermeer Construction Inc","2025-RESCON-0004051","0527401027000","39.67352289830077","-104.99092892623636"
"Overland","2402 S Cherokee St ½ DUPLEX, DENVER, CO","2025-09-19","2025","single_family_or_duplex","New Building","1","425000","Zera Developments Llc","2025-RESCON-0000484","0527413001000","39.67294624211997","-104.99089758221429"
"Overland","2404 S Cherokee St ½ DUPLEX, DENVER, CO","2025-09-19","2025","single_family_or_duplex","New Building","1","425000","Zera Developments Llc","2025-RESCON-0000497","0527413001000","39.672902318264654","-104.9908979007442"
"Overland","2363 S Cherokee ST, DENVER, CO","2025-08-09","2025","single_family_or_duplex","New Building","1","525000","Zisou Projects Llc","2025-RESCON-0000914","0527402011000","39.673662097800026","-104.99137554512693"
"Overland","2274 S Bannock ST SFD, DENVER, CO","2025-07-25","2025","single_family_or_duplex","New Building","1","328264","Tk Morrison Construction Llc","2023-RESCON-0000303","0527221038000","39.67529418978077","-104.989789879828"
"Overland","2662 S Acoma, DENVER, CO","2025-07-18","2025","single_family_or_duplex","New Building","1","358152","Zera Developments Llc","2025-RESCON-0000470","0527512008000","39.668346257353534","-104.98864323486977"
"Overland","2660 S Acoma ST DUPLEX, DENVER, CO","2025-07-18","2025","single_family_or_duplex","New Building","1","358152","Zera Developments Llc","2025-RESCON-0000469","0527512008000","39.668392864705424","-104.9886286860844"
"Overland","2274 S Bannock St, DENVER, CO","2025-07-16","2025","single_family_or_duplex","New Building","0","328264","Tk Morrison Construction Llc","2023-RESCON-0000296","0527221038000","39.67529418978077","-104.989789879828"
"Overland","2359 S Bannock ST, DENVER, CO","2025-05-30","2025","single_family_or_duplex","New Building","1","300000","Collective Holdings Llc","2024-RESCON-0002119","0527401012000","39.673761231111975","-104.99017759789872"
"Overland","2357 S Bannock ST 1/2 DUPLEX, DENVER, CO","2025-05-30","2025","single_family_or_duplex","New Building","1","300000","Collective Holdings Llc","2024-RESCON-0002118","0527401012000","39.673794204804565","-104.99018446364293"
"Overland","2460 S Cherokee ST, DENVER, CO","2025-04-16","2025","single_family_or_duplex","New Building","1","200000","Faulkner Grey Homes Llc","2024-RESCON-0003294","0527413026000","39.67193784424537","-104.99069884818577"
"Overland","2122 S Cherokee 2122, DENVER, CO","2024-11-25","2024","single_family_or_duplex","New Building","0","417000","Collective Holdings Llc","2024-RESCON-0001752","0527215004000","39.6780333491147","-104.99089976946009"
"Overland","2124 S Cherokee ST 2124, DENVER, CO","2024-11-25","2024","single_family_or_duplex","New Building","0","417000","Collective Holdings Llc","2024-RESCON-0002501","0527215004000","39.678003151517636","-104.99089998846438"
"Overland","2378 S Bannock 1/2 Duplex, DENVER, CO","2024-11-18","2024","single_family_or_duplex","New Building","1","317378","Vermeer Construction Inc","2024-RESCON-0002753","0527504010000","39.67347939793235","-104.9897604381578"
"Overland","2376 S Bannock ST 1/2 Duplex, DENVER, CO","2024-11-18","2024","single_family_or_duplex","New Building","1","317378","Vermeer Construction Inc","2024-RESCON-0002752","0527504010000","39.673526051597044","-104.98975654648319"
"Overland","2478 S Cherokee 1/2 DUPLEX, DENVER, CO","2024-11-04","2024","single_family_or_duplex","New Building","1","429047","Vermeer Construction Inc","2024-RESCON-0000952","0527413010000","39.67166977992046","-104.99092460126005"
"Overland","2474 S Cherokee ST 1/2 DUPLEX, DENVER, CO","2024-11-04","2024","single_family_or_duplex","New Building","1","429047","Vermeer Construction Inc","2024-RESCON-0000951","0527413010000","39.671710958552495","-104.99092430265918"
"Overland","2403 S Cherokee, DENVER, CO","2024-10-17","2024","single_family_or_duplex","New Building","1","254308","Key Development Llc","2024-RESCON-0001302","0527412088000","39.67289875000935","-104.99134199749237"
"Overland","2401 S Cherokee ST 1/2 DUPLEX, DENVER, CO","2024-10-17","2024","single_family_or_duplex","New Building","1","254308","Key Development Llc","2024-RESCON-0001300","0527412088000","39.672953654829946","-104.99134159967727"
"Overland","2395 S Cherokee 1/2 DUPLEX, DENVER, CO","2024-10-07","2024","single_family_or_duplex","New Building","0","525000","Brady Ledyard H","2023-RESCON-0003981","0527402008000","39.673233716412234","-104.99135022819357"
"Overland","2399 S Cherokee St 1/2 DUPLEX, DENVER, CO","2024-10-07","2024","single_family_or_duplex","New Building","1","525000","Brady Ledyard H","2023-RESCON-0003982","0527402008000","39.67321722959694","-104.99134679507425"
"Overland","2452 S Cherokee S. Unit, DENVER, CO","2024-10-04","2024","townhome_or_attached","New Building","1","379778","Apex Homes Llc","2024-RESCON-0002123","0527413025000","39.67208161236516","-104.9909322724499"
"Overland","2450 S Cherokee ST, DENVER, CO","2024-10-03","2024","single_family_or_duplex","New Building","1","382386","Apex Homes Llc","2024-RESCON-0002122","","39.672125506366555","-104.99092484912468"
"Overland","75 W Harvard 1/2 Duplex, DENVER, CO","2024-09-30","2024","single_family_or_duplex","New Building","1","614775","Home Renew Llc","2024-RESCON-0001037","0527506012000","39.67138214749517","-104.98853941493999"
"Overland","2494 S Acoma ST 1/2 Duplex, DENVER, CO","2024-09-30","2024","single_family_or_duplex","New Building","1","600250","Home Renew Llc","2024-RESCON-0001035","0527506012000","39.67143472435989","-104.98863494897297"
"Overland","2595 S Cherokee ST, DENVER, CO","2024-09-16","2024","single_family_or_duplex","New Building","1","372130","Just Construction","2022-RESCON-0002276","0527415011000","39.66966751631699","-104.9913476464478"
"Overland","2599 S Cherokee ST, DENVER, CO","2024-09-16","2024","single_family_or_duplex","New Building","1","372130","Just Construction","2022-RESCON-0002277","0527415011000","39.66960985081871","-104.99134451184936"
"Overland","2317 S Galapago ST SFR, DENVER, CO","2024-08-07","2024","single_family_or_duplex","New Building","1","475000","H.A. Custom Homes Inc","2024-RESCON-0001602","0527407008000","39.67436076405378","-104.99615233387013"
"Overland","2321 S Galapago ST 2321, DENVER, CO","2024-07-29","2024","single_family_or_duplex","New Building","0","375000","H.A. Custom Homes Inc","2024-RESCON-0001326","0527407008000","39.67424550962814","-104.99616381894306"
"Overland","2321 S Galapago ST 2319, DENVER, CO","2024-07-29","2024","single_family_or_duplex","New Building","0","375000","H.A. Custom Homes Inc","2024-RESCON-0001325","0527407008000","39.67424550962814","-104.99616381894306"
"Overland","2536 S Acoma ST, DENVER, CO","2024-05-28","2024","single_family_or_duplex","New Building","1","358542","Collective Holdings Llc","2023-RESCON-0002523","0527509005000","39.67061927740067","-104.98861602147032"
"Overland","2538 S Acoma, DENVER, CO","2024-05-28","2024","single_family_or_duplex","New Building","1","357803","Collective Holdings Llc","2023-RESCON-0002525","0527509005000","39.670580859455136","-104.98861985375214"
"Overland","2520 S Cherokee ST, DENVER, CO","2024-05-09","2024","single_family_or_duplex","New Building","0","366463","Mag Builders Inc","2023-RESCON-0002486","0527414003000","39.670848904446885","-104.99091989628357"
"Overland","2522 S Cherokee ST, DENVER, CO","2024-05-09","2024","single_family_or_duplex","New Building","0","366463","Mag Builders Inc","2023-RESCON-0002487","0527414003000","39.67082973389723","-104.99093069265449"
"Overland","2362 S Acoma 1/2 DUPLEX, DENVER, CO","2024-05-06","2024","single_family_or_duplex","New Building","1","366282","Zinga Construction Inc","2022-RESCON-0005509","0527503009000","39.67373244913187","-104.98860755412696"
"Overland","2360 S Acoma ST 1/2 DUPLEX, DENVER, CO","2024-05-06","2024","single_family_or_duplex","New Building","1","366282","Zinga Construction Inc","2022-RESCON-0005508","0527503009000","39.67382850161552","-104.98859974921395"
"Overland","2643 S Bannock ST DUPLEX, DENVER, CO","2024-04-17","2024","single_family_or_duplex","New Building","1","271114","Collective Holdings Llc","2023-RESCON-0002707","0527417016000","39.66866868859649","-104.99018971190449"
"Overland","2647 S BANNOCK ST DUPLEX, DENVER, CO","2024-04-15","2024","single_family_or_duplex","New Building","1","264073","Collective Holdings Llc","2023-RESCON-0002708","0527417036000","39.668633000412804","-104.99018997105412"
"Overland","2660 S Cherokee ST 1/2 Duplex, DENVER, CO","2024-03-01","2024","single_family_or_duplex","New Building","1","480000","Mag Builders Inc","2022-RESCON-0004802","0527417022000","39.66839457389756","-104.99091993116754"
"Overland","2664 S Cherokee 1/2 Duplex, DENVER, CO","2024-03-01","2024","single_family_or_duplex","New Building","1","480000","Mag Builders Inc","2022-RESCON-0004804","0527417022000","39.668353410602045","-104.99092378197302"
"Overland","2468 S CHEROKEE, DENVER, CO","2024-02-12","2024","single_family_or_duplex","NEW BUILDING","1","350000","Masterframe Construction Inc","2023-RESCON-0000603","0527413009000","39.6717960302892","-104.99091658076894"
"Overland","2466 S CHEROKEE ST 1/2 DUPLEX, DENVER, CO","2024-02-08","2024","single_family_or_duplex","NEW BUILDING","1","350000","Masterframe Construction Inc","2023-RESCON-0000602","0527413009000","39.671864692106865","-104.99092318787947"
"Overland","2297 S GALAPAGO ST, DENVER, CO","2024-02-06","2024","single_family_or_duplex","NEW BUILDING","0","234750","Backyard Storage Solutions Llc","2023-RESCON-0002699","0527313012000","39.675003167279726","-104.99615127585575"
"Overland","2650 S DELAWARE ST UNIT 9, DENVER, CO","2024-01-26","2024","townhome_or_attached","NEW BUILDING","1","319500","Redt Construction Llc","2023-RESCON-0000488","0527416027000","39.66851514545885","-104.99213751038555"
"City Park West","2240 N Race ST, DENVER, CO","2026-08-24","2026","single_family_or_duplex","New Building","1","245000","Remaster Renovations Llc","2026-RESCON-0002144","0235130003000","39.750242892756766","-104.96312573472795"
"City Park West","1625 N Marion ST 110, DENVER, CO","2025-04-15","2025","single_family_or_duplex","New Building","1","324625","Denver Construction Management, Llc","2023-RESCON-0004594","0235418044000","39.7424771730004","-104.97237057556998"
"City Park West","1625 N Marion ST 101, DENVER, CO","2025-04-15","2025","single_family_or_duplex","New Building","1","322891","Denver Construction Management, Llc","2023-RESCON-0004171","0235418044000","39.74209281645771","-104.97236635509651"
"City Park West","1625 N Marion ST 102, DENVER, CO","2025-04-15","2025","single_family_or_duplex","New Building","1","320951","Denver Construction Management, Llc","2023-RESCON-0004586","0235418044000","39.74213124883554","-104.9723660659527"
"City Park West","1625 N Marion ST 104, DENVER, CO","2025-04-15","2025","single_family_or_duplex","New Building","1","320951","Denver Construction Management, Llc","2023-RESCON-0004588","0235418044000","39.74221360392912","-104.97236544635774"
"City Park West","1625 N Marion ST 106, DENVER, CO","2025-04-15","2025","single_family_or_duplex","New Building","1","320951","Denver Construction Management, Llc","2023-RESCON-0004590","0235418044000","39.74229323069522","-104.97236840336483"
"City Park West","1625 N Marion ST 108, DENVER, CO","2025-04-15","2025","single_family_or_duplex","New Building","1","320951","Denver Construction Management, Llc","2023-RESCON-0004592","0235418044000","39.74237285655823","-104.97237136038532"
"City Park West","1625 N Marion ST 109, DENVER, CO","2025-04-15","2025","single_family_or_duplex","New Building","1","320951","Denver Construction Management, Llc","2023-RESCON-0004593","0235418044000","39.742438740627435","-104.97237086471274"
"City Park West","1625 N Marion ST 103, DENVER, CO","2025-04-15","2025","single_family_or_duplex","New Building","1","318776","Denver Construction Management, Llc","2023-RESCON-0004587","0235418044000","39.7421971329106","-104.97236557027685"
"City Park West","1625 N Marion ST 105, DENVER, CO","2025-04-15","2025","single_family_or_duplex","New Building","1","318776","Denver Construction Management, Llc","2023-RESCON-0004589","0235418044000","39.742279504846856","-104.97236850663029"
"City Park West","1625 N Marion ST 107, DENVER, CO","2025-04-15","2025","single_family_or_duplex","New Building","1","318776","Denver Construction Management, Llc","2023-RESCON-0004591","0235418044000","39.74235913071026","-104.97237146365033"
"City Park West","1625 N Marion ST 118, DENVER, CO","2025-04-15","2025","single_family_or_duplex","New Building","1","270094","Denver Construction Management, Llc","2023-RESCON-0004602","0235418044000","39.74238233536693","-104.97264866342547"
"City Park West","1625 N Marion ST 111, DENVER, CO","2025-04-15","2025","single_family_or_duplex","New Building","1","269615","Denver Construction Management, Llc","2023-RESCON-0004595","0235418044000","39.74209955010929","-104.97264367767097"
"City Park West","1625 N Marion ST 112, DENVER, CO","2025-04-15","2025","single_family_or_duplex","New Building","1","266517","Denver Construction Management, Llc","2023-RESCON-0004596","0235418044000","39.74214074359325","-104.97264692398618"
"City Park West","1625 N Marion ST 113, DENVER, CO","2025-04-15","2025","single_family_or_duplex","New Building","1","266515","Denver Construction Management, Llc","2023-RESCON-0004597","0235418044000","39.74218192114088","-104.97264661435374"
"City Park West","1625 N Marion ST 114, DENVER, CO","2025-04-15","2025","single_family_or_duplex","New Building","1","266515","Denver Construction Management, Llc","2023-RESCON-0004598","0235418044000","39.742220353518164","-104.97264632536313"
"City Park West","1625 N Marion ST 115, DENVER, CO","2025-04-15","2025","single_family_or_duplex","New Building","1","266515","Denver Construction Management, Llc","2023-RESCON-0004599","0235418044000","39.74225878589489","-104.97264603637221"
"City Park West","1625 N Marion ST 116, DENVER, CO","2025-04-15","2025","single_family_or_duplex","New Building","1","266515","Denver Construction Management, Llc","2023-RESCON-0004600","0235418044000","39.7423027254467","-104.97264926204724"
"City Park West","1625 N Marion ST 117, DENVER, CO","2025-04-15","2025","single_family_or_duplex","New Building","1","266515","Denver Construction Management, Llc","2023-RESCON-0004601","0235418044000","39.742338396717024","-104.9726454377404"
"City Park West","1755 N Williams ST, DENVER, CO","2024-12-06","2024","single_family_or_duplex","New Building","1","412500","Lumen Homes Llc","2024-RESCON-0002445","0235519018000","39.74427484004278","-104.96617640015137"
"City Park West","1751 N Williams ST 1, DENVER, CO","2024-12-06","2024","single_family_or_duplex","New Building","1","412500","Lumen Homes Llc","2024-RESCON-0002440","0235519018000","39.74418701084232","-104.96618062487605"
"City Park West","1755 N Williams ST, DENVER, CO","2024-12-06","2024","single_family_or_duplex","New Building","1","412500","Lumen Homes Llc","2024-RESCON-0002444","0235519018000","39.74427484004278","-104.96617640015137"
"City Park West","1751 N Williams ST, DENVER, CO","2024-12-06","2024","single_family_or_duplex","New Building","1","412500","Lumen Homes Llc","2024-RESCON-0002441","0235519018000","39.744209004437245","-104.96618756981454"
"City Park West","1749 N Williams ST 1, DENVER, CO","2024-12-06","2024","single_family_or_duplex","New Building","1","412500","Lumen Homes Llc","2024-RESCON-0002434","0235519018000","39.74411562037732","-104.96617761212"
"City Park West","1749 N Williams ST 2, DENVER, CO","2024-12-06","2024","single_family_or_duplex","New Building","1","412500","Lumen Homes Llc","2024-RESCON-0002435","0235519018000","39.7441495139304","-104.96638716946828"
"City Park West","2145 N High ST, DENVER, CO","2024-09-12","2024","single_family_or_duplex","New Building","0","450000","Tk Morrison Construction Llc","2023-RESCON-0004557","0235138014000","39.74898826275714","-104.96492422209079"
"City Park West","2143 N High ST SFR, DENVER, CO","2024-09-12","2024","single_family_or_duplex","New Building","0","450000","Tk Morrison Construction Llc","2023-RESCON-0004554","0235138014000","39.74895804981084","-104.96492089620877"
"City Park West","1642 N LAFAYETTE ST 1 UNIT, DENVER, CO","2024-01-18","2024","townhome_or_attached","NEW BUILDING","1","238087","Redt Construction Llc","2023-RESCON-0001324","0235416047000","39.74237101729722","-104.97073912950144"
"City Park West","1652 N LAFAYETTE ST 1 UNIT, DENVER, CO","2024-01-18","2024","townhome_or_attached","NEW BUILDING","1","235102","Redt Construction Llc","2023-RESCON-0002927","0235416047000","39.742399582282516","-104.97037619232174"
"City Park West","1652 N LAFAYETTE ST 6 UNIT, DENVER, CO","2024-01-18","2024","townhome_or_attached","NEW BUILDING","1","228214","Redt Construction Llc","2023-RESCON-0002932","0235416047000","39.742558850104004","-104.9703856578248"
"City Park West","1652 N LAFAYETTE ST 4 UNIT, DENVER, CO","2024-01-18","2024","townhome_or_attached","NEW BUILDING","1","226004","Redt Construction Llc","2023-RESCON-0002930","0235416047000","39.74248742769566","-104.97037552892543"
"City Park West","1652 N LAFAYETTE ST 5 UNIT, DENVER, CO","2024-01-18","2024","townhome_or_attached","NEW BUILDING","1","225993","Redt Construction Llc","2023-RESCON-0002931","0235416047000","39.74254782141554","-104.9703750728395"
"City Park West","1652 N LAFAYETTE ST 3 UNIT, DENVER, CO","2024-01-18","2024","townhome_or_attached","NEW BUILDING","1","225993","Redt Construction Llc","2023-RESCON-0002929","0235416047000","39.74247370185003","-104.97037563258121"
"City Park West","1652 N LAFAYETTE ST 2 UNIT, DENVER, CO","2024-01-18","2024","townhome_or_attached","NEW BUILDING","1","225993","Redt Construction Llc","2023-RESCON-0002928","0235416047000","39.74241330812847","-104.97037608866617"
"City Park West","1642 N LAFAYETTE ST 8 UNIT, DENVER, CO","2024-01-18","2024","townhome_or_attached","NEW BUILDING","1","221179","Redt Construction Llc","2023-RESCON-0002926","0235416047000","39.74262358885412","-104.97074077951372"
"City Park West","1642 N LAFAYETTE ST 5 UNIT, DENVER, CO","2024-01-18","2024","townhome_or_attached","NEW BUILDING","1","217148","Redt Construction Llc","2023-RESCON-0002923","0235416047000","39.74251376609697","-104.97073805222075"
"City Park West","1642 N LAFAYETTE ST 4 UNIT, DENVER, CO","2024-01-18","2024","townhome_or_attached","NEW BUILDING","1","217143","Redt Construction Llc","2023-RESCON-0002921","0235416047000","39.742478078897705","-104.97073832154133"
"City Park West","1642 N LAFAYETTE ST 7 UNIT, DENVER, CO","2024-01-18","2024","townhome_or_attached","NEW BUILDING","1","217143","Redt Construction Llc","2023-RESCON-0002925","0235416047000","39.742585156487245","-104.97074106955021"
"City Park West","1642 N LAFAYETTE ST 6 UNIT, DENVER, CO","2024-01-18","2024","townhome_or_attached","NEW BUILDING","1","217143","Redt Construction Llc","2023-RESCON-0002924","0235416047000","39.742549453295716","-104.97073778289989"
"City Park West","1642 N LAFAYETTE ST 3 UNIT, DENVER, CO","2024-01-18","2024","townhome_or_attached","NEW BUILDING","1","217130","Redt Construction Llc","2023-RESCON-0002920","0235416047000","39.742442391698","-104.97073859086164"
"City Park West","1642 N LAFAYETTE ST 2 UNIT, DENVER, CO","2024-01-18","2024","townhome_or_attached","NEW BUILDING","1","217079","Redt Construction Llc","2023-RESCON-0002918","0235416047000","39.742406704497874","-104.97073886018167"
"City Park West","1652 N LAFAYETTE ST 7 UNIT, DENVER, CO","2024-01-18","2024","townhome_or_attached","NEW BUILDING","1","211141","Redt Construction Llc","2023-RESCON-0002933","0235416047000","39.74262200500046","-104.97038873815619"
"Sunnyside","2315 W 46th AVE SFD, DENVER, CO","2026-08-14","2026","single_family_or_duplex","New Building","1","350000","Xyz Construction Llc","2022-RESCON-0004919","0221218022000","39.78032577454878","-105.01511622858189"
"Sunnyside","4318 N Clay ST, DENVER, CO","2026-05-21","2026","single_family_or_duplex","New Building","1","200000","Mile High Construction Company Llc","2026-RESCON-0000011","0220403005000","39.775723253278485","-105.02010403868002"
"Sunnyside","3900 N Clay ST SFR, DENVER, CO","2026-04-13","2026","single_family_or_duplex","New Building","1","400000","Novum Llc","2025-RESCON-0003899","0220426043000","39.771019518488444","-105.01981961916347"
"Sunnyside","2721 W 41st AVE SFR, DENVER, CO","2026-01-21","2026","single_family_or_duplex","New Building","1","625000","Tk Morrison Construction Llc","2025-RESCON-0002278","0220416023000","39.77310879844591","-105.02120701623929"
"Sunnyside","4377 N Tejon St 103 Unit, DENVER, CO","2025-11-07","2025","townhome_or_attached","New Building","1","225000","Titan Industries Construction Co. Llc","2025-RESCON-0001971","0221305014000","39.77630777648923","-105.01137631083624"
"Sunnyside","4377 N Tejon St 104 Unit, DENVER, CO","2025-11-07","2025","townhome_or_attached","New Building","1","215000","Titan Industries Construction Co. Llc","2025-RESCON-0001972","0221305014000","39.77636543922268","-105.01137946668429"
"Sunnyside","4377 N Tejon St 105 Unit, DENVER, CO","2025-11-04","2025","townhome_or_attached","New Building","1","235000","Titan Industries Construction Co. Llc","2025-RESCON-0001973","0221305014000","39.77642032728346","-105.01137552627924"
"Sunnyside","4377 N Tejon ST 101 BLDG, DENVER, CO","2025-11-04","2025","townhome_or_attached","New Building","1","235000","Titan Industries Construction Co. Llc","2025-RESCON-0001215","0221305014000","39.77615677804318","-105.01137380560967"
"Sunnyside","4377 N Tejon St 102 Unit, DENVER, CO","2025-11-04","2025","townhome_or_attached","New Building","1","225000","Titan Industries Construction Co. Llc","2025-RESCON-0001970","0221305014000","39.77625012851957","-105.01137671268154"
"Sunnyside","4427 N Zuni ST SFR, DENVER, CO","2025-10-14","2025","single_family_or_duplex","New Building","1","452323","1111 Pappasarc Eudora Llc","2025-RESCON-0000948","0220128011000","39.77711527795657","-105.01612751595053"
"Sunnyside","4228 N Clay St, DENVER, CO","2025-08-18","2025","single_family_or_duplex","New Building","1","533244","Mag Builders Inc","2024-RESCON-0004206","0220410022000","39.774829073999896","-105.02029160382284"
"Sunnyside","4226 N Clay St, DENVER, CO","2025-08-18","2025","single_family_or_duplex","New Building","1","533244","Mag Builders Inc","2024-RESCON-0004207","0220410021000","39.77472747466525","-105.02028518367739"
"Sunnyside","4295 N Zuni ST 1/2 Duplex, DENVER, CO","2025-07-22","2025","single_family_or_duplex","New Building","1","383780","Five J Construction Llc","2024-RESCON-0000114","0220412017000","39.77507275683402","-105.01610959544645"
"Sunnyside","4299 N Zuni 1/2 Duplex, DENVER, CO","2025-07-11","2025","single_family_or_duplex","New Building","1","383780","Five J Construction Llc","2024-RESCON-0000113","0220412017000","39.77522099457515","-105.01610857215464"
"Sunnyside","2832 W 44th AVE 101 BLDG, DENVER, CO","2025-07-10","2025","townhome_or_attached","New Building","1","220000","Redt Construction Llc","2023-RESCON-0002716","0220405022000","39.77650581784878","-105.0228488678183"
"Sunnyside","2832 W 44th AVE 102 BLDG, DENVER, CO","2025-07-10","2025","townhome_or_attached","New Building","1","220000","Redt Construction Llc","2023-RESCON-0003639","0220405022000","39.77650581784878","-105.0228488678183"
"Sunnyside","2832 W 44th AVE 103 BLDG, DENVER, CO","2025-07-10","2025","townhome_or_attached","New Building","1","220000","Redt Construction Llc","2023-RESCON-0003640","0220405022000","39.77650581784878","-105.0228488678183"
"Sunnyside","2832 W 44th AVE 104 BLDG, DENVER, CO","2025-07-10","2025","townhome_or_attached","New Building","1","220000","Redt Construction Llc","2023-RESCON-0003643","0220405022000","39.77650581784878","-105.0228488678183"
"Sunnyside","4340 N Umatilla ST, DENVER, CO","2025-07-07","2025","single_family_or_duplex","New Building","1","325000","Bill'S Noreside Construction Inc","2025-RESCON-0000277","0221305030000","39.77604201217905","-105.01216443519128"
"Sunnyside","3914 N Zuni SFR, DENVER, CO","2025-04-15","2025","single_family_or_duplex","New Building","0","400000","Bill'S Noreside Construction Inc","2023-RESCON-0003470","0221338007000","39.77086820474196","-105.01571883083224"
"Sunnyside","3924 N Clay ST SFR, DENVER, CO","2025-03-17","2025","single_family_or_duplex","New Building","1","237053","Darlington Renovation & Repair","2025-RESCON-0000115","0220426039000","39.771064804325185","-105.0201537164217"
"Sunnyside","4140 N Decatur ST SFR, DENVER, CO","2025-02-26","2025","single_family_or_duplex","New Building","0","275000","Revo Renovations Llc","2023-RESCON-0003281","0220416003000","39.77371263219625","-105.02185394492416"
"Sunnyside","3939 N Lipan ST 1/2 Duplex, DENVER, CO","2024-10-18","2024","single_family_or_duplex","New Building","1","389719","Mag Builders Inc","2023-RESCON-0001973","0221437012000","39.77127486240528","-105.00198745020381"
"Sunnyside","3935 N Lipan 1/2 Duplex, DENVER, CO","2024-10-18","2024","single_family_or_duplex","New Building","1","389719","Mag Builders Inc","2023-RESCON-0001975","0221437012000","39.77124199590712","-105.00200547138503"
"Sunnyside","1736 W 40th AVE, DENVER, CO","2024-08-22","2024","single_family_or_duplex","New Building","1","575000","L & D Enterprises Llc","2024-RESCON-0000238","0221332003000","39.771574619156766","-105.00733233664329"
"Sunnyside","1736 W 40th AVE 1/2, DENVER, CO","2024-08-22","2024","single_family_or_duplex","New Building","1","290000","L & D Enterprises Llc","2024-RESCON-0001508","0221332003000","39.771574619156766","-105.00733233664329"
"Sunnyside","4131 N Osage ST TANDEM, DENVER, CO","2024-08-21","2024","single_family_or_duplex","New Building","1","515000","Davis Investments, Llc","2024-RESCON-0001220","0221424047000","39.77359621662243","-105.00563179556401"
"Sunnyside","3875 N Quivas ST, DENVER, CO","2024-08-16","2024","single_family_or_duplex","New Building","0","543886","Home Owner","2024-RESCON-0001266","0221344044000","39.77018092162331","-105.00819948712376"
"Sunnyside","4215 N Vallejo ST 1/2 DUPLEX, DENVER, CO","2024-07-25","2024","single_family_or_duplex","New Building","1","350000","J&M Development","2022-RESCON-0005494","0221310007000","39.774456273000204","-105.0137337455402"
"Sunnyside","4243 N Zuni ST, DENVER, CO","2024-06-27","2024","single_family_or_duplex","New Building","1","380000","Hinz Robert","2023-RESCON-0003790","0220412015000","39.774888905326634","-105.01612865318047"
"Sunnyside","4032 N Osage St, DENVER, CO","2024-06-25","2024","single_family_or_duplex","New Building","1","309000","J&M Development","2023-RESCON-0001726","0221426026000","39.77243053933826","-105.00522733477307"
"Sunnyside","4034 N Osage St, DENVER, CO","2024-06-25","2024","single_family_or_duplex","New Building","1","280357","J&M Development","2023-RESCON-0001725","0221426026000","39.77249096241605","-105.00523402350953"
"Sunnyside","4030 N Osage ST, DENVER, CO","2024-06-25","2024","single_family_or_duplex","New Building","1","280357","J&M Development","2023-RESCON-0000001","0221426026000","39.772378366643146","-105.00522414541199"
"Sunnyside","4101 N Quivas ST, DENVER, CO","2024-05-22","2024","single_family_or_duplex","New Building","0","450515","Nadolny Homes Llc","2023-RESCON-0005181","0221318046000","39.773056205204135","-105.00778797466745"
"Sunnyside","4121 N Quivas 1/2 DUPLEX, DENVER, CO","2024-04-25","2024","single_family_or_duplex","New Building","1","353051","Nadolny Homes Llc","2022-RESCON-0005322","0221318015000","39.773393932282545","-105.00780339152627"
"Sunnyside","4123 N Quivas ST 1/2 DUPLEX, DENVER, CO","2024-04-25","2024","single_family_or_duplex","New Building","1","353051","Nadolny Homes Llc","2022-RESCON-0005323","0221318015000","39.77341316316224","-105.00780681414724"
"Sunnyside","4470 N Shoshone ST, DENVER, CO","2024-02-26","2024","single_family_or_duplex","New Building","1","1030000","Ascent Contracting Inc","2023-RESCON-0001803","0221230007000","39.77779309762537","-105.01009223729753"
"Sunnyside","4647 N BRYANT ST, DENVER, CO","2024-02-05","2024","single_family_or_duplex","NEW BUILDING","1","395000","Denver Builders Inc","2023-RESCON-0002101","0220113019000","39.78109663893177","-105.01967230594447"
"Sunnyside","4211 N VALLEJO ST 1/2 DUPLEX, DENVER, CO","2024-01-03","2024","single_family_or_duplex","NEW BUILDING","1","350000","J&M Development","2022-RESCON-0005493","0221310007000","39.77439586424386","-105.0137306068906"
"University","1695 S Marion ST, DENVER, CO","2026-08-25","2026","single_family_or_duplex","New Building","1","475000","Anderson Construction Llc","2025-RESCON-0002819","0523311014000","39.685902910569936","-104.97254713357812"
"University","2844 S Williams ST, DENVER, CO","2026-06-09","2026","single_family_or_duplex","New Building","0","966104","J&R Development Llc","2026-RESCON-0000765","0535107004000","39.66536647822072","-104.96616893840041"
"University","2688 S HUMBOLDT ST DUPLEX, DENVER, CO","2026-05-11","2026","single_family_or_duplex","New Building","1","500000","Revo Renovations Llc","2025-RESCON-0003610","0526522021000","39.66784812585671","-104.96977698177791"
"University","2690 S Humboldt ST, DENVER, CO","2026-05-11","2026","single_family_or_duplex","New Building","1","500000","Revo Renovations Llc","2025-RESCON-0003615","0526522021000","39.66782892518444","-104.96978067909043"
"University","2417 S Lafayette ST 2417, DENVER, CO","2026-03-24","2026","single_family_or_duplex","New Building","1","488000","Homebound Technologies, Inc.","2025-RESCON-0001870","0526508018000","39.67269504966839","-104.97130705334965"
"University","2417 S Lafayette ST 2419, DENVER, CO","2026-03-24","2026","single_family_or_duplex","New Building","1","488000","Homebound Technologies, Inc.","2025-RESCON-0001871","0526508018000","39.67269504966839","-104.97130705334965"
"University","2409 S LAFAYETTE ST, DENVER, CO","2026-03-20","2026","single_family_or_duplex","New Building","1","582000","Homebound Technologies, Inc.","2025-RESCON-0002049","0526508019000","39.672851735904075","-104.9713520566338"
"University","2411 S LAFAYETTE ST, DENVER, CO","2026-03-20","2026","single_family_or_duplex","New Building","1","582000","Homebound Technologies, Inc.","2025-RESCON-0002050","0526508019000","39.672796831150535","-104.9713524700817"
"University","2139 S High 1/2 DUP, DENVER, CO","2025-12-18","2025","single_family_or_duplex","New Building","1","293000","Dovetail Joint Construction Co","2024-RESCON-0002541","0526218020000","39.67770347357477","-104.96544271932753"
"University","2137 S High 1/2 DUP, DENVER, CO","2025-12-16","2025","single_family_or_duplex","New Building","1","293000","Dovetail Joint Construction Co","2024-RESCON-0002540","0526218020000","39.67771445450264","-104.96544263570779"
"University","1941 S High ST, DENVER, CO","2025-10-30","2025","single_family_or_duplex","New Building","1","433225","Columbine Home Builders","2024-RESCON-0001809","0526202021000","39.681247621530986","-104.96542638822943"
"University","1945 S High ST, DENVER, CO","2025-10-30","2025","single_family_or_duplex","New Building","1","433225","Columbine Home Builders","2024-RESCON-0001811","0526202021000","39.68122015309086","-104.96542304443408"
"University","1976 S Franklin ST SFR, DENVER, CO","2025-08-04","2025","single_family_or_duplex","New Building","0","650000","Five J Construction Llc","2023-RESCON-0004338","0526204009000","39.68071761291475","-104.96841846870969"
"University","2452 S Marion, DENVER, CO","2025-08-01","2025","single_family_or_duplex","New Building","1","500000","Dovetail Joint Construction Co","2024-RESCON-0003411","0526508007000","39.672127535510036","-104.97208933206879"
"University","2450 S Marion ST, DENVER, CO","2025-08-01","2025","single_family_or_duplex","New Building","1","500000","Dovetail Joint Construction Co","2024-RESCON-0003410","0526508007000","39.67217142741405","-104.97208189579895"
"University","2175 S Humboldt ST SFR, DENVER, CO","2025-08-01","2025","single_family_or_duplex","New Building","1","447053","Northstar Capital Holdings Group Inc","2025-RESCON-0001401","0526222012000","39.676999864416864","-104.97011642691504"
"University","1711 S Marion St, DENVER, CO","2025-05-22","2025","single_family_or_duplex","New Building","0","800400","Home Owner","2025-RESCON-0000219","0523318024000","39.685436189441866","-104.97254353442584"
"University","2072 S Franklin SFD, DENVER, CO","2025-04-11","2025","single_family_or_duplex","New Building","1","370768","Hauraki Construction Llc","2024-RESCON-0003159","0526213031000","39.678947481757575","-104.96855267216769"
"University","1781 S Marion ST SFR, DENVER, CO","2025-01-22","2025","single_family_or_duplex","New Building","1","1075000","Caliber Construction Llc","2024-RESCON-0002692","0523318016000","39.68433255883446","-104.97254116831293"
"University","2850 S Williams ST SFR, DENVER, CO","2024-11-18","2024","single_family_or_duplex","New Building","1","472494","Dokken Built Llc.","2024-RESCON-0001498","0535107005000","39.66522684088304","-104.96625170012675"
"University","2403 S Franklin 1/2 DUPLEX, DENVER, CO","2024-11-08","2024","single_family_or_duplex","New Building","1","267000","Dovetail Joint Construction Co","2024-RESCON-0001833","0526510020000","39.672975509926594","-104.9689673479834"
"University","2405 S Franklin ST, DENVER, CO","2024-11-08","2024","single_family_or_duplex","New Building","1","267000","Dovetail Joint Construction Co","2024-RESCON-0001834","0526510020000","39.672931586132414","-104.96896768023437"
"University","2347 S High, DENVER, CO","2024-06-09","2024","single_family_or_duplex","New Building","1","363240","Denver Construction Management, Llc","2022-RESCON-0005602","0526606070000","39.673942366870875","-104.96544293766136"
"University","2343 S High 1/2 DUPLEX, DENVER, CO","2024-06-09","2024","single_family_or_duplex","New Building","1","363240","Denver Construction Management, Llc","2022-RESCON-0005329","0526606069000","39.67398352925029","-104.96543907160878"
"University","2351 S High 1/2 DUPLEX, DENVER, CO","2024-06-09","2024","single_family_or_duplex","New Building","1","363240","Denver Construction Management, Llc","2022-RESCON-0005609","0526606071000","39.67384626747064","-104.96544011680517"
"University","2345 S High ST 1/2 DUPLEX, DENVER, CO","2024-06-09","2024","single_family_or_duplex","New Building","1","359460","Denver Construction Management, Llc","2022-RESCON-0005601","0526606070000","39.67394013849835","-104.96555663834472"
"University","2349 S High ST 1/2 DUPLEX, DENVER, CO","2024-06-09","2024","single_family_or_duplex","New Building","1","359460","Denver Construction Management, Llc","2022-RESCON-0005607","0526606071000","39.67384954572243","-104.96555732802265"
"University","2341 S High 1/2 DUPLEX, DENVER, CO","2024-06-09","2024","single_family_or_duplex","New Building","1","359460","Denver Construction Management, Llc","2022-RESCON-0005328","0526606069000","39.673989552738554","-104.965556262156"
"University","2363 S High, DENVER, CO","2024-05-29","2024","single_family_or_duplex","New Building","1","363240","Denver Construction Management, Llc","2022-RESCON-0005723","0526606074000","39.67366782624664","-104.96544147556122"
"University","2355 S High, DENVER, CO","2024-05-29","2024","single_family_or_duplex","New Building","1","363240","Denver Construction Management, Llc","2022-RESCON-0005735","0526606072000","39.67380510508918","-104.96544398284958"
"University","2359 S High ST, DENVER, CO","2024-05-29","2024","single_family_or_duplex","New Building","1","363240","Denver Construction Management, Llc","2022-RESCON-0005718","0526606073000","39.67370900478377","-104.96544116200432"
"University","2353 S High ST 1/2 DUPLEX, DENVER, CO","2024-05-29","2024","single_family_or_duplex","New Building","1","359460","Denver Construction Management, Llc","2022-RESCON-0005733","0526606072000","39.673805605801","-104.96555410992498"
"University","2357 S High ST 1/2 DUPLEX, DENVER, CO","2024-05-29","2024","single_family_or_duplex","New Building","1","359460","Denver Construction Management, Llc","2022-RESCON-0005717","0526606073000","39.67371775735604","-104.96555477871233"
"University","2361 S High ST 1/2 DUPLEX, DENVER, CO","2024-05-07","2024","single_family_or_duplex","New Building","1","359460","Denver Construction Management, Llc","2022-RESCON-0005722","0526606074000","39.67366559787531","-104.96555517579998"
"University","2710 S Gilpin ST SFR, DENVER, CO","2024-03-27","2024","single_family_or_duplex","New Building","0","617040","Abeyta Home & Plans Inc","2023-RESCON-0002843","0535201002000","39.66734280355016","-104.96730840538976"
"University","1879 S Franklin ST SFR, DENVER, CO","2024-03-01","2024","single_family_or_duplex","New Building","1","1150000","Rock Springs Development Llc","2022-RESCON-0004894","0523328014000","39.68241712190181","-104.96905935945097"
"Cherry Creek","496 N University Blvd, DENVER, CO","2026-09-17","2026","single_family_or_duplex","New Building","1","237500","Ah Twins Construction Llc","2025-RESCON-0001365","0512208021000","39.72395000092827","-104.95922430884144"
"Cherry Creek","476 N University BLVD, DENVER, CO","2026-09-17","2026","single_family_or_duplex","New Building","1","237500","Ah Twins Construction Llc","2025-RESCON-0000480","0512208021000","39.72383195793939","-104.9592252188083"
"Cherry Creek","486 N University Blvd, DENVER, CO","2026-09-17","2026","single_family_or_duplex","New Building","1","218500","Ah Twins Construction Llc","2025-RESCON-0001364","0512208021000","39.72389785874019","-104.95922826594175"
"Cherry Creek","433 Madison SFD, DENVER, CO","2026-09-16","2026","single_family_or_duplex","New Building","1","2100000","Wells Construction Llc","2026-RESCON-0001354","0512106037000","39.72326161049624","-104.94638495293196"
"Cherry Creek","362 N Adams DUPLEX, DENVER, CO","2025-05-19","2025","single_family_or_duplex","New Building","1","411033","Dublin Homes Llc","2024-RESCON-0000979","0512110017000","39.722070579981164","-104.94822876534559"
"Cherry Creek","364 N Adams ST DUPLEX, DENVER, CO","2025-05-19","2025","single_family_or_duplex","New Building","1","402901","Dublin Homes Llc","2024-RESCON-0000981","0512110017000","39.722109596089496","-104.9483528855519"
"Cherry Creek","203 N Garfield St, DENVER, CO","2025-03-24","2025","single_family_or_duplex","New Building","1","488725","Henry Development Llc","2023-RESCON-0000558","0512120049000","39.719634675669205","-104.9439713294044"
"Cherry Creek","201 N Garfield ST, DENVER, CO","2025-01-27","2025","single_family_or_duplex","New Building","1","488725","Henry Development Llc","2023-RESCON-0000556","0512120057000","39.719557775920215","-104.94396482902775"
"Cherry Creek","35 S Jackson ST 1/2 Duplex, DENVER, CO","2024-12-16","2024","single_family_or_duplex","New Building","1","325000","Denver Luxury Builders Llc","2024-RESCON-0001410","0512514014000","39.71551916392026","-104.94274557030869"
"Cherry Creek","37 S Jackson 1/2 Duplex, DENVER, CO","2024-12-16","2024","single_family_or_duplex","New Building","1","325000","Denver Luxury Builders Llc","2024-RESCON-0001412","0512514014000","39.715486221627096","-104.94274583196"
"Cherry Creek","237 N Madison St 1/2 DUPLEX, DENVER, CO","2024-11-14","2024","single_family_or_duplex","New Building","1","476695","Denver Luxury Builders Llc","2022-RESCON-0004507","0512122019000","39.72015684943762","-104.94642011868108"
"Cherry Creek","235 N Madison ST 1/2 DUPLEX, DENVER, CO","2024-11-14","2024","single_family_or_duplex","New Building","1","476695","Denver Luxury Builders Llc","2022-RESCON-0004506","0512122019000","39.720083347353714","-104.94655223209286"
"Cherry Creek","363 N Fillmore ST, DENVER, CO","2024-11-08","2024","single_family_or_duplex","New Building","1","979975","Wild & Mild Homes Llc","2024-RESCON-0002980","0512213017000","39.722170035403124","-104.95365657425081"
"Cherry Creek","25 S Jackson ST 1/2 Duplex, DENVER, CO","2024-10-18","2024","single_family_or_duplex","New Building","1","442501","Denver Luxury Builders Llc","2024-RESCON-0001355","0512514015000","39.715656491728204","-104.94275869848522"
"Cherry Creek","27 S Jackson 1/2 Duplex, DENVER, CO","2024-10-18","2024","single_family_or_duplex","New Building","1","439333","Denver Luxury Builders Llc","2024-RESCON-0001357","0512514015000","39.71562632830522","-104.94276604752413"
"Cherry Creek","21 S Jackson 1/2 Duplex, DENVER, CO","2024-10-18","2024","single_family_or_duplex","New Building","1","400000","Denver Luxury Builders Llc","2024-RESCON-0002969","0512514016000","39.71575599207253","-104.94290009774994"
"Cherry Creek","19 S Jackson ST 1/2 Duplex, DENVER, CO","2024-10-18","2024","single_family_or_duplex","New Building","1","400000","Denver Luxury Builders Llc","2024-RESCON-0002968","0512514016000","39.715815847506946","-104.94278587072596"
"Cherry Creek","340 N Jackson 1/2 Duplex, DENVER, CO","2024-09-16","2024","single_family_or_duplex","New Building","0","406000","Ss Development , Ltd","2024-RESCON-0002063","0512115006000","39.72171316217111","-104.94229464794141"
"Cherry Creek","334 N Jackson ST 1/2 Duplex, DENVER, CO","2024-09-16","2024","single_family_or_duplex","New Building","1","406000","Ss Development , Ltd","2024-RESCON-0002062","0512115006000","39.7216829314315","-104.9422877781932"
"Cherry Creek","515 N Cook ST, DENVER, CO","2024-08-23","2024","single_family_or_duplex","New Building","1","640744","Jb Concrete Inc","2024-RESCON-0001116","0501529024000","39.724483477206135","-104.94759829438125"
"Cherry Creek","517 N Cook ST, DENVER, CO","2024-08-23","2024","single_family_or_duplex","New Building","1","639439","Jb Concrete Inc","2024-RESCON-0001117","0501529024000","39.72453565237682","-104.94760143870579"
"Cherry Creek","398 N Adams 1/2 DUPLEX, DENVER, CO","2024-07-30","2024","single_family_or_duplex","New Building","1","590134","Squibb Estates Inc","2022-RESCON-0005149","0512110001000","39.72240888888144","-104.94836475233528"
"Cherry Creek","407 N Madison, DENVER, CO","2024-07-11","2024","single_family_or_duplex","New Building","0","457455","Mag Builders Inc","2023-RESCON-0003331","0512106009000","39.722726331206005","-104.94639628736618"
"Cherry Creek","401 N Madison ST, DENVER, CO","2024-07-11","2024","single_family_or_duplex","New Building","0","457455","Mag Builders Inc","2023-RESCON-0003330","0512106009000","39.72269620109002","-104.94641074549685"
"Cherry Creek","417 N Madison 1/2 DUPLEX, DENVER, CO","2024-07-11","2024","single_family_or_duplex","New Building","1","370476","Mag Builders Inc","2023-RESCON-0003256","0512106035000","39.722855372509315","-104.94639882413044"
"Cherry Creek","411 N Madison ST 1/2 DUPLEX, DENVER, CO","2024-07-11","2024","single_family_or_duplex","New Building","1","369525","Mag Builders Inc","2023-RESCON-0003255","0512106035000","39.722825242394464","-104.94641328228668"
"Cherry Creek","404 N Madison 1/2 duplex, DENVER, CO","2024-04-14","2024","single_family_or_duplex","New Building","0","794108","Five J Construction Llc","2023-RESCON-0005003","0512105009000","39.722729712867896","-104.9459483180001"
"Cherry Creek","3330 E 4th, DENVER, CO","2024-04-10","2024","single_family_or_duplex","New Building","1","603605","Squibb Estates Inc","2022-RESCON-0005148","0512110001000","39.722413328861585","-104.94814074770652"
"Cherry Creek","535 N Josephine ST 1/2 Duplex, DENVER, CO","2024-04-09","2024","single_family_or_duplex","New Building","1","524956","Redt Construction Llc","2023-RESCON-0001992","0501634033000","39.72486622206495","-104.95847420852476"
"Cherry Creek","537 N Josephine 1/2 Duplex, DENVER, CO","2024-04-09","2024","single_family_or_duplex","New Building","1","512428","Redt Construction Llc","2023-RESCON-0001994","0501634033000","39.72488865805262","-104.9585771360665"
"Cherry Creek","400 N MADISON ST 1/2, DENVER, CO","2024-02-13","2024","single_family_or_duplex","NEW BUILDING","0","794108","Five J Construction Llc","2023-RESCON-0005002","0512105009000","39.72270775139161","-104.94594849144963"
"Cherry Creek","570 N COOK ST, DENVER, CO","2024-01-31","2024","single_family_or_duplex","NEW BUILDING","1","750000","Denver Construction Management, Llc","2022-RESCON-0004645","0501530023000","39.72542842943868","-104.94713578284238"
"Cherry Creek","568 N COOK ST, DENVER, CO","2024-01-31","2024","single_family_or_duplex","NEW BUILDING","1","750000","Denver Construction Management, Llc","2022-RESCON-0004644","0501530023000","39.72538721829412","-104.94712899718736"
"Cherry Creek","566 N COOK ST, DENVER, CO","2024-01-30","2024","single_family_or_duplex","NEW BUILDING","1","750000","Denver Construction Management, Llc","2022-RESCON-0002739","0501530023000","39.72536530695715","-104.94713983555295"
"Belcaro","909 S Josephine ST, DENVER, CO","2026-09-24","2026","single_family_or_duplex","New Building","0","300000","Turtle Creek Builders Inc","2026-RESCON-0002508","0513424026000","39.69994110513848","-104.95835735744656"
"Belcaro","3540 E Belcaro Ln, DENVER, CO","2026-04-20","2026","single_family_or_duplex","New Building","0","881808","Devex Construction Llc","2025-RESCON-0003848","0513509004000","39.702938947972555","-104.94597307759909"
"Belcaro","1005 S Fillmore, DENVER, CO","2026-03-27","2026","single_family_or_duplex","New Building","0","701000","Wells Construction Llc","2026-RESCON-0000315","0513431031000","39.69794844418939","-104.95252311513762"
"Belcaro","9 Polo Club DR 2 BLDG, DENVER, CO","2026-03-06","2026","townhome_or_attached","New Building","1","8100000","Diamond Homes Llc Dba Diamond Homes Inc","2025-RESCON-0001209","0513300223000","39.70634370451341","-104.95431649402528"
"Belcaro","3333 E Belcaro Dr, DENVER, CO","2026-02-26","2026","single_family_or_duplex","New Building","1","1276233","Larsen Development Company","2025-RESCON-0002729","0513505001000","39.70356516849499","-104.94837072330569"
"Belcaro","860 S Columbine ST, DENVER, CO","2026-02-23","2026","single_family_or_duplex","New Building","1","1651668","Caliber Construction Llc","2025-RESCON-0003290","0513410008000","39.70084714619991","-104.95659114047226"
"Belcaro","3113 E Ohm WAY, DENVER, CO","2026-02-13","2026","single_family_or_duplex","New Building","1","1032666","Saul Construction Inc","2025-RESCON-0002697","0513401006000","39.703177038668656","-104.95108200443315"
"Belcaro","2975 E Cedar Ave, DENVER, CO","2026-02-09","2026","single_family_or_duplex","New Building","1","1200000","Henry Development Llc","2025-RESCON-0002188","0512403030000","39.71314208063852","-104.95276001981084"
"Belcaro","1065 S Elizabeth ST SFR, DENVER, CO","2026-01-29","2026","single_family_or_duplex","New Building","1","685000","Tk Morrison Construction Llc","2025-RESCON-0002576","0513427017000","39.697264658209164","-104.95602894899416"
"Belcaro","1061 S Garfield ST, DENVER, CO","2026-01-19","2026","single_family_or_duplex","New Building","1","885000","Faulkner Grey Homes Llc","2025-RESCON-0002722","0513523017000","39.69727360573182","-104.94443635791632"
"Belcaro","865 S Milwaukee St, DENVER, CO","2026-01-09","2026","single_family_or_duplex","New Building","1","1075000","Larraz Building Excellence Inc","2025-RESCON-0002560","0513411019000","39.70199888528281","-104.95394156596856"
"Belcaro","845 S Medea Shoring, DENVER, CO","2025-12-03","2025","single_family_or_duplex","New Building","1","740000","Baronger Colorado","2025-RESCON-0001329","0513412021000","39.70146726286419","-104.95296834704766"
"Belcaro","970 S Clayton WAY SFR, DENVER, CO","2025-10-02","2025","single_family_or_duplex","New Building","0","499103","Denver Design Build Llc","2023-RESCON-0004492","0513418010000","39.69904348770074","-104.95245060216338"
"Belcaro","1060 S Monroe ST, DENVER, CO","2025-10-01","2025","single_family_or_duplex","New Building","1","665000","Apex Homes Llc","2025-RESCON-0000111","0513523008000","39.697241307073526","-104.94515448364477"
"Belcaro","2740 E Cedar AVE SFR, DENVER, CO","2025-08-01","2025","single_family_or_duplex","New Building","1","1500000","700 Builders Llc","2025-RESCON-0001092","0512412021000","39.7127429482751","-104.95489588769715"
"Belcaro","1075 S Cook ST, DENVER, CO","2025-07-02","2025","single_family_or_duplex","New Building","1","460000","Denver Design Build Llc","2025-RESCON-0001590","0513520013000","39.69696886633876","-104.94793214939266"
"Belcaro","3131 E Ohio WAY, DENVER, CO","2025-05-28","2025","single_family_or_duplex","New Building","1","647732","Westport Development Llc","2022-RESCON-0001499","0513413021000","39.70213953877088","-104.95054279571332"
"Belcaro","711 S Columbine ST SFR, DENVER, CO","2025-04-24","2025","single_family_or_duplex","New Building","0","608000","Shelbourn Enterprises","2024-RESCON-0001402","0513406017000","39.70355946075114","-104.95717433743492"
"Belcaro","1060 S Garfield ST, DENVER, CO","2025-03-19","2025","single_family_or_duplex","New Building","1","771728","Denver Design Build Llc","2024-RESCON-0001456","0513524008000","39.69724405425845","-104.9439923667616"
"Belcaro","2665 E Cedar Ave, DENVER, CO","2025-02-26","2025","single_family_or_duplex","New Building","1","1275000","5280 Construction & Development Llc","2024-RESCON-0001142","0512406023000","39.713119175906265","-104.9567022606733"
"Belcaro","1035 S Monroe ST, DENVER, CO","2025-02-19","2025","single_family_or_duplex","New Building","1","820000","Vintage Denver Homes Llc","2024-RESCON-0003708","0513522020000","39.69768585072117","-104.94569470500463"
"Belcaro","832 S Milwaukee ST SFD, DENVER, CO","2025-01-23","2025","single_family_or_duplex","New Building","1","900000","D G L Const-Serv Inc","2022-RESCON-0006106","0513412005000","39.701981063670296","-104.95306030077309"
"Belcaro","1044 S Cook ST SFR, DENVER, CO","2024-12-26","2024","single_family_or_duplex","New Building","1","630000","Baronger Colorado","2024-RESCON-0001817","0513521006000","39.69755147737091","-104.94747623157848"
"Belcaro","2671 E Cedar AVE, DENVER, CO","2024-10-30","2024","single_family_or_duplex","New Building","1","1275000","5280 Construction & Development Llc","2024-RESCON-0001271","0512406024000","39.71309039376398","-104.95641455974136"
"Belcaro","24 Polo Field LN, DENVER, CO","2024-09-25","2024","single_family_or_duplex","New Building","0","1260153","Old Greenwich Inc","2024-RESCON-0002244","0513301024000","39.708523772007716","-104.95319768384134"
"Belcaro","2655 E Cedar AVE, DENVER, CO","2024-09-23","2024","single_family_or_duplex","New Building","0","1275000","5280 Construction & Development Llc","2024-RESCON-0001145","0512406017000","39.71309509293279","-104.95683752198634"
"Belcaro","801 S Medea WAY, DENVER, CO","2024-08-27","2024","single_family_or_duplex","New Building","1","725109","Redeux Developments Llc","2024-RESCON-0001359","0513412027000","39.70199209146707","-104.95189093356412"
"Belcaro","2620 E Cedar AVE SFD, DENVER, CO","2024-08-14","2024","single_family_or_duplex","New Building","1","908921","Neyer Construction Inc","2022-RESCON-0005121","0512411025000","39.71276151133222","-104.95653440905033"
"Belcaro","792 S Clayton ST SFR, DENVER, CO","2024-06-25","2024","single_family_or_duplex","New Building","0","800000","J&M Development","2023-RESCON-0003115","0513403008000","39.70270128970512","-104.95444788802023"
"Belcaro","949 S Clayton WAY, DENVER, CO","2024-06-21","2024","single_family_or_duplex","New Building","1","465000","Lux Builders Llc","2023-RESCON-0003532","0513419014000","39.69958708957618","-104.95245702242337"
"Belcaro","9 Polo Club DR SFR, DENVER, CO","2024-06-13","2024","single_family_or_duplex","New Building","0","1750000","Diamond Homes Llc Dba Diamond Homes Inc","2024-RESCON-0000473","0513300179000","39.70632588078177","-104.95402518344808"
"Belcaro","735 S Elizabeth ST SFD, DENVER, CO","2024-05-20","2024","single_family_or_duplex","New Building","1","572766","Touchstone Development Llc","2024-RESCON-0000130","0513405019000","39.70299952489336","-104.95600937117425"
"Belcaro","1089 S ELIZABETH ST SFR, DENVER, CO","2024-01-12","2024","single_family_or_duplex","NEW BUILDING","1","912000","Holzhauer Builders Inc","2023-RESCON-0004139","0513427014000","39.69687205917246","-104.95602488457806"
"Platt Park","1626 S Emerson ST SFD, DENVER, CO","2026-09-04","2026","single_family_or_duplex","New Building","1","720061","Progressive Building Group Llc","2026-RESCON-0001455","0523308020000","39.68700006154758","-104.97662871644626"
"Platt Park","1764 S Sherman ST, DENVER, CO","2026-08-07","2026","single_family_or_duplex","New Building","1","370000","Structure Custom Builds","2025-RESCON-0004042","0522728009000","39.68457941849608","-104.98487588121264"
"Platt Park","1918 S Pennsylvania ST, DENVER, CO","2026-07-27","2026","single_family_or_duplex","New Building","1","420000","Progressive Building Group Llc","2025-RESCON-0004155","0527105004000","39.681695607926265","-104.98147549387869"
"Platt Park","1916 S Pennsylvania ST, DENVER, CO","2026-07-27","2026","single_family_or_duplex","New Building","1","420000","Progressive Building Group Llc","2025-RESCON-0004154","0527105004000","39.68175328911399","-104.98148217380154"
"Platt Park","1663 S Washington DUPLEX, DENVER, CO","2026-06-11","2026","single_family_or_duplex","New Building","1","416058","Progressive Building Group Llc","2025-RESCON-0003320","0522717015000","39.686427881882466","-104.9794613720506"
"Platt Park","1659 S Washington ST, DENVER, CO","2026-06-11","2026","single_family_or_duplex","New Building","1","416058","Progressive Building Group Llc","2025-RESCON-0003319","0522717015000","39.68649102298181","-104.9794609037809"
"Platt Park","1532 S Logan ST 1/2 Duplex, DENVER, CO","2026-04-29","2026","single_family_or_duplex","New Building","1","426911","Progressive Building Group Llc","2025-RESCON-0003099","0522706005000","39.688695314103036","-104.98252532531612"
"Platt Park","1536 S Logan ST, DENVER, CO","2026-04-29","2026","single_family_or_duplex","New Building","1","426911","Progressive Building Group Llc","2025-RESCON-0003100","0522706005000","39.68865139051231","-104.98252564915688"
"Platt Park","1974 S Logan St, DENVER, CO","2026-04-02","2026","single_family_or_duplex","New Building","1","520000","Home Owner","2026-RESCON-0000114","0527106041000","39.680808398873666","-104.98261544419104"
"Platt Park","1501 S Pennsylvania ST, DENVER, CO","2025-11-01","2025","single_family_or_duplex","New Building","1","475000","Denver Design Build Llc","2025-RESCON-0002109","0522706029000","39.688357627211694","-104.98189887229897"
"Platt Park","1501 S Pennsylvania ST, DENVER, CO","2025-11-01","2025","single_family_or_duplex","New Building","1","475000","Denver Design Build Llc","2025-RESCON-0002110","0522706029000","39.688357627211694","-104.98189887229897"
"Platt Park","1734 S Grant ST, DENVER, CO","2025-10-24","2025","single_family_or_duplex","New Building","1","607251","Hinz Robert","2024-RESCON-0002493","0522727035000","39.6850005201987","-104.98386724086828"
"Platt Park","1608 S Washington ST 1608, DENVER, CO","2025-09-22","2025","single_family_or_duplex","New Building","1","512311","Progressive Building Group Llc","2024-RESCON-0003623","0522718002000","39.68729656239615","-104.97910315401914"
"Platt Park","1612 S Washington ST 1612, DENVER, CO","2025-09-22","2025","single_family_or_duplex","New Building","1","512311","Progressive Building Group Llc","2024-RESCON-0003624","0522718002000","39.68727188685101","-104.9791104437226"
"Platt Park","1936 S Grant ST SFR, DENVER, CO","2025-08-29","2025","single_family_or_duplex","New Building","0","650000","Five J Construction Llc","2023-RESCON-0005175","0527107006000","39.681373908276306","-104.98385837719105"
"Platt Park","1811 S Pearl ST SFR, DENVER, CO","2025-06-25","2025","single_family_or_duplex","New Building","1","678169","Chalet Development Llc","2024-RESCON-0004139","0522736060000","39.683673903787486","-104.98060813214751"
"Platt Park","1918 S Emerson ST SFR, DENVER, CO","2025-06-13","2025","single_family_or_duplex","New Building","1","650000","Zell Llc","2024-RESCON-0002750","0526303022000","39.681723327975256","-104.97657923505209"
"Platt Park","1924 S Lincoln ST, DENVER, CO","2025-05-20","2025","single_family_or_duplex","New Building","1","250000","Zelenka Development Llc","2024-RESCON-0003684","0527109005000","39.68160080483032","-104.98614484508637"
"Platt Park","1479 S Pennsylvania, DENVER, CO","2025-05-16","2025","single_family_or_duplex","New Building","1","373754","Progressive Building Group Llc","2024-RESCON-0003177","0522129015000","39.68974908265896","-104.98180331769734"
"Platt Park","1473 S Pennsylvania ST 1/2 Duplex, DENVER, CO","2025-05-16","2025","single_family_or_duplex","New Building","1","373574","Progressive Building Group Llc","2024-RESCON-0003176","0522129015000","39.68979576711319","-104.98180652643019"
"Platt Park","1842 S Corona ST SFR, DENVER, CO","2025-05-01","2025","single_family_or_duplex","New Building","1","611094","Sage Construction Company Llc.","2024-RESCON-0002933","0523324006000","39.68311599774003","-104.97429487526277"
"Platt Park","1739 S Corona ST SFR, DENVER, CO","2025-04-17","2025","single_family_or_duplex","New Building","1","500000","Farm Ethics Real Estate Llc","2025-RESCON-0000058","0523320022000","39.68495202048794","-104.97477501602587"
"Platt Park","1847 S Clarkson ST, DENVER, CO","2025-04-02","2025","single_family_or_duplex","New Building","0","518352","Denver Luxury Builders Llc","2024-RESCON-0002640","0522738019000","39.68302149958751","-104.97834964775437"
"Platt Park","2001 S Emerson St SFR, DENVER, CO","2025-03-14","2025","single_family_or_duplex","New Building","1","726769","Klm Construction Inc","2024-RESCON-0003719","0527119017000","39.6801725120826","-104.97726230362801"
"Platt Park","1378 S Washington, DENVER, CO","2025-03-08","2025","single_family_or_duplex","New Building","1","355374","Zell Llc","2023-RESCON-0002181","0522117012000","39.69157088375899","-104.97907143047298"
"Platt Park","1374 S Washington, DENVER, CO","2025-03-08","2025","single_family_or_duplex","New Building","1","355374","Zell Llc","2023-RESCON-0002179","0522117012000","39.69162302721616","-104.97906748993775"
"Platt Park","1907 S Clarkson St, DENVER, CO","2024-09-24","2024","single_family_or_duplex","New Building","1","500000","Denver Luxury Builders Llc","2024-RESCON-0000863","0527103050000","39.681802425716825","-104.97831607125947"
"Platt Park","1968 S Washington ST, DENVER, CO","2024-05-15","2024","single_family_or_duplex","New Building","0","551371","Wells Construction Llc","2023-RESCON-0004269","0527103009000","39.68088088840231","-104.97913655125254"
"Platt Park","1535 S Pennsylvania ST SFD, DENVER, CO","2024-05-07","2024","single_family_or_duplex","New Building","1","690000","Henry Development Llc","2023-RESCON-0000639","0522706020000","39.68868925132595","-104.98177205560393"
"Platt Park","2056 S Ogden ST, DENVER, CO","2024-04-29","2024","single_family_or_duplex","New Building","1","925000","Henry Development Llc","2023-RESCON-0002695","0526305007000","39.6792501669366","-104.97543232845655"
"Platt Park","1608 S Emerson ST, DENVER, CO","2024-03-21","2024","single_family_or_duplex","New Building","0","563816","Denver Luxury Builders Llc","2023-RESCON-0003417","0523308022000","39.68729986035814","-104.97675440053689"
"Platt Park","1600 S Washington ST SFD, DENVER, CO","2024-03-07","2024","single_family_or_duplex","New Building","1","912000","Anderson Construction Llc","2022-RESCON-0005923","0522718001000","39.68744762937952","-104.97911979936664"
"Platt Park","1560 S WASHINGTON ST SFR, DENVER, CO","2024-01-05","2024","single_family_or_duplex","NEW BUILDING","0","380000","Sage Construction Company Llc.","2023-RESCON-0002942","0522703010000","39.68830890752335","-104.9789499527391"
"Cory - Merrill","1165 S Madison ST SFR, DENVER, CO","2026-09-03","2026","single_family_or_duplex","New Building","1","1074872","Chase Custom Homes Inc","2026-RESCON-0000141","0524106016000","39.69531897120622","-104.9467724040724"
"Cory - Merrill","1595 S Columbine ST SFR, DENVER, CO","2026-09-03","2026","single_family_or_duplex","New Building","1","559047","Lux Builders Llc","2025-RESCON-0001301","0524307012000","39.687647860769275","-104.9572298837227"
"Cory - Merrill","1665 S Saint Paul ST SFD, DENVER, CO","2026-07-15","2026","single_family_or_duplex","New Building","1","644999","Tk Morrison Construction Llc","2026-RESCON-0000589","0524315016000","39.686275838942144","-104.95145224892175"
"Cory - Merrill","1259 S Elizabeth ST SFD, DENVER, CO","2026-06-18","2026","single_family_or_duplex","New Building","1","756558","Modern Traditions Inc","2025-RESCON-0004091","0524211017000","39.69367100259265","-104.95602126694229"
"Cory - Merrill","1386 S Garfield ST SFR, DENVER, CO","2026-03-31","2026","single_family_or_duplex","New Building","1","696504","Fourth Street Group","2025-RESCON-0004150","0524113011000","39.691063829573665","-104.94388497265558"
"Cory - Merrill","1354 S Fillmore ST SFR, DENVER, CO","2026-02-17","2026","single_family_or_duplex","New Building","1","1024872","Chase Custom Homes Inc","2025-RESCON-0003952","0524219007000","39.691989301397285","-104.95331584470007"
"Cory - Merrill","1580 S Saint Paul ST SFR, DENVER, CO","2026-02-06","2026","single_family_or_duplex","New Building","1","700000","Sterling Steel, Llc","2025-RESCON-0002164","0524301011000","39.68780573536185","-104.951024553504"
"Cory - Merrill","1420 S Elizabeth St, DENVER, CO","2026-01-14","2026","single_family_or_duplex","New Building","1","800000","Ss Development , Ltd","2025-RESCON-0003636","0524228003000","39.690717504136664","-104.95552890462534"
"Cory - Merrill","1680 S Madison ST SFR, DENVER, CO","2026-01-09","2026","single_family_or_duplex","New Building","1","850000","Dougherty Land Builders","2025-RESCON-0001608","0524408010000","39.686141747574794","-104.94627266602222"
"Cory - Merrill","1516 S Clayton ST SFR, DENVER, CO","2025-08-14","2025","single_family_or_duplex","New Building","1","547583","Chase Custom Homes Inc","2023-RESCON-0002731","0524304003000","39.688914408746754","-104.95446977127321"
"Cory - Merrill","1460 S Monroe ST SFR, DENVER, CO","2025-07-17","2025","single_family_or_duplex","New Building","0","951996","Par 5 Luxury Homes","2024-RESCON-0002615","0524114019000","39.69013885680052","-104.94508981365334"
"Cory - Merrill","1215 S Harrison ST, DENVER, CO","2025-06-27","2025","single_family_or_duplex","New Building","1","652417","Prestige Home Remodeling And Construction Inc","2024-RESCON-0003713","0524111025000","39.69447339674526","-104.94212021148965"
"Cory - Merrill","1367 S Clayton ST, DENVER, CO","2025-06-16","2025","single_family_or_duplex","New Building","1","900000","Ds Homes Llc","2024-RESCON-0004226","0524221014000","39.691705697767","-104.95491003218679"
"Cory - Merrill","1109 S Clayton ST, DENVER, CO","2025-06-02","2025","single_family_or_duplex","New Building","1","850000","Modern Traditions Inc","2024-RESCON-0003415","0524205024000","39.696293076215476","-104.95489927760575"
"Cory - Merrill","1417 S Fillmore ST SFR, DENVER, CO","2025-04-28","2025","single_family_or_duplex","New Building","1","846650","Anderson Construction Llc","2024-RESCON-0002803","0524229021000","39.69073656771619","-104.95372003760788"
"Cory - Merrill","1525 S Milwaukee ST SFR, DENVER, CO","2025-04-15","2025","single_family_or_duplex","New Building","1","900000","Sterling Steel, Llc","2025-RESCON-0000078","0524303021000","39.688765782657306","-104.95261606304285"
"Cory - Merrill","1372 S ELIZABETH ST, DENVER, CO","2025-02-20","2025","single_family_or_duplex","New Building","0","697660","Chase Custom Homes Inc","2024-RESCON-0001908","0524221009000","39.69157991545867","-104.95561105199582"
"Cory - Merrill","1382 S Josephine ST 0, DENVER, CO","2024-11-04","2024","single_family_or_duplex","New Building","0","640000","Kgn Asset Management Inc","2024-RESCON-0002262","0524223012000","39.69211448076953","-104.95782076443757"
"Cory - Merrill","1400 S Garfield ST SFD, DENVER, CO","2024-10-27","2024","single_family_or_duplex","New Building","1","734368","Denver Builders Inc","2024-RESCON-0000797","0524113054000","39.69072116405485","-104.94399073961603"
"Cory - Merrill","1400 S Garfield ST SFD, DENVER, CO","2024-10-27","2024","single_family_or_duplex","New Building","1","734368","Five J Construction Llc","2025-RESCON-0000291","0524113054000","39.69072116405485","-104.94399073961603"
"Cory - Merrill","1290 S Saint Paul ST SFR, DENVER, CO","2024-08-28","2024","single_family_or_duplex","New Building","1","812000","D G L Const-Serv Inc","2024-RESCON-0001946","0524216012000","39.69310406496009","-104.95099376996477"
"Cory - Merrill","1544 S Fillmore ST, DENVER, CO","2024-08-18","2024","single_family_or_duplex","New Building","1","658159","Kent Construction Llc","2023-RESCON-0005007","0524303006000","39.688486363313665","-104.95333602231983"
"Cory - Merrill","1100 S Elizabeth ST SFR, DENVER, CO","2024-07-17","2024","single_family_or_duplex","New Building","1","556084","Modern Traditions Inc","2024-RESCON-0000304","0524205001000","39.696430373882244","-104.95549879726757"
"Cory - Merrill","1370 S Monroe ST, DENVER, CO","2024-06-19","2024","single_family_or_duplex","New Building","0","730000","Genre Homes Llc","2023-RESCON-0005107","0524114048000","39.6916347336895","-104.94502113016932"
"Cory - Merrill","1126 S Garfield ST SFR, DENVER, CO","2024-05-03","2024","single_family_or_duplex","New Building","1","441344","Denver Luxury Builders Llc","2023-RESCON-0002364","0524103004000","39.696005844306754","-104.94397730055113"
"Cory - Merrill","1127 S Monroe ST, DENVER, CO","2024-05-01","2024","single_family_or_duplex","New Building","1","607100","Henry Development Llc","2023-RESCON-0002611","0524105021000","39.69600845684691","-104.94569373884069"
"Cory - Merrill","1195 S Milwaukee ST, DENVER, CO","2024-04-08","2024","single_family_or_duplex","New Building","0","798000","Larsen Development Company","2023-RESCON-0003587","0524203013000","39.694920520031395","-104.95255739705213"
"Cory - Merrill","1600 S Columbine ST, DENVER, CO","2024-04-07","2024","single_family_or_duplex","New Building","1","800000","J&M Development","2023-RESCON-0002038","0524311001000","39.68738231772945","-104.9567984336143"
"Cory - Merrill","1327 S Columbine ST SFR, DENVER, CO","2024-04-03","2024","single_family_or_duplex","New Building","0","500148","Tk Morrison Construction Llc","2023-RESCON-0004783","0524223022000","39.69240265499122","-104.95720732602801"
"Cory - Merrill","1101 S MONROE ST, DENVER, CO","2024-02-14","2024","single_family_or_duplex","NEW BUILDING","1","500000","Grey Design Build","2023-RESCON-0002198","0524105024000","39.69642792213237","-104.94557315047919"
"Cory - Merrill","1665 S FILLMORE ST SFR, DENVER, CO","2024-01-30","2024","single_family_or_duplex","NEW BUILDING","0","637000","Lux Builders Llc","2022-RESCON-0004263","0524313017000","39.6862839612604","-104.95378667133173"
"Cory - Merrill","1149 S MADISON ST, DENVER, CO","2024-01-11","2024","single_family_or_duplex","NEW BUILDING","0","380000","Wiggs Custom Homes Llc","2023-RESCON-0004170","0524106018000","39.69559891590532","-104.94675598239273"
"Cory - Merrill","1154 S ADAMS ST, DENVER, CO","2024-01-08","2024","single_family_or_duplex","NEW BUILDING","1","575706","Weaver'S Construction Llc","2023-RESCON-0001797","0524107007000","39.6957526911803","-104.94851742096748"
"Harvey Park South","3135 W Bates Ave 3135, DENVER, CO","2026-03-19","2026","single_family_or_duplex","New Building","1","284000","Thb Loretto Mf Llc","2025-RESCON-0001632","0532225065000","39.663890941386015","-105.02811470849849"
"Harvey Park South","3129 W Bates Ave 3129, DENVER, CO","2026-03-19","2026","single_family_or_duplex","New Building","1","260000","Thb Loretto Mf Llc","2025-RESCON-0001628","0532225065000","39.66389314468364","-105.02797971294557"
"Harvey Park South","3131 W Bates Ave 3131, DENVER, CO","2026-03-19","2026","single_family_or_duplex","New Building","1","223000","Thb Loretto Mf Llc","2025-RESCON-0001631","0532225065000","39.663890713209355","-105.02805787536155"
"Harvey Park South","3125 W Bates AVE 3125, DENVER, CO","2026-03-17","2026","single_family_or_duplex","New Building","1","284000","Thb Loretto Mf Llc","2025-RESCON-0001486","0532225065000","39.663887482997126","-105.0279371258806"
"Harvey Park South","3121 W Bates Ave, DENVER, CO","2026-02-12","2026","single_family_or_duplex","New Building","1","282000","Thb Loretto Mf Llc","2025-RESCON-0001359","0532225051000","39.66388672678785","-105.02774886998735"
"Harvey Park South","3111 W Bates AVE, DENVER, CO","2026-02-12","2026","single_family_or_duplex","New Building","1","282000","Thb Loretto Mf Llc","2025-RESCON-0000364","0532225051000","39.66388880119046","-105.02758190761418"
"Harvey Park South","3119 W Bates Ave, DENVER, CO","2026-02-12","2026","single_family_or_duplex","New Building","1","254000","Thb Loretto Mf Llc","2025-RESCON-0001358","0532225051000","39.663889329328605","-105.02771333154183"
"Harvey Park South","3115 W Bates Ave, DENVER, CO","2026-02-12","2026","single_family_or_duplex","New Building","1","223000","Thb Loretto Mf Llc","2025-RESCON-0001357","0532225051000","39.66388904386679","-105.02764229158073"
"Harvey Park South","2876 S Machebeuf, DENVER, CO","2026-01-16","2026","single_family_or_duplex","New Building","1","294000","Thb Loretto Mf Llc","2025-RESCON-0001656","0532225076000","39.66409521649261","-105.02839395184088"
"Harvey Park South","2866 S Machebeuf, DENVER, CO","2026-01-16","2026","single_family_or_duplex","New Building","1","294000","Thb Loretto Mf Llc","2025-RESCON-0001654","0532225076000","39.664240715928415","-105.02839297453673"
"Harvey Park South","2856 S Machebeuf CT, DENVER, CO","2026-01-16","2026","single_family_or_duplex","New Building","1","294000","Thb Loretto Mf Llc","2025-RESCON-0001531","0532225076000","39.664356016649215","-105.02839220007121"
"Harvey Park South","2868 S Machebeuf, DENVER, CO","2026-01-16","2026","single_family_or_duplex","New Building","1","275000","Thb Loretto Mf Llc","2025-RESCON-0001655","0532225076000","39.66418306556631","-105.02839336176854"
"Harvey Park South","2858 S Machebeuf, DENVER, CO","2026-01-16","2026","single_family_or_duplex","New Building","1","275000","Thb Loretto Mf Llc","2025-RESCON-0001653","0532225076000","39.66427365899195","-105.02839275326113"
"Harvey Park South","3138 W Bonfils Pl, DENVER, CO","2025-04-15","2025","single_family_or_duplex","New Building","0","294000","Thb Loretto Mf Llc","2025-RESCON-0000984","0532225064000","39.66436241307315","-105.02793393273043"
"Harvey Park South","3134 W Bonfils Pl, DENVER, CO","2025-04-15","2025","single_family_or_duplex","New Building","0","294000","Thb Loretto Mf Llc","2025-RESCON-0000982","0532225064000","39.66421692881316","-105.02793846299612"
"Harvey Park South","3130 W Bonfils PL, DENVER, CO","2025-04-15","2025","single_family_or_duplex","New Building","0","294000","Thb Loretto Mf Llc","2025-RESCON-0000980","0532225064000","39.66412360349726","-105.02794264256259"
"Harvey Park South","3136 W Bonfils Pl, DENVER, CO","2025-04-15","2025","single_family_or_duplex","New Building","0","275000","Thb Loretto Mf Llc","2025-RESCON-0000983","0532225064000","39.66428004115285","-105.02793093444005"
"Harvey Park South","3132 W Bonfils Pl, DENVER, CO","2025-04-15","2025","single_family_or_duplex","New Building","0","275000","Thb Loretto Mf Llc","2025-RESCON-0000981","0532225064000","39.66418124049455","-105.02793870294208"
"Harvey Park South","3120 W Bonfils PL, DENVER, CO","2024-12-13","2024","single_family_or_duplex","New Building","1","294000","Thb Loretto Mf Llc","2024-RESCON-0003215","0532225059000","39.66435073292179","-105.02775995750935"
"Harvey Park South","3124 W Bonfils Pl, DENVER, CO","2024-12-13","2024","single_family_or_duplex","New Building","1","294000","Thb Loretto Mf Llc","2024-RESCON-0003637","0532225059000","39.66423541793431","-105.02775718099751"
"Harvey Park South","3128 W Bonfils Pl, DENVER, CO","2024-12-13","2024","single_family_or_duplex","New Building","1","294000","Thb Loretto Mf Llc","2024-RESCON-0003639","0532225059000","39.66409542328485","-105.02776167469877"
"Harvey Park South","3122 W Bonfils Pl, DENVER, CO","2024-12-13","2024","single_family_or_duplex","New Building","1","275000","Thb Loretto Mf Llc","2024-RESCON-0003636","0532225059000","39.66427109198116","-105.02775338894172"
"Harvey Park South","3126 W Bonfils Pl, DENVER, CO","2024-12-13","2024","single_family_or_duplex","New Building","1","255000","Thb Loretto Mf Llc","2024-RESCON-0003638","0532225059000","39.66418051282946","-105.02775755028688"
"Harvey Park South","3101 W Bates AVE, DENVER, CO","2024-11-19","2024","single_family_or_duplex","New Building","0","286000","Thb Loretto Mf Llc","2024-RESCON-0003069","0532225048000","39.663887815886994","-105.02733681858903"
"Harvey Park South","3109 W Bates Ave, DENVER, CO","2024-11-19","2024","single_family_or_duplex","New Building","0","257000","Thb Loretto Mf Llc","2024-RESCON-0003072","0532225048000","39.66388820149955","-105.02743272253333"
"Harvey Park South","3105 W Bates Ave, DENVER, CO","2024-11-19","2024","single_family_or_duplex","New Building","0","223000","Thb Loretto Mf Llc","2024-RESCON-0003070","0532225048000","39.66388804440759","-105.02739365055594"
"Harvey Park South","2855 S Pancratia ST, DENVER, CO","2024-10-07","2024","single_family_or_duplex","New Building","1","294000","Thb Loretto Mf Llc","2024-RESCON-0002871","0532225043000","39.66434889111571","-105.02730174559245"
"Harvey Park South","2877 S Pancratia St, DENVER, CO","2024-10-07","2024","single_family_or_duplex","New Building","1","294000","Thb Loretto Mf Llc","2024-RESCON-0003153","0532225043000","39.664085317150445","-105.02729641587877"
"Harvey Park South","2857 S Pancratia St, DENVER, CO","2024-10-07","2024","single_family_or_duplex","New Building","1","275000","Thb Loretto Mf Llc","2024-RESCON-0003150","0532225043000","39.66427202397366","-105.02730226309683"
"Harvey Park South","2865 S Pancratia St, DENVER, CO","2024-10-07","2024","single_family_or_duplex","New Building","1","274000","Thb Loretto Mf Llc","2024-RESCON-0003151","0532225043000","39.66423634994138","-105.0273060553819"
"Harvey Park South","2867 S Pancratia St, DENVER, CO","2024-10-07","2024","single_family_or_duplex","New Building","1","255000","Thb Loretto Mf Llc","2024-RESCON-0003152","0532225043000","39.66417869958277","-105.02730644350613"
"Hilltop","222 N Ash ST SFR, DENVER, CO","2026-08-26","2026","single_family_or_duplex","New Building","0","700000","Sterling Steel, Llc","2025-RESCON-0003503","0607235005000","39.719977541609474","-104.93813136721288"
"Hilltop","335 N Birch ST, DENVER, CO","2026-08-07","2026","single_family_or_duplex","New Building","1","1200000","Neyer Construction Inc","2025-RESCON-0002612","0607228010000","39.72179216857058","-104.9364068528347"
"Hilltop","131 S Birch ST, DENVER, CO","2026-07-29","2026","single_family_or_duplex","New Building","1","1204935","Dovetail Joint Construction Co","2025-RESCON-0003760","0607300010000","39.714080048890146","-104.9368598168793"
"Hilltop","110 N Forest ST, DENVER, CO","2026-07-24","2026","single_family_or_duplex","New Building","1","1577199","Berville Inc","2026-RESCON-0001185","0607138026000","39.71822595960397","-104.92673425059077"
"Hilltop","205 N Kearney ST SFD, DENVER, CO","2026-03-16","2026","single_family_or_duplex","New Building","1","680000","Miller Terry","2025-RESCON-0002686","0608217042000","39.719404240760184","-104.91734670168998"
"Hilltop","230 S Hudson ST SFR, DENVER, CO","2026-03-09","2026","single_family_or_duplex","New Building","1","712015","Sigma Homes Llc","2025-RESCON-0001222","0607433010000","39.71241330569682","-104.9231916167983"
"Hilltop","350 N Kearney ST 4378, DENVER, CO","2026-01-29","2026","single_family_or_duplex","New Building","1","1100000","Farm Ethics Real Estate Llc","2025-RESCON-0003086","0608210044000","39.722132547859125","-104.91668768322302"
"Hilltop","200 S Hudson ST, DENVER, CO","2026-01-20","2026","single_family_or_duplex","New Building","1","800000","Method Builders","2025-RESCON-0001444","0607433007000","39.712904939660646","-104.92323733940367"
"Hilltop","225 N Dahlia ST, DENVER, CO","2025-12-22","2025","single_family_or_duplex","New Building","1","999966","Kruger Design-Build Llc","2025-RESCON-0001824","0607233010000","39.71981891526341","-104.93196834749813"
"Hilltop","98 N Dexter ST SFR, DENVER, CO","2025-11-03","2025","single_family_or_duplex","New Building","1","1500000","Brisby Trimworks","2025-RESCON-0000143","0607301001000","39.71760083459232","-104.93256219078762"
"Hilltop","431 N Poplar ST SFR, DENVER, CO","2025-09-13","2025","single_family_or_duplex","New Building","1","650000","North Point Construction Llc","2024-RESCON-0004119","0608111014000","39.72317012977303","-104.90514621534044"
"Hilltop","105 N Krameria ST, DENVER, CO","2025-08-21","2025","single_family_or_duplex","New Building","0","1025000","Ruhr Valley General Contracting Llc","2024-RESCON-0002623","0608302019000","39.71818291325834","-104.91409702471654"
"Hilltop","7012 E 4th AVE SFR, DENVER, CO","2025-08-04","2025","single_family_or_duplex","New Building","1","610443","North Point Construction Llc","2024-RESCON-0003161","0608113004000","39.72225317102724","-104.90677155429005"
"Hilltop","110 N Leyden ST SFR, DENVER, CO","2025-07-30","2025","single_family_or_duplex","New Building","1","1061840","Devex Construction Llc","2025-RESCON-0001421","0608214033000","39.7195171631018","-104.91410365633871"
"Hilltop","10 N Ivanhoe ST SFD, DENVER, CO","2025-07-29","2025","single_family_or_duplex","New Building","1","870000","Henry Development Llc","2025-RESCON-0000027","0608306007000","39.716396473467356","-104.92145968248285"
"Hilltop","363 N Fairfax St SFD, DENVER, CO","2025-07-23","2025","single_family_or_duplex","New Building","1","875000","Gunlock Homes Inc","2025-RESCON-0000440","0607113009000","39.722514633408714","-104.92853363188132"
"Hilltop","100 S Cherry ST SFR, DENVER, CO","2025-03-05","2025","single_family_or_duplex","New Building","1","1233000","Georges R Saad","2024-RESCON-0002973","0607318001000","39.71386957596022","-104.9336196629269"
"Hilltop","60 S Eudora ST, DENVER, CO","2025-02-28","2025","single_family_or_duplex","New Building","0","2500000","A J Kirkegaard Contractors Inc","2024-RESCON-0002071","0607423004000","39.71518479113711","-104.93025338990974"
"Hilltop","354 N Cherry ST SFR, DENVER, CO","2025-02-10","2025","single_family_or_duplex","New Building","1","500000","Redeux Developments Llc","2024-RESCON-0003577","0607218005000","39.72234141073144","-104.9335868155444"
"Hilltop","295 N Kearney ST, DENVER, CO","2024-10-16","2024","single_family_or_duplex","New Building","1","1350000","Ruhr Valley General Contracting Llc","2024-RESCON-0000650","0608217034000","39.72118877082098","-104.91736387557663"
"Hilltop","404 N Kearney ST SFD, DENVER, CO","2024-09-03","2024","single_family_or_duplex","New Building","1","1185002","Larsen Development Company","2024-RESCON-0001113","0608210058000","39.722370762371185","-104.91656127466075"
"Hilltop","115 N Jersey ST, DENVER, CO","2024-08-22","2024","single_family_or_duplex","New Building","1","1500000","Graystone Contracting Llc","2024-RESCON-0000398","0608219018000","39.7182998884115","-104.91941770484193"
"Hilltop","4161 E Shangri La DR, DENVER, CO","2024-07-16","2024","single_family_or_duplex","New Building","1","573668","Mierop Jacob","2022-RESCON-0004262","0607326010000","39.71419076070075","-104.93877133921771"
"Hilltop","45 S Bellaire ST, DENVER, CO","2024-06-21","2024","single_family_or_duplex","New Building","1","788654","Wells Construction Llc","2024-RESCON-0000512","0607311008000","39.715393044905376","-104.9375886612831"
"Hilltop","355 N Forest ST SFR, DENVER, CO","2024-06-14","2024","single_family_or_duplex","New Building","1","515000","Redeux Developments Llc","2024-RESCON-0000119","0607114013000","39.722259325007535","-104.92740519760112"
"Hilltop","535 N Albion ST SFD, DENVER, CO","2024-04-08","2024","single_family_or_duplex","New Building","1","726856","Dg Mills Ltd","2023-RESCON-0001203","0607208009000","39.72491483662414","-104.93954590225924"
"Hilltop","405 N Kearney ST, DENVER, CO","2024-04-03","2024","single_family_or_duplex","New Building","0","2454117","R D Simmeron & Company Inc","2023-RESCON-0004335","0608203024000","39.722491466072455","-104.91709709001928"
"Hilltop","510 N Glencoe ST, DENVER, CO","2024-03-28","2024","single_family_or_duplex","New Building","0","525087","Georges R Saad","2023-RESCON-0002190","0607104004000","39.72455221880908","-104.92583286109875"
"Hilltop","171 S Dexter ST SFD, DENVER, CO","2024-03-27","2024","single_family_or_duplex","New Building","1","1027788","D G L Const-Serv Inc","2022-RESCON-0004963","0607318008000","39.71341658965459","-104.93304746965792"
"Hilltop","160 N ONEIDA ST SFD, DENVER, CO","2024-01-31","2024","single_family_or_duplex","NEW BUILDING","1","998000","Coreventure Llc","2023-RESCON-0001077","0608115019000","39.71952770240206","-104.90852941435377"
"Washington Park West","1100 S Corona shoring, DENVER, CO","2026-08-17","2026","single_family_or_duplex","New Building","1","762000","Anderson Construction Llc","2026-RESCON-0001020","0523203001000","39.696428003039","-104.97428400105579"
"Washington Park West","780 S Washington ST, DENVER, CO","2026-08-10","2026","single_family_or_duplex","New Building","1","645000","Kgn Asset Management Inc","2026-RESCON-0001103","0515601013000","39.70249733618126","-104.9790969395151"
"Washington Park West","819 S Downing ST SFR, DENVER, CO","2026-08-06","2026","single_family_or_duplex","New Building","1","1405000","Raptor Construction Inc","2025-RESCON-0001526","0514310024000","39.701588865204286","-104.97359850481143"
"Washington Park West","941 S Ogden ST, DENVER, CO","2026-07-29","2026","single_family_or_duplex","New Building","1","640000","Seeba Shane M","2025-RESCON-0000182","0514317024000","39.69941425827038","-104.97598527647027"
"Washington Park West","1253 S Ogden St, DENVER, CO","2026-04-08","2026","single_family_or_duplex","New Building","1","393097","Redeux Developments Llc","2025-RESCON-0003263","0523208015000","39.69373972840157","-104.97599210839496"
"Washington Park West","1257 S Ogden, DENVER, CO","2026-04-08","2026","single_family_or_duplex","New Building","1","393097","Redeux Developments Llc","2025-RESCON-0003268","0523208015000","39.69367658837795","-104.97599257982705"
"Washington Park West","628 S Ogden ST, DENVER, CO","2026-04-02","2026","single_family_or_duplex","New Building","1","429598","Progressive Building Group Llc","2025-RESCON-0002129","0514227029000","39.705116931247154","-104.97551974006188"
"Washington Park West","624 S Ogden ST, DENVER, CO","2026-04-02","2026","single_family_or_duplex","New Building","1","429598","Progressive Building Group Llc","2025-RESCON-0002128","0514227029000","39.70513610015008","-104.97550893420555"
"Washington Park West","1310 S Corona ST, DENVER, CO","2026-02-13","2026","single_family_or_duplex","New Building","1","650000","Justin And Dylan Llc","2025-RESCON-0003598","0523216002000","39.69268939019835","-104.97439729136067"
"Washington Park West","1352 S Ogden ST, DENVER, CO","2026-02-05","2026","single_family_or_duplex","New Building","1","619042","Pcb-Precision Custom Builders Llc","2025-RESCON-0001603","0523217006000","39.69201092252446","-104.97554305743303"
"Washington Park West","757 S Downing SFR, DENVER, CO","2026-01-22","2026","single_family_or_duplex","New Building","1","1405000","Raptor Construction Inc","2024-RESCON-0003231","0514303019000","39.70276389722185","-104.97360746177816"
"Washington Park West","835 S Washington St, DENVER, CO","2025-12-30","2025","single_family_or_duplex","New Building","1","630000","Zera Developments Llc","2023-RESCON-0003650","0515615042000","39.70139586787521","-104.97958135332658"
"Washington Park West","831 S Washington ST, DENVER, CO","2025-12-30","2025","single_family_or_duplex","New Building","1","630000","Zera Developments Llc","2023-RESCON-0003649","0515615041000","39.70146393194658","-104.97945290432556"
"Washington Park West","895 S Ogden 1/2 Duplex, DENVER, CO","2025-12-16","2025","single_family_or_duplex","New Building","1","367142","Progressive Building Group Llc","2025-RESCON-0001718","0514308017000","39.700369514810234","-104.97596037354393"
"Washington Park West","893 S Ogden ST 1/2 Duplex, DENVER, CO","2025-12-16","2025","single_family_or_duplex","New Building","1","367142","Progressive Building Group Llc","2025-RESCON-0001717","0514308017000","39.70041069388956","-104.97596006603337"
"Washington Park West","603 S Downing ST SFR, DENVER, CO","2025-12-04","2025","single_family_or_duplex","New Building","1","646960","Jb Concrete Inc","2025-RESCON-0002625","0514228025000","39.705528342816564","-104.97359027787368"
"Washington Park West","525 S Corona ST sfr, DENVER, CO","2025-11-26","2025","single_family_or_duplex","New Building","1","875245","Level Ground Enterprise Llc","2024-RESCON-0003798","0514222020000","39.70697488571428","-104.974766559789"
"Washington Park West","675 S Downing ST SFR, DENVER, CO","2025-10-27","2025","single_family_or_duplex","New Building","0","703250","Divine Development & Construction Llc","2023-RESCON-0003427","0514228016000","39.7042738918214","-104.9736245676147"
"Washington Park West","1300 S Corona ST SFR, DENVER, CO","2025-10-24","2025","single_family_or_duplex","New Building","1","928413","Justin And Dylan Llc","2025-RESCON-0001582","0523216001000","39.692823700344654","-104.9743500890913"
"Washington Park West","754 S Ogden ST, DENVER, CO","2025-10-17","2025","single_family_or_duplex","New Building","1","670000","Hinz Robert","2025-RESCON-0002502","0514304008000","39.702780738581524","-104.97553364711618"
"Washington Park West","611 S Pennsylvania ST SFR, DENVER, CO","2025-08-08","2025","single_family_or_duplex","New Building","1","400000","Tmd Custom Builders","2024-RESCON-0003682","0515129029000","39.70539731323043","-104.98179438450163"
"Washington Park West","1060 S Ogden ST, DENVER, CO","2025-06-09","2025","single_family_or_duplex","New Building","1","698833","Redeux Developments Llc","2025-RESCON-0000782","0514321008000","39.697325341360816","-104.97542871173543"
"Washington Park West","746 S Corona ST SFD, DENVER, CO","2025-05-21","2025","single_family_or_duplex","New Building","1","592301","Redeux Developments Llc","2025-RESCON-0000246","0514303007000","39.70310451565927","-104.9742659686704"
"Washington Park West","951 S Clarkson ST, DENVER, CO","2025-04-25","2025","single_family_or_duplex","New Building","0","437643","Abell To Build, Llc","2023-RESCON-0004929","0515617022000","39.699306547224865","-104.97831033445483"
"Washington Park West","1135 S Downing St, DENVER, CO","2025-03-12","2025","single_family_or_duplex","New Building","1","515000","Redeux Developments Llc","2024-RESCON-0004003","0523203020000","39.69589820258761","-104.97368028154841"
"Washington Park West","1023 S Emerson St SFR, DENVER, CO","2025-01-13","2025","single_family_or_duplex","New Building","1","539978","Kgn Asset Management Inc","2024-RESCON-0003067","0514319028000","39.69796705178129","-104.97712264803269"
"Washington Park West","539 S Washington ST SFR, DENVER, CO","2024-12-12","2024","single_family_or_duplex","New Building","1","560000","Redeux Developments Llc","2024-RESCON-0002272","0515118025000","39.706729599473796","-104.97949203472439"
"Washington Park West","425 S Pearl, DENVER, CO","2024-06-25","2024","single_family_or_duplex","New Building","0","325000","Kgn Asset Management Inc","2023-RESCON-0004387","0515114028000","39.708804296061146","-104.98056428616952"
"Washington Park West","421 S Pearl ST, DENVER, CO","2024-06-25","2024","single_family_or_duplex","New Building","0","325000","Kgn Asset Management Inc","2023-RESCON-0004386","0515114028000","39.70884547412794","-104.98056398133058"
"Washington Park West","1160 S Ogden St, DENVER, CO","2024-04-29","2024","single_family_or_duplex","Phased Construction","1","1039500","Augusten Muller Homes Llc","2024-RESCON-0000991","0523204011000","39.69544222982911","-104.97546766330204"
"Villa Park","875 N Julian ST, DENVER, CO","2026-09-01","2026","single_family_or_duplex","New Building","1","335000","L & D Enterprises Llc","2026-RESCON-0000578","0505327024000","39.73071612113817","-105.03130241502251"
"Villa Park","4510 W 8th Ave, DENVER, CO","2026-07-21","2026","single_family_or_duplex","New Building","0","274252","Titus Development Inc","2026-RESCON-0000210","0506621001000","39.72936003061553","-105.04531269795143"
"Villa Park","4520 W 8th, DENVER, CO","2026-07-21","2026","single_family_or_duplex","New Building","0","274252","Titus Development Inc","2026-RESCON-0000903","0506621001000","39.72936324290356","-105.04543356093392"
"Villa Park","4522 W 8th Ave, DENVER, CO","2026-07-21","2026","single_family_or_duplex","New Building","0","274252","Titus Development Inc","2026-RESCON-0000904","0506621001000","39.72936070374015","-105.04548690847672"
"Villa Park","1086 N Meade ST, DENVER, CO","2026-04-13","2026","single_family_or_duplex","New Building","0","213062","Habitat For Humanity Of Metro Denver Inc","2025-RESCON-0001449","0506416029000","39.734257576032284","-105.03547087715467"
"Villa Park","1083 N Knox Ct, DENVER, CO","2025-08-06","2025","single_family_or_duplex","New Building","0","349790","Sustainabuilt Ltd","2024-RESCON-0003963","0505310022000","39.73442923728511","-105.03237275013801"
"Villa Park","1085 N Knox CT, DENVER, CO","2025-08-06","2025","single_family_or_duplex","New Building","0","252350","Sustainabuilt Ltd","2024-RESCON-0002139","0505310022000","39.73447324506838","-105.03239379074127"
"Villa Park","1077 N Meade ST, DENVER, CO","2025-07-21","2025","single_family_or_duplex","New Building","1","249381","Habitat For Humanity Of Metro Denver Inc","2024-RESCON-0004073","0506415031000","39.73416906115861","-105.03599770096986"
"Villa Park","1087 N Knox Ct, DENVER, CO","2025-07-15","2025","single_family_or_duplex","New Building","0","336525","Sustainabuilt Ltd","2024-RESCON-0003965","0505310022000","39.73450618731789","-105.03239357112312"
"Villa Park","983 N Tennyson ST DUPLEX, DENVER, CO","2025-05-19","2025","single_family_or_duplex","New Building","1","471770","Sustainabuilt Ltd","2023-RESCON-0002640","0506601014000","39.73275945410252","-105.044095984879"
"Villa Park","4650 W 9th Ave 1/2 DUPLEX, DENVER, CO","2025-03-31","2025","single_family_or_duplex","New Building","1","284847","Epiphany Developments Llc","2024-RESCON-0002044","0506614016000","39.731029602150045","-105.04685207151302"
"Villa Park","4656 W 9th 1/2 DUPLEX, DENVER, CO","2025-03-31","2025","single_family_or_duplex","New Building","1","284847","Epiphany Developments Llc","2024-RESCON-0002045","0506614016000","39.73102736354154","-105.04698364027418"
"Villa Park","981 N Tennyson ST DUPLEX, DENVER, CO","2025-03-24","2025","single_family_or_duplex","New Building","1","471770","Sustainabuilt Ltd","2023-RESCON-0002639","0506601014000","39.732666448214545","-105.04418192316218"
"Villa Park","4815 W 10th Ave, DENVER, CO","2024-12-20","2024","single_family_or_duplex","New Building","1","285000","Gramercy Builders Llc","2024-RESCON-0000191","0506300046000","39.733260904779165","-105.04883946539086"
"Villa Park","4817 W 10th Ave, DENVER, CO","2024-12-20","2024","single_family_or_duplex","New Building","1","285000","Gramercy Builders Llc","2024-RESCON-0000192","0506300046000","39.733261095634504","-105.0488892426041"
"Villa Park","4829 W 10th Ave, DENVER, CO","2024-12-20","2024","single_family_or_duplex","New Building","1","270000","Gramercy Builders Llc","2024-RESCON-0000204","0506300098000","39.733264917400604","-105.04917011066794"
"Villa Park","4831 W 10th, DENVER, CO","2024-12-20","2024","single_family_or_duplex","New Building","1","270000","Gramercy Builders Llc","2024-RESCON-0000205","0506300098000","39.73326510812056","-105.04921988905144"
"Villa Park","4825 W 10th Ave, DENVER, CO","2024-12-20","2024","single_family_or_duplex","New Building","1","270000","Gramercy Builders Llc","2024-RESCON-0000202","0506300098000","39.73326180434148","-105.04907412939858"
"Villa Park","4827 W 10th Ave, DENVER, CO","2024-12-20","2024","single_family_or_duplex","New Building","1","270000","Gramercy Builders Llc","2024-RESCON-0000203","0506300098000","39.73326198147283","-105.04912035109777"
"Villa Park","4819 W 10th Ave, DENVER, CO","2024-12-20","2024","single_family_or_duplex","New Building","1","270000","Gramercy Builders Llc","2024-RESCON-0000194","0506300046000","39.73326128646881","-105.04893901981764"
"Villa Park","945 N Tennyson, DENVER, CO","2024-12-18","2024","single_family_or_duplex","New Building","1","330239","Sustainabuilt Ltd","2022-RESCON-0005563","0506601009000","39.73207035416771","-105.04408624163953"
"Villa Park","4811 W 10th AVE, DENVER, CO","2024-12-16","2024","single_family_or_duplex","New Building","1","285000","Gramercy Builders Llc","2024-RESCON-0000187","0506300046000","39.73325503262286","-105.04873994628804"
"Villa Park","4813 W 10th AVE, DENVER, CO","2024-12-16","2024","single_family_or_duplex","New Building","1","270000","Gramercy Builders Llc","2024-RESCON-0000188","0506300046000","39.733257968711534","-105.04878970583735"
"Villa Park","1048 N Knox CT, DENVER, CO","2024-07-25","2024","single_family_or_duplex","New Building","1","366000","Tc Gc Llc","2023-RESCON-0005097","0505311007000","39.73377419845334","-105.03195399587385"
"Villa Park","1046 N Knox Ct, DENVER, CO","2024-07-25","2024","single_family_or_duplex","New Building","1","366000","Tc Gc Llc","2023-RESCON-0004248","0505311007000","39.733760486656195","-105.03195764300371"
"Villa Park","1052 N Knox Ct, DENVER, CO","2024-07-25","2024","single_family_or_duplex","New Building","1","366000","Tc Gc Llc","2023-RESCON-0005098","0505311007000","39.73380990004207","-105.0319573132725"
"Villa Park","4660 W 9th Ave 1/2 DUPLEX, DENVER, CO","2024-05-21","2024","single_family_or_duplex","New Building","1","284847","Epiphany Developments Llc","2024-RESCON-0000380","0506614017000","39.73103036881332","-105.04705117517874"
"Villa Park","4666 W 9th 1/2 DUPLEX, DENVER, CO","2024-05-21","2024","single_family_or_duplex","New Building","1","284827","Epiphany Developments Llc","2024-RESCON-0000381","0506614017000","39.73103087517088","-105.04718272504672"
"Hale","1373 N Dexter ST SFR, DENVER, CO","2026-01-01","2026","single_family_or_duplex","New Building","1","567900","Lakshmi Holdings Llc","2025-RESCON-0001661","0606215021000","39.73775026695385","-104.93292544025064"
"Hale","769 N Birch ST, DENVER, CO","2025-06-04","2025","single_family_or_duplex","New Building","1","291906","Tk Morrison Construction Llc","2024-RESCON-0002840","0606312019000","39.72866279000327","-104.93623076669981"
"Hale","769 N Birch ST, DENVER, CO","2025-06-03","2025","single_family_or_duplex","New Building","1","291906","Tk Morrison Construction Llc","2024-RESCON-0002835","0606312019000","39.72866279000327","-104.93623076669981"
"Hale","828 N Cherry ST 1 UNIT, DENVER, CO","2025-01-20","2025","townhome_or_attached","New Building","1","215512","Columbine Home Builders","2024-RESCON-0003607","0606306093000","39.72975464041023","-104.93378294778765"
"Hale","828 N Cherry 2, DENVER, CO","2025-01-20","2025","single_family_or_duplex","New Building","1","215512","Columbine Home Builders","2024-RESCON-0003608","0606306093000","39.729756564172945","-104.93361226946746"
"Hale","826 N Cherry ST 2 UNIT, DENVER, CO","2025-01-20","2025","townhome_or_attached","New Building","1","215512","Columbine Home Builders","2024-RESCON-0003606","0606306095000","39.72971538654437","-104.93361260195948"
"Hale","826 N Cherry ST 1 UNIT, DENVER, CO","2025-01-20","2025","townhome_or_attached","New Building","1","215512","Columbine Home Builders","2024-RESCON-0003605","0606306095000","39.72971334300809","-104.93375839300816"
"Hale","830 N Cherry ST 1 UNIT, DENVER, CO","2025-01-18","2025","townhome_or_attached","New Building","1","215512","Columbine Home Builders","2024-RESCON-0003609","0606306091000","39.72982054172548","-104.93378597127555"
"Hale","830 N Cherry 2, DENVER, CO","2025-01-18","2025","single_family_or_duplex","New Building","0","215512","Columbine Home Builders","2024-RESCON-0003610","0606306091000","39.72982521066772","-104.93361527062899"
"Hale","822 N Dahlia St, DENVER, CO","2025-01-15","2025","single_family_or_duplex","New Building","1","519800","Homebound Technologies, Inc.","2023-RESCON-0004120","0606409003000","39.72982579985363","-104.93146065706007"
"Hale","812 N Dahlia St, DENVER, CO","2025-01-15","2025","single_family_or_duplex","New Building","1","496800","Homebound Technologies, Inc.","2023-RESCON-0004115","0606409003000","39.72963917950483","-104.93147283599914"
"Hale","818 N Dahlia St, DENVER, CO","2025-01-15","2025","single_family_or_duplex","New Building","1","496800","Homebound Technologies, Inc.","2023-RESCON-0004118","0606409003000","39.729743478970335","-104.93146843519285"
"Hale","810 N Dahlia St, DENVER, CO","2025-01-15","2025","single_family_or_duplex","New Building","1","496800","Homebound Technologies, Inc.","2023-RESCON-0004114","0606409003000","39.72957602330074","-104.93146979244229"
"Hale","820 N Dahlia St, DENVER, CO","2025-01-15","2025","single_family_or_duplex","New Building","1","496800","Homebound Technologies, Inc.","2023-RESCON-0004119","0606409003000","39.729806617990626","-104.93146792344137"
"Hale","814 N Dahlia St, DENVER, CO","2025-01-15","2025","single_family_or_duplex","New Building","1","496800","Homebound Technologies, Inc.","2023-RESCON-0004116","0606409003000","39.729661140904184","-104.93147265800039"
"Hale","816 N Dahlia St, DENVER, CO","2025-01-15","2025","single_family_or_duplex","New Building","1","496800","Homebound Technologies, Inc.","2023-RESCON-0004117","0606409003000","39.72972151757159","-104.93146861319315"
"Hale","800 N Dahlia 1, DENVER, CO","2025-01-07","2025","single_family_or_duplex","New Building","1","525200","Homebound Technologies, Inc.","2023-RESCON-0002067","0606409003000","39.72939209566926","-104.93147128319151"
"Hale","804 N Dahlia St, DENVER, CO","2025-01-07","2025","single_family_or_duplex","New Building","1","496800","Homebound Technologies, Inc.","2023-RESCON-0004111","0606409003000","39.729477196999156","-104.93147059343892"
"Hale","808 N Dahlia St, DENVER, CO","2025-01-07","2025","single_family_or_duplex","New Building","1","496800","Homebound Technologies, Inc.","2023-RESCON-0004113","0606409003000","39.72955956943061","-104.93147348124373"
"Hale","802 N Dahlia 1, DENVER, CO","2025-01-07","2025","single_family_or_duplex","New Building","1","496800","Homebound Technologies, Inc.","2023-RESCON-0004110","0606409003000","39.72941131189547","-104.93147112744273"
"Hale","806 N Dahlia St, DENVER, CO","2025-01-07","2025","single_family_or_duplex","New Building","1","496800","Homebound Technologies, Inc.","2023-RESCON-0004112","0606409003000","39.729493685229535","-104.93147401523815"
"Hale","838 N Cherry ST 1 UNIT, DENVER, CO","2024-12-23","2024","townhome_or_attached","New Building","1","215512","Columbine Home Builders","2023-RESCON-0003371","0606306087000","39.729957818492046","-104.9337884186202"
"Hale","838 N Cherry 2, DENVER, CO","2024-12-23","2024","single_family_or_duplex","New Building","1","215512","Columbine Home Builders","2023-RESCON-0003372","0606306087000","39.72996250455258","-104.93362127296251"
"Hale","832 N Cherry ST 2 UNIT, DENVER, CO","2024-12-22","2024","townhome_or_attached","New Building","1","215512","Columbine Home Builders","2024-RESCON-0003611","0606306089000","39.729889188214266","-104.93378897260988"
"Hale","832 N Cherry 1, DENVER, CO","2024-12-22","2024","single_family_or_duplex","New Building","1","215512","Columbine Home Builders","2024-RESCON-0003613","0606306089000","39.729893857160725","-104.93361827179645"
"Hale","630 N Forest ST Shoring, DENVER, CO","2024-11-22","2024","single_family_or_duplex","Phased Construction","0","378000","Reconstruct Llc","2024-RESCON-0001820","0606430012000","39.7263060319672","-104.9268708704568"
"Hale","633 N DEXTER ST, DENVER, CO","2024-02-13","2024","single_family_or_duplex","NEW BUILDING","1","490000","Dg Mills Ltd","2023-RESCON-0001226","0606322013000","39.72611853468005","-104.9329341443539"
"Hale","1110 N ELM ST, DENVER, CO","2024-02-07","2024","single_family_or_duplex","NEW BUILDING","0","900000","Malamute Development Llc","2023-RESCON-0004494","0606127009000","39.733212657807115","-104.92902248369288"
"Rosedale","2205 S Pinon CT, DENVER, CO","2026-06-16","2026","single_family_or_duplex","New Building","1","830000","Jesse R. York","2025-RESCON-0003868","0527130013000","39.67655057525593","-104.98141046797018"
"Rosedale","2648 S Pennsylvania ST, DENVER, CO","2026-05-14","2026","single_family_or_duplex","New Building","1","785930","Vertical Management Group Llc","2025-RESCON-0002429","0527616006000","39.66868221735376","-104.98135846418182"
"Rosedale","2223 S Sherman ST 1/2 Duplex, DENVER, CO","2026-04-03","2026","single_family_or_duplex","New Building","1","338582","Sabre Design & Build","2023-RESCON-0005049","0527224020000","39.6762303644357","-104.9853847903303"
"Rosedale","2225 S Sherman 1/2 Duplex, DENVER, CO","2026-04-03","2026","single_family_or_duplex","New Building","1","338275","Sabre Design & Build","2023-RESCON-0005051","0527224020000","39.67620015127891","-104.98538145908931"
"Rosedale","2283 S Sherman St, DENVER, CO","2026-02-02","2026","single_family_or_duplex","New Building","1","737000","Homebound Technologies, Inc.","2025-RESCON-0000092","0527224014000","39.67515981246008","-104.98541395419804"
"Rosedale","2281 S Sherman ST, DENVER, CO","2026-02-02","2026","single_family_or_duplex","New Building","1","737000","Homebound Technologies, Inc.","2025-RESCON-0000090","0527224014000","39.67520651260403","-104.98542071722687"
"Rosedale","2148 S Sherman ST, DENVER, CO","2026-01-28","2026","single_family_or_duplex","New Building","1","327070","Robert Bradley","2025-RESCON-0000804","0527210052000","39.677515829225726","-104.98490639810834"
"Rosedale","2142 S Sherman, DENVER, CO","2026-01-28","2026","single_family_or_duplex","New Building","1","327070","Robert Bradley","2025-RESCON-0000802","0527210051000","39.677631129116655","-104.98490555207061"
"Rosedale","2140 S Sherman ST ½ DUPLEX, DENVER, CO","2026-01-26","2026","single_family_or_duplex","New Building","1","323061","Robert Bradley","2025-RESCON-0000801","0527210051000","39.67766737746726","-104.98503318690189"
"Rosedale","2144 S Sherman ST ½ DUPLEX, DENVER, CO","2026-01-26","2026","single_family_or_duplex","New Building","1","323061","Robert Bradley","2025-RESCON-0000803","0527210052000","39.677549316779654","-104.98503050018898"
"Rosedale","2162 S Grant ST B, DENVER, CO","2025-11-19","2025","single_family_or_duplex","New Building","1","535000","Zisou Projects Llc","2025-RESCON-0001118","0527209007000","39.677428328788196","-104.98373461766428"
"Rosedale","2162 S Grant ST B, DENVER, CO","2025-11-19","2025","single_family_or_duplex","New Building","1","535000","Zisou Projects Llc","2025-RESCON-0001119","0527209007000","39.677428328788196","-104.98373461766428"
"Rosedale","2156 S Grant, DENVER, CO","2025-05-14","2025","single_family_or_duplex","New Building","1","294000","Concord Homes Of Colorado Inc","2023-RESCON-0002567","0527209006000","39.67758806811286","-104.98385068516397"
"Rosedale","2160 S Grant ST, DENVER, CO","2025-05-14","2025","single_family_or_duplex","New Building","1","294000","Concord Homes Of Colorado Inc","2023-RESCON-0002565","0527209006000","39.67753865387695","-104.98385104849422"
"Rosedale","2178 S Clarkson ST SFR, DENVER, CO","2025-04-03","2025","single_family_or_duplex","New Building","1","543166","St Martin Construction Corp","2024-RESCON-0002947","0527122010000","39.676984848921826","-104.97780474591598"
"Rosedale","2184 S Sherman ST 1/2 DUPLEX, DENVER, CO","2025-02-10","2025","single_family_or_duplex","New Building","1","254540","Q Builders","2023-RESCON-0001205","0527210009000","39.67705483105629","-104.98495596675468"
"Rosedale","2186 S Sherman, DENVER, CO","2025-02-10","2025","single_family_or_duplex","New Building","1","254540","Q Builders","2023-RESCON-0001206","0527210009000","39.67696977452975","-104.98496724910426"
"Rosedale","2135 S Sherman, DENVER, CO","2024-10-09","2024","single_family_or_duplex","New Building","1","267613","Concord Homes Of Colorado Inc","2023-RESCON-0001774","0527211020000","39.677789645701374","-104.98536980656569"
"Rosedale","2137 S Sherman ST, DENVER, CO","2024-10-09","2024","single_family_or_duplex","New Building","1","267613","Concord Homes Of Colorado Inc","2023-RESCON-0001776","0527211020000","39.67773748622883","-104.98537018895327"
"Rosedale","2198 S Sherman ST, DENVER, CO","2024-09-03","2024","single_family_or_duplex","New Building","1","278093","Dci Residential Llc","2023-RESCON-0003405","0527210010000","39.676829751922234","-104.98496472365892"
"Rosedale","2194 S Sherman, DENVER, CO","2024-09-03","2024","single_family_or_duplex","New Building","1","278093","Dci Residential Llc","2023-RESCON-0003404","0527210010000","39.67692031358828","-104.9849569537003"
"Rosedale","2683 S GRANT ST, DENVER, CO","2024-01-10","2024","single_family_or_duplex","NEW BUILDING","0","910000","Den Home Builders Llc","2023-RESCON-0000986","0527613014000","39.667992092801946","-104.98424094019023"
"Baker","55 W Byers PL, DENVER, CO","2026-09-14","2026","single_family_or_duplex","New Building","1","250000","Hawk Construction Inc","2026-RESCON-0002374","0510327021000","39.71227770394658","-104.98884913249287"
"Baker","129 N Galapago ST 2, DENVER, CO","2026-06-01","2026","single_family_or_duplex","New Building","0","394036","Reed Design Builders Inc","2024-RESCON-0002931","0510240048000","39.719094525144094","-104.99654915509545"
"Baker","129 N Galapago ST 1, DENVER, CO","2026-06-01","2026","single_family_or_duplex","New Building","0","394036","Reed Design Builders Inc","2024-RESCON-0002930","0510240048000","39.71898474768717","-104.99655705265945"
"Baker","220 N Acoma ST 101, DENVER, CO","2025-06-02","2025","single_family_or_duplex","New Building","1","578750","Denver Construction Management, Llc","2023-RESCON-0004959","0510232092000","39.71980840091205","-104.9889329060574"
"Baker","220 N Acoma ST 102, DENVER, CO","2025-06-02","2025","single_family_or_duplex","New Building","1","578750","Denver Construction Management, Llc","2023-RESCON-0004960","0510232092000","39.719866050907996","-104.98893248608603"
"Baker","220 N Acoma ST 103, DENVER, CO","2025-06-02","2025","single_family_or_duplex","New Building","1","578750","Denver Construction Management, Llc","2023-RESCON-0004961","0510232092000","39.719923700002106","-104.98893206612053"
"Baker","220 N Acoma ST 104, DENVER, CO","2025-06-02","2025","single_family_or_duplex","New Building","1","578750","Denver Construction Management, Llc","2023-RESCON-0004962","0510232092000","39.719951151951186","-104.98893186613671"
"Baker","220 N Acoma ST 205, DENVER, CO","2025-06-02","2025","single_family_or_duplex","New Building","1","515750","Denver Construction Management, Llc","2023-RESCON-0004967","0510232092000","39.719941572358664","-104.98862265494905"
"Baker","220 N Acoma ST 201, DENVER, CO","2025-06-02","2025","single_family_or_duplex","New Building","1","475000","Denver Construction Management, Llc","2023-RESCON-0004963","0510232092000","39.71976850054965","-104.98859547706164"
"Baker","220 N Acoma ST 202, DENVER, CO","2025-06-02","2025","single_family_or_duplex","New Building","1","475000","Denver Construction Management, Llc","2023-RESCON-0004964","0510232092000","39.719809678474654","-104.98859517688896"
"Baker","220 N Acoma ST 203, DENVER, CO","2025-06-02","2025","single_family_or_duplex","New Building","1","475000","Denver Construction Management, Llc","2023-RESCON-0004965","0510232092000","39.71985360249473","-104.98859485669782"
"Baker","220 N Acoma ST 204, DENVER, CO","2025-06-02","2025","single_family_or_duplex","New Building","1","475000","Denver Construction Management, Llc","2023-RESCON-0004966","0510232092000","39.719897525613426","-104.98859453651284"
"Baker","115 W 2ND AVE 102, DENVER, CO","2024-01-25","2024","single_family_or_duplex","NEW BUILDING","0","255000","Denver Construction Management, Llc","2023-RESCON-0004040","0510231055000","39.719533173816245","-104.98940416157964"
"Baker","115 W 2ND AVE 103, DENVER, CO","2024-01-25","2024","single_family_or_duplex","NEW BUILDING","0","255000","Denver Construction Management, Llc","2023-RESCON-0004041","0510231055000","39.719530644621514","-104.98945394885826"
"Baker","115 W 2ND AVE 104, DENVER, CO","2024-01-25","2024","single_family_or_duplex","NEW BUILDING","0","255000","Denver Construction Management, Llc","2023-RESCON-0004043","0510231055000","39.71953084517463","-104.98950016135026"
"Baker","115 W 2ND AVE 101, DENVER, CO","2024-01-25","2024","single_family_or_duplex","NEW BUILDING","0","245140","Denver Construction Management, Llc","2023-RESCON-0004037","0510231055000","39.7195329732254","-104.98935794908638"
"Baker","115 W 2ND AVE 105, DENVER, CO","2024-01-25","2024","single_family_or_duplex","NEW BUILDING","0","243610","Denver Construction Management, Llc","2023-RESCON-0004045","0510231055000","39.71953107655955","-104.9895534834568"
"West Highland","3259 N Stuart ST, DENVER, CO","2026-09-11","2026","single_family_or_duplex","New Building","0","672000","Skout Projects","2025-RESCON-0003574","0230126029000","39.76323845350557","-105.04299783692151"
"West Highland","4500 W 36th AVE SFD, DENVER, CO","2026-08-10","2026","single_family_or_duplex","New Building","1","420000","Raptor Construction Inc","2025-RESCON-0004146","0230212013000","39.766499685018495","-105.04509672744973"
"West Highland","3133 N Raleigh ST 1/2 UNIT, DENVER, CO","2026-08-10","2026","townhome_or_attached","New Building","1","300000","Tenon Builders Llc","2025-RESCON-0002288","0230407031000","39.76185861777493","-105.04184722886664"
"West Highland","4407 W 34th Ave 1/2, DENVER, CO","2026-05-04","2026","single_family_or_duplex","New Building","1","200000","Mdbrinn Llc","2025-RESCON-0002999","0230222006000","39.76499221194615","-105.04429901907938"
"West Highland","4205 W 30th AVE SFD, DENVER, CO","2025-12-30","2025","single_family_or_duplex","New Building","1","669781","Against The Grain Workshop Llc","2025-RESCON-0001809","0230407012000","39.76053002598307","-105.04187369544438"
"West Highland","5075 W 34th AVE 1/2, DENVER, CO","2025-11-06","2025","single_family_or_duplex","New Building","1","200000","Vertical Management Group Llc","2024-RESCON-0000846","0230218019000","39.76496576175322","-105.05243099149324"
"West Highland","3327 W Hayward PL SFR, DENVER, CO","2025-10-08","2025","single_family_or_duplex","New Building","1","570000","Faulkner Grey Homes Llc","2024-RESCON-0002280","0229311021000","39.75968960319411","-105.0306285455977"
"West Highland","3505 N Newton ST SFR, DENVER, CO","2025-09-10","2025","single_family_or_duplex","New Building","1","627959","Mag Builders Inc","2025-RESCON-0001723","0230114029000","39.76612554833574","-105.03714863766204"
"West Highland","3344 N Newton 1/2, DENVER, CO","2025-07-01","2025","single_family_or_duplex","New Building","1","325000","Novum Llc","2025-RESCON-0001840","0230119029000","39.76484459551679","-105.03672311396309"
"West Highland","3478 W 30th AVE, DENVER, CO","2025-06-09","2025","single_family_or_duplex","New Building","1","350000","Paris Construction Llc","2024-RESCON-0002812","0229312002000","39.76018409492287","-105.03417154281877"
"West Highland","3606 N Raleigh ST SFR, DENVER, CO","2025-04-24","2025","single_family_or_duplex","New Building","0","736000","Against The Grain Workshop Llc","2024-RESCON-0001739","0230111005000","39.766913631483554","-105.04140866052624"
"West Highland","2910 N HOOKER ST, DENVER, CO","2025-03-13","2025","single_family_or_duplex","New Building","1","583000","Zinga Construction Inc","2024-RESCON-0001938","0229308054000","39.758783996597856","-105.02796336946149"
"West Highland","2914 N HOOKER ST, DENVER, CO","2025-03-13","2025","single_family_or_duplex","New Building","1","575000","Zinga Construction Inc","2024-RESCON-0001851","0229308053000","39.75884437589981","-105.02795940606401"
"West Highland","5011 W 32nd Ave SFR, DENVER, CO","2025-01-16","2025","single_family_or_duplex","New Building","1","900000","Fj Progressive Builders Inc","2024-RESCON-0002231","0230239010000","39.76230593033287","-105.0510678234578"
"West Highland","3366 W 32nd Ave 1/2 DUPLEX, DENVER, CO","2024-12-09","2024","single_family_or_duplex","New Building","1","326500","Touchstone Development Llc","2024-RESCON-0002430","0229303047000","39.76196389343465","-105.03162708511103"
"West Highland","3368 W 32nd Ave 1/2 DUPLEX, DENVER, CO","2024-12-09","2024","single_family_or_duplex","New Building","1","326500","Touchstone Development Llc","2024-RESCON-0002431","0229303048000","39.761966964090455","-105.03170887702566"
"West Highland","3250 N Stuart ST SFD, DENVER, CO","2024-07-15","2024","single_family_or_duplex","New Building","0","621477","Radiant Homes Llc","2023-RESCON-0001153","0230127006000","39.76310803566855","-105.04263941813223"
"South Park Hill","1674 N Albion ST, DENVER, CO","2026-09-09","2026","single_family_or_duplex","New Building","1","560000","Zisou Projects Llc","2025-RESCON-0004063","0131317002000","39.74307591366053","-104.9386113068444"
"South Park Hill","2256 N Hudson ST, DENVER, CO","2026-07-09","2026","single_family_or_duplex","New Building","0","631949","Solid Ground Construction Corp","2026-RESCON-0000820","0131117024000","39.7504070606305","-104.92298223483876"
"South Park Hill","4850 E 18th AVE, DENVER, CO","2026-04-13","2026","single_family_or_duplex","New Building","1","750000","Domani Development Inc","2026-RESCON-0000007","0131418021000","39.74443539841054","-104.93073055060981"
"South Park Hill","2260 N Elm ST SFR, DENVER, CO","2026-03-21","2026","single_family_or_duplex","New Building","1","1882000","Vertical Management Group Llc","2025-RESCON-0001127","0131122022000","39.750409526898466","-104.92911718909211"
"South Park Hill","2266 N Fairfax ST, DENVER, CO","2026-02-02","2026","single_family_or_duplex","New Building","1","700000","Modern Traditions Inc","2025-RESCON-0002883","0131121021000","39.750540498092896","-104.92782155246917"
"South Park Hill","5601 E MONTVIEW BLVD, DENVER, CO","2025-11-24","2025","single_family_or_duplex","New Building","1","1080000","Miklin Construction Llc","2025-RESCON-0002723","0132221010000","39.74775005360531","-104.92194785575872"
"South Park Hill","1610 N Magnolia ST SFD, DENVER, CO","2025-07-30","2025","single_family_or_duplex","New Building","1","339671","Masterframe Construction Inc","2025-RESCON-0000368","0132433006000","39.7417374042893","-104.91132564943996"
"South Park Hill","1629 N Fairfax ST, DENVER, CO","2025-04-30","2025","single_family_or_duplex","New Building","0","332000","Kellmar Construction Llc","2025-RESCON-0000731","0131421012000","39.74251896270175","-104.92898227833687"
"South Park Hill","1699 N Bellaire ST SFR, DENVER, CO","2025-04-24","2025","single_family_or_duplex","New Building","1","531533","Latsis Custom Homes Llc","2024-RESCON-0003775","0131317024000","39.74319931528921","-104.93743323734381"
"South Park Hill","1651 N Dahlia ST, DENVER, CO","2025-04-18","2025","single_family_or_duplex","New Building","0","600000","Level Ground Enterprise Llc","2025-RESCON-0000710","0131320010000","39.74287838317047","-104.93234344391357"
"South Park Hill","1679 N Bellaire ST SFR, DENVER, CO","2024-12-27","2024","single_family_or_duplex","New Building","1","473418","Latsis Custom Homes Llc","2024-RESCON-0003319","0131317023000","39.7430565498403","-104.93743082643728"
"South Park Hill","1543 N Glencoe ST 1/2 DUPLEX, DENVER, CO","2024-08-08","2024","single_family_or_duplex","New Building","1","423568","Sigma Homes Llc","2023-RESCON-0000619","0131431014000","39.74095891820184","-104.92601147237629"
"South Park Hill","1541 N Glencoe 1/2 DUPLEX, DENVER, CO","2024-08-08","2024","single_family_or_duplex","New Building","1","423568","Sigma Homes Llc","2023-RESCON-0000620","0131431014000","39.740876528635255","-104.92600503464307"
"South Park Hill","2255 N Holly ST, DENVER, CO","2024-05-15","2024","single_family_or_duplex","New Building","1","487000","Denver Custom Builders Llc","2023-RESCON-0003207","0131117007000","39.750259177773934","-104.92249621220252"
"South Park Hill","5013 E Montview BLVD SFR, DENVER, CO","2024-04-20","2024","single_family_or_duplex","New Building","1","1100000","Ruhr Valley General Contracting Llc","2023-RESCON-0003074","0131127012000","39.747784497855086","-104.929003417083"
"South Park Hill","2060 N Birch ST SFD, DENVER, CO","2024-04-16","2024","single_family_or_duplex","New Building","1","533360","Element Custom Builders Inc","2024-RESCON-0000197","0131229004000","39.748668513960084","-104.9358423204138"
"South Park Hill","1990 ALBION SFR, DENVER, CO","2024-02-12","2024","single_family_or_duplex","NEW BUILDING","0","878139","Pinnacle Properties & Construction Services Inc","2023-RESCON-0003211","0131304026000","39.746837266207606","-104.93868077288519"
"Cole","3778 N Gilpin St, DENVER, CO","2026-08-13","2026","single_family_or_duplex","New Building","1","532896","Nexus Architecture P.C.","2025-RESCON-0001304","0223412018000","39.76964168555252","-104.96693664143102"
"Cole","3925 N Humboldt ST, DENVER, CO","2026-08-13","2026","single_family_or_duplex","New Building","0","386718","Hinz Robert","2026-RESCON-0000368","0223313024000","39.76975729919367","-104.96943666912044"
"Cole","3728 N Vine ST, DENVER, CO","2026-08-04","2026","single_family_or_duplex","New Building","1","587150","Denver Custom Builders Llc","2026-RESCON-0001404","0226102023000","39.76867759034355","-104.96199559454226"
"Cole","3518 N Marion ST SFR, DENVER, CO","2025-09-30","2025","single_family_or_duplex","New Building","1","392407","Spectrum General Contractors Inc","2025-RESCON-0001805","0226223009000","39.76617755365444","-104.9718898358711"
"Cole","1240 E 35th SFR, DENVER, CO","2025-09-10","2025","single_family_or_duplex","New Building","1","650000","Zinga Construction Inc","2024-RESCON-0000086","0226307001000","39.76563019392549","-104.97287932257521"
"Cole","1220 E 35th AVE SFR, DENVER, CO","2025-09-10","2025","single_family_or_duplex","New Building","1","248000","Solid Architectural Design Inc","2024-RESCON-0000084","0226307001000","39.765630623954316","-104.97297536537704"
"Cole","3316 N Vine ST, DENVER, CO","2025-09-02","2025","single_family_or_duplex","New Building","1","392391","Denver Custom Builders Llc","2025-RESCON-0001790","0226118022000","39.76363181166681","-104.96199162861028"
"Cole","3240 N Franklin ST, DENVER, CO","2025-03-18","2025","single_family_or_duplex","New Building","1","500000","Home Advantage","2024-RESCON-0001422","0226245050000","39.76275421324386","-104.96822688669963"
"Cole","3244 N Franklin ST SFR, DENVER, CO","2025-02-18","2025","single_family_or_duplex","New Building","1","383783","Home Advantage","2024-RESCON-0001620","0226245024000","39.76282009679679","-104.9682263869884"
"Cole","3727 N Franklin ST SFD, DENVER, CO","2024-05-31","2024","single_family_or_duplex","New Building","1","328503","E.N.D. Construction Llc","2023-RESCON-0002884","0226205016000","39.7687351587019","-104.96862619731726"
"Cole","3715 N High ST SFD, DENVER, CO","2024-05-30","2024","single_family_or_duplex","New Building","1","575000","Denver Builders Inc","2022-RESCON-0006077","0226202052000","39.76854817020429","-104.96492078523858"
"Cole","3955 N Humboldt ST, DENVER, CO","2024-05-20","2024","single_family_or_duplex","New Building","1","399202","Home Owner","2021-RESCON-0005269","0223313057000","39.770060181429045","-104.96902882339043"
"Cole","3725 N Franklin ST SFD, DENVER, CO","2024-05-15","2024","single_family_or_duplex","New Building","1","328503","E.N.D. Construction Llc","2023-RESCON-0002902","0226205016000","39.76866654620842","-104.96863027479613"
"Cole","3717 N High ST SFD, DENVER, CO","2024-05-14","2024","single_family_or_duplex","New Building","1","575000","Denver Builders Inc","2022-RESCON-0006080","0226202053000","39.76861405359984","-104.96492028237907"
"Cole","3713 N High ST SFD, DENVER, CO","2024-05-14","2024","single_family_or_duplex","New Building","1","575000","Denver Builders Inc","2023-RESCON-0000289","0226202051000","39.76847952549663","-104.96491775176605"
"Cole","3771 N Williams 1/2 Duplex, DENVER, CO","2024-03-12","2024","single_family_or_duplex","New Building","1","437000","E.N.D. Construction Llc","2023-RESCON-0003617","0223412011000","39.76935002845718","-104.96618467843604"
"Cole","3773 N WILLIAMS ST, DENVER, CO","2024-02-24","2024","single_family_or_duplex","NEW BUILDING","1","437000","E.N.D. Construction Llc","2023-RESCON-0003619","0223412011000","39.76944061810564","-104.96618398862925"
"Clayton","3746 N Adams, DENVER, CO","2026-08-06","2026","single_family_or_duplex","New Building","0","315000","Sage Creek Builders Llc","2026-RESCON-0000166","0225107010000","39.76892789970264","-104.94845761812904"
"Clayton","3437 N Harrison 2, DENVER, CO","2026-06-24","2026","single_family_or_duplex","New Building","0","375679","H.A. Custom Homes Inc","2023-RESCON-0004873","0225135011000","39.76483211632282","-104.94207614738097"
"Clayton","3435 N Harrison ST 2, DENVER, CO","2026-06-24","2026","single_family_or_duplex","New Building","0","375679","H.A. Custom Homes Inc","2023-RESCON-0004871","0225135011000","39.76525405956157","-104.94190204159912"
"Clayton","3903 N Cook St, DENVER, CO","2026-06-02","2026","single_family_or_duplex","New Building","0","295950","Collective Holdings Llc","2025-RESCON-0002118","0224426042000","39.771214396697864","-104.94780994118285"
"Clayton","3901 N Cook ST, DENVER, CO","2026-06-02","2026","single_family_or_duplex","New Building","0","294000","Collective Holdings Llc","2025-RESCON-0000840","0224426042000","39.771173169604324","-104.94779959328342"
"Clayton","3905 N Cook St, DENVER, CO","2026-06-02","2026","single_family_or_duplex","New Building","0","292200","Collective Holdings Llc","2025-RESCON-0002119","0224426042000","39.7712555904184","-104.9478131742536"
"Clayton","3718 N Milwaukee ST, DENVER, CO","2025-05-21","2025","single_family_or_duplex","New Building","1","606150","H.A. Custom Homes Inc","2023-RESCON-0004544","0225202005000","39.768382536113435","-104.95218652038041"
"Clayton","3332 N Josephine ST SFR, DENVER, CO","2025-04-14","2025","single_family_or_duplex","New Building","1","430100","Denver Custom Builders Llc","2025-RESCON-0000323","0225243004000","39.76393073478155","-104.95833254951546"
"Clayton","3326 N Clayton St, DENVER, CO","2025-01-24","2025","single_family_or_duplex","New Building","1","270028","Catena Construction Llc","2022-RESCON-0003855","0225240024000","39.763795908382605","-104.95469815515847"
"Clayton","3330 N Clayton St, DENVER, CO","2025-01-24","2025","single_family_or_duplex","New Building","1","270028","Catena Construction Llc","2022-RESCON-0003857","0225240024000","39.7638700281858","-104.9546975786657"
"Clayton","3328 N Clayton St, DENVER, CO","2025-01-24","2025","single_family_or_duplex","New Building","1","252440","Catena Construction Llc","2022-RESCON-0003856","0225240024000","39.763842576740686","-104.95469779217908"
"Clayton","3324 N Clayton St, DENVER, CO","2025-01-24","2025","single_family_or_duplex","New Building","1","252440","Catena Construction Llc","2022-RESCON-0003854","0225240024000","39.76376572826987","-104.95470194706469"
"Clayton","3332 N Clayton St, DENVER, CO","2025-01-24","2025","single_family_or_duplex","New Building","1","252440","Catena Construction Llc","2022-RESCON-0003860","0225240024000","39.76391393401954","-104.9546936799944"
"Clayton","3420 N Steele ST SFD, DENVER, CO","2024-08-25","2024","single_family_or_duplex","New Building","1","260960","Redt Construction Llc","2023-RESCON-0000672","0225129022000","39.764922685605335","-104.94965234371777"
"Clayton","3890 N Cook ST SFD, DENVER, CO","2024-05-30","2024","single_family_or_duplex","New Building","1","400000","Rog & Wilco Construction Llc","2023-RESCON-0000677","0224433039000","39.770797910596","-104.94739343225461"
"Clayton","3225 E 38th AVE, DENVER, CO","2024-03-20","2024","single_family_or_duplex","New Building","1","580497","Nexus Architecture P.C.","2023-RESCON-0004408","0224435010000","39.76939502690034","-104.94913697595175"
"Clayton","3335 N Columbine ST, DENVER, CO","2024-03-15","2024","single_family_or_duplex","New Building","1","324686","Denver Custom Builders Llc","2023-RESCON-0003170","0225243013000","39.76391329074108","-104.95752520396941"
"Montclair","746 N Jasmine ST SFR, DENVER, CO","2026-08-06","2026","single_family_or_duplex","New Building","1","660000","North Point Construction Llc","2025-RESCON-0003124","0605341001000","39.72792676881587","-104.91812920065911"
"Montclair","712 N Locust ST SFR, DENVER, CO","2026-04-14","2026","single_family_or_duplex","New Building","1","700000","Oreamnos Construction Services Llc","2025-RESCON-0003632","0605337006000","39.72719669830638","-104.91374086535863"
"Montclair","1061 N Jasmine ST SFR, DENVER, CO","2026-03-19","2026","single_family_or_duplex","New Building","1","700000","Dorrian Construction Llc","2025-RESCON-0003506","0605306003000","39.73290945508711","-104.91868165453371"
"Montclair","1389 N Jersey 1389, DENVER, CO","2025-07-25","2025","single_family_or_duplex","New Building","1","269479","5280 Construction & Development Llc","2023-RESCON-0001285","0605212019000","39.73795459341864","-104.91965326228369"
"Montclair","1391 N Jersey 1391, DENVER, CO","2025-07-25","2025","single_family_or_duplex","New Building","1","269479","5280 Construction & Development Llc","2023-RESCON-0004446","0605212019000","39.737993044156525","-104.91965649999115"
"Montclair","1393 N Jersey 1393, DENVER, CO","2025-07-25","2025","single_family_or_duplex","New Building","1","269479","5280 Construction & Development Llc","2023-RESCON-0004448","0605212019000","39.73804796497863","-104.91965960142038"
"Montclair","1395 N Jersey 1395, DENVER, CO","2025-07-25","2025","single_family_or_duplex","New Building","1","269479","5280 Construction & Development Llc","2023-RESCON-0004451","0605212019000","39.73808915997857","-104.91966281642826"
"Montclair","1399 N Jersey 1399, DENVER, CO","2025-07-25","2025","single_family_or_duplex","New Building","1","205238","5280 Construction & Development Llc","2023-RESCON-0004454","0605212019000","39.73815229875429","-104.9196622939882"
"Montclair","784 N Locust ST, DENVER, CO","2025-06-09","2025","single_family_or_duplex","New Building","1","725000","Oreamnos Construction Services Llc","2024-RESCON-0004245","0605336002000","39.72897003056994","-104.9137153779813"
"Montclair","620 N Pontiac ST, DENVER, CO","2025-05-09","2025","single_family_or_duplex","New Building","1","533261","Coreventure Llc","2024-RESCON-0003700","0605445004000","39.72617005835698","-104.90555452086494"
"Montclair","1150 N Leyden ST SFR, DENVER, CO","2025-02-27","2025","single_family_or_duplex","New Building","1","725500","Oreamnos Construction Services Llc","2024-RESCON-0003691","0605235023000","39.73464741998689","-104.9148448617236"
"Montclair","755 N Jasmine ST SFR, DENVER, CO","2024-08-21","2024","single_family_or_duplex","New Building","1","610000","North Point Construction Llc","2024-RESCON-0000022","0605331008000","39.7282144297241","-104.91856412573983"
"Montclair","1310 N Magnolia ST SFD, DENVER, CO","2024-03-20","2024","single_family_or_duplex","New Building","1","500000","Vertex Homes Llc","2023-RESCON-0001148","0605110008000","39.73761150817118","-104.91137805854362"
"Montclair","760 N JERSEY ST SFD, DENVER, CO","2024-02-20","2024","single_family_or_duplex","NEW BUILDING","1","834334","Ruhr Valley General Contracting Llc","2022-RESCON-0005648","0605331007000","39.72822267723651","-104.91912225264475"
"Montclair","1035 N LEYDEN ST *SFR*, DENVER, CO","2024-01-10","2024","single_family_or_duplex","NEW BUILDING","1","975000","Pinnacle Properties & Construction Services Inc","2022-RESCON-0004925","0605303009000","39.732280438944635","-104.91528772371103"
"Wellshire","2781 S Jackson St SFD, DENVER, CO","2026-08-25","2026","single_family_or_duplex","New Building","1","847000","Living Craft Llc","2025-RESCON-0001782","0536103022000","39.66568227305607","-104.94310915650475"
"Wellshire","2871 S Steele ST, DENVER, CO","2026-08-20","2026","single_family_or_duplex","New Building","1","250000","Mile High Custom Builders Llc","2026-RESCON-0002039","0536119014000","39.6647879579746","-104.94966288898495"
"Wellshire","2834 S Adams ST SFR, DENVER, CO","2026-07-02","2026","single_family_or_duplex","New Building","1","822000","Faulkner Grey Homes Llc","2025-RESCON-0003458","0536121009000","39.66546639077911","-104.94797738121139"
"Wellshire","2837 S Adams ST, DENVER, CO","2026-04-02","2026","single_family_or_duplex","New Building","1","630000","Dokken Built Llc.","2025-RESCON-0003531","0536120018000","39.665299403397555","-104.94866426659605"
"Wellshire","2980 S Madison St, DENVER, CO","2025-10-30","2025","single_family_or_duplex","New Building","1","725000","Dokken Built Llc.","2025-RESCON-0002038","0536127009000","39.66319807930828","-104.94608774620912"
"Wellshire","2871 S Steele ST SFD, DENVER, CO","2024-06-27","2024","single_family_or_duplex","New Building","1","631790","Dokken Built Llc.","2023-RESCON-0001014","0536119014000","39.66479128522095","-104.94978718839522"
"Wellshire","2901 S Adams ST, DENVER, CO","2024-06-14","2024","single_family_or_duplex","New Building","0","975000","Weaver'S Construction Llc","2023-RESCON-0003347","0536125009000","39.6644443484168","-104.94839746616734"
"Wellshire","2975 S Madison ST SFR, DENVER, CO","2024-06-03","2024","single_family_or_duplex","New Building","0","650000","Home Owner","2023-RESCON-0002870","0536123023000","39.663582027956245","-104.94658556397177"
"Wellshire","3055 S Garfield ST SFD, DENVER, CO","2024-04-25","2024","single_family_or_duplex","New Building","0","703522","Home Owner","2024-RESCON-0000440","0536134015000","39.661595228349796","-104.94443450116262"
"Wellshire","2773 S GARFIELD ST SFD, DENVER, CO","2024-02-08","2024","single_family_or_duplex","NEW BUILDING","1","850000","Coreventure Llc","2022-RESCON-0005372","0536104007000","39.665837616246314","-104.94402794824043"
"Wellshire","2958 S COOK ST, DENVER, CO","2024-02-06","2024","single_family_or_duplex","NEW BUILDING","0","800000","Jones Custom Builders Inc","2023-RESCON-0003793","0536123015000","39.663770493219644","-104.94696415381684"
"Wellshire","2900 S ADAMS ST SFD, DENVER, CO","2024-01-02","2024","single_family_or_duplex","NEW BUILDING","1","665266","Grey Design Build","2022-RESCON-0005995","0536124001000","39.66462541095234","-104.9477850729124"
"Five Points","2715 N Downing ST *SFR*, DENVER, CO","2026-05-11","2026","single_family_or_duplex","New Building","1","229066","Hunter Leggitt Studio Llc","2023-RESCON-0001131","0226404030000","39.75608229433457","-104.9735095156072"
"Five Points","3285 Lawrence ST, DENVER, CO","2024-08-08","2024","single_family_or_duplex","New Building","0","419090","Harko Construction Llc","2023-RESCON-0000477","0226313035000","39.76440475401548","-104.9763319107901"
"Five Points","3295 Lawrence ST, DENVER, CO","2024-08-08","2024","single_family_or_duplex","New Building","1","419040","Harko Construction Llc","2022-RESCON-0003820","0226313036000","39.764451136675774","-104.97626753474329"
"Five Points","3275 Lawrence ST, DENVER, CO","2024-08-08","2024","single_family_or_duplex","New Building","1","419040","Harko Construction Llc","2022-RESCON-0003828","0226313034000","39.76436110064479","-104.97639270917263"
"Five Points","3416 Lawrence St 1/2 DUPLEX, DENVER, CO","2024-05-20","2024","single_family_or_duplex","New Building","1","358015","Denver Construction Management, Llc","2023-RESCON-0000547","0226306008000","39.765507487184706","-104.97429247740682"
"Five Points","3414 Lawrence 1/2 DUPLEX, DENVER, CO","2024-05-20","2024","single_family_or_duplex","New Building","1","358015","Denver Construction Management, Llc","2023-RESCON-0000548","0226306008000","39.76543619281234","-104.97431079942916"
"Five Points","1016 28th ST, DENVER, CO","2024-03-07","2024","single_family_or_duplex","New Building","1","416000","Abraham Properties Llc","2023-RESCON-0003011","0227624024000","39.7585827089566","-104.98081085968602"
"Five Points","2751 CURTIS 1/2 DUPLEX, DENVER, CO","2024-02-20","2024","single_family_or_duplex","NEW BUILDING","1","230650","Abraham Properties Llc","2023-RESCON-0000998","0227624022000","39.75832436540452","-104.98074519062372"
"Five Points","2753 CURTIS ST 1/2 DUPLEX, DENVER, CO","2024-02-20","2024","single_family_or_duplex","NEW BUILDING","1","230016","Abraham Properties Llc","2023-RESCON-0001000","0227624022000","39.75840966917891","-104.98079079965555"
"Five Points","3055 STOUT ST SFD, DENVER, CO","2024-02-01","2024","single_family_or_duplex","NEW BUILDING","1","860000","Elemental Homes Llc","2023-RESCON-0000695","0227603027000","39.75965754573014","-104.97556349342172"
"Athmar Park","324 S Navajo St, DENVER, CO","2026-04-14","2026","single_family_or_duplex","New Building","0","300000","Tapia-Construction Llc","2024-RESCON-0002460","0516104009000","39.70992279878372","-105.00372383898764"
"Athmar Park","334 S Navajo St, DENVER, CO","2026-04-14","2026","single_family_or_duplex","New Building","0","300000","Tapia-Construction Llc","2024-RESCON-0002459","0516104009000","39.70991181795452","-105.00372391665483"
"Athmar Park","1288 W Nevada Pl, DENVER, CO","2026-04-14","2026","single_family_or_duplex","New Building","0","300000","Tapia-Construction Llc","2024-RESCON-0002463","0516104009000","39.71012019964164","-105.00366201729983"
"Athmar Park","314 S Navajo St, DENVER, CO","2026-04-14","2026","single_family_or_duplex","New Building","0","300000","Tapia-Construction Llc","2024-RESCON-0002461","0516104009000","39.70997495772163","-105.00372347006814"
"Athmar Park","1298 W Nevada Pl, DENVER, CO","2026-04-14","2026","single_family_or_duplex","New Building","0","300000","Tapia-Construction Llc","2024-RESCON-0002462","0516104009000","39.71012025963507","-105.00367623463339"
"Athmar Park","344 S Navajo St, DENVER, CO","2026-04-13","2026","single_family_or_duplex","New Building","0","300000","Tapia-Construction Llc","2023-RESCON-0004815","0516104009000","39.70985964401867","-105.00372073125345"
"Athmar Park","812 S Eliot ST, DENVER, CO","2025-11-13","2025","single_family_or_duplex","New Building","1","384630","Backyard Storage Solutions Llc","2025-RESCON-0002946","0517410027000","39.701788552534154","-105.02365901310758"
"Athmar Park","400 S Decatur ST, DENVER, CO","2025-06-24","2025","single_family_or_duplex","New Building","1","274250","Little Home Builders","2025-RESCON-0001298","0517111001000","39.709149366282595","-105.02247163628725"
"Athmar Park","359 S Dale CT, DENVER, CO","2025-06-06","2025","single_family_or_duplex","New Building","1","300000","Fitzsimmons Mark","2024-RESCON-0003489","0517106021000","39.709895965743506","-105.0217663323534"
"Athmar Park","369 S DALE CT, DENVER, CO","2025-06-06","2025","single_family_or_duplex","New Building","1","300000","Fitzsimmons Mark","2024-RESCON-0003490","0517106021000","39.70987674927183","-105.02176646332957"
"Barnum","3831 W 3rd AVE SFR, DENVER, CO","2026-03-04","2026","single_family_or_duplex","New Building","1","350000","H.A. Custom Homes Inc","2024-RESCON-0003542","0507119023000","39.7215322098476","-105.03799743719006"
"Barnum","125 S OSCEOLA ST 1/2, DENVER, CO","2025-11-05","2025","single_family_or_duplex","New Building","1","211680","Pettersen Brent L","2025-RESCON-0003653","0507420029000","39.71438113475683","-105.03879455851786"
"Barnum","446 N King ST SFD, DENVER, CO","2024-12-30","2024","single_family_or_duplex","New Building","1","494000","Home Owner","2024-RESCON-0002169","0508310005000","39.72380963775007","-105.03353141193244"
"Barnum","125 S OSCEOLA ST 1/2, DENVER, CO","2024-09-16","2024","single_family_or_duplex","New Building","1","211680","Jenkins Larry W","2023-RESCON-0001874","0507420029000","39.71444395397344","-105.03871238859126"
"Barnum","125 S OSCEOLA ST, DENVER, CO","2024-06-26","2024","single_family_or_duplex","New Building","1","545720","Home Owner","2023-RESCON-0001873","0507420029000","39.71444395397344","-105.03871238859126"
"Barnum","3738 W 1st Ave, DENVER, CO","2024-06-05","2024","single_family_or_duplex","New Building","1","216476","Redt Construction Llc","2023-RESCON-0003746","0507402019000","39.71800450044953","-105.03659517820019"
"Barnum","3718 W 1st Ave, DENVER, CO","2024-06-05","2024","single_family_or_duplex","New Building","1","213564","Redt Construction Llc","2023-RESCON-0003745","0507402019000","39.718003744107264","-105.03640322109605"
"Barnum","3728 W 1st Ave, DENVER, CO","2024-06-05","2024","single_family_or_duplex","New Building","1","213564","Redt Construction Llc","2023-RESCON-0003747","0507402019000","39.71800412231985","-105.03649920023074"
"Barnum","81 N Meade ST, DENVER, CO","2024-06-01","2024","single_family_or_duplex","New Building","1","216450","Redt Construction Llc","2023-RESCON-0002030","0507402019000","39.71797304245837","-105.03627545007163"
"Speer","54 S Pennsylvania ST 1/2 Duplex, DENVER, CO","2026-03-02","2026","single_family_or_duplex","New Building","1","295928","5280 Construction & Development Llc","2025-RESCON-0001786","0510414010000","39.71558525456569","-104.98120369933216"
"Speer","56 S Pennsylvania St 1/2 Duplex Unit, DENVER, CO","2026-03-02","2026","townhome_or_attached","New Building","1","290921","5280 Construction & Development Llc","2025-RESCON-0001801","0510414010000","39.715505973022395","-104.98127893464563"
"Speer","56 S Pennsylvania St 1/2 Duplex Unit, DENVER, CO","2026-03-02","2026","townhome_or_attached","New Building","1","290921","5280 Construction & Development Llc","2025-RESCON-0001802","0510414010000","39.715505973022395","-104.98127893464563"
"Speer","54 S Pennsylvania ST 1/2 Duplex, DENVER, CO","2026-03-02","2026","single_family_or_duplex","New Building","1","290921","5280 Construction & Development Llc","2025-RESCON-0001787","","39.71558525456569","-104.98120369933216"
"Speer","268 S Logan ST, DENVER, CO","2025-09-04","2025","single_family_or_duplex","New Building","1","225000","Corebuild Construction Llc","2024-RESCON-0004202","0510432013000","39.711725533097","-104.98248698854295"
"Speer","245 S Emerson ST, DENVER, CO","2025-07-08","2025","single_family_or_duplex","New Building","1","515000","Dougherty Land Builders","2024-RESCON-0002785","0511417020000","39.71207779427308","-104.97709569128422"
"Speer","243 S Emerson ST, DENVER, CO","2025-07-07","2025","townhome_or_attached","New Building","2","515000","Dougherty Land Builders","2024-RESCON-0002783","0511417020000","39.712113466079934","-104.97709187088537"
"Speer","21 S Pennsylvania ST 1/2 Duplex, DENVER, CO","2024-10-15","2024","single_family_or_duplex","New Building","1","300000","J&M Development","2024-RESCON-0000923","0510413115000","39.71607880829636","-104.98169060583767"
"Speer","21 S Pennsylvania ST 1/2 Duplex, DENVER, CO","2024-10-15","2024","single_family_or_duplex","New Building","1","300000","J&M Development","2024-RESCON-0000925","0510413115000","39.71607880829636","-104.98169060583767"
"Valverde","2625 W 1st 1/2 UNIT, DENVER, CO","2026-09-17","2026","townhome_or_attached","New Building","1","241000","Little Home Builders","2026-RESCON-0001718","0508408009000","39.71857960135664","-105.01914407674055"
"Valverde","463 N Decatur St 459, DENVER, CO","2026-03-16","2026","single_family_or_duplex","New Building","1","384000","Amquist Construction Llc","2025-RESCON-0001110","0508117003000","39.723226282211755","-105.0222478299081"
"Valverde","455 N Decatur 455, DENVER, CO","2025-09-07","2025","single_family_or_duplex","New Building","1","334000","Amquist Construction Llc","2025-RESCON-0000052","0508117003000","39.723014886687416","-105.02224571448059"
"Valverde","457 N Decatur, DENVER, CO","2025-07-25","2025","single_family_or_duplex","New Building","1","334000","Amquist Construction Llc","2025-RESCON-0001106","0508117003000","39.723064285802025","-105.02224182296594"
"Valverde","461 N Decatur, DENVER, CO","2025-07-25","2025","single_family_or_duplex","New Building","1","334000","Amquist Construction Llc","2025-RESCON-0001109","0508117003000","39.72316312824022","-105.02224470490842"
"Valverde","459 N Decatur, DENVER, CO","2025-07-25","2025","single_family_or_duplex","New Building","1","334000","Amquist Construction Llc","2025-RESCON-0001108","0508117003000","39.72311371378975","-105.02224504143705"
"Valverde","2905 W 4th, DENVER, CO","2024-05-21","2024","single_family_or_duplex","New Building","1","380494","H.A. Custom Homes Inc","2022-RESCON-0005130","0508124040000","39.72218508866388","-105.02342097830373"
"Valverde","2901 W 4th AVE 1/2 DUPLEX, DENVER, CO","2024-05-20","2024","single_family_or_duplex","New Building","1","380494","H.A. Custom Homes Inc","2022-RESCON-0005128","0508124040000","39.722187387366255","-105.02331075623805"
"Northeast Park Hill","3598 N Grape 2, DENVER, CO","2025-11-03","2025","single_family_or_duplex","New Building","1","375000","Joe Klopfenstein Llc","2024-RESCON-0002861","0130107031000","39.76728357944307","-104.9243907839786"
"Northeast Park Hill","3598 N Grape 2, DENVER, CO","2025-11-03","2025","single_family_or_duplex","New Building","1","375000","Joe Klopfenstein Llc","2024-RESCON-0002862","0130107031000","39.76732946392044","-104.92423032611705"
"Northeast Park Hill","3596 N Grape 1, DENVER, CO","2025-08-19","2025","single_family_or_duplex","New Building","1","375000","Joe Klopfenstein Llc","2024-RESCON-0002858","0130107031000","39.767181991139445","-104.92438806072323"
"Northeast Park Hill","3596 N Grape 2, DENVER, CO","2025-08-18","2025","single_family_or_duplex","New Building","1","375000","Joe Klopfenstein Llc","2024-RESCON-0002859","0130107031000","39.76722791041187","-104.92423471751297"
"Northeast Park Hill","3590 N Grape ST 1, DENVER, CO","2025-08-18","2025","single_family_or_duplex","New Building","1","375000","Joe Klopfenstein Llc","2024-RESCON-0002852","0130107031000","39.76702553580858","-104.924392902653"
"Northeast Park Hill","3590 N Grape ST 2, DENVER, CO","2025-08-18","2025","single_family_or_duplex","New Building","1","375000","Joe Klopfenstein Llc","2024-RESCON-0002853","0130107031000","39.766972578014254","-104.92422969981305"
"Northeast Park Hill","3594 N Grape ST 1, DENVER, CO","2025-08-18","2025","single_family_or_duplex","New Building","1","375000","Joe Klopfenstein Llc","2024-RESCON-0002855","0130107031000","39.76712436068831","-104.92439209125044"
"Northeast Park Hill","3594 N Grape ST 2, DENVER, CO","2025-08-18","2025","single_family_or_duplex","New Building","1","375000","Joe Klopfenstein Llc","2024-RESCON-0002856","0130107031000","39.767074165428845","-104.9242324228382"
"Virginia Village","2078 S Holly St 4 Unit, DENVER, CO","2025-03-17","2025","townhome_or_attached","New Building","1","241833","Lokal Communities, Llc","2025-RESCON-0000726","0629200119000","39.68007341590513","-104.92207526635003"
"Virginia Village","2076 S Holly ST 1 UNIT, DENVER, CO","2025-03-17","2025","townhome_or_attached","New Building","1","241833","Lokal Communities, Llc","2024-RESCON-0003889","0629200120000","39.67992195713824","-104.92198058423065"
"Virginia Village","2078 S Holly ST 1 UNIT, DENVER, CO","2025-03-17","2025","townhome_or_attached","New Building","1","241833","Lokal Communities, Llc","2024-RESCON-0003890","0629200116000","39.68021851094588","-104.9219923540497"
"Virginia Village","2076 S Holly St 4 Unit, DENVER, CO","2025-03-17","2025","townhome_or_attached","New Building","1","241832","Lokal Communities, Llc","2025-RESCON-0000390","0629200120000","39.67979616506507","-104.92208110189375"
"Virginia Village","2078 S Holly St 3 Unit, DENVER, CO","2025-03-17","2025","townhome_or_attached","New Building","1","222390","Lokal Communities, Llc","2025-RESCON-0000725","0629200118000","39.68017498910557","-104.92207443008793"
"Virginia Village","2078 S Holly St 2 Unit, DENVER, CO","2025-03-17","2025","townhome_or_attached","New Building","1","204221","Lokal Communities, Llc","2025-RESCON-0000723","0629200117000","39.680232656222465","-104.9220775082528"
"Virginia Village","2076 S Holly St 2 Unit, DENVER, CO","2025-03-17","2025","townhome_or_attached","New Building","1","204221","Lokal Communities, Llc","2025-RESCON-0000387","0629200121000","39.679949898390774","-104.92207983620919"
"Virginia Village","1720 S Fairfax St, DENVER, CO","2024-04-09","2024","single_family_or_duplex","New Building","1","300000","Morningstar Construction","2022-RESCON-0002212","0619426003000","39.685370038223624","-104.92843098910569"
"Congress Park","960 N Monroe ST, DENVER, CO","2026-08-12","2026","single_family_or_duplex","New Building","0","685000","Anderson Construction Llc","2026-RESCON-0001751","0501415003000","39.73162439194384","-104.94477228365835"
"Congress Park","1464 N N Fillmore ST, DENVER, CO","2026-07-08","2026","single_family_or_duplex","New Building","0","625000","Tk Morrison Construction Llc","2026-RESCON-0000594","0501203040000","39.73938714986335","-104.95278637410003"
"Congress Park","1464 N N Fillmore ST, DENVER, CO","2026-07-08","2026","single_family_or_duplex","New Building","0","625000","Tk Morrison Construction Llc","2026-RESCON-0000593","0501203040000","39.73938714986335","-104.95278637410003"
"Congress Park","1110 N Jackson St, DENVER, CO","2026-03-04","2026","single_family_or_duplex","New Building","0","313485","Home Owner","2026-RESCON-0000179","0501137010000","39.73396741270803","-104.94272345015351"
"Congress Park","1136 N Fillmore ST SFR, DENVER, CO","2025-10-19","2025","single_family_or_duplex","New Building","1","235200","Casey Pinter","2025-RESCON-0001262","0501238006000","39.73431899084811","-104.9527050216023"
"Congress Park","720 N Madison St SFR, DENVER, CO","2025-08-22","2025","single_family_or_duplex","New Building","1","916037","Rubicon Construction Llc","2024-RESCON-0004240","0501514010000","39.727832883025805","-104.9458795678917"
"Congress Park","1248 N Josephine 2 UNIT, DENVER, CO","2024-05-21","2024","townhome_or_attached","New Building","1","285350","Renovar Inc","2022-RESCON-0001246","0501228084000","39.73611618472904","-104.95843001858132"
"Regis","4421 W 50th Ave, DENVER, CO","2026-08-13","2026","single_family_or_duplex","New Building","1","499420","Bulldog Renovations Llc","2024-RESCON-0002609","0218304011000","39.78760266076725","-105.04450784210572"
"Regis","4419 W 50th AVE, DENVER, CO","2026-08-13","2026","single_family_or_duplex","New Building","1","499420","Bulldog Renovations Llc","2024-RESCON-0002608","0218304011000","39.787599392527014","-105.04437264564945"
"Regis","5040 N Tennyson ST SFR, DENVER, CO","2026-07-01","2026","single_family_or_duplex","New Building","1","783700","Columbine Home Builders","2026-RESCON-0000777","0218409007000","39.78828856410141","-105.04369562736404"
"Regis","4890 N Hooker ST SFR, DENVER, CO","2026-04-02","2026","single_family_or_duplex","New Building","1","300000","Payan Construction","2025-RESCON-0001255","0217314001000","39.785447782169236","-105.02849544437592"
"Regis","5071 N Stuart ST, DENVER, CO","2025-05-09","2025","single_family_or_duplex","New Building","1","570000","Tk Morrison Construction Llc","2025-RESCON-0000331","0218409020000","39.78881845773913","-105.04300540061244"
"Regis","5175 N Raleigh ST, DENVER, CO","2024-08-27","2024","single_family_or_duplex","New Building","1","1100000","Mule Construction Inc","2023-RESCON-0004228","0218407017000","39.79052675014345","-105.04179148145538"
"Skyland","2642 JOSEPHINE SFD, DENVER, CO","2026-03-31","2026","single_family_or_duplex","New Building","1","489238","Revo Renovations Llc","2025-RESCON-0000623","0225348003000","39.7552749174435","-104.95832472464123"
"Skyland","3140 E 28th AVE, DENVER, CO","2026-03-11","2026","single_family_or_duplex","New Building","1","300000","Blend Builders Inc","2025-RESCON-0003870","0225435014000","39.75684000290633","-104.95068679907014"
"Skyland","2636 N Josephine St, DENVER, CO","2026-02-28","2026","single_family_or_duplex","New Building","0","932446","Revo Renovations Llc","2025-RESCON-0003288","0225348004000","39.75518431009194","-104.95832186786178"
"Skyland","2924 N Columbine ST SFR, DENVER, CO","2024-12-20","2024","single_family_or_duplex","New Building","1","530000","Larraz Building Excellence Inc","2024-RESCON-0002819","0225324029000","39.75880246128984","-104.95710945961686"
"Skyland","2600 N Monroe ST SFD, DENVER, CO","2024-10-24","2024","single_family_or_duplex","New Building","1","480000","Lumen Homes Llc","2024-RESCON-0002552","0225441018000","39.75469720998964","-104.94510175313374"
"Skyland","2610 N Monroe ST SFR, DENVER, CO","2024-07-18","2024","single_family_or_duplex","New Building","1","530000","Solid Ground Construction Corp","2024-RESCON-0000962","0225441019000","39.75483724718188","-104.94510775836244"
"Lincoln Park","1171 W 9th AVE, DENVER, CO","2025-10-08","2025","single_family_or_duplex","New Building","1","300000","Denver Design Build Llc","2024-RESCON-0000763","0504410044000","39.73062780074958","-105.00243959356165"
"Lincoln Park","910 N Mariposa ST 1, DENVER, CO","2025-09-08","2025","single_family_or_duplex","New Building","1","320000","Denver Design Build Llc","2025-RESCON-0000893","0504410015000","39.73078630063952","-105.00226780587599"
"Lincoln Park","900 N Mariposa ST 1/2 UNIT, DENVER, CO","2025-09-08","2025","townhome_or_attached","New Building","1","300000","Denver Design Build Llc","2024-RESCON-0000764","","39.730658584105335","-105.0025780401068"
"Lincoln Park","910 N Mariposa ST 2, DENVER, CO","2025-09-08","2025","single_family_or_duplex","New Building","1","300000","Denver Design Build Llc","2025-RESCON-0000894","","39.73074513788464","-105.00227165344742"
"Lincoln Park","847 N Mariposa ST SFD, DENVER, CO","2025-04-07","2025","single_family_or_duplex","New Building","1","410617","Ryan Homes Inc","2024-RESCON-0002522","0504416027000","39.729886633886366","-105.00310260872621"
"Washington Virginia Vale","807 S Leyden ST SFR, DENVER, CO","2025-06-26","2025","single_family_or_duplex","New Building","1","450000","Ridge Construction Inc","2024-RESCON-0003567","0617306038000","39.70167948910851","-104.91547873223469"
"Washington Virginia Vale","5124 E DAKOTA AVE, DENVER, CO","2024-01-04","2024","single_family_or_duplex","NEW BUILDING","1","201224","Habitat For Humanity Of Metro Denver Inc","2023-RESCON-0005060","0618123029000","39.70928502619465","-104.92796959584346"
"Washington Virginia Vale","5146 E DAKOTA AVE, DENVER, CO","2024-01-04","2024","single_family_or_duplex","NEW BUILDING","1","201224","Habitat For Humanity Of Metro Denver Inc","2023-RESCON-0005063","0618123030000","39.70928951382301","-104.92776340319679"
"Washington Virginia Vale","5088 E DAKOTA, DENVER, CO","2024-01-04","2024","single_family_or_duplex","NEW BUILDING","1","201224","Habitat For Humanity Of Metro Denver Inc","2023-RESCON-0004759","0618123023000","39.70928122930975","-104.92831796057088"
"Washington Virginia Vale","5112 E DAKOTA AVE, DENVER, CO","2024-01-04","2024","single_family_or_duplex","NEW BUILDING","1","201224","Habitat For Humanity Of Metro Denver Inc","2023-RESCON-0005059","0618123028000","39.70928024444136","-104.92811536698088"
"Jefferson Park","2736 N Clay ST, DENVER, CO","2024-09-18","2024","single_family_or_duplex","New Building","1","362000","Zisou Projects Llc","2024-RESCON-0001316","0229424005000","39.75680938546099","-105.02030106898178"
"Jefferson Park","2738 N Clay ST, DENVER, CO","2024-09-18","2024","single_family_or_duplex","New Building","1","362000","Zisou Projects Llc","2024-RESCON-0001317","0229424005000","39.75681387533978","-105.0200556188571"
"Jefferson Park","2060 N Eliot, DENVER, CO","2024-05-29","2024","single_family_or_duplex","New Building","0","373120","Unrealconstruction Llc","2023-RESCON-0003105","0232131018000","39.74851760594192","-105.02340205832823"
"Jefferson Park","2090 N Eliot, DENVER, CO","2024-05-14","2024","single_family_or_duplex","New Building","1","456683","Unrealconstruction Llc","2023-RESCON-0002254","0232131017000","39.74863296076501","-105.02341549988434"
"Jefferson Park","2088 N Eliot, DENVER, CO","2024-05-14","2024","single_family_or_duplex","New Building","1","456683","Unrealconstruction Llc","2023-RESCON-0002246","0232131017000","39.74859451395856","-105.02341220478992"
"Westwood","4940 W Ohio AVE, DENVER, CO","2024-07-30","2024","single_family_or_duplex","New Building","1","355000","Grace Scott Homes Llc","2024-RESCON-0002379","0518322005000","39.702126777959215","-105.05101567694037"
"Westwood","788 S Quitman ST SFR, DENVER, CO","2024-04-09","2024","single_family_or_duplex","New Building","1","249534","H.A. Custom Homes Inc","2023-RESCON-0002858","0518403004000","39.70241338370078","-105.04063602394602"
"Westwood","786 S Quitman ST SFR, DENVER, CO","2024-04-08","2024","single_family_or_duplex","New Building","1","249534","H.A. Custom Homes Inc","2023-RESCON-0002857","0518403004000","39.702503990758245","-105.04063898486146"
"Westwood","3224 W Dakota AVE, DENVER, CO","2024-03-19","2024","single_family_or_duplex","New Building","1","200000","H.A. Custom Homes Inc","2023-RESCON-0004547","0517210007000","39.709320336332915","-105.02878664434307"
"Westwood","3226 W Dakota Ave, DENVER, CO","2024-03-19","2024","single_family_or_duplex","New Building","1","200000","H.A. Custom Homes Inc","2024-RESCON-0000363","0517210007000","39.7090926252221","-105.02882371740357"
"Country Club","485 N Lafayette ST SFR, DENVER, CO","2026-08-27","2026","single_family_or_duplex","New Building","1","800000","Dublin Homes Llc","2025-RESCON-0000881","0511209024000","39.7234370813126","-104.97079310061984"
"Country Club","480 N Humboldt ST SFR, DENVER, CO","2026-03-31","2026","single_family_or_duplex","New Building","1","800000","A J Kirkegaard Contractors Inc","2025-RESCON-0003527","0511110002000","39.72341089841254","-104.96924681729655"
"Country Club","301 N Gaylord St SFR, DENVER, CO","2025-04-16","2025","single_family_or_duplex","New Building","1","919000","Larsen Development Company","2025-RESCON-0000255","0511122010000","39.72118039766919","-104.96110493177453"
"Country Club","715 N Gilpin ST, DENVER, CO","2025-02-05","2025","single_family_or_duplex","New Building","0","600000","Rosewater Construction Llc","2024-RESCON-0003256","0502419015000","39.727602653815744","-104.96735921375613"
"North Park Hill","2910 N Fairfax St SFD, DENVER, CO","2026-04-02","2026","single_family_or_duplex","New Building","1","540144","Vertical Management Group Llc","2025-RESCON-0000511","0130412024000","39.75864533521756","-104.92799016884241"
"North Park Hill","2500 N Kearney ST SFR, DENVER, CO","2025-08-22","2025","single_family_or_duplex","New Building","1","540000","Columbine Home Builders","2025-RESCON-0000905","0132204011000","39.75310457676099","-104.91719115909528"
"North Park Hill","2814 N Elm ST, DENVER, CO","2024-04-05","2024","single_family_or_duplex","New Building","1","515830","E.N.D. Construction Llc","2023-RESCON-0005091","0130422010000","39.756844654703805","-104.92916438612947"
"North Park Hill","2557 N Forest ST, DENVER, CO","2024-03-05","2024","single_family_or_duplex","New Building","1","800000","Bacon Builders Inc","2023-RESCON-0001907","0131105006000","39.75390912947015","-104.92729612847734"
"Lowry Field","79 N Rampart Way 202 Unit, DENVER, CO","2026-09-17","2026","townhome_or_attached","New Building","0","734600","Wall Custom Homes Llc","2026-RESCON-0001746","0609201190000","39.71930003334241","-104.89774566051355"
"Lowry Field","79 N Rampart WAY 201 BLDG, DENVER, CO","2026-09-17","2026","townhome_or_attached","New Building","0","734600","Wall Custom Homes Llc","2026-RESCON-0000992","0609201190000","39.71927276354121","-104.8977814438966"
"Lowry Field","79 N Rampart Way 203 Unit, DENVER, CO","2026-09-17","2026","townhome_or_attached","New Building","0","734600","Wall Custom Homes Llc","2026-RESCON-0001747","0609201190000","39.719341393007724","-104.89778085477401"
"Windsor","10191 E Mississippi AVE SFD, DENVER, CO","2026-09-04","2026","single_family_or_duplex","New Building","1","280000","Global Epc Services Inc","2026-RESCON-0001152","0615415010000","39.69697057749802","-104.8696383043379"
"Windsor","888 S Valentia St 101 Unit, DENVER, CO","2025-02-03","2025","townhome_or_attached","New Building","1","238413","Koelbel Urban Homes Llc","2024-RESCON-0004217","0616400178000","39.701482756485284","-104.89130939393999"
"Windsor","888 S Valentia St 104 Unit, DENVER, CO","2025-02-03","2025","townhome_or_attached","New Building","1","238413","Koelbel Urban Homes Llc","2024-RESCON-0004220","0616400178000","39.70131579528065","-104.89140680072114"
"Whittier","2505 N Gaylord, DENVER, CO","2026-07-01","2026","single_family_or_duplex","New Building","1","480000","Tk Morrison Construction Llc","2025-RESCON-0003730","0235102026000","39.753374730129885","-104.96121317591174"
"Whittier","2521 N Gaylord ST, DENVER, CO","2024-09-13","2024","single_family_or_duplex","New Building","1","600000","Tk Morrison Construction Llc","2023-RESCON-0004868","0235102029000","39.753695865469844","-104.96120003840572"
"Whittier","2515 N Gaylord ST, DENVER, CO","2024-07-31","2024","single_family_or_duplex","New Building","1","600000","Tk Morrison Construction Llc","2023-RESCON-0004791","0235102028000","39.753594327254824","-104.96120793192604"
"Globeville","5004 N Lincoln ST 1/2, DENVER, CO","2026-02-09","2026","single_family_or_duplex","New Building","1","260000","Superior Enterprises Llc","2024-RESCON-0003827","0215406014000","39.787574081441356","-104.98620409869541"
"Globeville","5004 N Lincoln ST, DENVER, CO","2026-01-02","2026","single_family_or_duplex","New Building","1","600000","Superior Enterprises Llc","2024-RESCON-0003826","0215406014000","39.787574081441356","-104.98620409869541"
"Chaffee Park","4804 N Umatilla ST SFR, DENVER, CO","2025-10-23","2025","single_family_or_duplex","New Building","1","370350","Rrs Enterprises Inc","2023-RESCON-0004425","0216322024000","39.783948290216955","-105.01217345313596"
"Chaffee Park","4940 N DECATUR ST, DENVER, CO","2024-01-30","2024","single_family_or_duplex","NEW BUILDING","0","385509","Radiant Homes Llc","2023-RESCON-0004186","0217421007000","39.78645644433183","-105.02130086466745"
"College View - South Platte","2635 W Amherst AVE SFR, DENVER, CO","2025-10-02","2025","single_family_or_duplex","New Building","0","225000","Home Owner","2024-RESCON-0001786","0532104015000","39.66550370932773","-105.01961414969806"
"College View - South Platte","2003 W ASBURY, DENVER, CO","2024-01-02","2024","single_family_or_duplex","NEW BUILDING","1","314000","H.A. Custom Homes Inc","2022-RESCON-0005002","0528203046000","39.68075703359813","-105.01168615113514"
"Capitol Hill","920 N Ogden ST 1/2, DENVER, CO","2026-05-07","2026","single_family_or_duplex","New Building","1","350000","Prenvalley Builders","2025-RESCON-0002816","0502306011000","39.730889884752614","-104.97493947968648"
"Barnum West","275 N Stuart ST SFR, DENVER, CO","2026-05-06","2026","single_family_or_duplex","New Building","1","221788","Del Mar Building Services Llc","2024-RESCON-0003881","0507125001000","39.72114200806656","-105.04352802844336"
"Hampden","7531 E Dartmouth AVE, DENVER, CO","2026-04-20","2026","single_family_or_duplex","New Building","1","325000","Krick Db","2025-RESCON-0004121","0633203017000","39.66048666215619","-104.89933702179808"
"City Park","1615 N Garfield ST SFR, DENVER, CO","2025-03-13","2025","single_family_or_duplex","New Building","1","575244","Tk Morrison Construction Llc","2025-RESCON-0000109","0236404013000","39.742252654734614","-104.944464107521"
"East Colfax","8740 E Montview BLVD, DENVER, CO","2024-06-20","2024","single_family_or_duplex","New Building","1","217000","Krick Dbd","2023-RESCON-0004193","0133402001000","39.74725521991724","-104.88656267353157"