historicDistrict,opportunityType,priorityScore,growthNeighborhood,address,zip,ownerName,zoning,lotSqft,publicResidentialYearBuilt,lastSaleDate,yearsOwned,nearbyPermitsOneMile,apn,lat,lng
Witter - Cofield,secondary_old_house,1624,West Colfax,"2449 N HOOKER ST, DENVER, CO 80211",80211,"PADILLA,KENNETH A",U-SU-C1,10300,1898,1990,36,155,232210016000,39.753419733888,-105.0287895810683
University Park,secondary_old_house,1605,University Hills,"2140 S CLAYTON ST, DENVER, CO 80210",80210,"JANOWIAK,KEVIN PAUL",U-SU-C,9600,1891,2020,6,137,525218030000,39.67755519263291,-104.954638684597
University Park,secondary_old_house,1603,University Hills,"2174 S COLUMBINE ST, DENVER, CO 80210",80210,"WESTER,MATTHEW & HEIDI",U-SU-C,7500,1919,2009,17,138,525219007000,39.67696841709789,-104.95610256014422
Witter - Cofield,secondary_old_house,1599,West Colfax,"3257 W 23RD AVE, DENVER, CO 80211",80211,"JULIEN,JON M",U-SU-C1,10500,1923,2018,8,159,232215006000,39.751494403616555,-105.02964350594283
University Park,secondary_old_house,1584,University Hills,"2111 S FILLMORE ST, DENVER, CO 80210",80210,"PAHL,BARBARA H",U-SU-C,7500,1892,2009,17,136,525218021000,39.678089894010284,-104.95410509258987
Witter - Cofield,secondary_old_house,1573,West Colfax,"3035 W 25TH AVE, DENVER, CO 80211",80211,PEOPLE HOUSE,U-SU-C1,9370,1890,2012,14,153,232201011000,39.753939563272795,-105.026161924393
Witter - Cofield,secondary_old_house,1570,West Colfax,"2435 N HOOKER ST, DENVER, CO 80211",80211,"LABARGE,ANDREW",U-SU-C1,9950,1885,2020,6,152,232210014000,39.753170004640076,-105.028903473833
Witter - Cofield,secondary_old_house,1559,West Colfax,"2237 N GROVE ST, DENVER, CO 80211",80211,"GUTHRIE,WILLIAM H JR",U-SU-C1,8440,1907,2010,16,153,232223021000,39.75088389783444,-105.02720949352167
Witter - Cofield,secondary_old_house,1559,West Colfax,"2206 N HOOKER ST, DENVER, CO 80211",80211,"MORROW,GREGORY J",U-SU-C1,12700,1891,2014,12,154,232223008000,39.75030619862537,-105.02812290314463
Witter - Cofield,secondary_old_house,1551,West Colfax,"2131 N GROVE ST, DENVER, CO 80211",80211,"GONZALES,DONALD RAMON",U-SU-C1,8470,1949,1993,33,153,232226018000,39.74947957984743,-105.02722204847058
Witter - Cofield,secondary_old_house,1551,West Colfax,"2229 N GROVE ST, DENVER, CO 80211",80211,"SCHALLER,ROBERT G",U-SU-C1,8450,1904,2017,9,153,232223016000,39.75071412543229,-105.02722546483558
Witter - Cofield,secondary_old_house,1548,West Colfax,"2143 N GROVE ST, DENVER, CO 80211",80211,"TANKO,FRANCES K",U-SU-C1,12700,1886,2006,20,153,232226017000,39.74979402974,-105.02724660820391
Allen M. Ghost,secondary_old_house,1545,West Colfax,"3467 W 29TH AVE, DENVER, CO 80211",80211,"NIELSON,E KAREN & PETER H",U-SU-B1,9450,1903,1993,33,140,229313024000,39.75877587344291,-105.033921037551
Witter - Cofield,secondary_old_house,1545,West Colfax,"3132 W 24TH AVE, DENVER, CO 80211",80211,"SPINDLE,BRIAN ETAL",U-SU-C1,7030,1929,2001,25,150,232214002000,39.75216684200314,-105.02773043517384
Witter - Cofield,secondary_old_house,1542,West Colfax,"3032 W 25TH AVE, DENVER, CO 80211",80211,"ARCARO,MARGARET MARIE",U-SU-C1,9390,1880,2021,5,152,232212002000,39.753361032393336,-105.02599625331322
University Park,secondary_old_house,1541,University Hills,"2112 S MILWAUKEE ST, DENVER, CO 80210",80210,"HENDERSON,JOHN STALKER",U-SU-C,7500,1896,2010,16,137,525216002000,39.67808711244544,-104.9517686145189
Witter - Cofield,secondary_old_house,1541,West Colfax,"3132 W 22ND AVE, DENVER, CO 80211",80211,"BELL,DOUGLAS",U-SU-C1,8470,1900,2013,13,153,232226001000,39.74973915360644,-105.02758592348044
Witter - Cofield,secondary_old_house,1538,West Colfax,"2335 N HOOKER ST, DENVER, CO 80211",80211,"STOCKER,CHRISTOPHER M",U-SU-C1,9490,1896,2008,18,149,232215019000,39.75191412074072,-105.02876907267154
Witter - Cofield,secondary_old_house,1535,West Colfax,"3036 W 22ND AVE, DENVER, CO 80211",80211,"PEDERSON,GAREN D",U-SU-C1,7780,1896,2018,8,153,232225002000,39.74976574890991,-105.02618538255764
Witter - Cofield,secondary_old_house,1534,West Colfax,"3150 W 22ND AVE, DENVER, CO 80211",80211,"WEAVER,JONATHAN",U-SU-C1,8460,1890,2019,7,153,232226004000,39.74974739192643,-105.02815277534513
Witter - Cofield,secondary_old_house,1531,West Colfax,"3205 W 21ST AVE, DENVER, CO 80211",80211,"DAVIS,RICK",U-SU-C1,10300,1888,2010,16,151,232227024000,39.74906199485546,-105.02868101784674
Witter - Cofield,secondary_old_house,1529,West Colfax,"3034 W 24TH AVE, DENVER, CO 80211",80211,"WEBER,DAVID J",U-SU-C1,7280,1885,1996,30,147,232213001000,39.752121773317306,-105.02610941335993
Witter - Cofield,secondary_old_house,1529,West Colfax,"2138 N GROVE ST, DENVER, CO 80211",80211,"VAIL,STEPHANIE",U-SU-C1,10400,1896,2021,5,153,232225003000,39.74957349396859,-105.02635482845473
Witter - Cofield,secondary_old_house,1526,West Colfax,"3131 W 23RD AVE, DENVER, CO 80211",80211,"KUHN,PETER M & NANCY M",U-SU-C1,8430,1908,1999,27,145,232214010000,39.75156254010589,-105.02768276373212
Witter - Cofield,secondary_old_house,1526,West Colfax,"2113 N GROVE ST, DENVER, CO 80211",80211,"KERRIHARD,DONALD MATHERSON",U-SU-C1,8470,1891,2016,10,153,232226014000,39.74911326623237,-105.02721228915911
Witter - Cofield,secondary_old_house,1524,West Colfax,"2234 N GROVE ST, DENVER, CO 80211",80211,"FOX,RONALD L",U-SU-C1,10400,1894,,,153,232224005000,39.75068187120234,-105.02629876594533
Witter - Cofield,secondary_old_house,1523,West Colfax,"2033 N GROVE ST, DENVER, CO 80211",80211,"XXXxXXxX,XXXxXxXX x",U-SU-C1,9820,1891,2007,19,154,232235043000,39.74824709246211,-105.02723920799843
Witter - Cofield,secondary_old_house,1523,West Colfax,"2125 N GROVE ST, DENVER, CO 80211",80211,"THERIAULT,JUSTIN S",U-SU-C1,8470,1910,2021,5,153,232226015000,39.74931259045599,-105.02722238770873
Witter - Cofield,secondary_old_house,1522,West Colfax,"2043 N GROVE ST, DENVER, CO 80211",80211,"VANDERBURG,JOHN M & JANINE B",U-SU-C1,10500,1891,1990,36,149,232235012000,39.74855152304522,-105.027239205363
University Park,secondary_old_house,1522,University Hills,"2111 S SAINT PAUL ST, DENVER, CO 80210",80210,"MASON,MARILYNNE SCOTT",U-SU-C,7500,1891,,,137,525216018000,39.67808867865229,-104.95126410235028
Witter - Cofield,secondary_old_house,1521,West Colfax,"3221 W 21ST AVE, DENVER, CO 80211",80211,"AVALOS,CUSTUDIO",U-SU-C1,8190,1905,2016,10,151,232227023000,39.749184576963934,-105.02894239166865
Witter - Cofield,secondary_old_house,1521,West Colfax,"3124 W 24TH AVE, DENVER, CO 80211",80211,"TOUFF,KATHERINE H",U-SU-C1,7030,1906,2021,5,148,232214001000,39.752160522066546,-105.02753806567331
Witter - Cofield,secondary_old_house,1514,West Colfax,"2244 N GROVE ST, DENVER, CO 80211",80211,"FOX,RONALD L",U-SU-C1,10415,1886,,,152,232224004000,39.75087777305764,-105.02637915971387
Witter - Cofield,secondary_old_house,1511,West Colfax,"3123 W 23RD AVE, DENVER, CO 80211",80211,"ARCHAMBAULT,TOMAKIN T",U-SU-C1,7020,1890,2016,10,146,232214011000,39.751562912471336,-105.02748318258634
Witter - Cofield,secondary_old_house,1508,West Colfax,"3113 W 23RD AVE, DENVER, CO 80211",80211,"SWOFFORD,JONATHAN PIERCE",U-SU-C1,9840,1890,2020,6,146,232214012000,39.75155222492709,-105.02728516137618
Witter - Cofield,secondary_old_house,1505,West Colfax,"2013 N GROVE ST, DENVER, CO 80211",80211,"VESTAL,ROY L",U-SU-C1,8430,1888,1999,27,151,232235009000,39.747944101793856,-105.02724714017725
Witter - Cofield,secondary_old_house,1503,West Colfax,"3125 W 21ST AVE, DENVER, CO 80211",80211,"DAY,ERIN ANN",U-SU-C1,8470,1890,2019,7,149,232226010000,39.74908619561822,-105.02765015608924
Witter - Cofield,secondary_old_house,1499,West Colfax,"2034 N GROVE ST, DENVER, CO 80211",80211,"ZEPHIRIN,ROBERTA KAY",U-SU-C1,7740,1891,1999,27,149,232236002000,39.748379393024294,-105.02636260197121
University Park,secondary_old_house,1479,University Hills,"2340 S JOSEPHINE ST, DENVER, CO 80210",80210,"BAIRD,PETER",U-SU-C,15000,1933,2021,5,124,525306005000,39.673920962426365,-104.957586247369
Witter - Cofield,secondary_old_house,1478,West Colfax,"2020 N GROVE ST, DENVER, CO 80211",80211,"WOOD,ALYSSA LYNNE",U-SU-C1,8617,1892,2020,6,151,232236028000,39.748198004672375,-105.02644791128586
Allen M. Ghost,secondary_old_house,1457,West Colfax,"3368 W HAYWARD PL, DENVER, CO 80211",80211,"MURTHA,CHRISTOPHER",U-SU-A1,7870,1899,2020,6,132,229314004000,39.75920106998811,-105.03160171968678
Potter Highlands,secondary_old_house,1454,Berkeley,"2857 W 37TH AVE, DENVER, CO 80211",80211,"SARAPURA,VIRGINIA D",U-TU-B,7490,1900,2001,25,148,229105021000,39.768340745584496,-105.02339070204012
Potter Highlands,secondary_old_house,1448,Berkeley,"3618 N DECATUR ST, DENVER, CO 80211",80211,"JONES,JEFFREY DAVID",U-TU-B,8600,1885,2016,10,147,229109012000,39.76738055823542,-105.02171122577056
Potter Highlands,secondary_old_house,1447,Berkeley,"2734 W 35TH AVE, DENVER, CO 80211",80211,"ORNELAS,TOMAS D",U-TU-B,14170,1910,2008,18,145,229121040000,39.765267648534056,-105.02136607748622
Potter Highlands,secondary_old_house,1447,Berkeley,"3717 N DECATUR ST, DENVER, CO 80211",80211,3731 DECATUR LLC,U-TU-B,7780,1940,2021,5,150,229105011000,39.768478279888505,-105.0224278822775
Potter Highlands,secondary_old_house,1446,Berkeley,"3623 N CLAY ST, DENVER, CO 80211",80211,"CONKLIN,PAIGE",U-TU-B,8600,1895,2019,7,147,229109022000,39.767521236187,-105.0209355626029
Potter Highlands,secondary_old_house,1446,Berkeley,"2847 W 37TH AVE, DENVER, CO 80211",80211,"RICHARDSON,DOUGLAS G",U-TU-B,9700,1906,,,151,229105007000,39.76833495111783,-105.02317801247024
Potter Highlands,secondary_old_house,1445,Berkeley,"2811 W 37TH AVE, DENVER, CO 80211",80211,"BREITZMAN,JASON A",U-TU-B,7610,1895,2016,10,148,229105010000,39.768263918611204,-105.02240421587081
Potter Highlands,secondary_old_house,1444,Berkeley,"3631 N ELIOT ST, DENVER, CO 80211",80211,"AUKEMA,SUSAN ELIZABETH",U-TU-B,15000,1886,1991,35,143,229107021000,39.767412666265685,-105.02401835141139
Potter Highlands,secondary_old_house,1444,Berkeley,"2834 W 37TH AVE, DENVER, CO 80211",80211,"GROHMANN,NATHAN CARL",U-TU-B,7780,1905,2020,6,149,229108017000,39.767752318264755,-105.02292195033351
Potter Highlands,secondary_old_house,1443,Berkeley,"2825 W 37TH AVE, DENVER, CO 80211",80211,"JUBERT,RUSSELL",U-TU-B,7525,1882,2019,7,149,229105026000,39.76830522803829,-105.02264408852272
Potter Highlands,secondary_old_house,1443,Berkeley,"3617 N CLAY ST, DENVER, CO 80211",80211,"KANNBERG,KERRIE BETH",U-TU-B,8600,1903,2021,5,147,229109021000,39.76738179217,-105.02101326665942
Potter Highlands,secondary_old_house,1443,Berkeley,"3636 N DECATUR ST, DENVER, CO 80211",80211,MAROKUS FAMILY TRUST U/A,U-TU-B,8600,1905,2021,5,147,229109011000,39.76751190816834,-105.02163538705135
Wolff Place,secondary_old_house,1442,West Colfax,"3101 N LOWELL BLVD, DENVER, CO 80211",80211,"SEDERBERG,CHRISTIAN EDWARD",U-SU-C1,7960,1890,2015,11,130,230401024000,39.761313547331,-105.03491956701912
Allen M. Ghost,secondary_old_house,1438,West Colfax,"3490 W 30TH AVE, DENVER, CO 80211",80211,"HEARN,AXEL",U-SU-B1,9450,1941,2001,25,125,229312001000,39.760111065638554,-105.03437081388623
Wolff Place,secondary_old_house,1437,West Colfax,"3000 N NEWTON ST, DENVER, CO 80211",80211,"BONANNO,FRANK",U-SU-C1,12400,1891,2006,20,123,230402011000,39.760528066490544,-105.03660922187474
Packard's Hill,secondary_old_house,1435,West Colfax,"3301 N MEADE ST, DENVER, CO 80211",80211,"BURROUGHS,MARY A",U-SU-B1,7000,1920,1998,28,126,230119014000,39.764168844468664,-105.03613018625522
Allen M. Ghost,secondary_old_house,1429,West Colfax,"3405 W HAYWARD PL, DENVER, CO 80211",80211,"SALZMAN,JASON",U-SU-B1,7310,1900,2005,21,125,229312028000,39.75971137127918,-105.03248481463471
Packard's Hill,secondary_old_house,1427,West Colfax,"3301 N OSCEOLA ST, DENVER, CO 80212",80212,"JOHNSON,RONALD T & MIEKO",U-SU-B1,7250,1908,1986,40,124,230121015000,39.7641537262118,-105.03854617788431
Potter Highlands,secondary_old_house,1425,Berkeley,"2824 W 36TH AVE, DENVER, CO 80211",80211,"KOPPELKAM,BETH A",U-TU-B,8320,1885,1986,40,137,229117001000,39.7664905069,-105.02276342655173
Potter Highlands,secondary_old_house,1425,Berkeley,"2801 W 34TH AVE, DENVER, CO 80211",80211,"COLE,STEPHEN W",U-TU-B,7500,1898,2013,13,139,229120015000,39.76467965154709,-105.02229682488645
Potter Highlands,secondary_old_house,1423,Berkeley,"3435 N DECATUR ST, DENVER, CO 80211",80211,"ARROYO,MARK J",U-TU-B,8500,1898,2012,14,139,229120018000,39.76510523399447,-105.02258721045301
Tilden School for Teaching Health,secondary_old_house,1417,West Colfax,"3209 W FAIRVIEW PL, DENVER, CO 80211",80211,"DAVIS,STEVEN H",U-SU-B1,12500,1891,2016,10,132,229223011000,39.76342621519019,-105.02801400635876
Allen M. Ghost,secondary_old_house,1413,West Colfax,"3466 W 30TH AVE, DENVER, CO 80211",80211,"CAIN,ERIC DAVID",U-SU-B1,7870,1927,2018,8,123,229312004000,39.76007140153589,-105.03383707360099
Potter Highlands,secondary_old_house,1408,Berkeley,"3534 N ELIOT ST, DENVER, CO 80211",80211,"COLEMAN,ELIZABETH",U-TU-B,8330,1895,2012,14,139,229117008000,39.766321768453274,-105.02324623558026
Potter Highlands,secondary_old_house,1407,Berkeley,"2832 W 35TH AVE, DENVER, CO 80211",80211,"ROBESON,ANDREW S",U-TU-B,8640,1910,2013,13,137,229120023000,39.7653445391585,-105.02294791688777
Wolff Place,secondary_old_house,1406,West Colfax,"3933 W 30TH AVE, DENVER, CO 80212",80212,"REVELLE,DANIEL J",U-SU-C1,12400,1910,2008,18,119,230404012000,39.76052145079236,-105.0389585436101
Potter Highlands,secondary_old_house,1403,Berkeley,"3400 N FEDERAL BLVD, DENVER, CO 80211",80211,"FOXHOVEN,DAVID J",U-TU-B,12400,1919,1988,38,129,229119008000,39.76466236240846,-105.02479344281907
Wolff Place,secondary_old_house,1399,West Colfax,"3040 N OSCEOLA ST, DENVER, CO 80212",80212,"GINGERICH,GRANT REVOCABLE TRUST",U-SU-C1,7940,1885,2021,5,124,230403008000,39.761049976037334,-105.03782860189578
Wolff Place,secondary_old_house,1393,West Colfax,"4001 W 30TH AVE, DENVER, CO 80212",80212,"KITE,VERLON S",U-SU-C1,15900,1892,1997,29,115,230405016000,39.76058880743754,-105.0396374886061
Potter Highlands,secondary_old_house,1380,Berkeley,"3527 N DECATUR ST, DENVER, CO 80211",80211,"NESPER,TYLER R",U-TU-B,8010,1926,2021,5,135,229117017000,39.76619060397037,-105.02249376664263
Potter Highlands,secondary_old_house,1377,Berkeley,"3425 N ELIOT ST, DENVER, CO 80211",80211,"HORAN,JOHN & HILARY",U-TU-B,8410,1900,2001,25,128,229119014000,39.76499206187157,-105.02402477437455
Potter Highlands,secondary_old_house,1376,Berkeley,"2555 W 36TH AVE, DENVER, CO 80211",80211,"OLDERMAN,CECILIA M",U-TU-B,7860,1885,2009,17,132,229111005000,39.767089939458,-105.01875101539841
Potter Highlands,secondary_old_house,1368,Berkeley,"3435 N ELIOT ST, DENVER, CO 80211",80211,"CLOUD,CASEY",U-TU-B,7250,1900,2014,12,128,229119015000,39.765119839658105,-105.024045286449
Packard's Hill,secondary_old_house,1366,West Colfax,"3249 N OSCEOLA ST, DENVER, CO 80212",80212,"BRANDES,MARK WALTER",U-SU-B1,9370,1892,2009,17,114,230130019000,39.76301963620271,-105.03846748363686
Potter Highlands,secondary_old_house,1362,Berkeley,"3518 N BRYANT ST, DENVER, CO 80211",80211,"KEMPE,STEVEN P",U-TU-B,7380,1909,2008,18,131,229114004000,39.766148246307424,-105.01868237007501
Potter Highlands,secondary_old_house,1360,Berkeley,"2526 W 34TH AVE, DENVER, CO 80211",80211,"GENTRY,CHAD",U-TU-B,8500,1890,2013,13,130,229126001000,39.764091836687854,-105.01810289012087
Potter Highlands,secondary_old_house,1359,Berkeley,"2530 W 34TH AVE, DENVER, CO 80211",80211,"HAGSTROM,WALTER III",U-TU-B,8415,1889,2019,7,130,229126046000,39.76407577665745,-105.01826501536999
Potter Highlands,secondary_old_house,1358,Berkeley,"3656 N BRYANT ST, DENVER, CO 80211",80211,"SCHMIDT,ALLISON TR DTD 8/27/20",U-TU-B,7444,1885,2021,5,130,229111024000,39.76786985705067,-105.01866073671682
Potter Highlands,secondary_old_house,1357,Berkeley,"2533 W 36TH AVE, DENVER, CO 80211",80211,"FIELD,CHARLOTTE I REV TRUST",U-TU-B,7930,1885,2018,8,130,229111029000,39.76725914187386,-105.018292207832
Potter Highlands,secondary_old_house,1356,Berkeley,"3330 N ALCOTT ST, DENVER, CO 80211",80211,"WERMUTH,ANDREW",U-TU-B,8000,1890,2009,17,127,229125006000,39.763795675979,-105.01697031511712
Potter Highlands,secondary_old_house,1354,Berkeley,"3522 N ALCOTT ST, DENVER, CO 80211",80211,"POWERS,BRIAN G",U-TU-B,8930,1900,2013,13,129,229113007000,39.76621552976812,-105.01706887583002
Wolff Place,secondary_old_house,1353,West Colfax,"4103 W 30TH AVE, DENVER, CO 80212",80212,"HOLTZINGER,CHAD",U-SU-C1,8910,1907,2006,20,113,230406013000,39.76055296534722,-105.04071525256711
Potter Highlands,secondary_old_house,1353,Berkeley,"3227 N BRYANT ST, DENVER, CO 80211",80211,"CHERRY,DARCI",U-TU-B,17836,1892,2007,19,123,229134046000,39.76260798330577,-105.01954232656732
Potter Highlands,secondary_old_house,1353,Berkeley,"2534 W 35TH AVE, DENVER, CO 80211",80211,"MONTOYA,BEATRICE",U-TU-B,9360,1924,2016,10,129,229123024000,39.765293568158334,-105.01830033661166
Potter Highlands,secondary_old_house,1352,Berkeley,"2529 W 35TH AVE, DENVER, CO 80211",80211,"ZINGARO,THOMAS J",U-TU-B,10800,1900,2018,8,130,229114009000,39.76605292527957,-105.01811571079456
Potter Highlands,secondary_old_house,1348,Berkeley,"2534 W 37TH AVE, DENVER, CO 80211",80211,UBIETA TRUST,U-TU-B,7835,1920,2017,9,128,229111042000,39.7676181738614,-105.01832224088551
Potter Highlands,secondary_old_house,1347,Berkeley,"3539 N ALCOTT ST, DENVER, CO 80211",80211,"FORD,TARL S FAMILY TRUST",U-TU-B,9180,1922,2018,8,129,229114024000,39.76647328640612,-105.01780445545023
Potter Highlands,secondary_old_house,1346,Berkeley,"3301 N ZUNI ST, DENVER, CO 80211",80211,"GREGG,MASON W REV TR",U-TU-B,7800,1900,2013,13,127,229125012000,39.76339920188379,-105.0161360307138
Potter Highlands,secondary_old_house,1346,Berkeley,"3238 N ALCOTT ST, DENVER, CO 80211",80211,"HOWSAM,RYAN R",U-TU-B,7425,1900,2013,13,124,229136025000,39.7626510735882,-105.01685751743477
Potter Highlands,secondary_old_house,1346,Berkeley,"2453 W 35TH AVE, DENVER, CO 80211",80211,"HENRY,ANA",U-TU-B,7820,1887,2014,12,128,229113008000,39.7658857573024,-105.01718707403299
S. R. Deboer,secondary_old_house,1345,University Park,"2260 S PINON CT, DENVER, CO 80210",80210,"LAFON,MARK S & LEIGH H",E-SU-G,7900,1930,2003,23,135,527130004000,39.67567173847408,-104.98097697163944
Potter Highlands,secondary_old_house,1344,Berkeley,"2555 W 37TH AVE, DENVER, CO 80211",80211,LUMBER BARON BED & BREAKFAST LLC,PUD,14000,1890,2016,10,127,229102006000,39.768434757383396,-105.0187912485078
Potter Highlands,secondary_old_house,1343,Berkeley,"2633 W 37TH AVE, DENVER, CO 80211",80211,"ZARRELLA,JEFF",U-TU-B,8950,1880,2009,17,125,229103026000,39.7683941286085,-105.01988531325766
Potter Highlands,secondary_old_house,1343,Berkeley,"3228 N CLAY ST, DENVER, CO 80211",80211,"KNOWLES,KRISTEN LAURA",U-TU-B,7480,1890,2016,10,124,229134009000,39.76261445028322,-105.02016422365988
Potter Highlands,secondary_old_house,1343,Berkeley,"2625 W 36TH AVE, DENVER, CO 80211",80211,"TAYLOR,WILLIAM R III & MARY JO",U-TU-B,8410,1914,,,128,229110024000,39.76721536660242,-105.01967116960384
Potter Highlands,secondary_old_house,1342,Berkeley,"2526 W 36TH AVE, DENVER, CO 80211",80211,"MCLEAN,POMARE ROLAND",U-TU-B,7090,1909,,,130,229114029000,39.76659673665963,-105.01813797562446
Potter Highlands,secondary_old_house,1339,Berkeley,"3535 N BRYANT ST, DENVER, CO 80211",80211,"LOEHR,ELLEN CAMERON",U-TU-B,7810,1928,2020,6,127,229115017000,39.766370467817545,-105.01935034710581
Potter Highlands,secondary_old_house,1338,Berkeley,"2547 W 32ND AVE, DENVER, CO 80211",80211,"NAYLOR,SHAWN",U-TU-B,10900,1895,2011,15,121,229135007000,39.76229938244431,-105.01849537096707
Wolff Place,secondary_old_house,1338,West Colfax,"4117 W 30TH AVE, DENVER, CO 80212",80212,"KEMLER,ANDREW",U-SU-C1,9520,1891,2020,6,113,230406012000,39.76055224140644,-105.04096928494201
Potter Highlands,secondary_old_house,1333,Berkeley,"3413 N CLAY ST, DENVER, CO 80211",80211,"CHESTNEY,ROBERT R & PATRICIA L",U-TU-B,12500,1925,,,125,229121030000,39.76481208051408,-105.0208687219121
S. R. Deboer,secondary_old_house,1319,University Park,"501 E ILIFF AVE, DENVER, CO 80210",80210,"NOVAS,ANA",E-SU-G,10800,1876,1998,28,133,527130021000,39.6752420145638,-104.9815752475794
S. R. Deboer,secondary_old_house,1318,University Park,"515 E ILIFF AVE, DENVER, CO 80210",80210,"FARVER,KAREN",E-SU-D,19052,1931,2013,13,133,527130031000,39.675270509541,-104.98114255705268
Potter Highlands,secondary_old_house,1317,Berkeley,"2628 W 35TH AVE, DENVER, CO 80211",80211,"REYNA,JENNIFER ROBIN",U-TU-B,7170,1895,2021,5,124,229122029000,39.7652341976729,-105.01972544838581
Potter Highlands,secondary_old_house,1315,Berkeley,"2530 W 37TH AVE, DENVER, CO 80211",80211,"BOHLING,DAVID ALAN",U-TU-B,7400,1902,2018,8,122,229111021000,39.76778543140037,-105.01808208209687
Potter Highlands,secondary_old_house,1315,Berkeley,"2723 W 33RD AVE, DENVER, CO 80211",80211,"BERGEN,CHRISTOPHER W TRUST",U-TU-B,7197,1895,2021,5,120,229128049000,39.76360786479325,-105.02120360599201
Potter Highlands,secondary_old_house,1313,Berkeley,"2521 W 37TH AVE, DENVER, CO 80211",80211,"FOREMAN,THOMAS A",U-TU-B,7500,1922,2001,25,121,229102024000,39.7683478831721,-105.01792860722963
Potter Highlands,secondary_old_house,1295,Berkeley,"2424 W 37TH AVE, DENVER, CO 80211",80211,"THOMPSON,MARGARET ANN TRUST",U-TU-B,11500,1900,2012,14,120,229112020000,39.767633498382615,-105.01655159805301
Potter Highlands,secondary_old_house,1260,Berkeley,"2429 W 37TH AVE, DENVER, CO 80211",80211,"DEAN-FITZ,KAMA SHEA",U-TU-B,11300,1885,2020,6,117,229101029000,39.76851901280476,-105.0165538714067
Potter Highlands,secondary_old_house,1250,Berkeley,"2433 W 37TH AVE, DENVER, CO 80211",80211,"ALVARADO,EVA",U-TU-B,10300,1885,,,117,229101028000,39.768578914585824,-105.01673146527942
University Park,secondary_old_house,1221,University Hills,"2300 S MONROE ST, DENVER, CO 80210",80210,"MILLER,TODD J",E-SU-D,23040,1912,2019,7,110,525402016000,39.67459280543066,-104.94481037661633
Country Club,secondary_old_house,1211,Washington Park,"100 N GAYLORD ST, DENVER, CO 80206",80206,"WELLS,RICHARD AARON",E-SU-G,25013,1928,2013,13,84,511135028000,39.7186608818486,-104.96035109296024
Country Club,secondary_old_house,1195,Washington Park,"101 N GAYLORD ST, DENVER, CO 80206",80206,"JORDAN,JOHN L",E-SU-G,21097,1929,2020,6,83,511134024000,39.71859937304399,-104.96117569025671
Country Club,secondary_old_house,1178,Washington Park,"100 N VINE ST, DENVER, CO 80206",80206,100 VINE STREET LLC,E-SU-G,19100,1931,2012,14,79,511134010000,39.7186463102836,-104.96165374826893
Country Club,secondary_old_house,1172,Washington Park,"161 N RACE ST, DENVER, CO 80206",80206,"WINSLOW,PHILIP",U-SU-E,33470,1919,2020,6,80,511100016000,39.7192299021342,-104.9639119202396
Country Club,secondary_old_house,1170,Washington Park,"222 N GAYLORD ST, DENVER, CO 80206",80206,"VEIO,KENT C",E-SU-G,16000,1941,2021,5,82,511135007000,39.71980213619622,-104.9602497807913
Country Club,secondary_old_house,1169,Washington Park,"161 N GAYLORD ST, DENVER, CO 80206",80206,"LAPIN,JAMES B & JULI E",E-SU-G,10900,1935,1987,39,76,511134015000,39.71962761139778,-104.96109927330234
Country Club,secondary_old_house,1165,Washington Park,"101 N VINE ST, DENVER, CO 80206",80206,"WHALEN,MICHAEL J & AMY JO",E-SU-G,15567,1942,,,80,511133029000,39.71858727228086,-104.96243429652957
Country Club,secondary_old_house,1152,Washington Park,"130 N VINE ST, DENVER, CO 80206",80206,"QUALLICK,MATTHEW R",E-SU-G,13500,1928,2012,14,75,511134009000,39.71890981677264,-104.96161489134009
Country Club,secondary_old_house,1148,Washington Park,"141 N VINE ST, DENVER, CO 80206",80206,"BRAGG,JAMES TULLY & PATRICIA",E-SU-G,10900,1927,2004,22,75,511133014000,39.71907604379799,-104.9624673311291
Country Club,secondary_old_house,1142,Washington Park,"190 N HIGH ST, DENVER, CO 80218",80218,"FRIES,MICHAEL T",U-SU-E,51014,1921,2013,13,73,511132013000,39.71993969184467,-104.964596135272
Country Club,secondary_old_house,1141,Washington Park,"151 N VINE ST, DENVER, CO 80206",80206,"COLEMAN,JONATHAN D",E-SU-G,10900,1928,2001,25,74,511133015000,39.719282310355,-104.96241145062888
Country Club,secondary_old_house,1138,Washington Park,"211 N VINE ST, DENVER, CO 80206",80206,"BELL,MARGARET R BRADFORD",E-SU-G,10900,1928,1999,27,73,511133017000,39.71969467448667,-104.96241415912147
Country Club,secondary_old_house,1138,Washington Park,"150 N VINE ST, DENVER, CO 80206",80206,"MARTIN,JAMES LANDIS",E-SU-G,14500,1928,,,75,511134008000,39.71917930968581,-104.96161665803162
Country Club,secondary_old_house,1137,Washington Park,"160 N VINE ST, DENVER, CO 80206",80206,"RHYE,JAMES D",E-SU-G,10900,1929,2015,11,75,511134007000,39.719428384538226,-104.96161308814378
Country Club,secondary_old_house,1135,Washington Park,"144 N RACE ST, DENVER, CO 80206",80206,"LUTZ,ELIZABETH B & JOHN S",E-SU-G,10900,1925,1993,33,71,511133008000,39.719212814163,-104.96298332616101
Country Club,secondary_old_house,1134,Washington Park,"161 N VINE ST, DENVER, CO 80206",80206,"LEWIS,CARMELLA MARIA",E-SU-G,10900,1928,2003,23,73,511133023000,39.71951133477488,-104.96247058513309
Country Club,secondary_old_house,1133,Washington Park,"201 N RACE ST, DENVER, CO 80206",80206,"ODONNELL,THOMAS R",U-SU-E,12500,1923,2002,24,76,511100009000,39.72034310360857,-104.96381411927727
Country Club,secondary_old_house,1130,Washington Park,"219 N GAYLORD ST, DENVER, CO 80206",80206,"SAKS,NINA",E-SU-G,10900,1938,2002,24,72,511134016000,39.719834666673606,-104.9611292474046
Country Club,secondary_old_house,1128,Washington Park,"210 N VINE ST, DENVER, CO 80206",80206,"O'SHAUGHNESSY,RYAN",E-SU-G,16300,1928,2018,8,73,511134006000,39.71970956235908,-104.96162373710254
Country Club,secondary_old_house,1119,Washington Park,"265 N VINE ST, DENVER, CO 80206",80206,"ULLMAN,THOMAS HAYDEN",E-SU-G,12400,1937,2000,26,71,511133027000,39.720687701980786,-104.96251527513894
Country Club,secondary_old_house,1119,Washington Park,"245 N RACE ST, DENVER, CO 80206",80206,"OBREGON,SARAH SPROLE",U-SU-E,25300,1930,2002,24,72,511100008000,39.72062170666457,-104.96381529017715
Country Club,secondary_old_house,1118,Washington Park,"225 N GAYLORD ST, DENVER, CO 80206",80206,"WILLOUGHBY,BRIAN",E-SU-G,14500,1941,2008,18,70,511134017000,39.72006922071675,-104.9611737103985
Country Club,secondary_old_house,1116,Washington Park,"360 N HIGH ST, DENVER, CO 80218",80218,"ZUCKER,MEGHAN LEIGH REVOCABLE TRUST",U-SU-E,43900,1920,2015,11,74,511125005000,39.72128000750937,-104.96458339902154
Country Club,secondary_old_house,1114,Washington Park,"230 N VINE ST, DENVER, CO 80206",80206,"ORTIZ,REYNALDO U TRUST",E-SU-G,11932,1938,2018,8,72,511134021000,39.72015593100428,-104.96166989125109
Country Club,secondary_old_house,1114,Washington Park,"235 N VINE ST, DENVER, CO 80206",80206,"LOUIS,CLIFTON D & ROSELLA C",E-SU-G,14500,1933,,,73,511133019000,39.72013106653484,-104.96244564357691
Country Club,secondary_old_house,1112,Washington Park,"150 N RACE ST, DENVER, CO 80206",80206,COLONNADE TRUST,E-SU-G,14400,1926,2018,8,71,511133007000,39.7194649364305,-104.96295690445803
Country Club,secondary_old_house,1109,Washington Park,"261 N VINE ST, DENVER, CO 80206",80206,"O'SHAUGHNESSY,ERIN C",E-SU-G,10900,1936,2012,14,71,511133020000,39.720397184181884,-104.96247600973842
Country Club,secondary_old_house,1109,Washington Park,"160 N RACE ST, DENVER, CO 80206",80206,"BODNAR,CHRISTOPHER ROBERT",E-SU-G,10900,1927,2020,6,72,511133006000,39.719716991960894,-104.96298664868478
Country Club,secondary_old_house,1107,Washington Park,"320 N HIGH ST, DENVER, CO 80218",80218,"BOSWELL,RHONDA T TRUST",U-SU-E,34900,1913,2021,5,74,511125003000,39.7208870394256,-104.96453994728782
Country Club,secondary_old_house,1106,Washington Park,"300 N HIGH ST, DENVER, CO 80218",80218,HIGH STREET DENVER COMPANY,U-SU-E,19000,1911,2015,11,73,511125013000,39.72038003498355,-104.96476502468072
Country Club,secondary_old_house,1106,Washington Park,"250 N VINE ST, DENVER, CO 80206",80206,"PARTDRIDGE,JOHN D W",E-SU-G,10900,1936,2016,10,71,511134003000,39.72035938936636,-104.9616712255549
Country Club,secondary_old_house,1103,Washington Park,"260 N RACE ST, DENVER, CO 80206",80206,"FRANDSEN,VICTOR & CYNTHIA",E-SU-G,10900,1929,2000,26,69,511133002000,39.72051911961622,-104.96293469848933
Country Club,secondary_old_house,1102,Washington Park,"246 N RACE ST, DENVER, CO 80206",80206,"WILLHOIT,CHARLES A & GRACE T",E-SU-G,10900,1928,2007,19,70,511133003000,39.720335751774,-104.96299072591124
Country Club,secondary_old_house,1099,Washington Park,"110 N GILPIN ST, DENVER, CO 80218",80218,"ANNEBERG,ALICE E TRUST",U-SU-E,9940,1926,2005,21,69,511131006000,39.71869123206291,-104.96621648460882
Country Club,secondary_old_house,1099,Washington Park,"100 N HIGH ST, DENVER, CO 80218",80218,"EGAN,BRIAN REVOCABLE TRUST",U-SU-E,14400,1938,2021,5,70,511132005000,39.71857695523438,-104.96479843258138
Country Club,secondary_old_house,1098,Washington Park,"228 N RACE ST, DENVER, CO 80206",80206,"O'SHAUGHNESSY,MEGAN E TRUST",E-SU-G,10100,1927,2019,7,71,511133025000,39.720111198509116,-104.96293201185313
Country Club,secondary_old_house,1097,Washington Park,"260 N VINE ST, DENVER, CO 80206",80206,"BAAK,ANDREW C",E-SU-G,10900,1938,2012,14,69,511134002000,39.72055920597163,-104.9616725356459
Country Club,secondary_old_house,1095,Washington Park,"137 N HIGH ST, DENVER, CO 80218",80218,"MCINTIRE,LEE A & SUSAN B",U-SU-E,16600,1919,2010,16,67,511131009000,39.71901800088184,-104.96573730449138
Country Club,secondary_old_house,1091,Washington Park,"255 N GAYLORD ST, DENVER, CO 80206",80206,"SOMMER,RACHEL ELIZABETH",E-SU-G,12700,1937,2020,6,69,511134019000,39.72054575174117,-104.96117683159893
Country Club,secondary_old_house,1086,Washington Park,"101 N MARION ST, DENVER, CO 80218",80218,"LONGO,THERESA M",U-SU-C,7016,1949,1998,28,82,511219018000,39.718568015614466,-104.97205421880071
Country Club,secondary_old_house,1086,Washington Park,"300 N VINE ST, DENVER, CO 80206",80206,"KOFF,JUDITH",E-SU-D,11800,1912,2014,12,68,511122009000,39.72118710113818,-104.9616501800679
Country Club,secondary_old_house,1084,Washington Park,"111 N GILPIN ST, DENVER, CO 80218",80218,"LEUTHOLD,ANTHONY P",U-SU-E,14400,1913,1973,53,66,511130008000,39.71885596840916,-104.96707203930318
Country Club,secondary_old_house,1084,Washington Park,"140 N GILPIN ST, DENVER, CO 80218",80218,"HOLMES,MARY-ELIZABETH REVOCABLE TRUST",U-SU-E,14100,1913,2011,15,66,511131004000,39.71913881278469,-104.96622270627856
Country Club,secondary_old_house,1082,Washington Park,"380 N HIGH ST, DENVER, CO 80218",80218,"DUDLEY,DAVID C & JUDITH R",U-SU-E,26800,1925,1990,36,67,511125009000,39.7216736126683,-104.96469738633776
Country Club,secondary_old_house,1078,Washington Park,"333 N VINE ST, DENVER, CO 80206",80206,"PERKINS,JOHN W JR",E-SU-D,10100,1937,2002,24,65,511123005000,39.72156941188834,-104.96241123181089
Country Club,secondary_old_house,1078,Washington Park,"170 N GILPIN ST, DENVER, CO 80218",80218,"LEIGHTON,ROBERT M",U-SU-E,14100,1908,2007,19,66,511131003000,39.719419916527,-104.96626078142006
Country Club,secondary_old_house,1077,Washington Park,"128 N GILPIN ST, DENVER, CO 80218",80218,"SEWELL,JODI E",U-SU-E,9940,1909,2020,6,68,511131005000,39.718897144842465,-104.96621783133673
Country Club,secondary_old_house,1077,Washington Park,"102 N GILPIN ST, DENVER, CO 80218",80218,"MEAD,DIANA",U-SU-E,8040,1926,2021,5,70,511131007000,39.71851139682056,-104.96621055010243
Country Club,secondary_old_house,1070,Washington Park,"154 N MARION ST, DENVER, CO 80218",80218,"ALLAN,ANDREW S",U-SU-C,9370,1926,1992,34,78,511220004000,39.71933151384455,-104.97139583949333
Country Club,secondary_old_house,1068,Washington Park,"100 N HUMBOLDT ST, DENVER, CO 80218",80218,"ABARCA,MARCO ANTONIO",U-SU-E,20200,1909,2012,14,69,511129008000,39.71860032179177,-104.96901193026477
Country Club,secondary_old_house,1064,Washington Park,"142 N MARION ST, DENVER, CO 80218",80218,"SWANEY,ROBERT E III",U-SU-C,9000,1926,2015,11,81,511220005000,39.71912828437823,-104.97139517630313
Country Club,secondary_old_house,1064,Washington Park,"345 N GAYLORD ST, DENVER, CO 80206",80206,CPCTC TRUST,E-SU-D,9040,1931,2019,7,65,511122015000,39.72184325832734,-104.96109736125022
Country Club,secondary_old_house,1060,Washington Park,"380 N GAYLORD ST, DENVER, CO 80206",80206,MEHRER INVERSTMENTS GP,E-SU-G,11800,1929,2012,14,63,511121001000,39.722191525723,-104.9604712966164
Country Club,secondary_old_house,1059,Washington Park,"2012 E 4TH AVE, DENVER, CO 80206",80206,"CHILDS,DOUGLAS K",E-SU-G,18200,1928,1988,38,60,511123001000,39.722240807584136,-104.9630312938365
Country Club,secondary_old_house,1058,Washington Park,"180 N GILPIN ST, DENVER, CO 80218",80218,"SHAY,CHRISTOPHER",U-SU-E,9900,1908,2006,20,64,511131002000,39.71968440476245,-104.96621822273545
Country Club,secondary_old_house,1057,Washington Park,"350 N GAYLORD ST, DENVER, CO 80206",80206,"TOBIN,RYAN",E-SU-D,7460,1936,2021,5,64,511121005000,39.721907592770336,-104.96033329902866
Country Club,secondary_old_house,1056,Washington Park,"103 N FRANKLIN ST, DENVER, CO 80218",80218,"NELSON,KIMBERLY A",U-SU-E,12868,1906,2017,9,68,511129014000,39.718527686547716,-104.96845218420052
Country Club,secondary_old_house,1054,Washington Park,"2128 E 4TH AVE, DENVER, CO 80206",80206,GARDEN STREET LLC,E-SU-G,11800,1930,2021,5,63,511122019000,39.72206495899225,-104.96093623915439
Country Club,secondary_old_house,1052,Washington Park,"100 N FRANKLIN ST, DENVER, CO 80218",80218,"GATES,JONATHAN",U-SU-E,10966,1906,2018,8,67,511130015000,39.71854642068345,-104.967589111678
Country Club,secondary_old_house,1050,Washington Park,"300 N GILPIN ST, DENVER, CO 80218",80218,"WILLIAMS,RONALD W",U-SU-E,16200,1909,1989,37,60,511126005000,39.72040074676538,-104.96626610994976
East Seventh Avenue,secondary_old_house,1050,Washington Park,"3600 E 7TH AVENUE PKWY, DENVER, CO 80206",80206,"HUGHES,KATI & RICHARD",U-SU-C,8920,1923,2008,18,81,501522001000,39.72690665782946,-104.94476268541507
Country Club,secondary_old_house,1047,Washington Park,"2112 E 4TH AVE, DENVER, CO 80206",80206,STOLBERG FAMILY 2012 IRREVOCABLE TRUST,E-SU-G,10500,1928,2012,14,62,511122001000,39.7221661524618,-104.961841617781
Country Club,secondary_old_house,1047,Washington Park,"2116 E 4TH AVE, DENVER, CO 80206",80206,"FOX,JOHN M",E-SU-G,10900,1930,2013,13,61,511122002000,39.7221670448166,-104.9615110530606
Country Club,secondary_old_house,1047,Washington Park,"345 N VINE ST, DENVER, CO 80206",80206,"CORRIGAN,PETER B",E-SU-D,14300,1939,2014,12,61,511123004000,39.721858607014646,-104.96245629423036
Country Club,secondary_old_house,1045,Washington Park,"150 N FRANKLIN ST, DENVER, CO 80218",80218,"DUTTON,CHERYL L TRUST",U-SU-E,10800,1935,1993,33,65,511130003000,39.71925293656671,-104.96761383884814
Country Club,secondary_old_house,1045,Washington Park,"344 N VINE ST, DENVER, CO 80206",80206,"LEONARD,MARK F",E-SU-D,7590,1936,,,63,511122005000,39.72190313257355,-104.9616484289889
Country Club,secondary_old_house,1044,Washington Park,"475 N CIRCLE DR, DENVER, CO 80206",80206,"EBRAHIMI,FARHAD F",E-SU-G,94700,1931,1976,50,56,511115019000,39.72358665791784,-104.96083340624061
East Seventh Avenue,secondary_old_house,1044,Washington Park,"3807 E 7TH AVENUE PKWY, DENVER, CO 80206",80206,"EPSTEIN,RICHARD H & CAROL",U-SU-C,7810,1933,1992,34,80,501517010000,39.72756627123016,-104.94268698468089
Country Club,secondary_old_house,1043,Washington Park,"2022 E 4TH AVE, DENVER, CO 80206",80206,"BURN,JOHN D",E-SU-G,11600,1930,2016,10,62,511123003000,39.72217957067466,-104.96230891059317
Country Club,secondary_old_house,1043,Washington Park,"2220 E 4TH AVE, DENVER, CO 80206",80206,"HEALEY,KIRA",E-SU-G,11900,1930,2021,5,62,511121002000,39.722276771584596,-104.96025140499401
Country Club,secondary_old_house,1042,Washington Park,"149 N GILPIN ST, DENVER, CO 80218",80218,"ROBINSON,PETER A & LYNN W",U-SU-E,7420,1922,1994,32,63,511130010000,39.719219560254224,-104.96706460593123
Country Club,secondary_old_house,1041,Washington Park,"195 N HIGH ST, DENVER, CO 80218",80218,"BEERY,ROBIN",U-SU-E,9940,1912,2010,16,62,511131014000,39.71998250519723,-104.96569932288733
East Seventh Avenue,secondary_old_house,1040,Washington Park,"3900 E 7TH AVENUE PKWY, DENVER, CO 80206",80206,"CORONADO,LISA K",U-SU-C,8920,1926,2007,19,80,501519001000,39.726904493904335,-104.94153612372389
Country Club,secondary_old_house,1040,Washington Park,"165 N FRANKLIN ST, DENVER, CO 80218",80218,SCHNEIDER FAMILY TRUST,U-SU-E,9160,1912,2012,14,66,511129003000,39.71934023788399,-104.9684076672039
Country Club,secondary_old_house,1039,Washington Park,"181 N HIGH ST, DENVER, CO 80218",80218,"MURANE,WILLIAM E FAMILY TRUST",U-SU-E,8250,1923,2021,5,63,511131013000,39.719765152899896,-104.96569790155988
Country Club,secondary_old_house,1038,Washington Park,"160 N FRANKLIN ST, DENVER, CO 80218",80218,"GRIFFITH,WILLIAM M JR & EMMA G",U-SU-E,11500,1906,1992,34,63,511130002000,39.7194967625555,-104.96760904729109
Country Club,secondary_old_house,1036,Washington Park,"2025 E 4TH AVE, DENVER, CO 80206",80206,MIRACIELO LLC,E-SU-G,36200,1929,2008,18,59,511117008000,39.722837662442004,-104.96254466900126
Country Club,secondary_old_house,1036,Washington Park,"145 N FRANKLIN ST, DENVER, CO 80218",80218,"ROBINSON,CHASE",U-SU-E,7500,1926,2020,6,66,511129004000,39.71915204156855,-104.9684604207631
East Seventh Avenue,secondary_old_house,1035,Washington Park,"3131 E 7TH AVENUE PKWY, DENVER, CO 80206",80206,"EIBSEN,DONALD R",U-SU-C,11200,1919,1997,29,72,501510023000,39.72757241860127,-104.94983737106455
Country Club,secondary_old_house,1035,Washington Park,"2115 E 4TH AVE, DENVER, CO 80206",80206,"CHERVENY,JENNIFER LYNN & JASON TYLER",E-SU-G,15000,1936,2009,17,61,511117006000,39.7227162191506,-104.96161691239581
East Seventh Avenue,secondary_old_house,1035,Washington Park,"3530 E 7TH AVENUE PKWY, DENVER, CO 80206",80206,CANFIELD KOYLE TRUST,U-SU-C,8910,1941,2017,9,80,501523020000,39.72691686289001,-104.94537597932789
East Seventh Avenue,secondary_old_house,1033,Washington Park,"3136 E 7TH AVENUE PKWY, DENVER, CO 80206",80206,"SWANSON,ERIK A & AMY L",U-SU-C,10700,1922,2007,19,73,501527001000,39.72689794293019,-104.94978510751808
Country Club,secondary_old_house,1031,Washington Park,"323 N HIGH ST, DENVER, CO 80218",80218,"HILLIARD,CAROL BURT TRUST",U-SU-E,14000,1914,2016,10,62,511126007000,39.72066374097031,-104.96570940266089
East Seventh Avenue,secondary_old_house,1030,Washington Park,"3330 E 7TH AVENUE PKWY, DENVER, CO 80206",80206,"LODGE,CLARK ELLIOT",U-SU-C,11900,1920,2019,7,75,501525019000,39.72688734373567,-104.94758370892214
East Seventh Avenue,secondary_old_house,1028,Washington Park,"649 N SAINT PAUL ST, DENVER, CO 80206",80206,"MASCITELLI,ELIZABETH",U-SU-C,9380,1921,1992,34,67,501625014000,39.72651407845584,-104.95125919601061
East Seventh Avenue,secondary_old_house,1028,Washington Park,"3631 E 7TH AVENUE PKWY, DENVER, CO 80206",80206,"DISBROW,JOSHUA R & LESLEY O",U-SU-C,8920,1924,2016,10,80,501515014000,39.72751838989664,-104.94430508557474
Country Club,secondary_old_house,1028,Washington Park,"120 N HUMBOLDT ST, DENVER, CO 80218",80218,"KRISTISETER,MARTIN",U-SU-E,12300,1912,2021,5,66,511129009000,39.718854810168445,-104.96900212183132
East Seventh Avenue,secondary_old_house,1027,Washington Park,"3800 E 7TH AVENUE PKWY, DENVER, CO 80206",80206,"HARTMAN,JULIA TIFFANY",U-SU-C,7430,1937,2011,15,78,501520001000,39.72687197309207,-104.942638860502
Country Club,secondary_old_house,1027,Washington Park,"301 N HIGH ST, DENVER, CO 80218",80218,301 HIGH ST LLC,U-SU-E,13200,1914,2020,6,60,511126006000,39.72036351080272,-104.96570566320437
Country Club,secondary_old_house,1024,Washington Park,"140 N HUMBOLDT ST, DENVER, CO 80218",80218,"RYAN,ROBERT CORY",U-SU-E,16400,1911,2020,6,66,511129010000,39.71910030776718,-104.96900814952036
Country Club,secondary_old_house,1023,Washington Park,"180 N HUMBOLDT ST, DENVER, CO 80218",80218,"SWARTZFAGER,POLLY S",U-SU-E,24600,1906,2008,18,63,511129012000,39.719710735329336,-104.96901557207399
East Seventh Avenue,secondary_old_house,1023,Washington Park,"3815 E 7TH AVENUE PKWY, DENVER, CO 80206",80206,BUDD RENTALS LLC,U-SU-C,7060,1935,2018,8,80,501517011000,39.727590341827685,-104.94251235173525
Country Club,secondary_old_house,1022,Washington Park,"401 N WESTWOOD DR, DENVER, CO 80206",80206,"ABRAMS,JAMES LLOYD",E-SU-G,20700,1941,2009,17,57,511117005000,39.722873534390196,-104.96113969799819
Country Club,secondary_old_house,1022,Washington Park,"335 N HIGH ST, DENVER, CO 80218",80218,"GORDON,HENRY",U-SU-E,9940,1926,2013,13,62,511126008000,39.72090794026219,-104.96570647043737
East Seventh Avenue,secondary_old_house,1022,Washington Park,"3501 E 7TH AVENUE PKWY, DENVER, CO 80206",80206,"BERGER,SHERRY",U-SU-C,8910,1920,2021,5,78,501514012000,39.727508502179234,-104.94588232357647
East Seventh Avenue,secondary_old_house,1021,Washington Park,"3838 E 7TH AVENUE PKWY, DENVER, CO 80206",80206,"ACKLEY,ELIZABETH R",U-SU-C,8910,1949,2021,5,78,501520021000,39.72688614027018,-104.94214639953402
Country Club,secondary_old_house,1020,Washington Park,"401 N RACE ST, DENVER, CO 80206",80206,"BERRY,WILLIAM E",E-SU-G,24346,1933,2018,8,59,511124001000,39.72219808539011,-104.96379514377422
East Seventh Avenue - Steele Street Extension,secondary_old_house,1019,Washington Park,"726 N STEELE ST, DENVER, CO 80206",80206,"FORSBERG,MICHAEL JASON",U-SU-C,7440,1922,2010,16,72,501511010000,39.727901199805615,-104.94916971950974
East Seventh Avenue,secondary_old_house,1018,Washington Park,"3123 E 6TH AVE, DENVER, CO 80206",80206,"SUTTON,CHRISTOPHER J",U-SU-C,17190,1924,2019,7,67,501527023000,39.726052087775614,-104.9501666306716
Country Club,secondary_old_house,1018,Washington Park,"395 N RACE ST, DENVER, CO 80206",80206,"HOWARD,WILLIAM COOPER",E-SU-D,7120,1936,2020,6,61,511100001000,39.721822103014404,-104.96375729099262
Country Club,secondary_old_house,1017,Washington Park,"445 N WESTWOOD DR, DENVER, CO 80206",80206,"GELLER,JUDITH H & RICHARD A",E-SU-G,30000,1948,1998,28,57,511117003000,39.723480926125845,-104.96197674729622
Country Club,secondary_old_house,1016,Washington Park,"180 N LAFAYETTE ST, DENVER, CO 80218",80218,"SCHOR,ADAM D",U-SU-C,9370,1920,1998,28,68,511221001000,39.719829280486444,-104.97023809904556
Country Club,secondary_old_house,1016,Washington Park,"144 N DOWNING STREET PKWY, DENVER, CO ",,"PIZNARSKI,LEA",U-SU-C,9370,1923,2009,17,72,511219004000,39.71919229215744,-104.97255471280923
Country Club,secondary_old_house,1016,Washington Park,"155 N GILPIN ST, DENVER, CO 80218",80218,"SHERRY,ADAM",U-SU-E,8280,1919,2018,8,63,511130011000,39.719400672784666,-104.96711729326245
Country Club,secondary_old_house,1013,Washington Park,"450 N RACE ST, DENVER, CO 80206",80206,"BROWN,RUSSELL L JR",E-SU-G,22915,1936,2013,13,59,511117009000,39.722799331087444,-104.96303734557534
East Seventh Avenue,secondary_old_house,1013,Washington Park,"3201 E 7TH AVENUE PKWY, DENVER, CO 80206",80206,"ALLEN,RICHARD V LIFETIME TRUST",U-SU-C,7440,1923,2016,10,72,501511012000,39.727547561562794,-104.94921324527586
Country Club,secondary_old_house,1012,Washington Park,"1925 E 4TH PL, DENVER, CO 80206",80206,"CLINGER,SANDRA E",PUD,9150,1896,1992,34,58,511114028000,39.72260631432559,-104.96410159451972
East Seventh Avenue - Steele Street Extension,secondary_old_house,1012,Washington Park,"716 N STEELE ST, DENVER, CO 80206",80206,"STRAHLE,WYNN E",U-SU-C,7440,1914,2016,10,72,501511011000,39.72767109644846,-104.94920208868108
Country Club,secondary_old_house,1011,Washington Park,"330 N GILPIN ST, DENVER, CO 80218",80218,"HOLTZE,ELIZABETH A",U-SU-E,15100,1912,2020,6,60,511126004000,39.72073365779001,-104.96626421047178
East Seventh Avenue,secondary_old_house,1008,Washington Park,"605 N FILLMORE ST, DENVER, CO 80206",80206,"MUSSETT,GERALD T",U-SU-C,7190,1926,1996,30,56,501623010000,39.725822918546335,-104.95353765877613
Country Club,secondary_old_house,1008,Washington Park,"181 N FRANKLIN ST, DENVER, CO 80218",80218,"BEATTY,LUKE BUTTERFIELD",U-SU-E,11500,1904,2016,10,62,511129001000,39.71979178174882,-104.96843621552419
East Seventh Avenue - Steele Street Extension,secondary_old_house,1008,Washington Park,"780 N STEELE ST, DENVER, CO 80206",80206,PERIDOT REAL ESTATE INVESTMENTS LLC,U-SU-C,13400,1920,2017,9,73,501511002000,39.72883080177029,-104.94917068502276
East Seventh Avenue,secondary_old_house,1006,Washington Park,"3401 E 7TH AVENUE PKWY, DENVER, CO 80206",80206,"FLETCHER,CRAIG A",U-SU-C,11900,1925,2014,12,73,501513010000,39.72756098667893,-104.94701699528522
Country Club,secondary_old_house,1005,Washington Park,"180 N MARION ST, DENVER, CO 80218",80218,"ZOLMAN,ROBYN E & JOHN D",U-SU-C,12500,1907,2011,15,69,511220002000,39.719776747006726,-104.97140178208774
Country Club,secondary_old_house,1005,Washington Park,"350 N GILPIN ST, DENVER, CO 80218",80218,"WALKER,CHRISTINA FREYER",U-SU-E,14200,1916,2020,6,60,511126003000,39.72103780991761,-104.96626709737686
Country Club,secondary_old_house,1005,Washington Park,"435 N WESTWOOD DR, DENVER, CO 80206",80206,435 WESTWOOD LLC,E-SU-G,31815,1948,2021,5,57,511117004000,39.72319591997925,-104.96145064889892
Country Club,secondary_old_house,1001,Washington Park,"160 N DOWNING STREET PKWY, DENVER, CO ",,"SIMONS,BRIAN L",U-SU-C,9370,1916,2018,8,71,511219003000,39.71939826604266,-104.97255527785933
East Seventh Avenue,secondary_old_house,1001,Washington Park,"673 N SAINT PAUL ST, DENVER, CO 80206",80206,"LEVY,STEWART TRUST",U-SU-C,12500,1921,2018,8,66,501625016000,39.72688649762763,-104.95121649800708
East Seventh Avenue,secondary_old_house,999,Washington Park,"3433 E 7TH AVENUE PKWY, DENVER, CO 80206",80206,"MARTIN,SAMANTHA",U-SU-C,11900,1929,2019,7,73,501513011000,39.72757588321534,-104.94653195202496
Country Club,secondary_old_house,997,Washington Park,"1640 E 3RD AVE, DENVER, CO 80218",80218,"BOSWELL,CHARLES LOUIS REVOCABLE TRUST",U-SU-E,13200,1917,2021,5,60,511130012000,39.719791010837184,-104.96711321310609
Country Club,secondary_old_house,996,Washington Park,"345 N LAFAYETTE ST, DENVER, CO 80218",80218,"ATKINS,MARY ERVOLINA",U-SU-C,12500,1906,1994,32,66,511213014000,39.720766597956995,-104.97090059512628
Country Club,secondary_old_house,996,Washington Park,"345 N GILPIN ST, DENVER, CO 80218",80218,"SKINNER,BLAKE TRUST",U-SU-E,16500,1913,2020,6,57,511127009000,39.72087562527846,-104.96707536020355
Country Club,secondary_old_house,995,Washington Park,"177 N HUMBOLDT ST, DENVER, CO 80218",80218,"WIEDENMAYER,ROSEMARY",U-SU-E,21900,1930,2018,8,63,511221008000,39.719678808063705,-104.96977394114059
Country Club,secondary_old_house,994,Washington Park,"173 N MARION ST, DENVER, CO 80218",80218,"XXXxXX,XXxx",U-SU-C,7810,1919,2011,15,69,511219013000,39.71961650854345,-104.97205461512922
Country Club,secondary_old_house,993,Washington Park,"301 N MARION ST, DENVER, CO 80218",80218,"GODBOLT,J COURTNEY & REID A",U-SU-C,9370,1901,1993,33,66,511214012000,39.72031973646455,-104.97205432810068
East Seventh Avenue,secondary_old_house,993,Washington Park,"641 N MILWAUKEE ST, DENVER, CO 80206",80206,"STABLER,SALLY P",U-SU-C,9380,1921,1994,32,56,501624014000,39.726374475797996,-104.95241524869446
East Seventh Avenue,secondary_old_house,993,Washington Park,"2830 E 7TH AVENUE PKWY, DENVER, CO 80206",80206,"BENNET,MICHAEL F",U-SU-C,9400,1925,2002,24,56,501623018000,39.7269427174711,-104.95355290910946
Country Club,secondary_old_house,993,Washington Park,"323 N GILPIN ST, DENVER, CO 80218",80218,"GRALOW,KAREN C TRUST",U-SU-E,12500,1911,2015,11,56,511127014000,39.72056113561969,-104.96708843493299
Country Club,secondary_old_house,992,Washington Park,"360 N GILPIN ST, DENVER, CO 80218",80218,"WOODARD,JOHN R & LYDIA L",U-SU-E,16500,1924,1998,28,54,511126002000,39.721331556639136,-104.96626513500506
Country Club,secondary_old_house,992,Washington Park,"363 N HIGH ST, DENVER, CO 80218",80218,"TRYBA,DAVID",U-SU-E,10700,1925,2019,7,58,511126010000,39.721333810899004,-104.9657071019541
Alamo Placita,secondary_old_house,991,Washington Park,"169 N CORONA ST, DENVER, CO 80218",80218,"O'BRIEN,HELEN PAIGE",U-SU-C,29470,1912,2015,11,66,511217011000,39.71941440826464,-104.97439012647249
Country Club,secondary_old_house,991,Washington Park,"1228 E 3RD AVE, DENVER, CO 80218",80218,"GOLDSMITH,ALEX MARION",U-SU-C,9370,1929,2017,9,69,511219014000,39.71981104107189,-104.97205523709123
Country Club,secondary_old_house,991,Washington Park,"461 N RACE ST, DENVER, CO 80206",80206,461 RACE LLC,E-SU-G,22307,1933,2019,7,58,511114034000,39.72304516786735,-104.96386173847996
East Seventh Avenue,secondary_old_house,988,Washington Park,"2900 E 7TH AVENUE PKWY, DENVER, CO 80206",80206,"DORN,FOREST D & ROBIN L",U-SU-C,8750,1928,1998,28,56,501624001000,39.726930069981336,-104.95293099918
Country Club,secondary_old_house,988,Washington Park,"455 N WESTWOOD DR, DENVER, CO 80206",80206,BDAD LLC,E-SU-G,23400,1942,2010,16,55,511117002000,39.723606981426435,-104.96242742365386
Country Club,secondary_old_house,988,Washington Park,"450 N CIRCLE DR, DENVER, CO 80206",80206,"GLASCO,MARK A L",E-SU-G,11800,1928,2017,9,56,511118003000,39.7234697052564,-104.9598645466062
East Seventh Avenue,secondary_old_house,987,Washington Park,"3120 E 7TH AVENUE PKWY, DENVER, CO 80206",80206,"BASCH,STEPHEN LEWIS",U-SU-C,9540,1921,,,65,501527012000,39.72654869739472,-104.95016664321744
Country Club,secondary_old_house,986,Washington Park,"320 N MARION ST, DENVER, CO 80218",80218,"BROMBERG,THOMAS R",U-SU-C,9370,1931,2003,23,66,511213009000,39.72053426561566,-104.97139703628535
East Seventh Avenue,secondary_old_house,985,Washington Park,"3000 E 7TH AVENUE PKWY, DENVER, CO 80206",80206,"NARTKER,ANDREW",U-SU-C,12500,1937,2021,5,64,501625001000,39.72690029373936,-104.9517321059896
Country Club,secondary_old_house,983,Washington Park,"490 N RACE ST, DENVER, CO 80206",80206,"SISSEL,GREGORY ALLEN",E-SU-G,20700,1939,2008,18,55,511117001000,39.723508253881796,-104.962977664158
Country Club,secondary_old_house,983,Washington Park,"399 N HIGH ST, DENVER, CO 80218",80218,"SMART,GEOFFREY H",U-SU-E,21400,1925,2017,9,55,511126011000,39.7216397369553,-104.965715113044
East Seventh Avenue,secondary_old_house,981,Washington Park,"2810 E 7TH AVENUE PKWY, DENVER, CO 80206",80206,"JEHN,JAMES L & MARY CAROL",U-SU-C,12500,1926,2005,21,55,501623001000,39.72690502537653,-104.95402685834577
East Seventh Avenue,secondary_old_house,981,Washington Park,"784 N SAINT PAUL ST, DENVER, CO 80206",80206,"POBIRK,WENDY",U-SU-C,7370,1918,2013,13,68,501510021000,39.72891256284777,-104.95025273726232
Country Club,secondary_old_house,979,Washington Park,"300 N HUMBOLDT ST, DENVER, CO 80218",80218,"MOSS,JENNIFER SARTI",U-SU-E,12300,1905,2017,9,57,511128009000,39.72033221051956,-104.96900074104278
East Seventh Avenue,secondary_old_house,976,Washington Park,"3009 E 7TH AVENUE PKWY, DENVER, CO 80206",80206,"WOLF,MATTHEW D & JOYA D",U-SU-C,12000,1930,2005,21,61,501612008000,39.7275764262818,-104.9514754299459
Country Club,secondary_old_house,976,Washington Park,"1601 E 3RD AVE, DENVER, CO 80218",80218,"ATKESON,BARBARA BURRELL",U-SU-E,8250,1909,2013,13,58,511127006000,39.72031961268456,-104.96758784497965
Country Club,secondary_old_house,975,Washington Park,"314 N FRANKLIN ST, DENVER, CO 80218",80218,"COHEN,STEVEN A",U-SU-E,16500,1912,2013,13,57,511127005000,39.72059027235087,-104.96762991080108
Country Club,secondary_old_house,975,Washington Park,"1625 E 3RD AVE, DENVER, CO 80218",80218,"FITZGERALD,THOMAS G JR",U-SU-E,10700,1909,2019,7,56,511127013000,39.72036497691859,-104.96714669824983
East Seventh Avenue,secondary_old_house,973,Washington Park,"649 N DETROIT ST, DENVER, CO 80206",80206,"SCHMIDT,C CORDEL & JANE W",U-SU-C,10225,1922,1991,35,55,501622023000,39.72659536045805,-104.9547017144765
Country Club,secondary_old_house,973,Washington Park,"305 N FRANKLIN ST, DENVER, CO 80218",80218,WILLIAMS FAMILY TRUST,U-SU-E,9900,1910,2015,11,58,511128008000,39.720348182848,-104.96843246322622
Country Club,secondary_old_house,970,Washington Park,"315 N FRANKLIN ST, DENVER, CO 80218",80218,"MAYER,JOANNE P",U-SU-E,8940,1911,2009,17,57,511128007000,39.72052660231323,-104.96843254480298
Alamo Placita,secondary_old_house,970,Washington Park,"250 N OGDEN ST, DENVER, CO 80218",80218,"BOSSY,CARLOS M",U-SU-C,10600,1933,2016,10,66,511217005000,39.71927830746727,-104.97487724808208
East Seventh Avenue,secondary_old_house,969,Washington Park,"2945 E 7TH AVENUE PKWY, DENVER, CO 80206",80206,"THOMPSON,JON RICHARD",U-SU-C,12000,1912,2014,12,60,501613011000,39.727579082732795,-104.95202383979627
Country Club,secondary_old_house,967,Washington Park,"1203 E 3RD AVE, DENVER, CO 80218",80218,"MANLEY,PATRICIA D",U-SU-C,9370,1908,2004,22,64,511214011000,39.72031902965634,-104.97255554758289
East Seventh Avenue,secondary_old_house,966,Washington Park,"3100 E 7TH AVENUE PKWY, DENVER, CO 80206",80206,DEDA FAMILY LIVING TRUST,U-SU-C,9370,1920,2020,6,61,501527014000,39.72691774541353,-104.95052626237582
Alamo Placita,secondary_old_house,963,Washington Park,"270 N OGDEN ST, DENVER, CO 80218",80218,"MITCHELL,MICHAEL",U-SU-C,8120,1937,2012,14,65,511217006000,39.71946826991623,-104.97487318783023
Driving Park,secondary_old_house,962,Washington Park,"500 N HIGH ST, DENVER, CO 80218",80218,"MCDOUGAL,R SCOTT",U-SU-C,9370,1905,1988,38,52,511105013000,39.72394093776467,-104.96444988450912
Country Club,secondary_old_house,962,Washington Park,"355 N GILPIN ST, DENVER, CO 80218",80218,355 N GILPIN LLC,U-SU-E,13200,1933,2021,5,53,511127010000,39.72121009292845,-104.96711545047327
Country Club,secondary_old_house,962,Washington Park,"380 N GILPIN ST, DENVER, CO 80218",80218,"STAPLETON,BENJAMIN FRANKLIN IV",U-SU-E,17400,1927,2021,5,53,511126001000,39.721675943143865,-104.96623425318207
Alamo Placita,secondary_old_house,959,Washington Park,"185 N DOWNING STREET PKWY, DENVER, CO ",,"DUTCH,DANIEL ANDREW",U-SU-C,8350,1925,2020,6,64,511218002000,39.71981652863667,-104.97369848180966
Country Club,secondary_old_house,957,Washington Park,"325 N FRANKLIN ST, DENVER, CO 80218",80218,"VISKI-HANKA,TAMAS & EDIT",U-SU-E,8250,1905,2000,26,53,511128006000,39.72072046930437,-104.96843753675438
East Seventh Avenue,secondary_old_house,957,Washington Park,"3021 E 7TH AVENUE PKWY, DENVER, CO 80206",80206,"BEAL,NATHAN",U-SU-C,9420,1913,2011,15,59,501612009000,39.72761330649881,-104.95117065545975
East Seventh Avenue,secondary_old_house,956,Washington Park,"3101 E 7TH AVENUE PKWY, DENVER, CO 80206",80206,"BLUME,ROBERT & JAMIE",U-SU-C,9410,1925,2012,14,60,501510013000,39.72761673009655,-104.95029890754972
East Seventh Avenue,secondary_old_house,955,Washington Park,"2885 E 7TH AVENUE PKWY, DENVER, CO 80206",80206,"AMMONS,MARY ROMER",U-SU-C,18500,1918,1997,29,49,501614007000,39.727591555244196,-104.95329219391404
Alamo Placita,secondary_old_house,955,Washington Park,"195 N DOWNING STREET PKWY, DENVER, CO ",,"CROSS,KEVIN P",U-SU-C,7810,1923,2012,14,63,511218001000,39.71996409797289,-104.9736805708624
Country Club,secondary_old_house,954,Washington Park,"310 N HUMBOLDT ST, DENVER, CO 80218",80218,310 HUMBOLDT PARTNERSHIP,U-SU-E,8200,1910,2021,5,54,511128010000,39.72049794746486,-104.9689918020737
East Seventh Avenue,secondary_old_house,953,Washington Park,"730 N SAINT PAUL ST, DENVER, CO 80206",80206,"FRANCIS,DAVID W",U-SU-C,7080,1918,2015,11,60,501510014000,39.72790355274392,-104.95028775213116
Morgan's Subdivision,secondary_old_house,950,Washington Park,"2109 E 9TH AVE, DENVER, CO 80206",80206,"GORDON,THOMAS & BROOKE",U-SU-C,42381,1918,2010,16,70,502403001000,39.73082695033575,-104.96188874382283
Country Club,secondary_old_house,950,Washington Park,"460 N WESTWOOD DR, DENVER, CO 80206",80206,"BECK,SOPHIE BARTLETT",E-SU-G,11300,1929,2016,10,53,511116001000,39.72393118912362,-104.9622702188999
Country Club,secondary_old_house,949,Washington Park,"476 N WESTWOOD DR, DENVER, CO 80206",80206,"MCDONALD,HOLLY C",E-SU-G,15500,1928,2018,8,53,511115001000,39.724036600319174,-104.96310615724616
Country Club,secondary_old_house,949,Washington Park,"500 N CIRCLE DR, DENVER, CO 80206",80206,"ARNOLD,GUY M",E-SU-G,20975,1929,2020,6,52,511103008000,39.7243790903446,-104.9598689885884
Alamo Placita,secondary_old_house,948,Washington Park,"185 N CORONA ST, DENVER, CO 80218",80218,"MASON,CASEY N",U-SU-C,8120,1945,2020,6,63,511217002000,39.719800995720554,-104.97437280611733
Country Club,secondary_old_house,947,Washington Park,"390 N FRANKLIN ST, DENVER, CO 80218",80218,"MILLS,JULIA MOORE",U-SU-E,14800,1929,2006,20,49,511127001000,39.721708792144845,-104.96759742802406
Driving Park,secondary_old_house,946,Washington Park,"439 N WILLIAMS ST, DENVER, CO 80218",80218,"FILIPPINI,THOMAS W",U-SU-C,7500,1921,2013,13,53,511112014000,39.72273313281167,-104.96626677950078
East Seventh Avenue,secondary_old_house,946,Washington Park,"635 N DETROIT ST, DENVER, CO 80206",80206,"REVES,RANDALL",U-SU-C,8380,1929,2015,11,55,501622020000,39.726214249321856,-104.95474469381931
Country Club,secondary_old_house,945,Washington Park,"2155 E HAWTHORNE PL, DENVER, CO 80206",80206,"MOUNSEY,PETER R & ANNE E",E-SU-G,30218,1929,2009,17,49,511115011000,39.724317428434446,-104.961085913691
Country Club,secondary_old_house,945,Washington Park,"505 N CIRCLE DR, DENVER, CO 80206",80206,"SMITH,JOSEPH C JR",E-SU-G,17536,1929,2011,15,52,511115013000,39.724376509797004,-104.9605675380258
Country Club,secondary_old_house,945,Washington Park,"385 N GILPIN ST, DENVER, CO 80218",80218,"MCDONALD,MICHAEL STANLEY",U-SU-E,13200,1926,2021,5,51,511127012000,39.72174047471074,-104.96711628041311
Alamo Placita,secondary_old_house,944,Washington Park,"301 N CORONA ST, DENVER, CO 80218",80218,"KNAPP,MICHAEL A",U-SU-B,9370,1949,2012,14,61,511216016000,39.72033394514489,-104.97442336393676
Alamo Placita,secondary_old_house,944,Washington Park,"1133 E 3RD AVE, DENVER, CO 80218",80218,"LEININGER,KATHRYN L",U-SU-C,9340,1910,2017,9,62,511215016000,39.720313951738895,-104.97321433116333
Alamo Placita,secondary_old_house,944,Washington Park,"1090 E 3RD AVE, DENVER, CO 80218",80218,WHITE DOGS LLC,U-SU-C,7500,1939,2018,8,62,511217001000,39.719972567087,-104.97442255351166
Country Club,secondary_old_house,943,Washington Park,"380 N MARION ST, DENVER, CO 80218",80218,"MITCHELL,WENDY",U-SU-C,9370,1929,2011,15,61,511213002000,39.721556516305,-104.9713995263591
East Seventh Avenue,secondary_old_house,942,Washington Park,"2750 E 7TH AVENUE PKWY, DENVER, CO 80206",80206,"WILLIAMS,ROBERT G",U-SU-C,15000,1922,2007,19,51,501622019000,39.72682289246454,-104.95472700675
Country Club,secondary_old_house,942,Washington Park,"330 N HUMBOLDT ST, DENVER, CO 80218",80218,"SMITH,BILLIE BUSBY & SIDNEY",U-SU-E,8200,1910,2012,14,51,511128012000,39.72077245216999,-104.96899232688499
East Seventh Avenue,secondary_old_house,942,Washington Park,"730 N MILWAUKEE ST, DENVER, CO 80206",80206,"KNUDSEN,KEITH GERARD",U-SU-C,7500,1916,2019,7,60,501612007000,39.72789160253258,-104.95144690960184
Country Club,secondary_old_house,941,Washington Park,"575 N CIRCLE DR, DENVER, CO 80206",80206,WILSON FAMILY TRUST,E-SU-G,33100,1931,2017,9,49,511115005000,39.724500991134995,-104.96242493323884
Country Club,secondary_old_house,940,Washington Park,"520 N CIRCLE DR, DENVER, CO 80206",80206,"WELCH,REED F & KAREN M",E-SU-G,12057,1929,2004,22,51,511103011000,39.724882705228005,-104.96000269340983
Country Club,secondary_old_house,940,Washington Park,"350 N HUMBOLDT ST, DENVER, CO 80218",80218,"MARTINET,MARK WILLIAM",U-SU-E,16400,1905,2009,17,50,511128013000,39.72097555282418,-104.96906089451764
Country Club,secondary_old_house,940,Washington Park,"525 N CIRCLE DR, DENVER, CO 80206",80206,"DENCKER,JOSEPH M",E-SU-G,17020,1930,2016,10,52,511115012000,39.724661097307006,-104.96068455742859
Country Club,secondary_old_house,940,Washington Park,"301 N HUMBOLDT ST, DENVER, CO 80218",80218,"PELLICORE,RICHARD",U-SU-C,9370,1908,2018,8,55,511212012000,39.720338236922785,-104.96973568229879
Country Club,secondary_old_house,940,Washington Park,"320 N HUMBOLDT ST, DENVER, CO 80218",80218,"HOOVER,GEORGE S REV LIV TRUST",U-SU-E,8200,1912,2020,6,52,511128011000,39.72064487314672,-104.96907540180143
East Seventh Avenue,secondary_old_house,936,Washington Park,"760 N MILWAUKEE ST, DENVER, CO 80206",80206,"CROSBY,SHARON A",U-SU-C,12500,1919,2013,13,57,501612004000,39.728425805278995,-104.95144834044564
Country Club,secondary_old_house,935,Washington Park,"360 N FRANKLIN ST, DENVER, CO 80218",80218,"CRANE,ELIZABETH L",U-SU-E,14800,1920,2007,19,49,511127002000,39.72141840923439,-104.9675966943113
Country Club,secondary_old_house,935,Washington Park,"528 N RACE ST, DENVER, CO 80206",80206,"LOBITZ,ROSANNE M TRUST",E-SU-G,10200,1928,2009,17,51,511115002000,39.72427964772734,-104.9632885709439
Alamo Placita,secondary_old_house,934,Washington Park,"1111 E 3RD AVE, DENVER, CO 80218",80218,"ROBERTS,THOMAS ANDREW",U-SU-B,9370,1918,2018,8,61,511215015000,39.72033568503978,-104.97371544215
East Seventh Avenue,secondary_old_house,933,Washington Park,"2909 E 7TH AVENUE PKWY, DENVER, CO 80206",80206,"VAN DUZER MOORE,SARAH V LIVING TRUST",U-SU-C,12100,1914,2010,16,50,501613022000,39.727580940020616,-104.95265339065402
Country Club,secondary_old_house,932,Washington Park,"545 N CIRCLE DR, DENVER, CO 80206",80206,545 CIRCLE LLC,E-SU-G,26900,1942,2020,6,50,511115010000,39.7248459684336,-104.96117235043039
Country Club,secondary_old_house,929,Washington Park,"370 N HUMBOLDT ST, DENVER, CO 80218",80218,"TOINTON,JUDITH A & BRYAN E",U-SU-E,16400,1907,1997,29,49,511128016000,39.721549598301635,-104.9690089650199
Country Club,secondary_old_house,928,Washington Park,"390 N HUMBOLDT ST, DENVER, CO 80218",80218,"MCLEOD,DOUGLAS C",U-SU-E,12300,1938,1988,38,48,511128017000,39.72176588421634,-104.96900348834201
Country Club,secondary_old_house,928,Washington Park,"545 N RACE ST, DENVER, CO 80206",80206,"MERCURIO,DEIRDRE GRANT",E-SU-G,20100,1930,2012,14,50,511105033000,39.72451545607485,-104.96384184317658
Country Club,secondary_old_house,928,Washington Park,"390 N MARION ST, DENVER, CO 80218",80218,"ARMSTRONG,MAGDALENA",U-SU-C,9370,1941,2016,10,60,511213001000,39.72176249215223,-104.9714000281479
Country Club,secondary_old_house,924,Washington Park,"595 N CIRCLE DR, DENVER, CO 80206",80206,"FUGGER,EDWARD F JR",E-SU-G,14500,1930,2017,9,50,511115004000,39.724460778418184,-104.96308604632364
Country Club,secondary_old_house,924,Washington Park,"2151 E HAWTHORNE PL, DENVER, CO 80206",80206,"O'SHAUGHNESSY,KERRY M 2006 TRUST",E-SU-G,18400,1932,2020,6,50,511115018000,39.72440603203843,-104.96171640411758
Country Club,secondary_old_house,921,Washington Park,"556 N CIRCLE DR, DENVER, CO 80206",80206,"FERRUGIA,MONA B",E-SU-G,13400,1929,1989,37,46,511104006000,39.7252958476366,-104.9616669467
Driving Park,secondary_old_house,919,Washington Park,"425 N MARION ST, DENVER, CO 80218",80218,"HAMMOND,MARY MEAD & DAVID R",U-SU-C,8750,1897,1987,39,54,511208014000,39.72238743603855,-104.97206007360778
Country Club,secondary_old_house,919,Washington Park,"378 N LAFAYETTE ST, DENVER, CO 80218",80218,CILCIA253 LLC,U-SU-C,7810,1904,2013,13,56,511212003000,39.72151229639511,-104.9702891508029
Country Club,secondary_old_house,918,Washington Park,"567 N RACE ST, DENVER, CO 80206",80206,"PAPNER,SUSAN L",E-SU-G,9370,1911,1996,30,48,511105034000,39.724899904310924,-104.96388323887707
Country Club,secondary_old_house,918,Washington Park,"555 N CIRCLE DR, DENVER, CO 80206",80206,"ANDERSON,DIANA Z",E-SU-G,15000,1937,2009,17,47,511115009000,39.7248446301834,-104.96157031126559
Country Club,secondary_old_house,917,Washington Park,"530 N CIRCLE DR, DENVER, CO 80206",80206,"ROHDE,JOHN R",E-SU-G,17100,1929,2021,5,50,511103003000,39.72509637426659,-104.9602847391362
Country Club,secondary_old_house,916,Washington Park,"381 N FRANKLIN ST, DENVER, CO 80218",80218,"SIMPSON,LUKE CURTIS",U-SU-E,16600,1922,2007,19,48,511128002000,39.7215370331944,-104.96847513863959
Country Club,secondary_old_house,914,Washington Park,"354 N HUMBOLDT ST, DENVER, CO 80218",80218,"SAWYER,MICHAEL MCLEAN",U-SU-E,8200,1910,2015,11,49,511128014000,39.72118420897957,-104.96899311327816
Morgan's Subdivision,secondary_old_house,913,Washington Park,"869 N VINE ST, DENVER, CO 80206",80206,"NEWBURGER,MARTIN J",U-SU-C,12500,1917,2013,13,66,502407011000,39.730238580655886,-104.96281326274776
East Seventh Avenue,secondary_old_house,911,Washington Park,"788 N MILWAUKEE ST, DENVER, CO 80206",80206,"TYLER,KENNETH L & LISA J",U-SU-C,9380,1924,1999,27,53,501612001000,39.728933018345,-104.95140472559066
Country Club,secondary_old_house,910,Washington Park,"355 N FRANKLIN ST, DENVER, CO 80218",80218,"BORGEN,JON ERIK",U-SU-E,7910,1910,2015,11,49,511128003000,39.72125570324408,-104.96841366969383
Country Club,secondary_old_house,910,Washington Park,"360 N HUMBOLDT ST, DENVER, CO 80218",80218,"MANLEY,SCOTT ALAN",U-SU-E,8200,1910,2017,9,49,511128015000,39.721321461237004,-104.96899337568901
East Seventh Avenue,secondary_old_house,909,Washington Park,"2700 E 7TH AVENUE PKWY, DENVER, CO 80206",80206,"MUSGRAVES,ROBERT E",U-SU-C,7810,1926,2000,26,46,501622001000,39.72690701236586,-104.95525299504398
Country Club,secondary_old_house,909,Washington Park,"565 N CIRCLE DR, DENVER, CO 80206",80206,SMITH CRAIG M REV TR,E-SU-G,14600,1940,2013,13,47,511115006000,39.724743614409334,-104.96194618839267
Morgan's Subdivision,secondary_old_house,908,Washington Park,"910 N GAYLORD ST, DENVER, CO 80206",80206,"TOLANY,BRANDON D",U-SU-C,21300,1923,2021,5,67,502402001000,39.73083278493526,-104.96109210427079
East Seventh Avenue,secondary_old_house,905,Washington Park,"662 N COLUMBINE ST, DENVER, CO 80206",80206,"CREAGER,DAVID S & LYNNE GLASER",U-SU-C,9690,1918,1991,35,47,501620003000,39.72671745646183,-104.95753332991423
Country Club,secondary_old_house,905,Washington Park,"575 N RACE ST, DENVER, CO 80206",80206,"YODER,MARGO",E-SU-G,7026,1909,1992,34,46,511105036000,39.72512423666146,-104.96391957896914
East Seventh Avenue,secondary_old_house,905,Washington Park,"791 N SAINT PAUL ST, DENVER, CO 80206",80206,"REITER,THOMAS L",U-SU-C,9380,1921,2018,8,54,501612018000,39.728918264295366,-104.95088278664481
Country Club,secondary_old_house,903,Washington Park,"560 N CIRCLE DR, DENVER, CO 80206",80206,"GOLINVAUX,JOHN C",E-SU-G,14000,1928,2011,15,46,511104005000,39.7252945309686,-104.962057955627
Country Club,secondary_old_house,903,Washington Park,"369 N HUMBOLDT ST, DENVER, CO 80218",80218,"DAVIS,LAUREN CANNON",U-SU-C,7810,1923,2013,13,49,511212019000,39.72143296124311,-104.96973801839155
Alamo Placita,secondary_old_house,903,Washington Park,"348 N OGDEN ST, DENVER, CO 80218",80218,"GATSIOPOULOS,JOHN T",U-SU-B,8790,1916,2014,12,57,511216023000,39.721073100194275,-104.97492166541446
Country Club,secondary_old_house,902,Washington Park,"335 N HUMBOLDT ST, DENVER, CO 80218",80218,"JACKSON,DENNIS M",U-SU-C,12500,1937,,,51,511212025000,39.72090547531872,-104.96978180072664
Country Club,secondary_old_house,901,Washington Park,"555 N RACE ST, DENVER, CO 80206",80206,"BUQUET,MICHELLE ELIZABETH",E-SU-G,11893,1928,2020,6,49,511105035000,39.72472915921035,-104.96394311617108
East Seventh Avenue,secondary_old_house,897,Washington Park,"724 N FILLMORE ST, DENVER, CO 80206",80206,"GART,ALEXANDER N",U-SU-C,7500,1916,2021,5,47,501613008000,39.72790493564586,-104.95260291022666
Country Club,secondary_old_house,896,Washington Park,"1428 E 4TH AVE, DENVER, CO 80218",80218,"CALAMARI,CRISTEN C",U-SU-C,9370,1922,2014,12,47,511212021000,39.72178006870955,-104.96973875952655
Driving Park,secondary_old_house,894,Washington Park,"401 N FRANKLIN ST, DENVER, CO 80218",80218,"CARLEY,KATHERINE J",U-SU-C,8490,1905,2010,16,47,511110013000,39.72212532256055,-104.96858310930901
Country Club,secondary_old_house,893,Washington Park,"375 N HUMBOLDT ST, DENVER, CO 80218",80218,"SULSER,TIMOTHY M",U-SU-C,7810,1922,2013,13,48,511212020000,39.72157027858433,-104.96973831208645
Driving Park,secondary_old_house,893,Washington Park,"435 N LAFAYETTE ST, DENVER, CO 80218",80218,"BIRKELAND,JOHN H",U-SU-C,7000,1908,2015,11,54,511209011000,39.72247165965623,-104.970949985502
Country Club,secondary_old_house,891,Washington Park,"580 N RACE ST, DENVER, CO 80206",80206,"COORS,PETER J",E-SU-G,10300,1932,2016,10,46,511104002000,39.72530459451312,-104.96288874094324
East Seventh Avenue,secondary_old_house,890,Washington Park,"799 N MILWAUKEE ST, DENVER, CO 80206",80206,"HOLMBOE,LUCAS C",U-SU-C,9380,1920,2019,7,53,501613018000,39.72890923756746,-104.95200306596293
Country Club,secondary_old_house,888,Washington Park,"573 N RACE ST, DENVER, CO 80206",80206,"TRENT,STACY TRUST",E-SU-G,7026,1910,2014,12,46,511105039000,39.72501692323033,-104.96394614193026
East Seventh Avenue,secondary_old_house,887,Washington Park,"737 N DETROIT ST, DENVER, CO 80206",80206,"CHANG,LAURENCE J & MICHELE J",U-SU-C,7250,1914,1995,31,42,501615020000,39.728097542277006,-104.95437827658844
Driving Park,secondary_old_house,887,Washington Park,"450 N MARION ST, DENVER, CO 80218",80218,"MIMMI,KATHY MCKINNON",U-SU-C,7500,1923,1999,27,53,511209003000,39.72295006861823,-104.9714115012347
East Seventh Avenue,secondary_old_house,885,Washington Park,"2526 E 7TH AVENUE PKWY, DENVER, CO 80206",80206,"SCHWARTZ,L HANFT",U-SU-C,12500,1927,2014,12,47,501620015000,39.72687087636536,-104.95701176189928
East Seventh Avenue,secondary_old_house,884,Washington Park,"2775 E 7TH AVENUE PKWY, DENVER, CO 80206",80206,"ALBANESE,ANTHONY DOMINIC",U-SU-C,13000,1923,2016,10,42,501615018000,39.72762578090093,-104.95437081264677
East Seventh Avenue,secondary_old_house,881,Washington Park,"730 N DETROIT ST, DENVER, CO 80206",80206,"GARNETT,BENJAMIN T",U-SU-C,7500,1915,2018,8,43,501614005000,39.72791214955079,-104.95373085691305
Driving Park,secondary_old_house,879,Washington Park,"400 N HUMBOLDT ST, DENVER, CO 80218",80218,"MCKENZIE,THOMAS E & MAUREEN M",U-SU-C,11591,1901,,,47,511110012000,39.72217309350319,-104.96908908097825
Country Club,secondary_old_house,878,Washington Park,"595 N RACE ST, DENVER, CO 80206",80206,"O'HARE,DONALD C IRREVOCABLE TRUST",E-SU-G,7450,1924,2011,15,45,511105021000,39.72540300818357,-104.96372929901172
East Seventh Avenue,secondary_old_house,878,Washington Park,"670 N COLUMBINE ST, DENVER, CO 80206",80206,"SIPPEL,MARGARET ANN RYAN",U-SU-C,7810,1918,2016,10,47,501620001000,39.7268890546216,-104.95749372753998
Morgan's Subdivision,secondary_old_house,877,Washington Park,"918 N RACE ST, DENVER, CO 80206",80206,"KENNEY,HORACE S III",U-SU-C,10600,1924,1994,32,62,502404001000,39.73090575870739,-104.96340793272492
Driving Park,secondary_old_house,877,Washington Park,"433 N FRANKLIN ST, DENVER, CO 80218",80218,"KRAMISH,PATTI J",U-SU-C,11900,1902,2012,14,45,511110018000,39.72267129646553,-104.96862578727193
East Seventh Avenue,secondary_old_house,876,Washington Park,"716 N CLAYTON ST, DENVER, CO 80206",80206,"BARTON,BETTY A",U-SU-C,7750,1922,1991,35,40,501615010000,39.72788941002192,-104.95524222923976
East Seventh Avenue,secondary_old_house,876,Washington Park,"2725 E 7TH AVENUE PKWY, DENVER, CO 80206",80206,2725 E 7TH AVE LLC,U-SU-C,9070,1920,2015,11,42,501615013000,39.72762302845428,-104.95478944466085
East Seventh Avenue,secondary_old_house,874,Washington Park,"2433 E 7TH AVENUE PKWY, DENVER, CO 80206",80206,"COLLOPY,JEANNE F",U-SU-C,18700,1924,1990,36,40,501618009000,39.727613178351504,-104.9581997442538
East Seventh Avenue,secondary_old_house,870,Washington Park,"747 N DETROIT ST, DENVER, CO 80206",80206,"LAURIHA,MARK S",U-SU-C,7250,1912,2012,14,42,501615021000,39.728204255742895,-104.95443373996545
Country Club,secondary_old_house,870,Washington Park,"585 N RACE ST, DENVER, CO 80206",80206,"LOFTUS,THOMAS CHARLES TRUST",E-SU-G,7810,1949,2020,6,45,511105022000,39.72523475550567,-104.963787471904
Morgan's Subdivision,secondary_old_house,870,Washington Park,"875 N RACE ST, DENVER, CO 80206",80206,"JOHNSON,SUZANNE R FERLIC",U-SU-C,8310,1911,2021,5,62,502406001000,39.73022883172807,-104.96394587478
Morgan's Subdivision,secondary_old_house,869,Washington Park,"900 N RACE ST, DENVER, CO 80206",80206,"SPIRA,DAVID S",U-SU-C,10600,1931,2017,9,64,502404006000,39.730672964861306,-104.96340845446699
East Seventh Avenue,secondary_old_house,868,Washington Park,"711 N ELIZABETH ST, DENVER, CO 80206",80206,"ALBI,JULIE R",U-SU-C,12500,1923,2003,23,42,501617012000,39.72758149019118,-104.95705801773998
Morgan's Subdivision,secondary_old_house,867,Washington Park,"918 N YORK ST, DENVER, CO 80206",80206,"FINLAW,JACK D JR & GREGORY A",U-SU-C,22100,1923,1990,36,51,502401001000,39.73081004306247,-104.95962082094736
East Seventh Avenue,secondary_old_house,865,Washington Park,"751 N DETROIT ST, DENVER, CO 80206",80206,"HABER,JEFFREY S",U-SU-C,7250,1920,2008,18,42,501615022000,39.728359101756425,-104.954405781747
Morgan's Subdivision,secondary_old_house,865,Washington Park,"817 N RACE ST, DENVER, CO 80206",80206,"BUSH,TODD GLENN",U-SU-C,8310,1926,2021,5,58,502406004000,39.7296085264883,-104.96393039198894
East Seventh Avenue,secondary_old_house,862,Washington Park,"2401 E 7TH AVENUE PKWY, DENVER, CO 80206",80206,"MESCHIA,GIACOMO & IRENE ROSE",U-SU-C,9370,1908,1991,35,40,501618011000,39.727512462350994,-104.95870330486996
East Seventh Avenue,secondary_old_house,862,Washington Park,"2100 E 7TH AVENUE PKWY, DENVER, CO 80206",80206,"DUDLEY,GARY C & KATHRYN G",U-SU-E,9370,1926,1998,28,40,502427001000,39.72686887474254,-104.96218040145281
East Seventh Avenue,secondary_old_house,862,Washington Park,"759 N DETROIT ST, DENVER, CO 80206",80206,"ANDREWS,JEFF L & JULIE S",U-SU-C,7250,1923,2004,22,42,501615024000,39.72864892709333,-104.95431713019755
East Seventh Avenue,secondary_old_house,861,Washington Park,"768 N DETROIT ST, DENVER, CO 80206",80206,DETROIT STREET TRUST,U-SU-C,12500,1915,2021,5,42,501614003000,39.72856317419986,-104.95374390959327
East Seventh Avenue,secondary_old_house,857,Washington Park,"790 N FILLMORE ST, DENVER, CO 80206",80206,"SMITH,W ROBERT & LAURA S",U-SU-C,9380,1918,2006,20,43,501613001000,39.72893061331644,-104.95259710581013
East Seventh Avenue,secondary_old_house,856,Washington Park,"2501 E 7TH AVENUE PKWY, DENVER, CO 80206",80206,"WHAM,RICHARD C",U-SU-C,7810,1925,2013,13,43,501617011000,39.7275448140634,-104.9575898100206
East Seventh Avenue,secondary_old_house,856,Washington Park,"2627 E 7TH AVENUE PKWY, DENVER, CO 80206",80206,MARIPOSA 945 TRUST,U-SU-C,15600,1919,2016,10,40,501616012000,39.72760379086128,-104.95584362501977
East Seventh Avenue,secondary_old_house,855,Washington Park,"769 N DETROIT ST, DENVER, CO 80206",80206,"BRUMMETTE,ELIZABETH & HOUSTON",U-SU-C,7250,1921,2007,19,42,501615025000,39.72876997718418,-104.95433360327416
East Seventh Avenue,secondary_old_house,852,Washington Park,"2701 E 7TH AVENUE PKWY, DENVER, CO 80206",80206,"STAERKEL,LUISA A",U-SU-C,9380,1923,2021,5,40,501615012000,39.72755510525318,-104.95525984235017
East Seventh Avenue,secondary_old_house,850,Washington Park,"791 N DETROIT ST, DENVER, CO 80206",80206,"KNIGHT-DOMINICK,JAMES W",U-SU-C,10900,1921,2020,6,42,501615026000,39.72892682401636,-104.95431747361384
East Seventh Avenue,secondary_old_house,847,Washington Park,"710 N COLUMBINE ST, DENVER, CO 80206",80206,"SORCE,DAMIAN & ERIN",U-SU-C,7810,1923,2010,16,41,501617010000,39.7276674209516,-104.9575502880225
East Seventh Avenue,secondary_old_house,843,Washington Park,"744 N JOSEPHINE ST, DENVER, CO 80206",80206,"PAINI,WILLIAM P DDS",U-SU-C,7020,1924,2006,20,40,501618016000,39.7281383684208,-104.95873471735982
East Seventh Avenue,secondary_old_house,843,Washington Park,"784 N DETROIT ST, DENVER, CO 80206",80206,"CHAVEZ,RICHARD L",U-SU-C,9380,1922,2020,6,42,501614001000,39.728922302021225,-104.95375400074789
Driving Park,secondary_old_house,842,Washington Park,"461 N HUMBOLDT ST, DENVER, CO 80218",80218,"NARGI,ANTHONY E",U-SU-C,12500,1890,2020,6,44,511210022000,39.72297161174027,-104.96974716859545
Morgan's Subdivision,secondary_old_house,841,Washington Park,"919 N RACE ST, DENVER, CO 80206",80206,MOORE FAMILY TRUST,U-SU-C,7120,1912,2017,9,60,502405001000,39.73087550086679,-104.96395694042012
East Seventh Avenue,secondary_old_house,839,Washington Park,"2310 E 7TH AVENUE PKWY, DENVER, CO 80206",80206,"REINHARD,TRACY",U-SU-C,9360,1925,2021,5,41,502429001000,39.726889605372,-104.959902388957
Morgan's Subdivision,secondary_old_house,837,Washington Park,"840 N VINE ST, DENVER, CO 80206",80206,"STENMARK,MATTHEW HOYT",U-SU-C,9370,1909,2016,10,48,502408017000,39.72992461899377,-104.96213644852332
Driving Park,secondary_old_house,836,Washington Park,"503 N FRANKLIN ST, DENVER, CO 80218",80218,"COX,LOUIS ANTHONY JR",U-SU-A,9370,1912,1989,37,38,511109013000,39.72394527027299,-104.96863548918589
East Seventh Avenue,secondary_old_house,830,Washington Park,"765 N YORK ST, DENVER, CO 80206",80206,"BIRNEY,JOHN C & MARTHA S",U-SU-C,12500,1915,1991,35,35,502413015000,39.72842655217153,-104.96049293715643
East Seventh Avenue,secondary_old_house,828,Washington Park,"741 N YORK ST, DENVER, CO 80206",80206,"SILENSKY,LEE STEVEN",U-SU-C,7030,1923,1987,39,35,502413013000,39.72807338490946,-104.96051283797922
Driving Park,secondary_old_house,828,Washington Park,"571 N HIGH ST, DENVER, CO 80218",80218,"DRAKE,KEEGAN S",U-SU-C,7810,1900,2020,6,36,511106017000,39.724960691376445,-104.9651118602612
Morgan's Subdivision,secondary_old_house,827,Washington Park,"860 N GAYLORD ST, DENVER, CO 80206",80206,"KREITLER,BRADFORD D",U-SU-C,9370,1926,2011,15,49,502409001000,39.73023057061046,-104.96104593846387
East Seventh Avenue,secondary_old_house,819,Washington Park,"2133 E 7TH AVENUE PKWY, DENVER, CO 80206",80206,"FLANIGAN,BARBARA M & RICHARD J",U-SU-E,9370,1921,2006,20,35,502414011000,39.72753225072707,-104.9616765916884
East Seventh Avenue,secondary_old_house,819,Washington Park,"2000 E 7TH AVENUE PKWY, DENVER, CO 80206",80206,"ROBB,JEANNE O",U-SU-E,7800,1948,2007,19,35,502426001000,39.726895609588304,-104.96337124005832
East Seventh Avenue,secondary_old_house,818,Washington Park,"725 N YORK ST, DENVER, CO 80206",80206,"BOUGHMAN,BARRY J",U-SU-C,7810,1923,2001,25,35,502413011000,39.72781426885714,-104.96049476294826
East Seventh Avenue,secondary_old_house,816,Washington Park,"737 N YORK ST, DENVER, CO 80206",80206,"HALL,SANDRA S",U-SU-C,7030,1926,1999,27,35,502413012000,39.727959381221524,-104.96051175442422
East Seventh Avenue,secondary_old_house,815,Washington Park,"764 N JOSEPHINE ST, DENVER, CO 80206",80206,"HUBBELL,JACKSON KARL",U-SU-C,10900,1916,2013,13,38,501618020000,39.72862405313864,-104.958720818626
East Seventh Avenue,secondary_old_house,815,Washington Park,"2279 E 7TH AVENUE PKWY, DENVER, CO 80206",80206,REGAN FAMILY TRUST,U-SU-E,12500,1924,2015,11,35,502413010000,39.7275745546906,-104.96047434663046
Morgan's Subdivision,secondary_old_house,814,Washington Park,"800 N RACE ST, DENVER, CO 80206",80206,"BAKER,SABRINA A",U-SU-C,15600,1920,2007,19,42,502407006000,39.72937155347939,-104.96336153531063
East Seventh Avenue,secondary_old_house,813,Washington Park,"790 N GAYLORD ST, DENVER, CO 80206",80206,"JOHNSON,PHYL GARFIELD",U-SU-C,8330,1936,1991,35,35,502413001000,39.7288964740694,-104.96105436218069
East Seventh Avenue,secondary_old_house,813,Washington Park,"1920 E 7TH AVENUE PKWY, DENVER, CO 80206",80206,"PELTIER,WILLIAM H III",U-SU-E,7800,1922,2020,6,37,502425020000,39.726873827597906,-104.96393988360798
Driving Park,secondary_old_house,812,Washington Park,"569 N WILLIAMS ST, DENVER, CO 80218",80218,"MILLER,RICHARD A TRUST",U-SU-C,9370,1917,2012,14,33,511107020000,39.72496533560734,-104.96627053755465
Morgan's Subdivision,secondary_old_house,811,Washington Park,"801 N VINE ST, DENVER, CO 80206",80206,"MILLER,LAWRENCE A TRUST",U-SU-C,10400,1923,2014,12,40,502407007000,39.729309431898244,-104.96288483279955
East Seventh Avenue,secondary_old_house,809,Washington Park,"652 N HIGH ST, DENVER, CO 80218",80218,"HYLAND,PHYLLIS MCEVOY",U-SU-C,7800,1916,2000,26,33,502425003000,39.726626523774,-104.96455874517294
East Seventh Avenue,secondary_old_house,809,Washington Park,"761 N GAYLORD ST, DENVER, CO 80206",80206,"MICHAUD,HOLLY SHAW",U-SU-C,7810,1926,2007,19,35,502414017000,39.72847488407959,-104.96168417801671
East Seventh Avenue,secondary_old_house,809,Washington Park,"2315 E 7TH AVENUE PKWY, DENVER, CO 80206",80206,"GIOBERTO,GUIDO",U-SU-C,12500,1922,2019,7,35,502412011000,39.72760226225077,-104.95985973841945
East Seventh Avenue,secondary_old_house,805,Washington Park,"2101 E 7TH AVENUE PKWY, DENVER, CO 80206",80206,MCCREADY FAMILY TRUST,U-SU-E,12500,1931,2021,5,35,502414010000,39.7275711169654,-104.96218051415407
Morgan's Subdivision,secondary_old_house,804,Washington Park,"850 N GAYLORD ST, DENVER, CO 80206",80206,"CANON,CAROL G TRUST",U-SU-C,9370,1923,2018,8,43,502409002000,39.730066170417864,-104.96105591785047
East Seventh Avenue,secondary_old_house,802,Washington Park,"2025 E 7TH AVENUE PKWY, DENVER, CO 80206",80206,"CLEWORTH,SHEILA M TRUST",U-SU-E,12500,1925,2010,16,33,502415012000,39.727596150197,-104.96283265247753
East Seventh Avenue,secondary_old_house,802,Washington Park,"727 N GAYLORD ST, DENVER, CO 80206",80206,"WALLACE,BRIAN D",U-SU-C,7810,1926,2018,8,35,502414013000,39.7278674737522,-104.96170256273322
Alamo Placita,secondary_old_house,800,Washington Park,"678 E 4TH AVE, DENVER, CO 80203",80203,678 EAST 4TH AVENUE LLC,U-TU-B,12500,1929,1995,31,45,511322015000,39.722282105583766,-104.97904290690532
East Seventh Avenue,secondary_old_house,796,Washington Park,"2100 E 8TH AVE, DENVER, CO 80206",80206,"ANDERSON,EVAN J",U-SU-C,9370,1928,1996,30,33,502414001000,39.72890775015866,-104.9622197977825
Morgan's Subdivision,secondary_old_house,796,Washington Park,"805 N GAYLORD ST, DENVER, CO 80206",80206,"KIRSCH,PETER J",U-SU-C,9390,1906,1997,29,33,502408015000,39.72931726084115,-104.961689030678
Morgan's Subdivision,secondary_old_house,796,Washington Park,"801 N YORK ST, DENVER, CO 80206",80206,"CHISM,CHRISTOPHER REVOCABLE TRUST",U-SU-C,12500,1912,2015,11,36,502409008000,39.72933344075867,-104.96054866133517
East Seventh Avenue,secondary_old_house,796,Washington Park,"766 N GAYLORD ST, DENVER, CO 80206",80206,"SCHULEIN,NANCY REV TRUST",U-SU-C,7290,1905,2018,8,35,502413003000,39.72860312065806,-104.9610338524234
Morgan's Subdivision,secondary_old_house,795,Washington Park,"2205 E 8TH AVE, DENVER, CO 80206",80206,"RAINE,STANLEY M",U-SU-C,10900,1926,2003,23,33,502409006000,39.72933954025165,-104.96107196658184
East Seventh Avenue,secondary_old_house,795,Washington Park,"777 N VINE ST, DENVER, CO 80206",80206,"MALIK,RYAN",U-SU-C,19700,1921,2019,7,33,502415018000,39.72855092747823,-104.96279078086813
East Seventh Avenue,secondary_old_house,795,Washington Park,"740 N GAYLORD ST, DENVER, CO 80206",80206,"MCNITT,SUZANNE W",U-SU-C,9370,1922,,,35,502413007000,39.7280162763171,-104.9610075016567
Alamo Placita,secondary_old_house,794,Washington Park,"552 N DOWNING ST, DENVER, CO 80218",80218,"MCCLOSKEY,BRUCE D & JANICE E",U-SU-A,7810,1898,1999,27,42,511203006000,39.724750992568225,-104.97256766329978
East Seventh Avenue,secondary_old_house,792,Washington Park,"771 N YORK ST, DENVER, CO 80206",80206,"STEFFEN,PJ PRELOGAR",U-SU-C,10900,1913,2021,5,35,502413016000,39.728679804926,-104.9604942562722
Alamo Placita,secondary_old_house,791,Washington Park,"350 N PEARL ST, DENVER, CO 80203",80203,"PHILLIPS,JAMES JOSEPH",U-TU-B,8330,1906,1995,31,45,511322005000,39.72185082639334,-104.97963967852117
East Seventh Avenue,secondary_old_house,791,Washington Park,"764 N HUMBOLDT ST, DENVER, CO 80218",80218,"BARES,MICHAEL R",U-SU-C,9370,1909,2006,20,47,502319027000,39.72841749720135,-104.96914191230215
East Seventh Avenue,secondary_old_house,791,Washington Park,"789 N GAYLORD ST, DENVER, CO 80206",80206,"BROCKMAN,JUSTIN O",U-SU-C,12500,1927,2016,10,33,502414019000,39.72885780895258,-104.96165137369682
East Seventh Avenue,secondary_old_house,790,Washington Park,"1900 E 7TH AVENUE PKWY, DENVER, CO 80206",80206,"OWENS,GARY MICHAEL",U-SU-E,12500,1925,2019,7,31,502425024000,39.72682833386869,-104.96450994817663
East Seventh Avenue,secondary_old_house,789,Washington Park,"769 N GAYLORD ST, DENVER, CO 80206",80206,"HOLLIS,GWYNETH",U-SU-C,7810,1920,2021,5,34,502414018000,39.728632040585346,-104.9616862140241
Morgan's Subdivision,secondary_old_house,788,Washington Park,"818 N VINE ST, DENVER, CO 80206",80206,"DUNN,DAVID WESLEY",U-SU-C,15600,1912,2021,5,35,502408005000,39.72938453444647,-104.96222473689738
Morgan's Subdivision,secondary_old_house,781,Washington Park,"840 N GAYLORD ST, DENVER, CO 80206",80206,"GRAWEMEYER,DAVID W",U-SU-C,12500,1925,2003,23,33,502409003000,39.72982650627367,-104.96101167510882
Morgan's Subdivision,secondary_old_house,775,Washington Park,"820 N GAYLORD ST, DENVER, CO 80206",80206,"SPARKS,PAUL E & SUE J",U-SU-C,10900,1912,2016,10,33,502409014000,39.72957815590736,-104.961009956013
East Seventh Avenue,secondary_old_house,771,Washington Park,"770 N HIGH ST, DENVER, CO 80218",80218,"COORS,MARILYN E REVOCABLE TRUST",U-SU-E,21900,1926,2014,12,31,502416001000,39.728769019545496,-104.96453804569903
Morgan's Subdivision,secondary_old_house,771,Washington Park,"835 N YORK ST, DENVER, CO 80206",80206,KELLY FAMILY TRUST,U-SU-C,9370,1908,2021,5,34,502409010000,39.72978859575224,-104.9605373444176
Alamo Placita,secondary_old_house,770,Washington Park,"527 N CORONA ST, DENVER, CO 80218",80218,"DAY,SCOTT & CHRISTIN CRAMPTON",U-SU-B,7620,1903,2001,25,42,511205014000,39.72471191384464,-104.97442133213077
East Seventh Avenue,secondary_old_house,770,Washington Park,"772 N HUMBOLDT ST, DENVER, CO 80218",80218,"ECKELBERGER,DAVID F",U-SU-C,9370,1898,2019,7,47,502319003000,39.72861121026794,-104.96915730019441
Humboldt Street,secondary_old_house,762,City Park West,"1022 N HUMBOLDT ST, DENVER, CO 80218",80218,"FRIES,AMBER L TRUST",U-SU-C,37100,1907,2014,12,53,502237005000,39.7324998646104,-104.96921189531388
East Seventh Avenue,secondary_old_house,752,Washington Park,"1930 E 8TH AVE, DENVER, CO 80206",80206,"BRYNESTAD,JAMES KEVIN",U-SU-C,10900,1936,2013,13,29,502416018000,39.728869712567004,-104.96399581816341
Driving Park,secondary_old_house,750,Washington Park,"577 N FRANKLIN ST, DENVER, CO 80218",80218,SIXJWS L P,U-SU-A,7861,1915,2016,10,28,511109032000,39.72512164300843,-104.968619783318
East Seventh Avenue,secondary_old_house,749,Washington Park,"752 N HIGH ST, DENVER, CO 80218",80218,"FINE,ALAN S",U-SU-E,9370,1911,2002,24,25,502416003000,39.72827111000308,-104.96455651358238
East Seventh Avenue,secondary_old_house,746,Washington Park,"700 N HIGH ST, DENVER, CO 80218",80218,"DOZOIS,NATHAN",U-SU-E,12500,1930,2021,5,25,502416007000,39.72756258391637,-104.96451648097964
East Seventh Avenue,secondary_old_house,740,Washington Park,"668 N GILPIN ST, DENVER, CO 80218",80218,"TURNAGE,MARK T",U-SU-C,12500,1905,1998,28,20,502423003000,39.72679661481954,-104.96682129057102
East Seventh Avenue,secondary_old_house,739,Washington Park,"627 N FRANKLIN ST, DENVER, CO 80218",80218,"WINGQUIST,JOHN R & JEAN C",U-SU-C,12500,1923,,,27,502336022000,39.72594628441332,-104.96858926410775
East Seventh Avenue,secondary_old_house,734,Washington Park,"631 N OGDEN ST, DENVER, CO 80218",80218,"MCGLAMERY,SAMUEL T",U-SU-B,9370,1926,1990,36,39,502330013000,39.72622950062808,-104.97552804892123
Humboldt Street,secondary_old_house,732,City Park West,"1070 N HUMBOLDT ST, DENVER, CO 80218",80218,"REGINELLI,ROBERT A JR",U-SU-C,16500,1905,1991,35,53,502237001000,39.7334615100132,-104.9691363096384
Humboldt Street,secondary_old_house,730,City Park West,"1060 N HUMBOLDT ST, DENVER, CO 80218",80218,"PADMORE,GERALD",U-SU-C,12400,1910,1989,37,53,502237002000,39.733223572210555,-104.96910633217978
East Seventh Avenue,secondary_old_house,729,Washington Park,"667 N DOWNING ST, DENVER, CO 80218",80218,"CLARK,DUDLEY H",U-SU-B,17200,1907,2012,14,36,502332020000,39.72657137221662,-104.97319886699582
East Seventh Avenue,secondary_old_house,727,Washington Park,"740 N HIGH ST, DENVER, CO 80218",80218,RSIP GIFT TRUST,U-SU-E,9370,1913,2020,6,23,502416004000,39.728066072514466,-104.96455423000586
East Seventh Avenue,secondary_old_house,723,Washington Park,"666 N FRANKLIN ST, DENVER, CO 80218",80218,"MCGARRY,F JOSEPH & GWEN L",U-SU-C,7190,1900,1997,29,20,502422003000,39.72680542999288,-104.96796772720646
Alamo Placita,secondary_old_house,722,Washington Park,"432 N PEARL ST, DENVER, CO 80203",80203,"THOMPSON,SHEILA S",U-SU-B1,7813,1906,2015,11,41,511313028000,39.72315268251554,-104.97960412195185
East Seventh Avenue,secondary_old_house,720,Washington Park,"632 N HUMBOLDT ST, DENVER, CO 80218",80218,"MIDDLEBROOKS, DONNA A",U-SU-C,9370,1911,2006,20,27,502336007000,39.7261595411599,-104.96916319754556
East Seventh Avenue,secondary_old_house,717,Washington Park,"1550 E 7TH AVE, DENVER, CO 80218",80218,"SUMNERS,JACQUELINE",U-SU-C,9370,1926,1993,33,19,502336020000,39.72706237864922,-104.96858647953488
East Seventh Avenue,secondary_old_house,715,Washington Park,"661 N FRANKLIN ST, DENVER, CO 80218",80218,"DUNN,MICHAEL L & TERRY S",U-SU-C,7800,1909,1994,32,20,502336018000,39.726712273210914,-104.96861556864116
Baker Neighborhood,secondary_old_house,713,Washington Park,"145 S BANNOCK ST, DENVER, CO 80223",80223,"ZEIEN,ROBERT L",U-RH-2.5,8400,1897,2010,16,42,510325017000,39.71366863813956,-104.99024324380277
Humboldt Street,secondary_old_house,709,City Park West,"1138 N HUMBOLDT ST, DENVER, CO 80218",80218,"ZELLER,LAURA HIRSCHFELD",U-SU-C,8260,1911,1990,36,52,502236013000,39.73444195677212,-104.96908232343712
East Seventh Avenue,secondary_old_house,709,Washington Park,"645 N EMERSON ST, DENVER, CO 80218",80218,"RICHARDSON,JOHN G & AMY L",U-SU-C,7040,1911,1996,30,38,502329015000,39.72636613178706,-104.97675862064582
East Seventh Avenue,secondary_old_house,707,Washington Park,"740 N EMERSON ST, DENVER, CO 80218",80218,"PIERCE,ROBERT LIVING TRUST",U-SU-C,10700,1912,2021,5,43,502325003000,39.72811523485274,-104.97612321588224
East Seventh Avenue,secondary_old_house,706,Washington Park,"669 N FRANKLIN ST, DENVER, CO 80218",80218,"ALLISON,WILLIAM C V",U-SU-C,7800,1911,2003,23,20,502336019000,39.72686961743171,-104.9686496366417
East Seventh Avenue,secondary_old_house,706,Washington Park,"656 N LAFAYETTE ST, DENVER, CO 80218",80218,"SHEARER,CYNTHIA HODGE",U-SU-C,7810,1914,2006,20,26,502335025000,39.72650535386492,-104.97029979975339
East Seventh Avenue,secondary_old_house,706,Washington Park,"1717 E 7TH AVE, DENVER, CO 80218",80218,"SEMLER,RALPH PARKER",U-SU-C,9370,1918,2017,9,19,502418010000,39.72751669376854,-104.96683107912632
East Seventh Avenue,secondary_old_house,704,Washington Park,"674 N DOWNING ST, DENVER, CO 80218",80218,"PINCUS,HOWARD A",U-SU-B1,9370,1904,2006,20,32,502333003000,39.72669200870157,-104.97264071430071
East Seventh Avenue,secondary_old_house,702,Washington Park,"730 N MARION ST, DENVER, CO 80218",80218,"MARX,LEO JAMES & LAURA S",U-SU-C,9370,1905,1987,39,32,502321008000,39.72790414182607,-104.97145774119016
Humboldt Street,secondary_old_house,701,City Park West,"1050 N HUMBOLDT ST, DENVER, CO 80218",80218,TUXEDO CADDY TRUST,U-SU-C,12400,1921,2018,8,53,502237003000,39.733017573359994,-104.96910454314566
East Seventh Avenue,secondary_old_house,699,Washington Park,"700 N FRANKLIN ST, DENVER, CO 80218",80218,"WILLIAMS,COOPER J",U-SU-C,12500,1907,2021,5,19,502419012000,39.72752973199727,-104.96794866071262
East Seventh Avenue,secondary_old_house,698,Washington Park,"655 N OGDEN ST, DENVER, CO 80218",80218,"MCSWEENEY,PETER A",U-SU-B,7810,1911,2002,24,36,502330015000,39.726668938928505,-104.97558167224307
East Seventh Avenue,secondary_old_house,698,Washington Park,"1533 E 7TH AVE, DENVER, CO 80218",80218,"HEIN,KEVIN P",U-SU-C,7800,1911,2012,14,19,502319014000,39.72747777579114,-104.96859614123875
Humboldt Street,secondary_old_house,697,City Park West,"1110 N HUMBOLDT ST, DENVER, CO 80218",80218,"LOHMEYER,NATHAN",U-SU-C,12400,1910,2020,6,53,502236007000,39.734061300512785,-104.96911370929745
East Seventh Avenue,secondary_old_house,695,Washington Park,"718 N CORONA ST, DENVER, CO 80218",80218,"REITER,FREDERICK F",U-SU-B,7050,1916,1988,38,33,502323019000,39.72773054269459,-104.9737404547554
East Seventh Avenue,secondary_old_house,695,Washington Park,"725 N WILLIAMS ST, DENVER, CO 80218",80218,"DARRE,BERNARD C",U-SU-C,9370,1921,2014,12,15,502418014000,39.72779399125285,-104.96628349174763
East Seventh Avenue,secondary_old_house,695,Washington Park,"1100 E 7TH AVE, DENVER, CO 80218",80218,"BURGIO,DAVID J",U-SU-B,12500,1910,2021,5,36,502332001000,39.72700962938039,-104.97373024149952
East Seventh Avenue,secondary_old_house,693,Washington Park,"730 N EMERSON ST, DENVER, CO 80218",80218,"BRUNNER,HANS",U-SU-C,8060,1912,1998,28,36,502325004000,39.727992230776,-104.97611363479281
Humboldt Street,secondary_old_house,692,City Park West,"1049 N HUMBOLDT ST, DENVER, CO 80218",80218,"STOEVER,KRISTEN C",U-SU-C,9370,1906,2015,11,51,502238013000,39.73303763550944,-104.96984481641724
East Seventh Avenue,secondary_old_house,692,Washington Park,"720 N GILPIN ST, DENVER, CO 80218",80218,EWING FAMILY TRUST,U-SU-C,9370,1915,2020,6,16,502418009000,39.72772452091534,-104.96683520218339
Humboldt Street,secondary_old_house,691,City Park West,"1061 N HUMBOLDT ST, DENVER, CO 80218",80218,"WILLIAMS,NINA M",U-SU-C,9370,1908,2013,13,51,502238014000,39.73322075501722,-104.96984630480287
East Seventh Avenue,secondary_old_house,691,Washington Park,"635 N LAFAYETTE ST, DENVER, CO 80218",80218,"BARTCZAK,ERIC A",U-SU-C,9370,1947,,,26,502334015000,39.7261616389542,-104.9709146190039
East Seventh Avenue,secondary_old_house,688,Washington Park,"740 N GILPIN ST, DENVER, CO 80218",80218,"JOHNSON,STEPHANIE RADISI",U-SU-C,7020,1909,2011,15,14,502418006000,39.72812850924609,-104.9668589707603
East Seventh Avenue,secondary_old_house,686,Washington Park,"677 N EMERSON ST, DENVER, CO 80218",80218,"MCLAGAN,KENNETH W & ANNE S",U-SU-C,7040,1895,1997,29,34,502329018000,39.726770577165844,-104.97672774595745
Wyman,secondary_old_house,686,City Park West,"1555 N RACE ST, DENVER, CO 80206",80206,TEMPLE OF PRACTICAL CHRISTIANITY,G-RO-3,9970,1900,,,51,235533013000,39.741011469121894,-104.96384892660511
Wyman,secondary_old_house,685,City Park West,"1516 N VINE ST, DENVER, CO 80206",80206,"ANDERSEN,CAROL",G-RO-3,7500,1890,2008,18,52,235531008000,39.740523213783725,-104.96188965375045
East Seventh Avenue,secondary_old_house,683,Washington Park,"684 N DOWNING ST, DENVER, CO 80218",80218,"STARCH,BARBARA WARD",U-SU-B1,12500,1899,2013,13,31,502333001000,39.72700160793108,-104.97258771467315
East Seventh Avenue,secondary_old_house,681,Washington Park,"1331 E 7TH AVE, DENVER, CO 80218",80218,"REICHBORN-KJENNERUD,SANDRA K",U-SU-C,7810,1898,1998,28,24,502321012000,39.72751529895923,-104.97094682554892
East Seventh Avenue,secondary_old_house,680,Washington Park,"670 N EMERSON ST, DENVER, CO 80218",80218,"CHAPIN,NANCY L",U-SU-C,9370,1905,2015,11,35,502330002000,39.72684374374191,-104.97605416540554
East Seventh Avenue,secondary_old_house,678,Washington Park,"701 N EMERSON ST, DENVER, CO 80218",80218,"GARDNER,GILBERT",U-SU-C,9375,1902,1996,30,32,502326010000,39.7275261181727,-104.97671047646463
East Seventh Avenue,secondary_old_house,677,Washington Park,"1001 E 7TH AVE, DENVER, CO 80218",80218,"OWEN,LAURA",U-RH-2.5,9370,1905,2012,14,33,502324009000,39.72751730446081,-104.97489825910719
East Seventh Avenue,secondary_old_house,675,Washington Park,"642 N CLARKSON ST, DENVER, CO 80218",80218,"PRANCAN,JANE REVOCABLE TRUST",U-SU-B,9370,1924,2017,9,36,502329004000,39.72638890360077,-104.97726965957563
East Seventh Avenue,secondary_old_house,673,Washington Park,"669 N EMERSON ST, DENVER, CO 80218",80218,"DIEDRICH,ROBIN P",U-SU-C,7040,1906,2015,11,35,502329017000,39.7266723739392,-104.97675623162405
East Seventh Avenue,secondary_old_house,672,Washington Park,"680 N EMERSON ST, DENVER, CO 80218",80218,MANNSFELD ROCKY MOUNTAIN ENTERPRISES LLC,U-SU-C,9370,1903,2013,13,33,502330001000,39.72705708114044,-104.97607466041711
Humboldt Street,secondary_old_house,670,City Park West,"1151 N HUMBOLDT ST, DENVER, CO 80218",80218,"WHITE,CATHERINE P",U-SU-C,9370,1904,2021,5,52,502235016000,39.734676702724556,-104.96980945734812
East Seventh Avenue,secondary_old_house,669,Washington Park,"660 N MARION ST, DENVER, CO 80218",80218,"BAACK,DANIEL",U-SU-C,10000,1923,2009,17,24,502334003000,39.72660444593988,-104.97144404470798
East Seventh Avenue,secondary_old_house,667,Washington Park,"712 N CORONA ST, DENVER, CO 80218",80218,"DINES WAITE,ANNE SHERMAN",U-SU-B,13400,1917,2010,16,30,502323020000,39.727564327889205,-104.97373285925634
Wyman,secondary_old_house,665,City Park West,"1600 N RACE ST, DENVER, CO 80206",80206,"FRIEDMANN,PETER",G-RO-3,9375,1905,2014,12,53,235527031000,39.741849421785,-104.96312398111837
Wyman,secondary_old_house,664,City Park West,"1545 N VINE ST, DENVER, CO 80206",80206,SUI GENERIS COLORADO LLC,G-RO-3,7813,1905,2021,5,52,235532040000,39.740874234881225,-104.96260026657154
East Seventh Avenue,secondary_old_house,660,Washington Park,"720 N EMERSON ST, DENVER, CO 80218",80218,"HALPERN,JOSEPH W",U-SU-C,9370,1906,2014,12,32,502325005000,39.72771068373352,-104.97611414363024
East Seventh Avenue,secondary_old_house,656,Washington Park,"722 N HUMBOLDT ST, DENVER, CO 80218",80218,"ATKINS,JON",U-SU-C,10100,1903,2021,5,19,502319011000,39.727778129081344,-104.96913976310785
East Seventh Avenue,secondary_old_house,655,Washington Park,"700 N LAFAYETTE ST, DENVER, CO 80218",80218,"RITACCO,MARK A",U-SU-C,12500,1906,2018,8,20,502320010000,39.727555152281134,-104.97030659139318
Wyman,secondary_old_house,654,City Park West,"1607 N RACE ST, DENVER, CO 80206",80206,1607 RACE LLC,G-RO-3,7368,1886,2021,5,52,235526030000,39.74184740990078,-104.96377782795467
East Seventh Avenue,secondary_old_house,652,Washington Park,"1300 E 7TH AVE, DENVER, CO 80218",80218,"MUSHKIN,WILLIAM",U-SU-C,8750,1923,2012,14,23,502334001000,39.7270632864216,-104.97148899085931
East Seventh Avenue,secondary_old_house,648,Washington Park,"670 N MARION ST, DENVER, CO 80218",80218,"PENNINGTON,TYLER DANE",U-SU-C,10900,1910,2018,8,23,502334002000,39.72688384728594,-104.9714516438661
East Seventh Avenue,secondary_old_house,644,Washington Park,"680 N CLARKSON ST, DENVER, CO 80218",80218,"GUNN,DANIELLE A",U-RH-2.5,8097,1893,2018,8,31,502329028028,39.72693889717248,-104.97726061722207
Wyman,secondary_old_house,639,City Park West,"1617 N VINE ST, DENVER, CO 80206",80206,"BAILEY,IVA LOU",G-RO-3,9370,1908,2014,12,52,235527033000,39.742053576537664,-104.96259930846867
East Seventh Avenue,secondary_old_house,604,Washington Park,"722 E 7TH AVE, DENVER, CO 80203",80203,"MORAHAN,JOSEPH E III",U-RH-2.5,11200,1896,2015,11,26,503913001000,39.72702284949032,-104.978388803889
Baker Neighborhood,secondary_old_house,597,Washington Park,"149 W BAYAUD AVE, DENVER, CO 80223",80223,"BURNETT,MICHAEL",U-RH-2.5,7813,1907,2012,14,36,510319032000,39.71509922561963,-104.99120089567182
Baker Neighborhood,secondary_old_house,596,Washington Park,"238 N CHEROKEE ST, DENVER, CO 80223",80223,"MINOR,KATHREEN ROGERS",U-RH-2.5,7100,1905,2005,21,39,510230010000,39.720089385118,-104.99169415079457
East Seventh Avenue,secondary_old_house,593,Washington Park,"731 N CLARKSON ST, DENVER, CO 80218",80218,"TERREL,MARK",U-RH-2.5,7810,1909,2015,11,24,503918010000,39.727888340196,-104.97787612212306
Baker Neighborhood,secondary_old_house,590,Washington Park,"133 S CHEROKEE ST, DENVER, CO 80223",80223,133 SOUTH CHEROKEE STREET LLC,U-RH-2.5,7120,1895,2021,5,36,510323013000,39.714213920605,-104.99277229054327
East Seventh Avenue,secondary_old_house,589,Washington Park,"735 N CLARKSON ST, DENVER, CO 80218",80218,"GILLETTE,EARL B",U-RH-2.5,7810,1911,2019,7,24,503918011000,39.728014074796384,-104.97786211126885
Baker Neighborhood,secondary_old_house,580,Washington Park,"66 N CHEROKEE ST, DENVER, CO 80223",80223,"COOK,BRET",U-RH-2.5,7090,1941,2011,15,34,510303005000,39.717955596436916,-104.99182471983109
Baker Neighborhood,secondary_old_house,568,Washington Park,"337 N ACOMA ST, DENVER, CO 80223",80223,"HULL,SHELLEY M LIVING TRUST",U-RH-2.5,9200,1890,2017,9,31,510218037000,39.721661009353205,-104.9895904139656
Swallow Hill,secondary_old_house,567,City Park West,"1651 N OGDEN ST, DENVER, CO 80218",80218,"TRYBUS,BRIAN C & MICHELE",G-RO-3,7250,1890,1993,33,45,235420017000,39.74258853373171,-104.97517099776215
Baker Neighborhood,secondary_old_house,567,Washington Park,"352 N BANNOCK ST, DENVER, CO 80223",80223,"ACEVEDO,DOMINIQUE L",U-RH-2.5,9200,1883,2002,24,31,510218053000,39.7219759548747,-104.99036271417219
Baker Neighborhood,secondary_old_house,563,Washington Park,"295 N BANNOCK ST, DENVER, CO 80223",80223,"MULLENIX,NICOLETTE",U-RH-2.5,7253,1924,2021,5,36,510230035000,39.7207469155668,-104.9912831523794
Baker Neighborhood,secondary_old_house,553,Washington Park,"350 N BANNOCK ST, DENVER, CO 80223",80223,"KOSTER,NICOLE L",U-RH-2.5,9200,1927,2019,7,31,510218006000,39.72182113691086,-104.99023292258485
Baker Neighborhood,secondary_old_house,551,Washington Park,"121 W 4TH AVE, DENVER, CO 80223",80223,"BOSQUE,PATRICK J",U-RH-2.5,7500,1886,2003,23,30,510215019000,39.7228814013518,-104.9897501184922
Swallow Hill,secondary_old_house,551,City Park West,"1623 N OGDEN ST, DENVER, CO 80218",80218,"WAITZ,DANIEL M",G-RO-3,7250,1889,2017,9,45,235420013000,39.74212297079557,-104.97516971038729
Baker Neighborhood,secondary_old_house,549,Washington Park,"133 W 4TH AVE, DENVER, CO 80223",80223,"WOOLDRIDGE,CHARLES & MARIA",U-RH-2.5,7500,1886,1999,27,30,510215017000,39.72285403440155,-104.99018730801853
Lafayette Street,secondary_old_house,549,City Park West,"1332 E 22ND AVE, DENVER, CO 80205",80205,REVISION REAL ESTATE LLC,U-TU-B,9048,1890,2009,17,54,235303023000,39.74923256939631,-104.97123433736775
Baker Neighborhood,secondary_old_house,538,Washington Park,"301 N BANNOCK ST, DENVER, CO 80223",80223,"MITCHELL,RICHARD REV TRUST",U-RH-2.5,7100,1885,2019,7,31,510219017000,39.721137322915,-104.991284072141
Baker Neighborhood,secondary_old_house,536,Washington Park,"345 N BANNOCK ST, DENVER, CO 80223",80223,"ENGEL,DAVID & KIMBERLY",U-RH-2.5,7100,1883,1998,28,29,510219023000,39.7218238704476,-104.99128566763099
Baker Neighborhood,secondary_old_house,503,Washington Park,"404 W 4TH AVE, DENVER, CO 80223",80223,"MEHLE,MICHAEL A",U-RH-2.5,8440,1890,1997,29,29,510221025000,39.72223302678833,-104.99306538418645
Baker Neighborhood,secondary_old_house,502,Washington Park,"416 W 4TH AVE, DENVER, CO 80223",80223,"HOEKSTRA,DARYL & JULIE",U-RH-2.5,7190,1889,1993,33,29,510221027000,39.72227052509744,-104.99325825393845
Baker Neighborhood,secondary_old_house,502,Washington Park,"440 N CHEROKEE ST, DENVER, CO 80204",80204,"CUNNINGHAM,JOSEPHINE E",U-RH-2.5,9330,1900,2013,13,29,510214008000,39.723442027065566,-104.9917850566203
Baker Neighborhood,secondary_old_house,499,Washington Park,"357 N DELAWARE ST, DENVER, CO 80223",80223,"JOHNSON,JEFFREY CHAD",U-RH-2.5,7610,1890,2010,16,31,510221033000,39.722024578343145,-104.99318293209558
Curtis Park - G,secondary_old_house,493,City Park West,"3222 CHAMPA ST, DENVER, CO 80205",80205,"RUIZ,LINDA",U-RH-2.5,9370,1886,2012,14,38,226320017000,39.76165700563444,-104.97383788973845
Curtis Park - G,secondary_old_house,475,Highland,"2900 CHAMPA ST, DENVER, CO 80205",80205,"ADAMS,PAMELA R",U-RH-2.5,7830,1884,2012,14,32,227612028000,39.75863778789489,-104.97780225247377
Curtis Park - G,secondary_old_house,463,Highland,"2919 STOUT ST, DENVER, CO 80205",80205,"PETTERSON,JEANINE D",U-RH-2.5,9380,1886,2019,7,32,227612016000,39.75853161696234,-104.97716016799244
Curtis Park - G,secondary_old_house,461,Highland,"2905 CURTIS ST, DENVER, CO 80205",80205,"MOEHLE,WHITNEY",U-RH-2.5,7058,1891,2012,14,26,227610042000,39.75965228381511,-104.9791203559669
La Alma Lincoln Park Historic Cultural District,secondary_old_house,458,West Colfax,"1038 W 13TH AVE, DENVER, CO 80204",80204,"BENEDICT,MICHAEL",U-RH-3A,7500,1879,2021,5,5,504114001000,39.736687043079996,-105.00121604475942
Curtis Park - F,secondary_old_house,455,Highland,"2810 ARAPAHOE ST, DENVER, CO 80205",80205,"FAHMY,PETER A & BARBARA N",U-RH-2.5,9435,1886,1995,31,19,227619030000,39.759116341535226,-104.98059378006167
Montclair,secondary_old_house,445,Hilltop,"700 N ONEIDA ST, DENVER, CO 80220",80220,"HOFFMAN,MORRIS B & KATE E",E-SU-DX,9750,1942,1988,38,30,605434005000,39.72705149075966,-104.90776289594776
Montclair,secondary_old_house,443,Hilltop,"765 N ONEIDA ST, DENVER, CO 80220",80220,"TUNE,JOHN CAMERON",E-SU-DX,16300,1906,2008,18,32,605426008000,39.72834090135927,-104.90857331875942
Curtis Park - D,secondary_old_house,442,Highland,"2537 STOUT ST, DENVER, CO 80205",80205,"CHAVARRIA,BEATRICE",U-RH-2.5,9375,1887,2010,16,22,234203015000,39.75494665430022,-104.98178066238624
Montclair,secondary_old_house,437,Hilltop,"755 N ONEIDA ST, DENVER, CO 80220",80220,"CLARK,ROBERT CARL TRUST",E-SU-DX,19500,1886,2019,7,32,605435005000,39.727775935318306,-104.9085439624083
Montclair,secondary_old_house,436,Hilltop,"770 N OLIVE ST N, DENVER, CO ",,"CHEONG,MELISSA ANN",E-SU-DX,39007,1910,2018,8,30,605428025000,39.7287592620846,-104.9065695011076
Montclair,secondary_old_house,430,Hilltop,"778 N ONEIDA ST, DENVER, CO 80220",80220,"STARK,GARY J & JILL E",E-SU-DX,10400,1910,2003,23,31,605427003000,39.728497810895526,-104.90777204302033
Curtis Park - C,secondary_old_house,425,Highland,"2724 CURTIS ST, DENVER, CO 80205",80205,"RALLIS,JUSTIN",U-RH-2.5,7820,1886,2004,22,16,227625006000,39.7576437175379,-104.98079175273449
La Alma Lincoln Park Historic Cultural District,secondary_old_house,419,West Colfax,"1175 N LIPAN ST, DENVER, CO 80204",80204,C & R LIMITED LIABILITY COMPANY,U-TU-B,8750,1928,2018,8,5,504118029000,39.73508657972945,-105.00189576499969
Curtis Park - B,secondary_old_house,417,Highland,"2619 CHAMPA ST, DENVER, CO 80205",80205,"GANZ,FREDERICK",U-RH-2.5,7870,1880,2006,20,15,227632011000,39.756439941807,-104.9816913830319
Curtis Park - B,secondary_old_house,417,Highland,"2601 CHAMPA ST, DENVER, CO 80205",80205,MATHEWS-GOTTHELF LLC,G-RO-3,11156,1890,2010,16,15,227632022000,39.75626190658026,-104.98188355708233
Montclair,secondary_old_house,417,Hilltop,"845 N ONEIDA ST, DENVER, CO 80220",80220,"SPAULDING,DAVID M",E-SU-DX,7630,1948,2016,10,30,605419011000,39.73017749923154,-104.90856034296779
Montclair,secondary_old_house,416,Hilltop,"720 N ONEIDA ST, DENVER, CO 80220",80220,"NAVARRO-LEAHY,ANN",E-SU-DX,9750,1949,2017,9,30,605434004000,39.72728417958663,-104.90771302884373
Montclair,secondary_old_house,415,Hilltop,"754 N OLIVE ST, DENVER, CO 80220",80220,"DALLAS,MICHAEL J TRUST",E-SU-DX,9750,1891,2010,16,30,605433010000,39.7278960324305,-104.90663116238407
La Alma Lincoln Park Historic Cultural District,secondary_old_house,415,West Colfax,"1226 N LIPAN ST, DENVER, CO 80204",80204,"BLANNING,WILLIAM F & NANCY L",U-TU-B,7500,1890,,,5,504114048000,39.73588313729586,-105.00114232319058
Montclair,secondary_old_house,413,Hilltop,"765 N OLIVE ST, DENVER, CO 80220",80220,"HAMLING,SCOTT J",E-SU-DX,16200,1908,2018,8,30,605427017000,39.7283467746836,-104.90729012819853
Curtis Park - F,secondary_old_house,412,Highland,"2826 CURTIS ST, DENVER, CO 80205",80205,"WEST,WILLIAM A",U-RH-2.5,9420,1889,,,20,227618024000,39.75862796113478,-104.97955285129467
Montclair,secondary_old_house,411,Hilltop,"703 N OLIVE ST, DENVER, CO 80220",80220,"FRAKES,KARL E & KERRY D",E-SU-DX,13000,1920,1995,31,25,605434006000,39.727122476466,-104.90722005925407
Montclair,secondary_old_house,409,Hilltop,"1001 N ONEIDA ST, DENVER, CO 80220",80220,"COFFMAN,CARL",E-SU-DX,13000,1894,2006,20,26,605405008000,39.73191287355236,-104.90857604869107
Montclair,secondary_old_house,408,Hilltop,"928 N OLIVE ST, DENVER, CO 80220",80220,"SHERADEN,THOMAS A & MARIJKE J",E-SU-DX,9750,1911,2007,19,29,605414003000,39.73107291038434,-104.90662427141156
La Alma Lincoln Park Historic Cultural District,secondary_old_house,407,West Colfax,"1165 N LIPAN ST, DENVER, CO 80204",80204,"SPRAGUE,CHRISTINE L",U-TU-B,8440,1886,2014,12,5,504118028000,39.734887471236,-105.00190085907371
Montclair,secondary_old_house,406,Hilltop,"762 N OLIVE ST, DENVER, CO 80220",80220,BLESSIN FAMILY TRUST,E-SU-DX,9750,1914,2018,8,30,605428003000,39.728242923101824,-104.90662421540075
Montclair,secondary_old_house,406,Hilltop,"920 N ONEIDA ST, DENVER, CO 80220",80220,"MARVIN,ERIN D",E-SU-DX,8130,1946,2019,7,29,605413005000,39.73092270538876,-104.90780096333047
Curtis Park - B,secondary_old_house,405,Highland,"2640 CURTIS ST, DENVER, CO 80205",80205,"JOHNSON,JERROD",U-RH-2.5,9440,1885,2020,6,15,227632004000,39.75698998892878,-104.98166473245766
Montclair,secondary_old_house,404,Hilltop,"956 N OLIVE ST, DENVER, CO 80220",80220,"POLLACK,HOWARD & LISA M",E-SU-DX,9750,1907,1999,27,27,605414001000,39.7315008614698,-104.90655209909201
Montclair,secondary_old_house,402,Hilltop,"940 N OLIVE ST, DENVER, CO 80220",80220,"POLLACK,HOWARD & LISA",E-SU-DX,9750,1907,2009,17,28,605414002000,39.73130359126455,-104.90662429571168
Montclair,secondary_old_house,400,Hilltop,"943 N OLIVE ST, DENVER, CO 80220",80220,"WOOD,LAWRENCE G & CONSTANCE B",E-SU-DX,9750,1930,,,29,605413012000,39.73122674897367,-104.90724973256054
Montclair,secondary_old_house,395,Hilltop,"1025 N OLIVE ST, DENVER, CO 80220",80220,"MCCLUNG,MATHEW J",E-SU-DX,8130,1948,2001,25,24,605404010000,39.732199586259306,-104.9072265716503
Montclair,secondary_old_house,395,Hilltop,"830 N OLIVE ST, DENVER, CO 80220",80220,830 OLIVE STREET LLC,E-SU-DX,8970,1890,2021,5,29,605417003000,39.73003204334492,-104.90665972735799
Montclair,secondary_old_house,393,Hilltop,"1133 N ONEIDA ST, DENVER, CO 80220",80220,"MORALES,ROBERT",E-SU-DX,9150,1940,2001,25,23,605136006000,39.733664801891095,-104.90860753655238
La Alma Lincoln Park Historic Cultural District,secondary_old_house,393,West Colfax,"1047 N KALAMATH ST, DENVER, CO 80204",80204,"FLETCHER,TIMOTHY",U-TU-B,7510,1895,2011,15,7,504402024000,39.732953226783714,-105.00054740521557
Montclair,secondary_old_house,393,Hilltop,"717 N PONTIAC ST, DENVER, CO 80220",80220,"FAUST,CARYLE L",E-SU-DX,19500,1914,2012,14,24,605433007000,39.72779045941653,-104.90615698988995
La Alma Lincoln Park Historic Cultural District,secondary_old_house,391,West Colfax,"1027 N KALAMATH ST, DENVER, CO 80204",80204,"NOBLE,LINDSEY",U-TU-B,7510,1900,2009,17,7,504402021000,39.73267880974386,-105.00054826203072
La Alma Lincoln Park Historic Cultural District,secondary_old_house,389,West Colfax,"1060 N LIPAN ST, DENVER, CO 80204",80204,"GARCIA,GERARDO CHAVEZ",U-TU-B,7510,1890,1993,33,5,504402004000,39.733228903830145,-105.00115129411157
Montclair,secondary_old_house,389,Hilltop,"1045 N ONEIDA ST, DENVER, CO 80220",80220,"BIDEGARAY,MICHELE",E-SU-DX,9750,1937,2012,14,24,605405011000,39.73249038365578,-104.90859087431667
La Alma Lincoln Park Historic Cultural District,secondary_old_house,389,West Colfax,"1037 N KALAMATH ST, DENVER, CO 80204",80204,"ELIASSEN,JEFFREY A",U-TU-B,7500,1890,2015,11,7,504402055000,39.732816177289855,-105.00062407014214
Montclair,secondary_old_house,380,Hale,"1146 N ONEIDA ST, DENVER, CO 80220",80220,"TODD,JUDITH A & JEFFREY M",E-SU-DX,10654,1904,1996,30,22,605134014000,39.73395755856964,-104.90778977199226
Montclair,secondary_old_house,380,Hale,"1044 N OLIVE ST, DENVER, CO 80220",80220,"DON,SHELLEY B TRUST",E-SU-DX,22800,1917,2021,5,24,605403001000,39.732514864047005,-104.906610284784
La Alma Lincoln Park Historic Cultural District,secondary_old_house,379,West Colfax,"1115 W 10TH AVE, DENVER, CO 80204",80204,"SHOLES,CHRISTINE M",U-RH-3A,7120,1886,2016,10,7,504403017000,39.73242925299422,-105.00196984126566
Montclair,secondary_old_house,376,Hilltop,"1141 N ONEIDA ST, DENVER, CO 80220",80220,"OSEI-KUMAH,YAW AMPOFOH REV TRUST",E-SU-DX,9980,1940,2018,8,23,605136007000,39.73381337796108,-104.90859864829135
Montclair,secondary_old_house,375,Hilltop,"1037 N OLIVE ST, DENVER, CO 80220",80220,"ROTHENBERG,DEBORAH L TRUST",E-SU-DX,8130,1943,2018,8,24,605404011000,39.73236645915714,-104.90722395269343
Montclair,secondary_old_house,371,Hale,"7020 E 12TH AVE, DENVER, CO 80220",80220,"JESPERSON,ROBERT WILLIAM",E-SU-DX,45900,1887,2012,14,18,605128028000,39.73510256619106,-104.90648545948424
Montclair,secondary_old_house,371,Hilltop,"1058 N ONEIDA ST, DENVER, CO 80220",80220,"HENTZELL,RICHARD LEE",E-SU-DX,9360,1940,,,24,605404001000,39.7326861251435,-104.90778823711558
Montclair,secondary_old_house,370,Hale,"1160 N ONEIDA ST, DENVER, CO 80220",80220,"WILLIAMMEE,JOHN T IV",E-SU-DX,12500,1941,2005,21,21,605128003000,39.734758600334196,-104.907820406322
Montclair,secondary_old_house,369,Hale,"1116 N ONEIDA PL, DENVER, CO 80220",80220,DJS LIVING TRUST,E-SU-DX,11000,1948,2016,10,23,605134009000,39.733382576581114,-104.90725976175321
Montclair,secondary_old_house,368,Hale,"1100 N ONEIDA PL, DENVER, CO 80220",80220,"CASEY,MARY ANN TRUST",E-SU-DX,9720,1949,2015,11,23,605134008000,39.73313463357408,-104.90718034926225
Montclair,secondary_old_house,367,Hilltop,"7035 E 7TH AVE, DENVER, CO 80220",80220,"ROBERTS,KEITH EDWARD III",E-SU-DX,11900,1900,2021,5,24,605433004000,39.72713615897534,-104.90605980015796
Lowry Officers' Row,secondary_old_house,363,Hilltop,"7345 E 5TH AVE, DENVER, CO ",,"DUNCAN,KARA K",R-2-A,9389,1940,2006,20,24,609202024000,39.724967793905186,-104.9030540075264
Montclair,secondary_old_house,360,Hale,"1130 N OLIVE ST, DENVER, CO 80220",80220,"BURGHARDT,JAMES T",E-SU-DX,9380,1948,2012,14,22,605133002000,39.733726840870006,-104.90655534220059
Montclair,secondary_old_house,355,Hale,"1130 N ONEIDA PL, DENVER, CO 80220",80220,"SNYDER,LYNN S",E-SU-DX,7150,1937,2020,6,22,605134006000,39.73364011196427,-104.90756795530812
Montclair,secondary_old_house,352,Hale,"7001 E RICHTHOFEN PL, DENVER, CO 80220",80220,"CANGES,E MICHAEL",E-SU-DX,10500,1949,2005,21,20,605128014000,39.73455148485811,-104.90699210716173
Lowry Officers' Row,secondary_old_house,349,Hale,"7400 E 6TH AVE, DENVER, CO 80230",80230,"SCHREIBER,STEVEN J",R-1,21780,1904,2007,19,22,609202003000,39.725299704081394,-104.90189132403839
Lowry Officers' Row,secondary_old_house,349,Hilltop,"7365 E 5TH AVENUE PKWY, DENVER, CO 80230",80230,"BECKER,NICHOLAS & TAWNY",R-2-A,12296,1940,2008,18,22,609202026000,39.724657224313006,-104.90263615321075
Lowry Officers' Row,secondary_old_house,347,Hilltop,"7355 E 5TH AVENUE PKWY, DENVER, CO 80230",80230,"COX,HENRY HADLEY",R-2-A,11713,1940,2009,17,22,609202025000,39.72500981381,-104.90253934616015
Lowry Officers' Row,secondary_old_house,344,Hilltop,"7315 E 5TH AVENUE PKWY, DENVER, CO 80230",80230,"YUSAS,MICHAEL R",R-2-A,14176,1940,2015,11,22,609202021000,39.72393560384108,-104.90306370028809
Montclair,secondary_old_house,342,Hale,"1190 N ONEIDA ST, DENVER, CO 80220",80220,OTIS FAMILY LIVING TRUST,E-SU-DX,11800,1948,2011,15,18,605128001000,39.73543490807225,-104.90769047007001
Montclair,secondary_old_house,342,Hale,"1177 N PONTIAC ST, DENVER, CO 80220",80220,"JESPERSON,ROBERT WILLIAM",E-SU-DX,18200,1887,2012,14,18,605128027000,39.73505228844225,-104.90612382051307
Lowry Officers' Row,secondary_old_house,340,Hilltop,"7335 E 5TH AVENUE PKWY, DENVER, CO 80230",80230,ELIZABETH M CAPRA TRUST,R-2-A,9993,1940,2014,12,22,609202023000,39.724557172805675,-104.90296355388934
Lowry Officers' Row,secondary_old_house,339,Hilltop,"7325 E 5TH AVENUE PKWY, DENVER, CO 80230",80230,PAULINE S FREBERG TRUST,R-2-A,10709,1940,2016,10,22,609202022000,39.72428649759392,-104.90297912077823
Lowry Officers' Row,secondary_old_house,339,Hilltop,"7305 E 5TH AVE, DENVER, CO ",,"STRAILEY,JENNIFER L",R-2-A,12034,1940,2018,8,22,609202020000,39.72367708998289,-104.90303259737476
