attom_id,apn,address,city,state,zip,latitude,longitude,property_type,land_use,zoning,lot_sqft,lot_acres,owner_name,owner_mailing_address,assessed_total,assessed_land,last_sale_price,last_sale_date,source_zip
184226456,02332-14-076-000,"2100 15TH ST, DENVER, CO 80202",DENVER,CO,80202,39.752871,-105.00541,,Vacant land,,,,,,,,,,80202
184289737,02278-05-040-000,"3001 N INCA ST, DENVER, CO 80202",DENVER,CO,80202,39.760946,-104.998855,,Vacant land,,,,,,,,,,80202
184289738,02278-05-041-000,"3001 N INCA ST, DENVER, CO 80202",DENVER,CO,80202,39.760492,-104.999442,,Vacant land,,,,,,,,,,80202
184289739,02278-05-042-000,"3001 N INCA ST, DENVER, CO 80202",DENVER,CO,80202,39.761486,-104.998974,,Vacant land,,,,,,,,,,80202
184289748,02278-00-050-000,"3101 N SANTA FE DR, DENVER, CO 80202",DENVER,CO,80202,39.761839,-104.998764,,Vacant land,,,,,,,,,,80202
184289750,02278-00-052-000,"3101 N SANTA FE DR, DENVER, CO 80202",DENVER,CO,80202,39.760978,-105.001604,,Vacant land,,,,,,,,,,80202
184289763,02278-05-033-000,"3001 N INCA ST, DENVER, CO 80202",DENVER,CO,80202,39.760831,-104.998837,,Vacant land,,,,,,,,,,80202
184290156,02313-07-015-000,"4700 17TH ST, DENVER, CO 80202",DENVER,CO,80202,39.743587,-105.047841,,Vacant land,,,,,,,,,,80202
184290814,02233-10-024-000,"3943 BLAKE ST, DENVER, CO 80202",DENVER,CO,80202,39.772645,-104.971031,,Vacant land,,,,,,,,,,80202
184291093,02278-16-011-000,"602 W 29TH AVE, DENVER, CO 80202",DENVER,CO,80202,39.75828,-104.995575,,Vacant land,,,,,,,,,,80202
184291157,02281-00-052-000,"3400 ROCKMONT DR, DENVER, CO 80202",DENVER,CO,80202,39.76533,-104.997753,,Vacant land,,,,,,,,,,80202
184291158,02281-00-053-000,"3400 ROCKMONT DR, DENVER, CO 80202",DENVER,CO,80202,39.764154,-104.997677,,Vacant land,,,,,,,,,,80202
184291160,02281-00-055-000,"3400 ROCKMONT DR, DENVER, CO 80202",DENVER,CO,80202,39.762176,-104.998655,,Vacant land,,,,,,,,,,80202
184294260,00161-00-108-000,"17000 E 56TH AVE, DENVER, CO 80202",DENVER,CO,80202,39.794647,-104.78524,,Vacant land,,,,,,,,,,80202
184295380,02279-09-041-000,"2000 BLAKE ST, DENVER, CO 80202",DENVER,CO,80202,39.754298,-104.993514,,Vacant land,,,,,,,,,,80202
184295381,02279-09-042-000,"2000 BLAKE ST, DENVER, CO 80202",DENVER,CO,80202,39.754189,-104.993652,,Vacant land,,,,,,,,,,80202
184295382,02279-09-043-000,"2000 BLAKE ST, DENVER, CO 80202",DENVER,CO,80202,39.754319,-104.993817,,Vacant land,,,,,,,,,,80202
184295413,02281-00-028-000,"3400 ROCKMONT DR, DENVER, CO 80202",DENVER,CO,80202,39.76512,-104.99752,,Vacant land,,,,,,,,,,80202
184295414,02281-00-029-000,"3300 ROCKMONT DR, DENVER, CO 80202",DENVER,CO,80202,39.76424,-104.997534,,Vacant land,,,,,,,,,,80202
184295415,02281-00-030-000,"3300 ROCKMONT DR, DENVER, CO 80202",DENVER,CO,80202,39.764217,-104.997217,,Vacant land,,,,,,,,,,80202
184295416,02281-00-031-000,"3300 ROCKMONT DR, DENVER, CO 80202",DENVER,CO,80202,39.763031,-104.997725,,Vacant land,,,,,,,,,,80202
184295417,02281-00-035-000,"3400 ROCKMONT DR, DENVER, CO 80202",DENVER,CO,80202,39.766527,-104.997558,,Vacant land,,,,,,,,,,80202
184295569,02284-07-006-000,"1648 PLATTE ST, DENVER, CO 80202",DENVER,CO,80202,39.757514,-105.00658,,Vacant land,,,,,,,,,,80202
184298895,02332-00-056-000,"2100 19TH ST, DENVER, CO 80202",DENVER,CO,80202,39.757556,-105.001344,,Vacant land,,,,,,,,,,80202
184298900,02332-00-061-000,"2101 19TH ST, DENVER, CO 80202",DENVER,CO,80202,39.757366,-105.001631,,Vacant land,,,,,,,,,,80202
184298901,02332-00-062-000,"2101 15TH ST, DENVER, CO 80202",DENVER,CO,80202,39.754078,-105.004425,,Vacant land,,,,,,,,,,80202
184299043,02345-05-027-000,"1055 19TH ST, DENVER, CO 80202",DENVER,CO,80202,39.750807,-104.991024,,Vacant land,,,,,,,,,,80202
184301268,02284-00-006-000,"1300 W 32ND AVE, DENVER, CO 80202",DENVER,CO,80202,39.761528,-105.00344,,Vacant land,,,,,,,,,,80202
184303084,02331-19-024-000,"1406 WAZEE ST, DENVER, CO 80202",DENVER,CO,80202,39.74928,-105.002027,,Vacant land,,,,,,,,,,80202
184304591,02332-15-015-000,"1900 15TH ST, DENVER, CO 80202",DENVER,CO,80202,39.752469,-105.005291,,Vacant land,,,,,,,,,,80202
184304592,02332-15-016-000,"2000 15TH ST, DENVER, CO 80202",DENVER,CO,80202,39.752553,-105.0054,,Vacant land,,,,,,,,,,80202
184304593,02332-15-017-000,"2000 15TH ST, DENVER, CO 80202",DENVER,CO,80202,39.752621,-105.005489,,Vacant land,,,,,,,,,,80202
184304795,02345-20-026-000,"1701 ARAPAHOE ST, DENVER, CO 80202",DENVER,CO,80202,39.749445,-104.994104,,Vacant land,,,,,,,,,,80202
184310312,02345-39-010-000,"1425 CHAMPA ST, DENVER, CO 80202",DENVER,CO,80202,39.745184,-104.996196,,Vacant land,,,,,,,,,,80202
184310315,02345-39-013-000,"931 14TH ST, DENVER, CO 80202",DENVER,CO,80202,39.745457,-104.996551,,Vacant land,,,,,,,,,,80202
184553436,14082-00-001-000,"26100 E 104TH AVENUE APPRX, DENVER, CO 80202",DENVER,CO,80202,39.882978,-104.60122,,Vacant land,,,,,,,,,,80202
184661423,02284-00-033-000,"1698 PLATTE ST, DENVER, CO 80202",DENVER,CO,80202,39.758478,-105.006406,,Vacant land,,,,,,,,,,80202
184727415,02278-00-002-000,"3101 N HURON ST, DENVER, CO 80202",DENVER,CO,80202,39.761575,-104.997957,,Vacant land,,,,,,,,,,80202
184727416,02278-00-006-000,"3100 N GALAPAGO ST, DENVER, CO 80202",DENVER,CO,80202,39.761727,-104.996519,,Vacant land,,,,,,,,,,80202
184757999,02345-28-015-000,"601 16TH ST, DENVER, CO 80202",DENVER,CO,80202,39.744868,-104.991388,,Vacant land,,,,,,,,,,80202
184768494,02278-08-024-000,"2001 19TH ST, DENVER, CO 80202",DENVER,CO,80202,39.758063,-105.000755,,Vacant land,,,,,,,,,,80202
204650484,02278-04-024-000,"3110 INCA ST, DENVER, CO 80202",DENVER,CO,80202,39.761089,-104.998189,,Vacant land,,,,,,,,,,80202
204650491,02278-06-022-000,"2901 N SANTA FE DR, DENVER, CO 80202",DENVER,CO,80202,39.759341,-105.000274,,Vacant land,,,,,,,,,,80202
204650492,02278-06-023-000,"2901 N SANTA FE DR, DENVER, CO 80202",DENVER,CO,80202,39.759154,-105.000184,,Vacant land,,,,,,,,,,80202
204650501,02278-06-060-000,"2901 N SANTA FE DR, DENVER, CO 80202",DENVER,CO,80202,39.758764,-105.000579,,Vacant land,,,,,,,,,,80202
216437219,02271-03-040-000,"3601 BLAKE ST, DENVER, CO 80202",DENVER,CO,80202,39.769525,-104.975173,,Vacant land,,,,,,,,,,80202
216437221,02271-03-043-000,"3663 BLAKE ST, DENVER, CO 80202",DENVER,CO,80202,39.76998,-104.974557,,Vacant land,,,,,,,,,,80202
217669042,00161-00-122-000,"16900 E 56TH AVE, DENVER, CO 80202",DENVER,CO,80202,39.791276,-104.788643,,Vacant land,,,,,,,,,,80202
219386949,01164-00-029-000,"8800 E 51ST AVE, DENVER, CO 80202",DENVER,CO,80202,39.790402,-104.884832,,Vacant land,,,,,,,,,,80202
221206120,07084-11-006-000,"4602 S NEWPORT WAY, DENVER, CO 80202",DENVER,CO,80202,39.630543,-104.907007,,Vacant land,,,,,,,,,,80202
221206124,07084-11-010-000,"4542 S NEWPORT WAY, DENVER, CO 80202",DENVER,CO,80202,39.631383,-104.907766,,Vacant land,,,,,,,,,,80202
222404803,02278-00-077-000,"2200 DELGANY ST, DENVER, CO 80202",DENVER,CO,80202,39.758615,-104.993766,,Vacant land,,,,,,,,,,80202
222404824,02278-05-036-000,"3000 N SANTA FE DR, DENVER, CO 80202",DENVER,CO,80202,39.760829,-104.999532,,Vacant land,,,,,,,,,,80202
222404825,02278-05-037-000,"3000 N SANTA FE DR, DENVER, CO 80202",DENVER,CO,80202,39.760356,-104.999429,,Vacant land,,,,,,,,,,80202
222405464,02332-00-074-000,"1601 DELGANY ST, DENVER, CO 80202",DENVER,CO,80202,39.757389,-105.001127,,Vacant land,,,,,,,,,,80202
231820417,02278-17-023-000,"2050 WEWATTA ST, DENVER, CO 80202",DENVER,CO,80202,39.757002,-104.996907,,Vacant land,,,,,,,,,,80202
233351379,02278-16-015-000,"2101 WEWATTA ST VCNT, DENVER, CO 80202",DENVER,CO,80202,39.758176,-104.99488,,Vacant land,,,,,,,,,,80202
248721762,30-241-00-001,"1660 BLAKE ST, DENVER, CO 80202",DENVER,CO,80202,39.777819,-105.170106,,Vacant land,,,,,,,,,,80202
251007401,02284-00-040-000,"1738 PLATTE ST, DENVER, CO 80202",DENVER,CO,80202,39.758711,-105.005597,,Vacant land,,,,,,,,,,80202
251523174,01152-00-022-000,"5201 N DAYTON ST, DENVER, CO 80202",DENVER,CO,80202,39.795492,-104.878289,,Vacant land,,,,,,,,,,80202
252729926,06103-00-007-000,"181 N YOSEMITE ST, DENVER, CO 80202",DENVER,CO,80202,39.718391,-104.877397,,Vacant land,,,,,,,,,,80202
314830377,02233-10-028-000,"3845 BLAKE ST, DENVER, CO 80202",DENVER,CO,80202,39.772009,-104.971938,,Vacant land,,,,,,,,,,80202
314830378,02233-10-029-000,"3825 BLAKE ST, DENVER, CO 80202",DENVER,CO,80202,39.771387,-104.972751,,Vacant land,,,,,,,,,,80202
320947920,01223-00-050-000,"9155 E SMITH RD, DENVER, CO 80202",DENVER,CO,80202,39.770008,-104.880042,,Vacant land,,,,,,,,,,80202
320948168,02284-00-041-000,"1800 PLATTE ST, DENVER, CO 80202",DENVER,CO,80202,39.75792,-105.006234,,Vacant land,,,,,,,,,,80202
320948302,02353-00-001-000,"1506 20TH ST, DENVER, CO 80202",DENVER,CO,80202,39.745899,-104.969555,,Vacant land,,,,,,,,,,80202
322345795,01102-02-005-000,"8900 E 64TH AVE, DENVER, CO 80202",DENVER,CO,80202,39.81183,-104.882909,,Vacant land,,,,,,,,,,80202
322347128,01102-02-009-000,"8900 E 64TH AVE, DENVER, CO 80202",DENVER,CO,80202,39.812471,-104.883272,,Vacant land,,,,,,,,,,80202
322347691,02278-00-237-000,"1903 CHESTNUT PL # MISC, DENVER, CO 80202",DENVER,CO,80202,39.757667,-104.999742,,Vacant land,,,,,,,,,,80202
324870513,01281-02-010-000,"7907 E 36TH AVE, DENVER, CO 80202",DENVER,CO,80202,39.767795,-104.896591,,Vacant land,,,,,,,,,,80202
326743546,02345-29-053-000,"1546 CALIFORNIA ST, DENVER, CO 80202",DENVER,CO,80202,39.744468,-104.992297,,Vacant land,,,,,,,,,,80202
326774427,02279-16-051-000,"1903 WAZEE ST, DENVER, CO 80202",DENVER,CO,80202,39.754887,-104.996382,,Vacant land,,,,,,,,,,80202
328417601,02278-00-242-000,"1901 CHESTNUT PL, DENVER, CO 80202",DENVER,CO,80202,39.757251,-104.999955,,Vacant land,,,,,,,,,,80202
336001782,00091-05-002-000,"17450 E 60TH PL, DENVER, CO 80202",DENVER,CO,80202,39.806009,-104.780576,,Vacant land,,,,,,,,,,80202
336001784,00091-05-004-000,"6004 N PANASONIC WAY, DENVER, CO 80202",DENVER,CO,80202,39.806938,-104.780571,,Vacant land,,,,,,,,,,80202
1000514652,02278-09-040-000,"2099 CHESTNUT PL, DENVER, CO 80202",DENVER,CO,80202,39.758246,-104.998595,,Vacant land,,,,,,,,,,80202
1002354351,00171-00-005-000,"16100 E 56TH AVE, DENVER, CO 80202",DENVER,CO,80202,39.7494,-104.9954,,Vacant land,,,,,,,,,,80202
24536343,05039-02-007-000,"760 N SHERMAN ST, DENVER, CO 80203",DENVER,CO,80203,39.728323,-104.984499,,Vacant land,,,,,,,,,,80203
28612625,05039-02-038-000,"770 N SHERMAN ST, DENVER, CO 80203",DENVER,CO,80203,39.728597,-104.984498,,Vacant land,,,,,,,,,,80203
30418317,05101-22-009-000,"101 N GRANT ST, DENVER, CO 80203",DENVER,CO,80203,39.718733,-104.984022,,Vacant land,,,,,,,,,,80203
30507113,05031-03-012-000,"1447 N PEARL ST, DENVER, CO 80203",DENVER,CO,80203,39.739375,-104.980231,,Vacant land,,,,,,,,,,80203
51316707,02349-22-092-000,"1656 N WASHINGTON ST, DENVER, CO 80203",DENVER,CO,80203,39.742814,-104.978445,,Vacant land,,,,,,,,,,80203
184293971,05039-16-017-000,"700 N PENNSYLVANIA ST, DENVER, CO 80203",DENVER,CO,80203,39.728222,-104.980633,,Vacant land,,,,,,,,,,80203
184298614,05039-02-008-000,"758 N SHERMAN ST, DENVER, CO 80203",DENVER,CO,80203,39.728254,-104.9845,,Vacant land,,,,,,,,,,80203
184303664,05031-15-016-000,"1277 N LOGAN ST # VCNT, DENVER, CO 80203",DENVER,CO,80203,39.73664,-104.982678,,Vacant land,,,,,,,,,,80203
184309027,02349-16-022-000,"1790 N LOGAN ST, DENVER, CO 80203",DENVER,CO,80203,39.744417,-104.981954,,Vacant land,,,,,,,,,,80203
184309030,02349-16-025-000,"401 E 17TH AVE, DENVER, CO 80203",DENVER,CO,80203,39.743522,-104.981957,,Vacant land,,,,,,,,,,80203
184309031,02349-16-026-000,"1799 N PENNSYLVANIA ST, DENVER, CO 80203",DENVER,CO,80203,39.744554,-104.981479,,Vacant land,,,,,,,,,,80203
184310534,05033-11-013-000,"1271 N SHERMAN ST, DENVER, CO 80203",DENVER,CO,80203,39.736484,-104.985263,,Vacant land,,,,,,,,,,80203
184784496,05039-02-041-000,"764 N SHERMAN ST # VCNT, DENVER, CO 80203",DENVER,CO,80203,39.728467,-104.984498,,Vacant land,,,,,,,,,,80203
184784497,05039-02-042-000,"764 N SHERMAN ST # VCNT, DENVER, CO 80203",DENVER,CO,80203,39.728399,-104.9845,,Vacant land,,,,,,,,,,80203
184784506,05039-03-057-000,"726 N LINCOLN ST, DENVER, CO 80203",DENVER,CO,80203,39.727721,-104.985786,,Vacant land,,,,,,,,,,80203
184790316,05031-09-002-000,"1330 N PEARL ST, DENVER, CO 80203",DENVER,CO,80203,39.737437,-104.979583,,Vacant land,,,,,,,,,,80203
184790317,05031-09-005-000,"651 E 13TH AVE, DENVER, CO 80203",DENVER,CO,80203,39.737054,-104.979184,,Vacant land,,,,,,,,,,80203
184790320,05031-09-015-000,"1301 N WASHINGTON ST, DENVER, CO 80203",DENVER,CO,80203,39.737293,-104.979034,,Vacant land,,,,,,,,,,80203
184800000,02349-40-003-000,"1523 N LINCOLN ST, DENVER, CO 80203",DENVER,CO,80203,39.740546,-104.986762,,Vacant land,,,,,,,,,,80203
204679883,05101-14-099-000,"521 E 2ND AVE, DENVER, CO 80203",DENVER,CO,80203,39.719562,-104.980686,,Vacant land,,,,,,,,,,80203
221205957,05033-09-105-000,"1249 N BROADWAY, DENVER, CO 80203",DENVER,CO,80203,39.736224,-104.987652,,Vacant land,,,,,,,,,,80203
252733230,00161-04-001-000,"5100 N TELLURIDE ST, DENVER, CO 80203",DENVER,CO,80203,39.790314,-104.780026,,Vacant land,,,,,,,,,,80203
252733233,00161-05-001-000,"5000 N TELLURIDE ST, DENVER, CO 80203",DENVER,CO,80203,39.788519,-104.779921,,Vacant land,,,,,,,,,,80203
336003521,05101-06-049-000,"140 E 5TH AVE, DENVER, CO 80203",DENVER,CO,80203,39.723849,-104.985729,,Vacant land,,,,,,,,,,80203
1000514938,05039-14-054-000,"724 N GRANT ST, DENVER, CO 80203",DENVER,CO,80203,39.72784,-104.983238,,Vacant land,,,,,,,,,,80203
1004945724,02349-32-032-000,"1775 N GRANT ST, DENVER, CO 80203",DENVER,CO,80203,39.744595,-104.983424,,Vacant land,,,,,,,,,,80203
1004945725,02349-32-033-000,"1717 N GRANT ST, DENVER, CO 80203",DENVER,CO,80203,39.744081,-104.983305,,Vacant land,,,,,,,,,,80203
1004945843,05101-02-028-000,"575 N LINCOLN ST, DENVER, CO 80203",DENVER,CO,80203,39.725387,-104.985902,,Vacant land,,,,,,,,,,80203
1004945848,05101-06-056-000,"101 E 4TH AVE, DENVER, CO 80203",DENVER,CO,80203,39.722773,-104.985504,,Vacant land,,,,,,,,,,80203
1004945849,05101-06-057-000,"105 E 4TH AVE, DENVER, CO 80203",DENVER,CO,80203,39.722773,-104.985405,,Vacant land,,,,,,,,,,80203
1004945850,05101-06-058-000,"113 E 4TH AVE, DENVER, CO 80203",DENVER,CO,80203,39.722814,-104.985199,,Vacant land,,,,,,,,,,80203
1004945851,05101-06-059-000,"109 E 4TH AVE, DENVER, CO 80203",DENVER,CO,80203,39.722767,-104.985282,,Vacant land,,,,,,,,,,80203
2169860,05063-12-025-000,"4503 W 10TH AVE, DENVER, CO 80204",DENVER,CO,80204,39.733303,-105.045598,,Vacant land,,,,,,,,,,80204
2965894,05053-31-009-000,"3115 W 8TH AVE, DENVER, CO 80204",DENVER,CO,80204,39.729494,-105.026679,,Vacant land,,,,,,,,,,80204
3695940,05072-25-036-000,"4600 W 6TH AVE, DENVER, CO 80204",DENVER,CO,80204,39.725404,-105.046849,,Vacant land,,,,,,,,,,80204
3847547,05053-10-022-000,"1085 KNOX CT, DENVER, CO 80204",DENVER,CO,80204,39.734478,-105.032496,,Vacant land,,,,,,,,,,80204
4218874,05066-05-020-000,"909 WOLFF ST, DENVER, CO 80204",DENVER,CO,80204,39.73157,-105.049005,,Vacant land,,,,,,,,,,80204
7308082,05061-12-035-000,"1345 PERRY ST, DENVER, CO 80204",DENVER,CO,80204,39.737482,-105.039658,,Vacant land,,,,,,,,,,80204
9377711,05033-23-047-000,"1199 BANNOCK ST, DENVER, CO 80204",DENVER,CO,80204,39.735017,-104.990672,,Vacant land,,,,,,,,,,80204
13722588,05064-16-018-000,"1085 LOWELL BLVD, DENVER, CO 80204",DENVER,CO,80204,39.734585,-105.034958,,Vacant land,,,,,,,,,,80204
17057635,02314-12-030-000,"3700 W 17TH AVE, DENVER, CO 80204",DENVER,CO,80204,39.743786,-105.036122,,Vacant land,,,,,,,,,,80204
18804742,05062-00-132-000,"1235 YATES ST, DENVER, CO 80204",DENVER,CO,80204,39.735679,-105.051278,,Vacant land,,,,,,,,,,80204
22382081,02323-21-009-000,"1625 IRVING ST, DENVER, CO 80204",DENVER,CO,80204,39.743397,-105.030364,,Vacant land,,,,,,,,,,80204
24032890,05062-08-006-000,"5195 W 14TH AVE, DENVER, CO 80204",DENVER,CO,80204,39.738676,-105.052887,,Vacant land,,,,,,,,,,80204
26230685,05044-22-014-000,"630 KALAMATH ST, DENVER, CO 80204",DENVER,CO,80204,39.726368,-104.999781,,Vacant land,,,,,,,,,,80204
27461023,05063-00-270-000,"5097 W 10TH AVE, DENVER, CO 80204",DENVER,CO,80204,39.733374,-105.051926,,Vacant land,,,,,,,,,,80204
30404647,05044-06-008-000,"1067 OSAGE ST, DENVER, CO 80204",DENVER,CO,80204,39.732878,-105.005905,,Vacant land,,,,,,,,,,80204
30404691,05063-00-259-000,"4941 W 11TH AVE, DENVER, CO 80204",DENVER,CO,80204,39.73426,-105.051311,,Vacant land,,,,,,,,,,80204
30650667,05054-22-021-000,"2830 W 9TH AVE, DENVER, CO 80204",DENVER,CO,80204,39.730753,-105.022503,,Vacant land,,,,,,,,,,80204
30651379,05041-13-048-000,"1258 KALAMATH ST # VCNT, DENVER, CO 80204",DENVER,CO,80204,39.736426,-104.999731,,Vacant land,,,,,,,,,,80204
30818992,05065-19-031-000,"700 LOWELL BLVD, DENVER, CO 80204",DENVER,CO,80204,39.728277,-105.034812,,Vacant land,,,,,,,,,,80204
39637326,02323-35-037-000,"3126 W CONEJOS PL, DENVER, CO 80204",DENVER,CO,80204,39.741176,-105.027701,,Vacant land,,,,,,,,,,80204
39706151,05041-02-043-000,"1443 KALAMATH ST, DENVER, CO 80204",DENVER,CO,80204,39.739184,-105.000759,,Vacant land,,,,,,,,,,80204
39712380,02334-14-019-000,"1450 5TH ST, DENVER, CO 80204",DENVER,CO,80204,39.743926,-105.01276,,Vacant land,,,,,,,,,,80204
39746299,05053-27-035-000,"823 JULIAN ST, DENVER, CO 80204",DENVER,CO,80204,39.72977,-105.031301,,Vacant land,,,,,,,,,,80204
39752427,05044-03-014-000,"1125 W 10TH AVE, DENVER, CO 80204",DENVER,CO,80204,39.732402,-105.002331,,Vacant land,,,,,,,,,,80204
39752739,05044-03-035-000,"1129 W 10TH AVE, DENVER, CO 80204",DENVER,CO,80204,39.732343,-105.002473,,Vacant land,,,,,,,,,,80204
42992764,05061-06-001-000,"4190 W COLFAX AVE, DENVER, CO 80204",DENVER,CO,80204,39.740038,-105.041339,,Vacant land,,,,,,,,,,80204
42995334,05092-06-012-000,"2200 W 8TH AVE, DENVER, CO 80204",DENVER,CO,80204,39.729087,-105.01245,,Vacant land,,,,,,,,,,80204
43154486,02313-11-062-000,"1533 TENNYSON ST, DENVER, CO 80204",DENVER,CO,80204,39.741103,-105.044382,,Vacant land,,,,,,,,,,80204
43155423,02323-35-014-000,"1545 GROVE ST, DENVER, CO 80204",DENVER,CO,80204,39.741337,-105.027216,,Vacant land,,,,,,,,,,80204
44909266,05044-19-002-000,"768 MARIPOSA ST, DENVER, CO 80204",DENVER,CO,80204,39.728648,-105.002493,,Vacant land,,,,,,,,,,80204
46117848,05041-12-036-000,"1301 SANTA FE DR, DENVER, CO 80204",DENVER,CO,80204,39.73709,-104.999106,,Vacant land,,,,,,,,,,80204
46141166,02323-13-006-000,"1714 GROVE ST, DENVER, CO 80204",DENVER,CO,80204,39.744308,-105.02645,,Vacant land,,,,,,,,,,80204
46270098,05054-24-021-000,"848 DECATUR ST, DENVER, CO 80204",DENVER,CO,80204,39.730046,-105.021403,,Vacant land,,,,,,,,,,80204
49202440,02323-13-016-000,"1728 GROVE ST, DENVER, CO 80204",DENVER,CO,80204,39.744593,-105.026354,,Vacant land,,,,,,,,,,80204
49380290,05042-02-023-000,"2045 W COLFAX AVE, DENVER, CO 80204",DENVER,CO,80204,39.740122,-105.016968,,Vacant land,,,,,,,,,,80204
49381135,05083-05-017-000,"500 JULIAN ST, DENVER, CO 80204",DENVER,CO,80204,39.725103,-105.031196,,Vacant land,,,,,,,,,,80204
51038442,02323-35-005-000,"3122 W CONEJOS PL, DENVER, CO 80204",DENVER,CO,80204,39.741176,-105.027568,,Vacant land,,,,,,,,,,80204
51051151,02323-35-038-000,"3130 W CONEJOS PL, DENVER, CO 80204",DENVER,CO,80204,39.741233,-105.027955,,Vacant land,,,,,,,,,,80204
51192519,05063-00-165-000,"4843 W 10TH AVE, DENVER, CO 80204",DENVER,CO,80204,39.733373,-105.049493,,Vacant land,,,,,,,,,,80204
51221510,05083-06-024-000,"501 JULIAN ST, DENVER, CO 80204",DENVER,CO,80204,39.725,-105.031574,,Vacant land,,,,,,,,,,80204
51224358,05033-23-034-000,"1151 BANNOCK ST, DENVER, CO 80204",DENVER,CO,80204,39.734831,-104.990672,,Vacant land,,,,,,,,,,80204
51229198,02323-34-032-000,"1523 HOOKER ST, DENVER, CO 80204",DENVER,CO,80204,39.740943,-105.028763,,Vacant land,,,,,,,,,,80204
54837042,02314-02-008-000,"1927 MEADE ST, DENVER, CO 80204",DENVER,CO,80204,39.746971,-105.036102,,Vacant land,,,,,,,,,,80204
141623356,05033-24-047-000,"1133 CHEROKEE ST, DENVER, CO 80204",DENVER,CO,80204,39.734402,-104.992051,,Vacant land,,,,,,,,,,80204
141661222,05102-03-030-000,"567 BANNOCK ST, DENVER, CO 80204",DENVER,CO,80204,39.725406,-104.991233,,Vacant land,,,,,,,,,,80204
142304114,02314-14-009-000,"1563 LOWELL BLVD, DENVER, CO 80204",DENVER,CO,80204,39.741882,-105.034975,,Vacant land,,,,,,,,,,80204
142304116,02314-14-019-000,"1571 LOWELL BLVD, DENVER, CO 80204",DENVER,CO,80204,39.742067,-105.034975,,Vacant land,,,,,,,,,,80204
142304117,02314-14-011-000,"1575 LOWELL BLVD, DENVER, CO 80204",DENVER,CO,80204,39.742264,-105.034974,,Vacant land,,,,,,,,,,80204
143315471,05053-32-001-000,"890 GROVE ST, DENVER, CO 80204",DENVER,CO,80204,39.730996,-105.026074,,Vacant land,,,,,,,,,,80204
144362712,05063-00-065-000,"4901 W 10TH AVE, DENVER, CO 80204",DENVER,CO,80204,39.733373,-105.050511,,Vacant land,,,,,,,,,,80204
144726336,05062-03-027-000,"1486 WINONA CT, DENVER, CO 80204",DENVER,CO,80204,39.740112,-105.047287,,Vacant land,,,,,,,,,,80204
146037148,05054-09-010-000,"2519 W 11TH AVE # 2541, DENVER, CO 80204",DENVER,CO,80204,39.734137,-105.017671,,Vacant land,,,,,,,,,,80204
146815567,05081-03-030-000,"710 FEDERAL BLVD, DENVER, CO 80204",DENVER,CO,80204,39.727729,-105.024807,,Vacant land,,,,,,,,,,80204
147888537,02323-26-056-000,"1572 HOOKER ST, DENVER, CO 80204",DENVER,CO,80204,39.742112,-105.027947,,Vacant land,,,,,,,,,,80204
151497025,05072-01-028-000,"501 TENNYSON ST, DENVER, CO 80204",DENVER,CO,80204,39.7255,-105.044292,,Vacant land,,,,,,,,,,80204
152676986,05063-00-272-000,"4801 W 10TH AVE, DENVER, CO 80204",DENVER,CO,80204,39.733398,-105.048484,,Vacant land,,,,,,,,,,80204
153753459,05053-23-001-000,"990 KING ST, DENVER, CO 80204",DENVER,CO,80204,39.732803,-105.033006,,Vacant land,,,,,,,,,,80204
154120836,05036-18-001-000,"780 ELATI ST, DENVER, CO 80204",DENVER,CO,80204,39.728687,-104.99371,,Vacant land,,,,,,,,,,80204
155355713,05092-00-095-000,"700 N RARITAN ST, DENVER, CO 80204",DENVER,CO,80204,39.72922,-105.009217,,Vacant land,,,,,,,,,,80204
158543460,05033-24-046-000,"1117 CHEROKEE ST, DENVER, CO 80204",DENVER,CO,80204,39.734265,-104.992051,,Vacant land,,,,,,,,,,80204
184285664,05053-11-006-000,"1054 KNOX CT # VCNT, DENVER, CO 80204",DENVER,CO,80204,39.733916,-105.031798,,Vacant land,,,,,,,,,,80204
184291728,02324-19-012-000,"1600 FEDERAL BLVD, DENVER, CO 80204",DENVER,CO,80204,39.742562,-105.024951,,Vacant land,,,,,,,,,,80204
184292235,05036-27-022-000,"635 ELATI ST, DENVER, CO 80204",DENVER,CO,80204,39.72637,-104.994364,,Vacant land,,,,,,,,,,80204
184292318,05037-14-026-000,"780 ACOMA ST # 780, DENVER, CO 80204",DENVER,CO,80204,39.728493,-104.988499,,Vacant land,,,,,,,,,,80204
184292422,05044-01-025-000,"1010 KALAMATH ST # VCNT, DENVER, CO 80204",DENVER,CO,80204,39.732351,-104.999744,,Vacant land,,,,,,,,,,80204
184292471,05062-18-003-000,"1203 UTICA ST, DENVER, CO 80204",DENVER,CO,80204,39.735647,-105.045913,,Vacant land,,,,,,,,,,80204
184295853,02314-14-012-000,"1587 LOWELL BLVD, DENVER, CO 80204",DENVER,CO,80204,39.742436,-105.034972,,Vacant land,,,,,,,,,,80204
184295854,02314-14-013-000,"1591 LOWELL BLVD, DENVER, CO 80204",DENVER,CO,80204,39.742572,-105.034971,,Vacant land,,,,,,,,,,80204
184297432,02334-11-015-000,"1450 7TH ST, DENVER, CO 80204",DENVER,CO,80204,39.744724,-105.009937,,Vacant land,,,,,,,,,,80204
184297446,02335-00-029-000,"701 WEWATTA ST, DENVER, CO 80204",DENVER,CO,80204,39.7485,-105.010698,,Vacant land,,,,,,,,,,80204
184297447,02335-00-033-000,"701 WEWATTA ST, DENVER, CO 80204",DENVER,CO,80204,39.750293,-105.007707,,Vacant land,,,,,,,,,,80204
184297448,02335-00-034-000,"701 WEWATTA ST, DENVER, CO 80204",DENVER,CO,80204,39.75121,-105.007049,,Vacant land,,,,,,,,,,80204
184297449,02335-00-036-000,"701 WEWATTA ST, DENVER, CO 80204",DENVER,CO,80204,39.751244,-105.007093,,Vacant land,,,,,,,,,,80204
184297461,02335-11-064-000,"1600 W 12TH AVE, DENVER, CO 80204",DENVER,CO,80204,39.748368,-105.005194,,Vacant land,,,,,,,,,,80204
184297463,02335-12-009-000,"1601 W 12TH AVE, DENVER, CO 80204",DENVER,CO,80204,39.748762,-105.004312,,Vacant land,,,,,,,,,,80204
184297466,02335-12-018-000,"1602 W 13TH AVE, DENVER, CO 80204",DENVER,CO,80204,39.748898,-105.004008,,Vacant land,,,,,,,,,,80204
184297487,02336-08-020-000,"1300 LAWRENCE ST, DENVER, CO 80204",DENVER,CO,80204,39.745742,-104.99996,,Vacant land,,,,,,,,,,80204
184297537,02338-05-003-000,"1300 3RD ST, DENVER, CO 80204",DENVER,CO,80204,39.741888,-105.013301,,Vacant land,,,,,,,,,,80204
184298665,05042-00-029-000,"1550 W COLFAX AVE, DENVER, CO 80204",DENVER,CO,80204,39.739706,-105.008144,,Vacant land,,,,,,,,,,80204
184298668,05042-00-042-000,"1400 COTTONWOOD ST, DENVER, CO 80204",DENVER,CO,80204,39.739744,-105.007813,,Vacant land,,,,,,,,,,80204
184298669,05042-00-047-000,"1500 W COLFAX AVE, DENVER, CO 80204",DENVER,CO,80204,39.740251,-105.007583,,Vacant land,,,,,,,,,,80204
184298670,05042-00-051-000,"1506 W COLFAX AVE, DENVER, CO 80204",DENVER,CO,80204,39.73982,-105.006833,,Vacant land,,,,,,,,,,80204
184298672,05042-01-007-000,"2001 W COLFAX AVE, DENVER, CO 80204",DENVER,CO,80204,39.740069,-105.011896,,Vacant land,,,,,,,,,,80204
184298693,05042-09-005-000,"1300 UMATILLA ST, DENVER, CO 80204",DENVER,CO,80204,39.737633,-105.011528,,Vacant land,,,,,,,,,,80204
184299692,05036-17-033-000,"508 W 8TH AVE, DENVER, CO 80204",DENVER,CO,80204,39.728716,-104.994389,,Vacant land,,,,,,,,,,80204
184299888,05036-30-042-000,"650 SANTA FE DR, DENVER, CO 80204",DENVER,CO,80204,39.72661,-104.998298,,Vacant land,,,,,,,,,,80204
184300190,05041-15-007-000,"1246 MARIPOSA ST, DENVER, CO 80204",DENVER,CO,80204,39.736259,-105.002428,,Vacant land,,,,,,,,,,80204
184300250,05062-02-025-000,"4570 W COLFAX AVE, DENVER, CO 80204",DENVER,CO,80204,39.740042,-105.046031,,Vacant land,,,,,,,,,,80204
184301442,02314-21-001-000,"1590 TENNYSON ST # VCNT, DENVER, CO 80204",DENVER,CO,80204,39.742562,-105.043693,,Vacant land,,,,,,,,,,80204
184301443,02314-21-002-000,"1582 TENNYSON ST # VCNT, DENVER, CO 80204",DENVER,CO,80204,39.742417,-105.043693,,Vacant land,,,,,,,,,,80204
184301444,02314-21-003-000,"1500 TENNYSON ST, DENVER, CO 80204",DENVER,CO,80204,39.74228,-105.043693,,Vacant land,,,,,,,,,,80204
184301445,02314-21-007-000,"1578 TENNYSON ST, DENVER, CO 80204",DENVER,CO,80204,39.742133,-105.043693,,Vacant land,,,,,,,,,,80204
184301446,02314-21-012-000,"1597 STUART ST # VCNT, DENVER, CO 80204",DENVER,CO,80204,39.742459,-105.043177,,Vacant land,,,,,,,,,,80204
184301519,02334-07-005-000,"301 WAZEE ST, DENVER, CO 80204",DENVER,CO,80204,39.747956,-105.011795,,Vacant land,,,,,,,,,,80204
184301527,02334-11-005-000,"1490 7TH ST, DENVER, CO 80204",DENVER,CO,80204,39.745266,-105.009923,,Vacant land,,,,,,,,,,80204
184301609,05041-03-003-000,"1432 MARIPOSA ST, DENVER, CO 80204",DENVER,CO,80204,39.739204,-105.002417,,Vacant land,,,,,,,,,,80204
184301610,05041-03-005-000,"1430 MARIPOSA ST, DENVER, CO 80204",DENVER,CO,80204,39.739067,-105.002418,,Vacant land,,,,,,,,,,80204
184301611,05041-03-006-000,"1422 MARIPOSA ST, DENVER, CO 80204",DENVER,CO,80204,39.738964,-105.002418,,Vacant land,,,,,,,,,,80204
184301652,05065-25-020-000,"601 QUITMAN ST, DENVER, CO 80204",DENVER,CO,80204,39.727048,-105.041104,,Vacant land,,,,,,,,,,80204
184303161,02337-05-013-000,"900 AURARIA PKWY, DENVER, CO 80204",DENVER,CO,80204,39.745723,-105.004695,,Vacant land,,,,,,,,,,80204
184303163,02337-06-012-000,"800 WALNUT ST, DENVER, CO 80204",DENVER,CO,80204,39.744705,-105.006961,,Vacant land,,,,,,,,,,80204
184303171,02337-15-005-000,"1000 13TH ST, DENVER, CO 80204",DENVER,CO,80204,39.744687,-105.000594,,Vacant land,,,,,,,,,,80204
184303172,02337-15-006-000,"900 AURARIA PKWY, DENVER, CO 80204",DENVER,CO,80204,39.744778,-105.000798,,Vacant land,,,,,,,,,,80204
184303850,05041-10-015-000,"1300 MARIPOSA ST, DENVER, CO 80204",DENVER,CO,80204,39.737185,-105.002375,,Vacant land,,,,,,,,,,80204
184303857,05041-10-030-000,"1373 LIPAN ST, DENVER, CO 80204",DENVER,CO,80204,39.738299,-105.001921,,Vacant land,,,,,,,,,,80204
184303884,05042-21-018-000,"1280 UMATILLA ST, DENVER, CO 80204",DENVER,CO,80204,39.736492,-105.012026,,Vacant land,,,,,,,,,,80204
184303885,05042-21-019-000,"1820 W 13TH AVE, DENVER, CO 80204",DENVER,CO,80204,39.736519,-105.011552,,Vacant land,,,,,,,,,,80204
184303896,05043-00-010-000,"2300 W 11TH AVE, DENVER, CO 80204",DENVER,CO,80204,39.733738,-105.013816,,Vacant land,,,,,,,,,,80204
184303911,05044-03-012-000,"1016 MARIPOSA ST, DENVER, CO 80204",DENVER,CO,80204,39.732527,-105.00252,,Vacant land,,,,,,,,,,80204
184304019,05063-00-269-000,"5055 W 10TH AVE, DENVER, CO 80204",DENVER,CO,80204,39.733227,-105.050915,,Vacant land,,,,,,,,,,80204
184304022,05063-00-273-000,"4811 W 10TH AVE, DENVER, CO 80204",DENVER,CO,80204,39.733393,-105.048971,,Vacant land,,,,,,,,,,80204
184304065,05065-10-013-000,"700 TENNYSON ST, DENVER, CO 80204",DENVER,CO,80204,39.729869,-105.043494,,Vacant land,,,,,,,,,,80204
184304105,05102-03-021-000,"549 BANNOCK ST, DENVER, CO 80204",DENVER,CO,80204,39.725163,-104.991231,,Vacant land,,,,,,,,,,80204
184304106,05102-03-022-000,"561 BANNOCK ST, DENVER, CO 80204",DENVER,CO,80204,39.725299,-104.991232,,Vacant land,,,,,,,,,,80204
184305286,05036-09-015-000,"801 DELAWARE ST, DENVER, CO 80204",DENVER,CO,80204,39.729171,-104.993099,,Vacant land,,,,,,,,,,80204
184305300,05036-13-015-000,"801 W 8TH AVE, DENVER, CO 80204",DENVER,CO,80204,39.729117,-104.997899,,Vacant land,,,,,,,,,,80204
184305352,05052-05-019-000,"1400 N JAVA CT, DENVER, CO 80204",DENVER,CO,80204,39.739997,-105.030214,,Vacant land,,,,,,,,,,80204
184305383,05054-01-052-000,"2516 W 13TH AVE, DENVER, CO 80204",DENVER,CO,80204,39.736259,-105.0187,,Vacant land,,,,,,,,,,80204
184305544,05072-34-010-000,"4600 W 5TH AVE, DENVER, CO 80204",DENVER,CO,80204,39.723572,-105.046254,,Vacant land,,,,,,,,,,80204
184305595,05102-08-028-000,"579 GALAPAGO ST, DENVER, CO 80204",DENVER,CO,80204,39.725508,-104.996705,,Vacant land,,,,,,,,,,80204
184305599,05102-09-041-000,"401 GALAPAGO ST, DENVER, CO 80204",DENVER,CO,80204,39.722709,-104.996621,,Vacant land,,,,,,,,,,80204
184309366,05081-09-004-000,"598 N ZUNI ST, DENVER, CO 80204",DENVER,CO,80204,39.725281,-105.016106,,Vacant land,,,,,,,,,,80204
184309387,05081-03-047-000,"730 FEDERAL BLVD, DENVER, CO 80204",DENVER,CO,80204,39.728127,-105.024752,,Vacant land,,,,,,,,,,80204
184310576,05033-17-023-000,"1150 BANNOCK ST # 1156, DENVER, CO 80204",DENVER,CO,80204,39.734969,-104.989854,,Vacant land,,,,,,,,,,80204
184310619,05034-08-026-000,"1275 ELATI ST, DENVER, CO 80204",DENVER,CO,80204,39.736689,-104.994472,,Vacant land,,,,,,,,,,80204
184310701,05054-21-028-000,"2600 W 9TH AVE, DENVER, CO 80204",DENVER,CO,80204,39.730853,-105.02068,,Vacant land,,,,,,,,,,80204
184310702,05054-22-009-000,"899 DECATUR ST, DENVER, CO 80204",DENVER,CO,80204,39.730949,-105.022051,,Vacant land,,,,,,,,,,80204
184310704,05054-22-022-000,"855 DECATUR ST # 865, DENVER, CO 80204",DENVER,CO,80204,39.730562,-105.022072,,Vacant land,,,,,,,,,,80204
184317716,05192-21-032-000,"1401 ZENOBIA ST, DENVER, CO 80204",DENVER,CO,80204,39.691925,-105.052424,,Vacant land,,,,,,,,,,80204
184318503,05091-00-146-000,"400 OSAGE ST, DENVER, CO 80204",DENVER,CO,80204,39.72298,-105.004802,,Vacant land,,,,,,,,,,80204
184323552,05093-00-009-000,"301 N RARITAN WAY, DENVER, CO 80204",DENVER,CO,80204,39.721393,-105.008083,,Vacant land,,,,,,,,,,80204
184323554,05093-00-018-000,"301 N RARITAN WAY, DENVER, CO 80204",DENVER,CO,80204,39.721689,-105.008113,,Vacant land,,,,,,,,,,80204
184323559,05093-00-029-000,"301 N RARITAN WAY, DENVER, CO 80204",DENVER,CO,80204,39.722017,-105.008654,,Vacant land,,,,,,,,,,80204
184325109,05091-04-019-000,"533 KALAMATH ST, DENVER, CO 80204",DENVER,CO,80204,39.724789,-105.000603,,Vacant land,,,,,,,,,,80204
184333151,05093-04-013-000,"417 YUMA ST, DENVER, CO 80204",DENVER,CO,80204,39.723066,-105.015494,,Vacant land,,,,,,,,,,80204
184333154,05093-04-018-000,"490 YUMA ST, DENVER, CO 80204",DENVER,CO,80204,39.723743,-105.015411,,Vacant land,,,,,,,,,,80204
184552251,02338-11-018-000,"435 LAWRENCE ST, DENVER, CO 80204",DENVER,CO,80204,39.741205,-105.010117,,Vacant land,,,,,,,,,,80204
184566264,05041-07-025-000,"1425 W 13TH AVE, DENVER, CO 80204",DENVER,CO,80204,39.737561,-105.006012,,Vacant land,,,,,,,,,,80204
184600366,02324-26-025-000,"1575 N ALCOTT ST # MISC, DENVER, CO 80204",DENVER,CO,80204,39.741185,-105.017662,,Vacant land,,,,,,,,,,80204
184664370,05042-18-023-000,"1600 W 13TH AVE # VCNT, DENVER, CO 80204",DENVER,CO,80204,39.736417,-105.007093,,Vacant land,,,,,,,,,,80204
184666047,05064-15-031-000,"1077 MEADE ST, DENVER, CO 80204",DENVER,CO,80204,39.734124,-105.036128,,Vacant land,,,,,,,,,,80204
184689918,05041-16-013-000,"1200 N PECOS ST, DENVER, CO 80204",DENVER,CO,80204,39.736019,-105.006229,,Vacant land,,,,,,,,,,80204
184689925,05041-17-008-000,"1101 OSAGE ST, DENVER, CO 80204",DENVER,CO,80204,39.734498,-105.006086,,Vacant land,,,,,,,,,,80204
184689931,05041-17-014-000,"1101 OSAGE ST, DENVER, CO 80204",DENVER,CO,80204,39.734311,-105.006224,,Vacant land,,,,,,,,,,80204
184689955,05051-00-008-000,"1300 N FEDERAL BLVD, DENVER, CO 80204",DENVER,CO,80204,39.737508,-105.023116,,Vacant land,,,,,,,,,,80204
184697764,05054-21-030-000,"2734 W 9TH AVE, DENVER, CO 80204",DENVER,CO,80204,39.731027,-105.020633,,Vacant land,,,,,,,,,,80204
184697765,05054-21-031-000,"2740 W 9TH AVE, DENVER, CO 80204",DENVER,CO,80204,39.730973,-105.021294,,Vacant land,,,,,,,,,,80204
184738239,05044-13-034-000,"873 SANTA FE DR, DENVER, CO 80204",DENVER,CO,80204,39.730292,-104.998837,,Vacant land,,,,,,,,,,80204
184741737,05044-03-034-000,"1006 MARIPOSA ST, DENVER, CO 80204",DENVER,CO,80204,39.732343,-105.002615,,Vacant land,,,,,,,,,,80204
184741762,05054-23-041-000,"2900 W BARBERRY PL, DENVER, CO 80204",DENVER,CO,80204,39.73003,-105.023502,,Vacant land,,,,,,,,,,80204
184741766,05054-23-050-000,"2905 W 8TH AVE, DENVER, CO 80204",DENVER,CO,80204,39.729608,-105.023846,,Vacant land,,,,,,,,,,80204
184741805,05083-06-023-000,"515 JULIAN ST, DENVER, CO 80204",DENVER,CO,80204,39.724899,-105.031574,,Vacant land,,,,,,,,,,80204
184772800,05042-01-053-000,"1721 W COLFAX AVE, DENVER, CO 80204",DENVER,CO,80204,39.740152,-105.010434,,Vacant land,,,,,,,,,,80204
184772810,05042-12-004-000,"1349 ZUNI ST, DENVER, CO 80204",DENVER,CO,80204,39.737494,-105.016932,,Vacant land,,,,,,,,,,80204
184772816,05052-18-038-000,"1315 FEDERAL BLVD, DENVER, CO 80204",DENVER,CO,80204,39.736919,-105.025695,,Vacant land,,,,,,,,,,80204
184781465,05042-12-002-000,"1301 ZUNI ST, DENVER, CO 80204",DENVER,CO,80204,39.737415,-105.016141,,Vacant land,,,,,,,,,,80204
184781466,05042-12-003-000,"1301 ZUNI ST, DENVER, CO 80204",DENVER,CO,80204,39.737135,-105.016259,,Vacant land,,,,,,,,,,80204
184781473,05042-18-003-000,"1600 W 13TH AVE, DENVER, CO 80204",DENVER,CO,80204,39.736671,-105.006561,,Vacant land,,,,,,,,,,80204
184781475,05042-18-019-000,"1201 PECOS ST, DENVER, CO 80204",DENVER,CO,80204,39.735833,-105.007094,,Vacant land,,,,,,,,,,80204
184781515,05211-08-014-000,"1101 OSAGE ST, DENVER, CO 80204",DENVER,CO,80204,39.695325,-105.005419,,Vacant land,,,,,,,,,,80204
184784514,05043-00-065-000,"1000 N PECOS ST, DENVER, CO 80204",DENVER,CO,80204,39.733795,-105.006937,,Vacant land,,,,,,,,,,80204
184796663,02335-20-009-000,"1441 7TH ST, DENVER, CO 80204",DENVER,CO,80204,39.745896,-105.009064,,Vacant land,,,,,,,,,,80204
184799984,02313-20-035-000,"1585 ZENOBIA ST, DENVER, CO 80204",DENVER,CO,80204,39.741599,-105.052408,,Vacant land,,,,,,,,,,80204
184799985,02313-20-036-000,"1597 ZENOBIA ST, DENVER, CO 80204",DENVER,CO,80204,39.741805,-105.052408,,Vacant land,,,,,,,,,,80204
204080683,05102-03-031-000,"575 BANNOCK ST, DENVER, CO 80204",DENVER,CO,80204,39.725526,-104.991236,,Vacant land,,,,,,,,,,80204
204651599,05044-06-009-000,"1047 OSAGE ST, DENVER, CO 80204",DENVER,CO,80204,39.732816,-105.00609,,Vacant land,,,,,,,,,,80204
204651601,05044-07-009-000,"800 SEMINOLE RD, DENVER, CO 80204",DENVER,CO,80204,39.729267,-105.005547,,Vacant land,,,,,,,,,,80204
204651687,05062-00-001-000,"1301 VRAIN ST, DENVER, CO 80204",DENVER,CO,80204,39.737894,-105.046951,,Vacant land,,,,,,,,,,80204
204651714,05062-19-006-000,"1200 WINONA CT, DENVER, CO 80204",DENVER,CO,80204,39.735728,-105.047474,,Vacant land,,,,,,,,,,80204
204651738,05065-05-025-000,"995 OSCEOLA ST, DENVER, CO 80204",DENVER,CO,80204,39.732695,-105.038934,,Vacant land,,,,,,,,,,80204
204651740,05065-06-028-000,"970 QUITMAN ST, DENVER, CO 80204",DENVER,CO,80204,39.732839,-105.040055,,Vacant land,,,,,,,,,,80204
204651753,05065-17-029-000,"844 MEADE ST, DENVER, CO 80204",DENVER,CO,80204,39.730005,-105.035895,,Vacant land,,,,,,,,,,80204
204651757,05065-17-045-000,"725 LOWELL BLVD, DENVER, CO 80204",DENVER,CO,80204,39.728806,-105.03566,,Vacant land,,,,,,,,,,80204
204651760,05065-17-052-000,"825 LOWELL BLVD, DENVER, CO 80204",DENVER,CO,80204,39.729899,-105.035665,,Vacant land,,,,,,,,,,80204
204651774,05065-23-047-000,"601 OSCEOLA ST, DENVER, CO 80204",DENVER,CO,80204,39.727108,-105.038915,,Vacant land,,,,,,,,,,80204
204651778,05065-25-037-000,"600 RALEIGH ST, DENVER, CO 80204",DENVER,CO,80204,39.72693,-105.041315,,Vacant land,,,,,,,,,,80204
204651782,05065-25-060-000,"624 RALEIGH ST, DENVER, CO 80204",DENVER,CO,80204,39.726639,-105.041102,,Vacant land,,,,,,,,,,80204
204651874,05083-05-013-000,"500 JULIAN ST, DENVER, CO 80204",DENVER,CO,80204,39.724936,-105.030964,,Vacant land,,,,,,,,,,80204
204651877,05083-06-025-000,"501 JULIAN ST, DENVER, CO 80204",DENVER,CO,80204,39.725135,-105.031575,,Vacant land,,,,,,,,,,80204
204679856,05093-03-011-000,"400 YUMA ST, DENVER, CO 80204",DENVER,CO,80204,39.723515,-105.015081,,Vacant land,,,,,,,,,,80204
205380286,05044-02-060-000,"1070 LIPAN ST, DENVER, CO 80204",DENVER,CO,80204,39.733547,-105.001228,,Vacant land,,,,,,,,,,80204
206263442,02324-00-032-000,"1496 MILE HIGH STADIUM CIR, DENVER, CO 80204",DENVER,CO,80204,39.74044,-105.017973,,Vacant land,,,,,,,,,,80204
206263443,02324-00-033-000,"2600 W COLFAX AVE, DENVER, CO 80204",DENVER,CO,80204,39.740488,-105.019228,,Vacant land,,,,,,,,,,80204
206263467,05042-00-061-000,"1400 W COLFAX AVE, DENVER, CO 80204",DENVER,CO,80204,39.740209,-105.005234,,Vacant land,,,,,,,,,,80204
206263468,05042-05-034-000,"1820 W COLFAX AVE, DENVER, CO 80204",DENVER,CO,80204,39.739352,-105.011554,,Vacant land,,,,,,,,,,80204
206263471,05042-17-014-000,"1635 W 13TH AVE # MISC, DENVER, CO 80204",DENVER,CO,80204,39.737721,-105.008664,,Vacant land,,,,,,,,,,80204
217662699,05164-00-311-000,"700 KALAMATH ST # 1000, DENVER, CO 80204",DENVER,CO,80204,39.700122,-105.000221,,Vacant land,,,,,,,,,,80204
217667945,05042-17-018-000,"1535 W 13TH AVE, DENVER, CO 80204",DENVER,CO,80204,39.737555,-105.00977,,Vacant land,,,,,,,,,,80204
217667957,05052-27-033-000,"1245 KNOX CT # MISC, DENVER, CO 80204",DENVER,CO,80204,39.735633,-105.033365,,Vacant land,,,,,,,,,,80204
217671729,02337-24-031-000,"1030 11TH ST, DENVER, CO 80204",DENVER,CO,80204,39.742291,-105.001717,,Vacant land,,,,,,,,,,80204
217671804,05061-17-020-000,"1245 KNOX CT # MISC, DENVER, CO 80204",DENVER,CO,80204,39.735228,-105.035488,,Vacant land,,,,,,,,,,80204
217671813,05064-11-017-000,"1199 PERRY ST, DENVER, CO 80204",DENVER,CO,80204,39.734742,-105.041258,,Vacant land,,,,,,,,,,80204
219389144,05152-00-008-000,"601 BANNOCK ST, DENVER, CO 80204",DENVER,CO,80204,39.705419,-104.991537,,Vacant land,,,,,,,,,,80204
219389145,05152-00-009-000,"601 BANNOCK ST, DENVER, CO 80204",DENVER,CO,80204,39.704885,-104.991665,,Vacant land,,,,,,,,,,80204
219389147,05155-00-019-000,"900 BANNOCK ST # 1000, DENVER, CO 80204",DENVER,CO,80204,39.698508,-104.989978,,Vacant land,,,,,,,,,,80204
219389148,05155-00-020-000,"1000 BANNOCK ST, DENVER, CO 80204",DENVER,CO,80204,39.697638,-104.989661,,Vacant land,,,,,,,,,,80204
219391704,05042-05-040-000,"1700 W COLFAX AVE, DENVER, CO 80204",DENVER,CO,80204,39.739009,-105.010695,,Vacant land,,,,,,,,,,80204
219391706,05042-05-045-000,"1700 W COLFAX AVE, DENVER, CO 80204",DENVER,CO,80204,39.739173,-105.010422,,Vacant land,,,,,,,,,,80204
221205962,05042-05-039-000,"1800 W COLFAX AVE, DENVER, CO 80204",DENVER,CO,80204,39.738979,-105.011121,,Vacant land,,,,,,,,,,80204
221205966,05054-09-011-000,"2597 W 11TH AVE, DENVER, CO 80204",DENVER,CO,80204,39.734138,-105.019008,,Vacant land,,,,,,,,,,80204
222405579,02335-02-020-000,"1703 11TH ST, DENVER, CO 80204",DENVER,CO,80204,39.7501,-105.005937,,Vacant land,,,,,,,,,,80204
222405613,02335-10-012-000,"1600 10TH ST, DENVER, CO 80204",DENVER,CO,80204,39.747606,-105.006699,,Vacant land,,,,,,,,,,80204
222406763,05041-07-015-000,"1300 N PECOS ST, DENVER, CO 80204",DENVER,CO,80204,39.737962,-105.006278,,Vacant land,,,,,,,,,,80204
222406795,05042-06-012-000,"1301 N PECOS ST, DENVER, CO 80204",DENVER,CO,80204,39.737624,-105.006425,,Vacant land,,,,,,,,,,80204
222406799,05043-00-060-000,"1100 N XINCA CT, DENVER, CO 80204",DENVER,CO,80204,39.734603,-105.01367,,Vacant land,,,,,,,,,,80204
222406915,05066-00-033-000,"5110 W 8TH AVE, DENVER, CO 80204",DENVER,CO,80204,39.728813,-105.052054,,Vacant land,,,,,,,,,,80204
222407096,05091-00-070-000,"1401 W 1ST AVE, DENVER, CO 80204",DENVER,CO,80204,39.719506,-105.00592,,Vacant land,,,,,,,,,,80204
231820418,05042-24-004-000,"2450 W 13TH AVE, DENVER, CO 80204",DENVER,CO,80204,39.73582,-105.01654,,Vacant land,,,,,,,,,,80204
239182612,05064-15-033-000,"1190 PERRY ST, DENVER, CO 80204",DENVER,CO,80204,39.734764,-105.03657,,Vacant land,,,,,,,,,,80204
251007439,02314-00-002-000,"1593 RALEIGH ST, DENVER, CO 80204",DENVER,CO,80204,39.742754,-105.042253,,Vacant land,,,,,,,,,,80204
251007440,02314-00-003-000,"4273 W CONEJOS PL, DENVER, CO 80204",DENVER,CO,80204,39.74165,-105.042392,,Vacant land,,,,,,,,,,80204
251007774,05081-00-148-000,"2790 W 7TH AVE, DENVER, CO 80204",DENVER,CO,80204,39.726474,-105.021799,,Vacant land,,,,,,,,,,80204
251007795,05102-16-118-000,"448 ACOMA ST, DENVER, CO 80204",DENVER,CO,80204,39.723716,-104.988694,,Vacant land,,,,,,,,,,80204
251523352,02323-15-043-000,"3224 W 18TH AVE, DENVER, CO 80204",DENVER,CO,80204,39.744925,-105.029256,,Vacant land,,,,,,,,,,80204
322346424,02323-30-038-000,"1585 KING ST, DENVER, CO 80204",DENVER,CO,80204,39.742341,-105.033699,,Vacant land,,,,,,,,,,80204
324870757,02323-02-048-000,"3135 W 19TH AVE, DENVER, CO 80204",DENVER,CO,80204,39.746838,-105.02807,,Vacant land,,,,,,,,,,80204
324873275,05054-16-053-000,"990 FEDERAL BLVD, DENVER, CO 80204",DENVER,CO,80204,39.732681,-105.024644,,Vacant land,,,,,,,,,,80204
324873346,05155-00-069-000,"700 BANNOCK ST, DENVER, CO 80204",DENVER,CO,80204,39.702474,-104.991008,,Vacant land,,,,,,,,,,80204
324873347,05155-00-070-000,"700 BANNOCK ST, DENVER, CO 80204",DENVER,CO,80204,39.698843,-104.990252,,Vacant land,,,,,,,,,,80204
325350599,05044-08-027-000,"1390 W 10TH AVE, DENVER, CO 80204",DENVER,CO,80204,39.731592,-105.005082,,Vacant land,,,,,,,,,,80204
326743237,02314-34-016-000,"1625 PERRY ST, DENVER, CO 80204",DENVER,CO,80204,39.743312,-105.03988,,Vacant land,,,,,,,,,,80204
326743734,05054-01-067-000,"2638 W 13TH AVE, DENVER, CO 80204",DENVER,CO,80204,39.736227,-105.01999,,Vacant land,,,,,,,,,,80204
326743841,05066-00-266-000,"601 WOLFF ST, DENVER, CO 80204",DENVER,CO,80204,39.727215,-105.048877,,Vacant land,,,,,,,,,,80204
326743845,05066-14-015-000,"880 WINONA CT, DENVER, CO 80204",DENVER,CO,80204,39.730875,-105.047363,,Vacant land,,,,,,,,,,80204
326743925,05155-08-002-000,"958 ACOMA ST, DENVER, CO 80204",DENVER,CO,80204,39.699177,-104.988025,,Vacant land,,,,,,,,,,80204
328418206,05061-18-033-000,"1222 NEWTON ST, DENVER, CO 80204",DENVER,CO,80204,39.735177,-105.036604,,Vacant land,,,,,,,,,,80204
329112383,05062-12-041-000,"1371 WOLFF ST, DENVER, CO 80204",DENVER,CO,80204,39.73787,-105.049019,,Vacant land,,,,,,,,,,80204
329113960,05062-04-045-000,"1469 WINONA CT, DENVER, CO 80204",DENVER,CO,80204,39.739782,-105.04787,,Vacant land,,,,,,,,,,80204
329682139,05051-01-046-000,"2534 W COLFAX AVE, DENVER, CO 80204",DENVER,CO,80204,39.739642,-105.019335,,Vacant land,,,,,,,,,,80204
331737733,02335-03-035-000,"1000 CHOPPER CIR, DENVER, CO 80204",DENVER,CO,80204,39.746896,-105.01042,,Vacant land,,,,,,,,,,80204
332126773,05062-12-042-000,"1373 WOLFF ST, DENVER, CO 80204",DENVER,CO,80204,39.737939,-105.049019,,Vacant land,,,,,,,,,,80204
332127580,02323-03-109-000,"1945 HOOKER ST, DENVER, CO 80204",DENVER,CO,80204,39.747408,-105.028973,,Vacant land,,,,,,,,,,80204
332127723,05052-10-032-000,"1370 LOWELL BLVD, DENVER, CO 80204",DENVER,CO,80204,39.73782,-105.034042,,Vacant land,,,,,,,,,,80204
332127724,05052-10-033-000,"1370 LOWELL BLVD, DENVER, CO 80204",DENVER,CO,80204,39.737751,-105.034263,,Vacant land,,,,,,,,,,80204
332127864,05066-00-267-000,"5090 W 8TH AVE, DENVER, CO 80204",DENVER,CO,80204,39.729097,-105.051784,,Vacant land,,,,,,,,,,80204
334130982,05044-00-012-000,"901 NAVAJO ST, DENVER, CO 80204",DENVER,CO,80204,39.730787,-105.00475,,Vacant land,,,,,,,,,,80204
334130993,05051-07-053-000,"2797 W 13TH AVE, DENVER, CO 80204",DENVER,CO,80204,39.736572,-105.021103,,Vacant land,,,,,,,,,,80204
334131030,05054-00-029-000,"2515 W HOLDEN PL, DENVER, CO 80204",DENVER,CO,80204,39.735844,-105.019201,,Vacant land,,,,,,,,,,80204
334131341,05155-09-001-000,"947 ACOMA ST, DENVER, CO 80204",DENVER,CO,80204,39.699098,-104.988928,,Vacant land,,,,,,,,,,80204
334131342,05155-10-001-000,"1007 ACOMA ST, DENVER, CO 80204",DENVER,CO,80204,39.698114,-104.988865,,Vacant land,,,,,,,,,,80204
334131343,05155-11-001-000,"1008 ACOMA ST, DENVER, CO 80204",DENVER,CO,80204,39.698082,-104.987982,,Vacant land,,,,,,,,,,80204
336001703,05054-00-028-000,"2506 W 13TH AVE, DENVER, CO 80204",DENVER,CO,80204,39.735553,-105.018267,,Vacant land,,,,,,,,,,80204
336003057,02313-17-010-000,"1617 YATES ST, DENVER, CO 80204",DENVER,CO,80204,39.742253,-105.051283,,Vacant land,,,,,,,,,,80204
336003058,02313-17-011-000,"1619 YATES ST, DENVER, CO 80204",DENVER,CO,80204,39.74233,-105.051284,,Vacant land,,,,,,,,,,80204
336003059,02313-17-012-000,"1621 YATES ST, DENVER, CO 80204",DENVER,CO,80204,39.742409,-105.051284,,Vacant land,,,,,,,,,,80204
336003060,02313-17-013-000,"1623 YATES ST, DENVER, CO 80204",DENVER,CO,80204,39.742488,-105.051284,,Vacant land,,,,,,,,,,80204
336003061,02313-17-014-000,"1625 YATES ST, DENVER, CO 80204",DENVER,CO,80204,39.742568,-105.051284,,Vacant land,,,,,,,,,,80204
336003070,02314-25-046-000,"4057 W COLFAX AVE, DENVER, CO 80204",DENVER,CO,80204,39.740342,-105.039988,,Vacant land,,,,,,,,,,80204
336003124,02323-16-092-000,"1700 JULIAN ST, DENVER, CO 80204",DENVER,CO,80204,39.744466,-105.03114,,Vacant land,,,,,,,,,,80204
336003134,02323-32-053-000,"3430 W CONEJOS PL, DENVER, CO 80204",DENVER,CO,80204,39.741029,-105.032401,,Vacant land,,,,,,,,,,80204
336003135,02323-32-054-000,"3416 W CONEJOS PL, DENVER, CO 80204",DENVER,CO,80204,39.741119,-105.032242,,Vacant land,,,,,,,,,,80204
336003300,05041-02-060-000,"1050 W COLFAX AVE, DENVER, CO 80204",DENVER,CO,80204,39.739664,-105.001098,,Vacant land,,,,,,,,,,80204
336003316,05044-11-064-000,"944 LIPAN ST, DENVER, CO 80204",DENVER,CO,80204,39.731325,-105.001166,,Vacant land,,,,,,,,,,80204
336003317,05044-11-065-000,"944 LIPAN ST, DENVER, CO 80204",DENVER,CO,80204,39.731257,-105.001253,,Vacant land,,,,,,,,,,80204
336003336,05054-00-033-000,"952 ALCOTT WAY, DENVER, CO 80204",DENVER,CO,80204,39.732535,-105.017724,,Vacant land,,,,,,,,,,80204
336003344,05054-01-068-000,"2520 W 13TH AVE, DENVER, CO 80204",DENVER,CO,80204,39.736233,-105.019056,,Vacant land,,,,,,,,,,80204
336003345,05054-01-069-000,"2530 W 13TH AVE, DENVER, CO 80204",DENVER,CO,80204,39.73623,-105.019368,,Vacant land,,,,,,,,,,80204
336003346,05054-01-070-000,"2540 W 13TH AVE, DENVER, CO 80204",DENVER,CO,80204,39.73623,-105.019502,,Vacant land,,,,,,,,,,80204
336003357,05054-27-001-000,"994 CLAY WAY, DENVER, CO 80204",DENVER,CO,80204,39.733434,-105.018744,,Vacant land,,,,,,,,,,80204
336003359,05061-02-052-000,"3722 W COLFAX AVE, DENVER, CO 80204",DENVER,CO,80204,39.74009,-105.036666,,Vacant land,,,,,,,,,,80204
336003366,05061-07-040-000,"1448 STUART ST, DENVER, CO 80204",DENVER,CO,80204,39.739559,-105.042511,,Vacant land,,,,,,,,,,80204
336003394,05061-19-089-000,"1225 NEWTON ST # 1, DENVER, CO 80204",DENVER,CO,80204,39.735268,-105.037459,,Vacant land,,,,,,,,,,80204
336003464,05064-16-029-000,"1086 MEADE ST, DENVER, CO 80204",DENVER,CO,80204,39.734354,-105.035376,,Vacant land,,,,,,,,,,80204
336003465,05064-16-030-000,"1076 MEADE ST, DENVER, CO 80204",DENVER,CO,80204,39.734108,-105.035459,,Vacant land,,,,,,,,,,80204
336003468,05065-25-064-000,"656 RALEIGH ST, DENVER, CO 80204",DENVER,CO,80204,39.727701,-105.041107,,Vacant land,,,,,,,,,,80204
336003469,05065-25-065-000,"653 QUITMAN ST, DENVER, CO 80204",DENVER,CO,80204,39.727563,-105.040876,,Vacant land,,,,,,,,,,80204
336003605,05155-00-121-000,"801 DELAWARE ST, DENVER, CO 80204",DENVER,CO,80204,39.701466,-104.992754,,Vacant land,,,,,,,,,,80204
336003617,05155-08-005-000,"938 ACOMA ST, DENVER, CO 80204",DENVER,CO,80204,39.699858,-104.988051,,Vacant land,,,,,,,,,,80204
1000514718,02313-11-063-000,"1537 TENNYSON ST, DENVER, CO 80204",DENVER,CO,80204,39.741172,-105.044381,,Vacant land,,,,,,,,,,80204
1000514969,05054-26-005-000,"2876 W 11TH AVE, DENVER, CO 80204",DENVER,CO,80204,39.733696,-105.020998,,Vacant land,,,,,,,,,,80204
1000514975,05061-04-038-000,"3955 W 14TH AVE, DENVER, CO 80204",DENVER,CO,80204,39.738652,-105.038855,,Vacant land,,,,,,,,,,80204
1000515125,05063-00-259-000,"4941 W 11TH AVE, DENVER, CO 80204",DENVER,CO,80204,39.734266,-105.051321,,Vacant land,,,,,,,,,,80204
1000515126,05063-00-260-000,"4925 W 11TH AVE, DENVER, CO 80204",DENVER,CO,80204,39.734274,-105.050949,,Vacant land,,,,,,,,,,80204
1000515127,05063-00-261-000,"4941 W 11TH AVE, DENVER, CO 80204",DENVER,CO,80204,39.734272,-105.050703,,Vacant land,,,,,,,,,,80204
1000515132,05066-14-016-000,"4650 W 9TH AVE, DENVER, CO 80204",DENVER,CO,80204,39.730969,-105.046922,,Vacant land,,,,,,,,,,80204
1001988845,05062-06-056-000,"4949 W 14TH AVE, DENVER, CO 80204",DENVER,CO,80204,39.738674,-105.050259,,Vacant land,,,,,,,,,,80204
1001988857,05063-00-272-000,"4801 W 10TH AVE, DENVER, CO 80204",DENVER,CO,80204,39.733405,-105.048494,,Vacant land,,,,,,,,,,80204
1001988872,05066-12-028-000,"4845 W 8TH AVE, DENVER, CO 80204",DENVER,CO,80204,39.729611,-105.049143,,Vacant land,,,,,,,,,,80204
1002354053,05065-17-029-000,"844 MEADE ST, DENVER, CO 80204",DENVER,CO,80204,39.730137,-105.035886,,Vacant land,,,,,,,,,,80204
1002354063,05065-25-037-000,"600 RALEIGH ST, DENVER, CO 80204",DENVER,CO,80204,39.725918,-105.041372,,Vacant land,,,,,,,,,,80204
1004945669,02313-17-021-000,"5053 W 16TH AVE, DENVER, CO 80204",DENVER,CO,80204,39.742079,-105.051187,,Vacant land,,,,,,,,,,80204
1004945708,02334-11-017-000,"1450 7TH ST, DENVER, CO 80204",DENVER,CO,80204,39.744469,-105.009081,,Vacant land,,,,,,,,,,80204
1004945709,02334-11-018-000,"1400 7TH ST, DENVER, CO 80204",DENVER,CO,80204,39.745272,-105.009357,,Vacant land,,,,,,,,,,80204
1004945767,05036-11-044-000,"647 W 8TH AVE, DENVER, CO 80204",DENVER,CO,80204,39.729053,-104.995224,,Vacant land,,,,,,,,,,80204
1004945777,05042-24-008-000,"2450 W 13TH AVE, DENVER, CO 80204",DENVER,CO,80204,39.735689,-105.016152,,Vacant land,,,,,,,,,,80204
1004945778,05042-24-009-000,"2450 W 13TH AVE, DENVER, CO 80204",DENVER,CO,80204,39.735689,-105.016152,,Vacant land,,,,,,,,,,80204
1004945791,05052-11-040-000,"1383 KNOX CT, DENVER, CO 80204",DENVER,CO,80204,39.738161,-105.03205,,Vacant land,,,,,,,,,,80204
1004945793,05052-11-044-000,"1395 KNOX CT, DENVER, CO 80204",DENVER,CO,80204,39.738297,-105.032015,,Vacant land,,,,,,,,,,80204
1004945796,05053-10-048-000,"1085 KNOX CT, DENVER, CO 80204",DENVER,CO,80204,39.734479,-105.031884,,Vacant land,,,,,,,,,,80204
1004945798,05061-07-042-000,"1487 RALEIGH ST, DENVER, CO 80204",DENVER,CO,80204,39.740019,-105.041617,,Vacant land,,,,,,,,,,80204
1004945811,05063-00-275-000,"4901 W 10TH AVE, DENVER, CO 80204",DENVER,CO,80204,39.733317,-105.049941,,Vacant land,,,,,,,,,,80204
1004945812,05064-16-031-000,"1181 LOWELL BLVD, DENVER, CO 80204",DENVER,CO,80204,39.734541,-105.034271,,Vacant land,,,,,,,,,,80204
1004945813,05064-16-032-000,"1085 LOWELL BLVD, DENVER, CO 80204",DENVER,CO,80204,39.734631,-105.034334,,Vacant land,,,,,,,,,,80204
1004945814,05064-16-033-000,"1085 LOWELL BLVD, DENVER, CO 80204",DENVER,CO,80204,39.734631,-105.034334,,Vacant land,,,,,,,,,,80204
1004945821,05065-17-056-000,"802 MEADE ST, DENVER, CO 80204",DENVER,CO,80204,39.729595,-105.035502,,Vacant land,,,,,,,,,,80204
1004945823,05066-01-045-000,"4438 W 10TH AVE, DENVER, CO 80204",DENVER,CO,80204,39.732876,-105.044243,,Vacant land,,,,,,,,,,80204
1004945827,05066-14-023-000,"4650 W 9TH AVE, DENVER, CO 80204",DENVER,CO,80204,39.730998,-105.046812,,Vacant land,,,,,,,,,,80204
1004945828,05066-14-024-000,"4656 W 9TH AVE, DENVER, CO 80204",DENVER,CO,80204,39.731034,-105.046442,,Vacant land,,,,,,,,,,80204
1004945853,05102-13-029-000,"300 W 5TH AVE, DENVER, CO 80204",DENVER,CO,80204,39.724009,-104.991833,,Vacant land,,,,,,,,,,80204
1004945934,05161-16-037-000,"627 LIPAN ST, DENVER, CO 80204",DENVER,CO,80204,39.70514,-105.001922,,Vacant land,,,,,,,,,,80204
2661853,02276-15-019-000,"2835 WELTON ST, DENVER, CO 80205",DENVER,CO,80205,39.756445,-104.976422,,Vacant land,,,,,,,,,,80205
2795278,02276-15-018-000,"2831 WELTON ST, DENVER, CO 80205",DENVER,CO,80205,39.756372,-104.976516,,Vacant land,,,,,,,,,,80205
3585489,02251-29-015-000,"3437 N ADAMS ST, DENVER, CO 80205",DENVER,CO,80205,39.765276,-104.949073,,Vacant land,,,,,,,,,,80205
4219246,02252-47-003-000,"3246 N YORK ST, DENVER, CO 80205",DENVER,CO,80205,39.762861,-104.959423,,Vacant land,,,,,,,,,,80205
7235653,02244-33-017-000,"3815 N MADISON ST, DENVER, CO 80205",DENVER,CO,80205,39.769553,-104.946729,,Vacant land,,,,,,,,,,80205
10891847,02341-13-014-000,"2331 TREMONT PL, DENVER, CO 80205",DENVER,CO,80205,39.75034,-104.980824,,Vacant land,,,,,,,,,,80205
11586733,02263-27-005-000,"3128 LARIMER ST, DENVER, CO 80205",DENVER,CO,80205,39.763477,-104.978491,,Vacant land,,,,,,,,,,80205
13664241,02264-04-030-000,"2717 N DOWNING ST, DENVER, CO 80205",DENVER,CO,80205,39.756114,-104.973593,,Vacant land,,,,,,,,,,80205
15063486,02265-03-024-000,"3101 N WILLIAMS ST, DENVER, CO 80205",DENVER,CO,80205,39.761583,-104.966353,,Vacant land,,,,,,,,,,80205
15253955,02276-15-020-000,"2843 WELTON ST, DENVER, CO 80205",DENVER,CO,80205,39.756518,-104.976327,,Vacant land,,,,,,,,,,80205
18197602,02342-07-004-000,"2534 LARIMER ST, DENVER, CO 80205",DENVER,CO,80205,39.757969,-104.985606,,Vacant land,,,,,,,,,,80205
18410738,02352-26-059-000,"821 E 22ND AVE, DENVER, CO 80205",DENVER,CO,80205,39.749907,-104.976287,,Vacant land,,,,,,,,,,80205
18696394,02264-06-043-000,"2681 N MARION ST, DENVER, CO 80205",DENVER,CO,80205,39.755466,-104.97235,,Vacant land,,,,,,,,,,80205
19970125,02271-29-055-000,"3721 N MARION ST, DENVER, CO 80205",DENVER,CO,80205,39.768464,-104.972693,,Vacant land,,,,,,,,,,80205
22263438,02254-24-012-000,"2882 N MONROE ST, DENVER, CO 80205",DENVER,CO,80205,39.757995,-104.944952,,Vacant land,,,,,,,,,,80205
23653266,02262-23-009-000,"3518 N MARION ST, DENVER, CO 80205",DENVER,CO,80205,39.766174,-104.971752,,Vacant land,,,,,,,,,,80205
25899347,02352-25-025-000,"2252 N WASHINGTON ST, DENVER, CO 80205",DENVER,CO,80205,39.750523,-104.977815,,Vacant land,,,,,,,,,,80205
26224300,02263-13-025-000,"3232 LARIMER ST, DENVER, CO 80205",DENVER,CO,80205,39.764409,-104.977286,,Vacant land,,,,,,,,,,80205
26303820,02352-02-022-000,"2500 N LAFAYETTE ST, DENVER, CO 80205",DENVER,CO,80205,39.753918,-104.970522,,Vacant land,,,,,,,,,,80205
26467617,02261-21-030-000,"3216 N HIGH ST, DENVER, CO 80205",DENVER,CO,80205,39.762372,-104.964402,,Vacant land,,,,,,,,,,80205
27376831,02251-26-018-000,"3550 N STEELE ST, DENVER, CO 80205",DENVER,CO,80205,39.766639,-104.949562,,Vacant land,,,,,,,,,,80205
28602633,02251-36-009-000,"3427 N COLORADO BLVD, DENVER, CO 80205",DENVER,CO,80205,39.764962,-104.940936,,Vacant land,,,,,,,,,,80205
28612154,02341-03-025-000,"2510 WELTON ST # VCNT, DENVER, CO 80205",DENVER,CO,80205,39.752998,-104.979841,,Vacant land,,,,,,,,,,80205
29799270,02271-18-015-000,"3455 LARIMER ST # VCNT, DENVER, CO 80205",DENVER,CO,80205,39.766955,-104.975025,,Vacant land,,,,,,,,,,80205
30484533,02252-41-011-000,"3339 N CLAYTON ST, DENVER, CO 80205",DENVER,CO,80205,39.76399,-104.955257,,Vacant land,,,,,,,,,,80205
30625247,02342-13-048-000,"720 25TH ST # MISC, DENVER, CO 80205",DENVER,CO,80205,39.75382,-104.982081,,Vacant land,,,,,,,,,,80205
30633596,02234-02-005-000,"3948 N HIGH ST, DENVER, CO 80205",DENVER,CO,80205,39.772252,-104.964368,,Vacant land,,,,,,,,,,80205
39510937,02234-02-016-000,"3911 N RACE ST, DENVER, CO 80205",DENVER,CO,80205,39.771899,-104.963876,,Vacant land,,,,,,,,,,80205
39548720,02279-01-011-000,"2247 LARIMER ST, DENVER, CO 80205",DENVER,CO,80205,39.755755,-104.989496,,Vacant land,,,,,,,,,,80205
39681707,02262-45-050-000,"3240 N FRANKLIN ST, DENVER, CO 80205",DENVER,CO,80205,39.762768,-104.968092,,Vacant land,,,,,,,,,,80205
39872578,02234-01-008-000,"3912 N RACE ST, DENVER, CO 80205",DENVER,CO,80205,39.771864,-104.963218,,Vacant land,,,,,,,,,,80205
43142065,02262-28-031-000,"1519 BRUCE RANDOLPH AVE, DENVER, CO 80205",DENVER,CO,80205,39.764726,-104.968919,,Vacant land,,,,,,,,,,80205
46207358,02263-07-009-000,"3426 N DOWNING ST, DENVER, CO 80205",DENVER,CO,80205,39.765073,-104.973009,,Vacant land,,,,,,,,,,80205
51038698,02342-22-037-000,"2224 LARIMER ST, DENVER, CO 80205",DENVER,CO,80205,39.755041,-104.989387,,Vacant land,,,,,,,,,,80205
51142589,02262-26-020-000,"3433 N LAFAYETTE ST, DENVER, CO 80205",DENVER,CO,80205,39.765203,-104.971248,,Vacant land,,,,,,,,,,80205
51214844,02264-05-032-000,"2700 N DOWNING ST, DENVER, CO 80205",DENVER,CO,80205,39.756561,-104.972995,,Vacant land,,,,,,,,,,80205
51260474,02234-02-013-000,"3910 N HIGH ST, DENVER, CO 80205",DENVER,CO,80205,39.771587,-104.96437,,Vacant land,,,,,,,,,,80205
147640032,02264-09-012-000,"2812 WELTON ST, DENVER, CO 80205",DENVER,CO,80205,39.755778,-104.976249,,Vacant land,,,,,,,,,,80205
147640033,02264-09-013-000,"2810 WELTON ST, DENVER, CO 80205",DENVER,CO,80205,39.75573,-104.976312,,Vacant land,,,,,,,,,,80205
147640036,02276-15-016-000,"2821 WELTON ST, DENVER, CO 80205",DENVER,CO,80205,39.756238,-104.976689,,Vacant land,,,,,,,,,,80205
152577214,02276-33-010-000,"2624 ARAPAHOE ST, DENVER, CO 80205",DENVER,CO,80205,39.757366,-104.982905,,Vacant land,,,,,,,,,,80205
155041862,02342-22-038-000,"2222 LARIMER ST, DENVER, CO 80205",DENVER,CO,80205,39.754944,-104.989513,,Vacant land,,,,,,,,,,80205
155123543,02342-26-035-000,"2245 STOUT ST, DENVER, CO 80205",DENVER,CO,80205,39.752273,-104.985287,,Vacant land,,,,,,,,,,80205
184188499,02243-00-013-000,"2500 E 40TH AVE, DENVER, CO 80205",DENVER,CO,80205,39.772017,-104.956873,,Vacant land,,,,,,,,,,80205
184188561,02251-07-010-000,"3746 N ADAMS ST, DENVER, CO 80205",DENVER,CO,80205,39.76894,-104.948379,,Vacant land,,,,,,,,,,80205
184188578,02251-35-011-000,"3435 N HARRISON ST, DENVER, CO 80205",DENVER,CO,80205,39.765277,-104.942044,,Vacant land,,,,,,,,,,80205
184188583,02251-36-025-000,"3435 N COLORADO BLVD, DENVER, CO 80205",DENVER,CO,80205,39.765114,-104.940972,,Vacant land,,,,,,,,,,80205
184188620,02253-05-031-000,"3130 N ELIZABETH ST, DENVER, CO 80205",DENVER,CO,80205,39.761364,-104.955519,,Vacant land,,,,,,,,,,80205
184283781,02234-00-011-000,"3901 N YORK ST, DENVER, CO 80205",DENVER,CO,80205,39.77159,-104.961217,,Vacant land,,,,,,,,,,80205
184283988,02275-16-014-000,"2823 BLAKE ST, DENVER, CO 80205",DENVER,CO,80205,39.762253,-104.984078,,Vacant land,,,,,,,,,,80205
184285436,02252-40-031-000,"3318 N CLAYTON ST, DENVER, CO 80205",DENVER,CO,80205,39.76384,-104.954523,,Vacant land,,,,,,,,,,80205
184285520,02271-18-016-000,"3459 LARIMER ST, DENVER, CO 80205",DENVER,CO,80205,39.767004,-104.974963,,Vacant land,,,,,,,,,,80205
184285541,02271-27-028-000,"3300 BLAKE ST, DENVER, CO 80205",DENVER,CO,80205,39.76645,-104.978144,,Vacant land,,,,,,,,,,80205
184289477,02252-53-020-000,"3258 N MILWAUKEE ST, DENVER, CO 80205",DENVER,CO,80205,39.763056,-104.951815,,Vacant land,,,,,,,,,,80205
184289560,02262-21-012-000,"3506 N HUMBOLDT ST # VCNT, DENVER, CO 80205",DENVER,CO,80205,39.765964,-104.969291,,Vacant land,,,,,,,,,,80205
184289561,02262-21-013-000,"3500 N HUMBOLDT ST # VCNT, DENVER, CO 80205",DENVER,CO,80205,39.765902,-104.969291,,Vacant land,,,,,,,,,,80205
184289641,02276-15-030-000,"605 28TH ST, DENVER, CO 80205",DENVER,CO,80205,39.756108,-104.976995,,Vacant land,,,,,,,,,,80205
184289642,02276-15-017-000,"2823 WELTON ST, DENVER, CO 80205",DENVER,CO,80205,39.756311,-104.976595,,Vacant land,,,,,,,,,,80205
184289677,02276-22-018-000,"1214 E 28TH AVE, DENVER, CO 80205",DENVER,CO,80205,39.759784,-104.982553,,Vacant land,,,,,,,,,,80205
184289690,02276-24-036-000,"2701 CURTIS ST, DENVER, CO 80205",DENVER,CO,80205,39.757795,-104.981641,,Vacant land,,,,,,,,,,80205
184289693,02276-25-011-000,"2701 CHAMPA ST, DENVER, CO 80205",DENVER,CO,80205,39.757095,-104.980663,,Vacant land,,,,,,,,,,80205
184289705,02276-30-001-000,"2660 STOUT ST, DENVER, CO 80205",DENVER,CO,80205,39.755837,-104.979656,,Vacant land,,,,,,,,,,80205
184290810,02233-10-001-000,"3801 BLAKE ST, DENVER, CO 80205",DENVER,CO,80205,39.772842,-104.971162,,Vacant land,,,,,,,,,,80205
184290813,02233-10-018-000,"3941 BLAKE ST, DENVER, CO 80205",DENVER,CO,80205,39.772738,-104.971266,,Vacant land,,,,,,,,,,80205
184290822,02234-00-016-000,"2100 E 40TH AVE, DENVER, CO 80205",DENVER,CO,80205,39.772035,-104.961206,,Vacant land,,,,,,,,,,80205
184290823,02234-00-017-000,"3901 N YORK ST, DENVER, CO 80205",DENVER,CO,80205,39.771406,-104.959963,,Vacant land,,,,,,,,,,80205
184290836,02234-02-015-000,"3901 N RACE ST, DENVER, CO 80205",DENVER,CO,80205,39.771831,-104.963876,,Vacant land,,,,,,,,,,80205
184290845,02234-09-002-000,"3852 N HIGH ST, DENVER, CO 80205",DENVER,CO,80205,39.771052,-104.96437,,Vacant land,,,,,,,,,,80205
184290859,02234-13-004-000,"3780 N FRANKLIN ST, DENVER, CO 80205",DENVER,CO,80205,39.769654,-104.96805,,Vacant land,,,,,,,,,,80205
184290966,02271-20-029-000,"3423 BLAKE ST, DENVER, CO 80205",DENVER,CO,80205,39.767967,-104.977286,,Vacant land,,,,,,,,,,80205
184291094,02278-16-014-000,"2813 CALIFORNIA ST, DENVER, CO 80205",DENVER,CO,80205,39.758227,-104.995367,,Vacant land,,,,,,,,,,80205
184291737,02352-28-010-000,"2216 N OGDEN ST, DENVER, CO 80205",DENVER,CO,80205,39.749872,-104.974232,,Vacant land,,,,,,,,,,80205
184291739,02352-28-020-000,"2202 N OGDEN ST, DENVER, CO 80205",DENVER,CO,80205,39.749699,-104.974233,,Vacant land,,,,,,,,,,80205
184291762,02352-32-002-000,"2270 N HUMBOLDT ST, DENVER, CO 80205",DENVER,CO,80205,39.750267,-104.969297,,Vacant land,,,,,,,,,,80205
184293214,02355-04-022-000,"2012 N HIGH ST, DENVER, CO 80205",DENVER,CO,80205,39.747251,-104.964395,,Vacant land,,,,,,,,,,80205
184295146,02261-05-010-000,"1911 E 36TH AVE, DENVER, CO 80205",DENVER,CO,80205,39.767113,-104.964291,,Vacant land,,,,,,,,,,80205
184295182,02262-06-036-000,"3700 N LAFAYETTE ST, DENVER, CO 80205",DENVER,CO,80205,39.769293,-104.970657,,Vacant land,,,,,,,,,,80205
184295189,02262-11-006-000,"3600 N LAFAYETTE ST, DENVER, CO 80205",DENVER,CO,80205,39.76716,-104.970661,,Vacant land,,,,,,,,,,80205
184295227,02262-35-048-000,"3301 N WILLIAMS ST, DENVER, CO 80205",DENVER,CO,80205,39.763405,-104.966306,,Vacant land,,,,,,,,,,80205
184295229,02262-35-047-000,"3333 N WILLIAMS ST, DENVER, CO 80205",DENVER,CO,80205,39.763919,-104.966303,,Vacant land,,,,,,,,,,80205
184295251,02263-07-010-000,"3420 N DOWNING ST # VCNT, DENVER, CO 80205",DENVER,CO,80205,39.765002,-104.973012,,Vacant land,,,,,,,,,,80205
184295252,02263-07-013-000,"3406 N DOWNING ST, DENVER, CO 80205",DENVER,CO,80205,39.764793,-104.973012,,Vacant land,,,,,,,,,,80205
184295370,02279-08-025-000,"2024 MARKET ST, DENVER, CO 80205",DENVER,CO,80205,39.75391,-104.992586,,Vacant land,,,,,,,,,,80205
184295375,02279-09-025-000,"2053 MARKET ST, DENVER, CO 80205",DENVER,CO,80205,39.754493,-104.992884,,Vacant land,,,,,,,,,,80205
184295379,02279-09-040-000,"2020 BLAKE ST, DENVER, CO 80205",DENVER,CO,80205,39.754426,-104.993682,,Vacant land,,,,,,,,,,80205
184296516,02253-38-005-000,"2700 N MILWAUKEE ST, DENVER, CO 80205",DENVER,CO,80205,39.756369,-104.952073,,Vacant land,,,,,,,,,,80205
184296585,02254-12-015-000,"3601 N MONROE ST, DENVER, CO 80205",DENVER,CO,80205,39.760375,-104.945332,,Vacant land,,,,,,,,,,80205
184296666,02263-18-010-000,"1223 E MARTIN LUTHER KING JR BLVD, DENVER, CO 80205",DENVER,CO,80205,39.762323,-104.972657,,Vacant land,,,,,,,,,,80205
184296786,02266-05-018-000,"3028 N HIGH ST, DENVER, CO 80205",DENVER,CO,80205,39.760064,-104.964367,,Vacant land,,,,,,,,,,80205
184297593,02342-10-016-000,"2480 ARAPAHOE ST, DENVER, CO 80205",DENVER,CO,80205,39.755617,-104.98516,,Vacant land,,,,,,,,,,80205
184297596,02342-11-018-000,"2450 CURTIS ST, DENVER, CO 80205",DENVER,CO,80205,39.755018,-104.984193,,Vacant land,,,,,,,,,,80205
184297723,02355-00-018-000,"2001 N HIGH ST, DENVER, CO 80205",DENVER,CO,80205,39.746614,-104.96532,,Vacant land,,,,,,,,,,80205
184297729,02355-01-008-000,"2001 N YORK ST, DENVER, CO 80205",DENVER,CO,80205,39.747154,-104.960148,,Vacant land,,,,,,,,,,80205
184298955,02342-26-041-000,"838 PARK AVE W, DENVER, CO 80205",DENVER,CO,80205,39.752695,-104.985457,,Vacant land,,,,,,,,,,80205
184298959,02342-26-013-000,"2237 STOUT ST, DENVER, CO 80205",DENVER,CO,80205,39.7522,-104.985381,,Vacant land,,,,,,,,,,80205
184298960,02342-26-015-000,"2251 STOUT ST, DENVER, CO 80205",DENVER,CO,80205,39.752358,-104.985177,,Vacant land,,,,,,,,,,80205
184298961,02342-26-016-000,"2255 STOUT ST, DENVER, CO 80205",DENVER,CO,80205,39.752419,-104.985098,,Vacant land,,,,,,,,,,80205
184298964,02342-26-026-000,"2233 STOUT ST, DENVER, CO 80205",DENVER,CO,80205,39.752152,-104.985444,,Vacant land,,,,,,,,,,80205
184299006,02342-35-004-000,"2110 LARIMER ST, DENVER, CO 80205",DENVER,CO,80205,39.753961,-104.990783,,Vacant land,,,,,,,,,,80205
184299011,02342-36-001-000,"2062 LARIMER ST, DENVER, CO 80205",DENVER,CO,80205,39.753586,-104.991266,,Vacant land,,,,,,,,,,80205
184301141,02266-18-007-000,"2720 N VINE ST, DENVER, CO 80205",DENVER,CO,80205,39.756203,-104.961866,,Vacant land,,,,,,,,,,80205
184302657,02263-23-032-000,"3155 STOUT ST # VCNT, DENVER, CO 80205",DENVER,CO,80205,39.760773,-104.974089,,Vacant land,,,,,,,,,,80205
184302695,02265-15-039-000,"1819 E 30TH AVE, DENVER, CO 80205",DENVER,CO,80205,39.759634,-104.965456,,Vacant land,,,,,,,,,,80205
184303217,02341-15-012-000,"2233 GLENARM PL # VCNT, DENVER, CO 80205",DENVER,CO,80205,39.750185,-104.982763,,Vacant land,,,,,,,,,,80205
184304663,02342-23-015-000,"2235 ARAPAHOE ST, DENVER, CO 80205",DENVER,CO,80205,39.75414,-104.988101,,Vacant land,,,,,,,,,,80205
184304665,02342-23-017-000,"2232 LAWRENCE ST, DENVER, CO 80205",DENVER,CO,80205,39.754551,-104.988278,,Vacant land,,,,,,,,,,80205
184304689,02342-27-018-000,"2211 CALIFORNIA ST, DENVER, CO 80205",DENVER,CO,80205,39.751286,-104.984823,,Vacant land,,,,,,,,,,80205
184561063,02342-22-048-000,"2234 LARIMER ST, DENVER, CO 80205",DENVER,CO,80205,39.755139,-104.989261,,Vacant land,,,,,,,,,,80205
184561064,02342-25-033-000,"2225 CHAMPA ST, DENVER, CO 80205",DENVER,CO,80205,39.752751,-104.986412,,Vacant land,,,,,,,,,,80205
184561067,02342-26-036-000,"2225 STOUT ST, DENVER, CO 80205",DENVER,CO,80205,39.752079,-104.985538,,Vacant land,,,,,,,,,,80205
184607304,02263-10-030-000,"1017 33RD ST, DENVER, CO 80205",DENVER,CO,80205,39.76354,-104.974489,,Vacant land,,,,,,,,,,80205
184663479,02244-27-024-000,"3901 N MADISON ST, DENVER, CO 80205",DENVER,CO,80205,39.771227,-104.946683,,Vacant land,,,,,,,,,,80205
184663480,02244-27-025-000,"3925 N MADISON ST, DENVER, CO 80205",DENVER,CO,80205,39.771547,-104.946781,,Vacant land,,,,,,,,,,80205
184689815,02264-05-018-000,"2701 N MARION ST, DENVER, CO 80205",DENVER,CO,80205,39.756623,-104.972452,,Vacant land,,,,,,,,,,80205
184699002,02341-29-001-000,"2205 N WASHINGTON ST, DENVER, CO 80205",DENVER,CO,80205,39.749941,-104.97848,,Vacant land,,,,,,,,,,80205
184704180,02252-12-001-000,"3600 N JOSEPHINE ST, DENVER, CO 80205",DENVER,CO,80205,39.7679,-104.958213,,Vacant land,,,,,,,,,,80205
184704182,02252-13-006-000,"3611 N ELIZABETH ST, DENVER, CO 80205",DENVER,CO,80205,39.767221,-104.956261,,Vacant land,,,,,,,,,,80205
184704195,02263-07-030-000,"3415 N MARION ST, DENVER, CO 80205",DENVER,CO,80205,39.764879,-104.97238,,Vacant land,,,,,,,,,,80205
184738218,02352-03-037-000,"2500 N MARION ST, DENVER, CO 80205",DENVER,CO,80205,39.753952,-104.971761,,Vacant land,,,,,,,,,,80205
184743191,02253-04-014-000,"3101 N FILLMORE ST, DENVER, CO 80205",DENVER,CO,80205,39.761812,-104.954038,,Vacant land,,,,,,,,,,80205
184754952,02244-25-012-000,"3901 N ADAMS ST, DENVER, CO 80205",DENVER,CO,80205,39.771216,-104.949058,,Vacant land,,,,,,,,,,80205
184754957,02244-26-042-000,"3901 N COOK ST, DENVER, CO 80205",DENVER,CO,80205,39.7583,-104.9705,,Vacant land,,,,,,,,,,80205
184754963,02244-27-023-000,"3900 N COOK ST, DENVER, CO 80205",DENVER,CO,80205,39.77131,-104.947244,,Vacant land,,,,,,,,,,80205
184754965,02244-28-001-000,"3900 N MADISON ST, DENVER, CO 80205",DENVER,CO,80205,39.772551,-104.946184,,Vacant land,,,,,,,,,,80205
184754966,02244-28-002-000,"3900 N MADISON ST, DENVER, CO 80205",DENVER,CO,80205,39.772226,-104.946052,,Vacant land,,,,,,,,,,80205
184754967,02244-28-003-000,"3900 N MADISON ST, DENVER, CO 80205",DENVER,CO,80205,39.771751,-104.94601,,Vacant land,,,,,,,,,,80205
184754970,02244-28-014-000,"3500 E 40TH AVE, DENVER, CO 80205",DENVER,CO,80205,39.771988,-104.945437,,Vacant land,,,,,,,,,,80205
184762413,02276-31-003-000,"2600 CHAMPA ST, DENVER, CO 80205",DENVER,CO,80205,39.75624,-104.980873,,Vacant land,,,,,,,,,,80205
184762414,02276-31-007-000,"823 26TH ST, DENVER, CO 80205",DENVER,CO,80205,39.755814,-104.981423,,Vacant land,,,,,,,,,,80205
184768479,02278-06-016-000,"2100 E 20TH AVE, DENVER, CO 80205",DENVER,CO,80205,39.758579,-105.000617,,Vacant land,,,,,,,,,,80205
184768486,02278-06-037-000,"2100 E 20TH AVE, DENVER, CO 80205",DENVER,CO,80205,39.75864,-105.000654,,Vacant land,,,,,,,,,,80205
184771551,02261-14-004-000,"3440 N RACE ST, DENVER, CO 80205",DENVER,CO,80205,39.765289,-104.963118,,Vacant land,,,,,,,,,,80205
184774421,02352-11-001-000,"2400 N EMERSON ST, DENVER, CO 80205",DENVER,CO,80205,39.753033,-104.975422,,Vacant land,,,,,,,,,,80205
184774422,02352-11-002-000,"2470 N EMERSON ST, DENVER, CO 80205",DENVER,CO,80205,39.752879,-104.975422,,Vacant land,,,,,,,,,,80205
184774423,02352-11-003-000,"2460 N EMERSON ST, DENVER, CO 80205",DENVER,CO,80205,39.752777,-104.975423,,Vacant land,,,,,,,,,,80205
184777396,02252-43-004-000,"3332 N JOSEPHINE ST, DENVER, CO 80205",DENVER,CO,80205,39.763925,-104.958217,,Vacant land,,,,,,,,,,80205
203881318,02264-02-018-000,"3030 WELTON ST, DENVER, CO 80205",DENVER,CO,80205,39.757899,-104.97361,,Vacant land,,,,,,,,,,80205
203882888,02352-21-053-000,"2315 N DOWNING ST, DENVER, CO 80205",DENVER,CO,80205,39.751054,-104.973732,,Vacant land,,,,,,,,,,80205
203883508,02341-33-002-000,"255 22ND ST, DENVER, CO 80205",DENVER,CO,80205,39.748038,-104.980815,,Vacant land,,,,,,,,,,80205
204023810,02244-00-049-000,"3601 E 38TH AVE, DENVER, CO 80205",DENVER,CO,80205,39.769677,-104.944876,,Vacant land,,,,,,,,,,80205
204023823,02244-34-042-000,"3846 N ADAMS ST, DENVER, CO 80205",DENVER,CO,80205,39.770194,-104.948405,,Vacant land,,,,,,,,,,80205
204023851,02253-05-028-000,"3140 N ELIZABETH ST, DENVER, CO 80205",DENVER,CO,80205,39.761554,-104.955519,,Vacant land,,,,,,,,,,80205
204023852,02253-05-034-000,"3112 N ELIZABETH ST, DENVER, CO 80205",DENVER,CO,80205,39.76108,-104.95552,,Vacant land,,,,,,,,,,80205
204023855,02253-14-002-000,"3000 N ELIZABETH ST, DENVER, CO 80205",DENVER,CO,80205,39.760248,-104.955743,,Vacant land,,,,,,,,,,80205
204023873,02253-17-018-000,"3001 N SAINT PAUL ST, DENVER, CO 80205",DENVER,CO,80205,39.759935,-104.95183,,Vacant land,,,,,,,,,,80205
204023875,02253-21-003-000,"2900 N FILLMORE ST, DENVER, CO 80205",DENVER,CO,80205,39.759025,-104.953062,,Vacant land,,,,,,,,,,80205
204023876,02253-21-017-000,"2901 N MILWAUKEE ST, DENVER, CO 80205",DENVER,CO,80205,39.759163,-104.953033,,Vacant land,,,,,,,,,,80205
204023883,02253-48-003-000,"2642 N JOSEPHINE ST, DENVER, CO 80205",DENVER,CO,80205,39.755291,-104.958228,,Vacant land,,,,,,,,,,80205
204023917,02262-14-010-000,"1701 E 36TH AVE, DENVER, CO 80205",DENVER,CO,80205,39.767242,-104.966882,,Vacant land,,,,,,,,,,80205
204023952,02264-06-042-000,"1230 E 27TH AVE, DENVER, CO 80205",DENVER,CO,80205,39.755535,-104.972572,,Vacant land,,,,,,,,,,80205
204024074,02351-10-026-000,"1606 E 25TH AVE, DENVER, CO 80205",DENVER,CO,80205,39.752944,-104.968059,,Vacant land,,,,,,,,,,80205
204646257,02276-17-022-000,"2801 STOUT ST, DENVER, CO 80205",DENVER,CO,80205,39.758106,-104.977806,,Vacant land,,,,,,,,,,80205
204646264,02276-24-005-000,"2742 ARAPAHOE ST, DENVER, CO 80205",DENVER,CO,80205,39.758544,-104.981384,,Vacant land,,,,,,,,,,80205
204940420,02262-38-023-000,"3350 N LAFAYETTE ST # MISC, DENVER, CO 80205",DENVER,CO,80205,39.764343,-104.97065,,Vacant land,,,,,,,,,,80205
217667698,02243-00-062-000,"2535 E 40TH AVE, DENVER, CO 80205",DENVER,CO,80205,39.774997,-104.956602,,Vacant land,,,,,,,,,,80205
217667699,02243-00-063-000,"2535 E 40TH AVE, DENVER, CO 80205",DENVER,CO,80205,39.775144,-104.956857,,Vacant land,,,,,,,,,,80205
217671661,02276-15-029-000,"605 28TH ST, DENVER, CO 80205",DENVER,CO,80205,39.756166,-104.976929,,Vacant land,,,,,,,,,,80205
219385140,02281-00-006-000,"801 32ND ST, DENVER, CO 80205",DENVER,CO,80205,39.762264,-104.997756,,Vacant land,,,,,,,,,,80205
219388888,02342-28-042-000,"2223 WELTON ST, DENVER, CO 80205",DENVER,CO,80205,39.750662,-104.983887,,Vacant land,,,,,,,,,,80205
219391680,02341-05-064-000,"2447 TREMONT PL, DENVER, CO 80205",DENVER,CO,80205,39.751507,-104.979316,,Vacant land,,,,,,,,,,80205
219392230,01211-00-045-000,"4797 N XANTHIA ST, DENVER, CO 80205",DENVER,CO,80205,39.783888,-104.886057,,Vacant land,,,,,,,,,,80205
221208168,02271-15-017-000,"3585 BLAKE ST, DENVER, CO 80205",DENVER,CO,80205,39.769104,-104.975897,,Vacant land,,,,,,,,,,80205
221208169,02271-15-018-000,"3589 BLAKE ST, DENVER, CO 80205",DENVER,CO,80205,39.769222,-104.975384,,Vacant land,,,,,,,,,,80205
248771671,02243-00-067-000,"4001 N COLUMBINE ST, DENVER, CO 80205",DENVER,CO,80205,39.773167,-104.957591,,Vacant land,,,,,,,,,,80205
248771672,02243-00-068-000,"4041 N COLUMBINE ST, DENVER, CO 80205",DENVER,CO,80205,39.77346,-104.957652,,Vacant land,,,,,,,,,,80205
251007330,02275-08-024-000,"1451 E 30TH AVE, DENVER, CO 80205",DENVER,CO,80205,39.763556,-104.981616,,Vacant land,,,,,,,,,,80205
314830376,02233-10-027-000,"3855 BLAKE ST MISC, DENVER, CO 80205",DENVER,CO,80205,39.772036,-104.972217,,Vacant land,,,,,,,,,,80205
322346361,02279-09-045-000,"2070 BLAKE ST, DENVER, CO 80205",DENVER,CO,80205,39.7547,-104.993392,,Vacant land,,,,,,,,,,80205
322346362,02279-09-046-000,"1460 21ST ST, DENVER, CO 80205",DENVER,CO,80205,39.754704,-104.993109,,Vacant land,,,,,,,,,,80205
322346449,02352-09-066-000,"2400 N WASHINGTON ST, DENVER, CO 80205",DENVER,CO,80205,39.752452,-104.977831,,Vacant land,,,,,,,,,,80205
324873049,02253-29-035-000,"2315 E 28TH AVE, DENVER, CO 80205",DENVER,CO,80205,39.757192,-104.95938,,Vacant land,,,,,,,,,,80205
325350425,02234-00-067-000,"3975 N YORK ST, DENVER, CO 80205",DENVER,CO,80205,39.771562,-104.960155,,Vacant land,,,,,,,,,,80205
326742780,02234-03-040-000,"3940 N WILLIAMS ST, DENVER, CO 80205",DENVER,CO,80205,39.772082,-104.965586,,Vacant land,,,,,,,,,,80205
326742813,02243-00-080-000,"2300 E 40TH AVE, DENVER, CO 80205",DENVER,CO,80205,39.771424,-104.958891,,Vacant land,,,,,,,,,,80205
326742814,02243-00-081-000,"2340 E 40TH AVE, DENVER, CO 80205",DENVER,CO,80205,39.772131,-104.958849,,Vacant land,,,,,,,,,,80205
326742815,02243-00-082-000,"3940 N YORK ST, DENVER, CO 80205",DENVER,CO,80205,39.771771,-104.959457,,Vacant land,,,,,,,,,,80205
326743014,02271-28-022-000,"3305 LARIMER ST, DENVER, CO 80205",DENVER,CO,80205,39.76548,-104.976953,,Vacant land,,,,,,,,,,80205
326743529,02342-26-038-000,"2211 STOUT ST, DENVER, CO 80205",DENVER,CO,80205,39.751884,-104.985789,,Vacant land,,,,,,,,,,80205
328417576,02271-29-053-000,"3701 N MARION ST, DENVER, CO 80205",DENVER,CO,80205,39.768258,-104.972475,,Vacant land,,,,,,,,,,80205
328417577,02271-29-054-000,"3717 N MARION ST, DENVER, CO 80205",DENVER,CO,80205,39.768463,-104.972265,,Vacant land,,,,,,,,,,80205
328418106,02342-08-048-000,"2420 LARIMER ST, DENVER, CO 80205",DENVER,CO,80205,39.757012,-104.986847,,Vacant land,,,,,,,,,,80205
329113729,02233-15-053-000,"3800 BLAKE ST, DENVER, CO 80205",DENVER,CO,80205,39.770912,-104.972022,,Vacant land,,,,,,,,,,80205
329113766,02276-03-012-000,"3022 CHAMPA ST, DENVER, CO 80205",DENVER,CO,80205,39.759665,-104.976459,,Vacant land,,,,,,,,,,80205
329113767,02276-03-013-000,"3032 CHAMPA ST, DENVER, CO 80205",DENVER,CO,80205,39.759714,-104.976396,,Vacant land,,,,,,,,,,80205
329113768,02276-03-014-000,"3042 CHAMPA ST, DENVER, CO 80205",DENVER,CO,80205,39.759774,-104.976317,,Vacant land,,,,,,,,,,80205
329125172,02276-03-011-000,"3012 CHAMPA ST, DENVER, CO 80205",DENVER,CO,80205,39.759616,-104.976522,,Vacant land,,,,,,,,,,80205
329125173,02276-03-015-000,"3044 CHAMPA ST, DENVER, CO 80205",DENVER,CO,80205,39.759847,-104.976223,,Vacant land,,,,,,,,,,80205
331743162,02342-06-107-000,"2500 LAWRENCE ST, DENVER, CO 80205",DENVER,CO,80205,39.756774,-104.985052,,Vacant land,,,,,,,,,,80205
332127373,02263-02-029-000,"3648 N DOWNING ST, DENVER, CO 80205",DENVER,CO,80205,39.767643,-104.9728,,Vacant land,,,,,,,,,,80205
336002800,02233-15-061-000,"3875 WALNUT ST, DENVER, CO 80205",DENVER,CO,80205,39.771179,-104.971302,,Vacant land,,,,,,,,,,80205
336002801,02233-15-063-000,"3850 BLAKE ST, DENVER, CO 80205",DENVER,CO,80205,39.771316,-104.971796,,Vacant land,,,,,,,,,,80205
336002849,02244-33-040-000,"3892 N COOK ST, DENVER, CO 80205",DENVER,CO,80205,39.770928,-104.947257,,Vacant land,,,,,,,,,,80205
336002856,02251-42-060-000,"3391 N MADISON ST, DENVER, CO 80205",DENVER,CO,80205,39.764111,-104.946555,,Vacant land,,,,,,,,,,80205
336002874,02261-01-016-000,"2251 E 37TH AVE, DENVER, CO 80205",DENVER,CO,80205,39.768402,-104.960431,,Vacant land,,,,,,,,,,80205
336002879,02262-35-046-000,"3331 N WILLIAMS ST, DENVER, CO 80205",DENVER,CO,80205,39.763886,-104.966303,,Vacant land,,,,,,,,,,80205
336002880,02262-35-047-000,"3333 N WILLIAMS ST, DENVER, CO 80205",DENVER,CO,80205,39.763954,-104.966303,,Vacant land,,,,,,,,,,80205
336002965,02276-35-032-000,"2609 LAWRENCE ST, DENVER, CO 80205",DENVER,CO,80205,39.758303,-104.984486,,Vacant land,,,,,,,,,,80205
336002966,02276-35-033-000,"2623 LAWRENCE ST, DENVER, CO 80205",DENVER,CO,80205,39.758455,-104.984291,,Vacant land,,,,,,,,,,80205
336003148,02342-05-051-000,"1055 25TH ST, DENVER, CO 80205",DENVER,CO,80205,39.756221,-104.984058,,Vacant land,,,,,,,,,,80205
336003178,02352-06-043-000,"2527 N OGDEN ST, DENVER, CO 80205",DENVER,CO,80205,39.753738,-104.974917,,Vacant land,,,,,,,,,,80205
336003179,02352-06-044-000,"2529 N OGDEN ST, DENVER, CO 80205",DENVER,CO,80205,39.753807,-104.974917,,Vacant land,,,,,,,,,,80205
336003180,02352-06-045-000,"2531 N OGDEN ST, DENVER, CO 80205",DENVER,CO,80205,39.753876,-104.974917,,Vacant land,,,,,,,,,,80205
336003181,02352-06-046-000,"2535 N OGDEN ST, DENVER, CO 80205",DENVER,CO,80205,39.753944,-104.974916,,Vacant land,,,,,,,,,,80205
336003182,02352-06-047-000,"2537 N OGDEN ST, DENVER, CO 80205",DENVER,CO,80205,39.754013,-104.974916,,Vacant land,,,,,,,,,,80205
336003183,02352-06-048-000,"2539 N OGDEN ST, DENVER, CO 80205",DENVER,CO,80205,39.754081,-104.974916,,Vacant land,,,,,,,,,,80205
336003184,02352-06-049-000,"2515 N OGDEN ST, DENVER, CO 80205",DENVER,CO,80205,39.753601,-104.974917,,Vacant land,,,,,,,,,,80205
336003185,02352-06-050-000,"2517 N OGDEN ST, DENVER, CO 80205",DENVER,CO,80205,39.75367,-104.974917,,Vacant land,,,,,,,,,,80205
1000514543,02234-11-035-000,"3792 N WILLIAMS ST, DENVER, CO 80205",DENVER,CO,80205,39.769868,-104.965587,,Vacant land,,,,,,,,,,80205
1000514568,02244-26-042-000,"3901 N COOK ST, DENVER, CO 80205",DENVER,CO,80205,39.771216,-104.947898,,Vacant land,,,,,,,,,,80205
1000514591,02262-35-049-000,"3303 N WILLIAMS ST, DENVER, CO 80205",DENVER,CO,80205,39.763475,-104.966305,,Vacant land,,,,,,,,,,80205
1000514592,02262-35-050-000,"3307 N WILLIAMS ST, DENVER, CO 80205",DENVER,CO,80205,39.763545,-104.966303,,Vacant land,,,,,,,,,,80205
1000514593,02262-35-051-000,"3311 N WILLIAMS ST, DENVER, CO 80205",DENVER,CO,80205,39.763613,-104.966305,,Vacant land,,,,,,,,,,80205
1000514594,02262-35-052-000,"3317 N WILLIAMS ST, DENVER, CO 80205",DENVER,CO,80205,39.763682,-104.966304,,Vacant land,,,,,,,,,,80205
1000514595,02262-35-053-000,"3321 N WILLIAMS ST, DENVER, CO 80205",DENVER,CO,80205,39.763751,-104.966306,,Vacant land,,,,,,,,,,80205
1000514596,02262-35-054-000,"3323 N WILLIAMS ST, DENVER, CO 80205",DENVER,CO,80205,39.763818,-104.966304,,Vacant land,,,,,,,,,,80205
1000514597,02262-45-049-000,"3244 N FRANKLIN ST, DENVER, CO 80205",DENVER,CO,80205,39.762837,-104.968092,,Vacant land,,,,,,,,,,80205
1000514640,02275-16-014-000,"2823 BLAKE ST, DENVER, CO 80205",DENVER,CO,80205,39.762471,-104.984441,,Vacant land,,,,,,,,,,80205
1000514828,02351-02-026-000,"2505 N GAYLORD ST, DENVER, CO 80205",DENVER,CO,80205,39.753367,-104.961368,,Vacant land,,,,,,,,,,80205
1001988074,02274-00-120-000,"1808 E 28TH AVE, DENVER, CO 80205",DENVER,CO,80205,39.763404,-104.988411,,Vacant land,,,,,,,,,,80205
1001988459,02252-02-025-000,"3718 N MILWAUKEE ST, DENVER, CO 80205",DENVER,CO,80205,39.768399,-104.952042,,Vacant land,,,,,,,,,,80205
1001988499,02261-02-023-000,"3728 N VINE ST, DENVER, CO 80205",DENVER,CO,80205,39.768681,-104.961875,,Vacant land,,,,,,,,,,80205
1001988500,02261-18-022-000,"3316 N VINE ST, DENVER, CO 80205",DENVER,CO,80205,39.763619,-104.961876,,Vacant land,,,,,,,,,,80205
1001988501,02261-21-026-000,"3224 N HIGH ST, DENVER, CO 80205",DENVER,CO,80205,39.762647,-104.9644,,Vacant land,,,,,,,,,,80205
1001988502,02261-21-027-000,"3222 N HIGH ST, DENVER, CO 80205",DENVER,CO,80205,39.762579,-104.964401,,Vacant land,,,,,,,,,,80205
1001988503,02261-21-028-000,"3220 N HIGH ST, DENVER, CO 80205",DENVER,CO,80205,39.76251,-104.964401,,Vacant land,,,,,,,,,,80205
1001988504,02261-21-029-000,"3218 N HIGH ST, DENVER, CO 80205",DENVER,CO,80205,39.762441,-104.964401,,Vacant land,,,,,,,,,,80205
1001988577,02271-27-028-000,"3300 BLAKE ST, DENVER, CO 80205",DENVER,CO,80205,39.766563,-104.977626,,Vacant land,,,,,,,,,,80205
1001988701,02341-06-058-000,"2421 COURT PL, DENVER, CO 80205",DENVER,CO,80205,39.75047,-104.978917,,Vacant land,,,,,,,,,,80205
1002354031,02244-34-042-000,"3846 N ADAMS ST, DENVER, CO 80205",DENVER,CO,80205,39.770319,-104.948483,,Vacant land,,,,,,,,,,80205
1002354159,02234-00-017-000,"3901 N YORK ST, DENVER, CO 80205",DENVER,CO,80205,39.771637,-104.961371,,Vacant land,,,,,,,,,,80205
1004945496,02234-13-028-000,"1618 E 38TH AVE, DENVER, CO 80205",DENVER,CO,80205,39.769924,-104.967344,,Vacant land,,,,,,,,,,80205
1004945507,02252-50-035-000,"3219 N CLAYTON ST, DENVER, CO 80205",DENVER,CO,80205,39.762477,-104.95458,,Vacant land,,,,,,,,,,80205
1004945515,02261-12-036-000,"3510 N HIGH ST, DENVER, CO 80205",DENVER,CO,80205,39.766031,-104.963814,,Vacant land,,,,,,,,,,80205
1004945528,02263-02-030-000,"3648 N DOWNING ST, DENVER, CO 80205",DENVER,CO,80205,39.767644,-104.972245,,Vacant land,,,,,,,,,,80205
1004945529,02263-02-031-000,"3648 N DOWNING ST, DENVER, CO 80205",DENVER,CO,80205,39.767644,-104.972245,,Vacant land,,,,,,,,,,80205
1004945530,02263-03-025-000,"3554 N DOWNING ST, DENVER, CO 80205",DENVER,CO,80205,39.766416,-104.972689,,Vacant land,,,,,,,,,,80205
1004945531,02263-03-026-000,"3554 N DOWNING ST, DENVER, CO 80205",DENVER,CO,80205,39.766416,-104.972689,,Vacant land,,,,,,,,,,80205
1004945538,02263-06-031-000,"3455 N DOWNING ST, DENVER, CO 80205",DENVER,CO,80205,39.765516,-104.973072,,Vacant land,,,,,,,,,,80205
1004945540,02263-07-057-000,"1220 E 35TH AVE, DENVER, CO 80205",DENVER,CO,80205,39.765644,-104.972434,,Vacant land,,,,,,,,,,80205
1004945559,02276-31-029-000,"823 26TH ST, DENVER, CO 80205",DENVER,CO,80205,39.75582,-104.980874,,Vacant land,,,,,,,,,,80205
1004945979,05266-02-023-000,"2301 N YORK ST, DENVER, CO 80205",DENVER,CO,80205,39.751028,-104.960339,,Vacant land,,,,,,,,,,80205
28612343,02355-30-032-000,"1555 YORK ST, DENVER, CO 80206",DENVER,CO,80206,39.741102,-104.960126,,Vacant land,,,,,,,,,,80206
29359077,05015-28-013-000,"515 ADAMS ST, DENVER, CO 80206",DENVER,CO,80206,39.724456,-104.948937,,Vacant land,,,,,,,,,,80206
30648506,02363-04-011-000,"2815 E 16TH AVE, DENVER, CO 80206",DENVER,CO,80206,39.74224,-104.954355,,Vacant land,,,,,,,,,,80206
42986817,02355-15-020-000,"1795 GAYLORD ST, DENVER, CO 80206",DENVER,CO,80206,39.74455,-104.961355,,Vacant land,,,,,,,,,,80206
49454180,05121-26-040-000,"165 COOK ST, DENVER, CO 80206",DENVER,CO,80206,39.719178,-104.947727,,Vacant land,,,,,,,,,,80206
50995311,05121-03-023-000,"417 JACKSON ST, DENVER, CO 80206",DENVER,CO,80206,39.722986,-104.94291,,Vacant land,,,,,,,,,,80206
51635283,05016-33-020-000,"535 COLUMBINE ST # 539, DENVER, CO 80206",DENVER,CO,80206,39.724856,-104.957412,,Vacant land,,,,,,,,,,80206
54074949,05012-04-001-000,"2810 E COLFAX AVE, DENVER, CO 80206",DENVER,CO,80206,39.73998,-104.953923,,Vacant land,,,,,,,,,,80206
155099090,05121-25-013-000,"167 ADAMS ST # 169, DENVER, CO 80206",DENVER,CO,80206,39.719105,-104.948935,,Vacant land,,,,,,,,,,80206
184293224,02355-11-051-000,"1837 VINE ST # MISC, DENVER, CO 80206",DENVER,CO,80206,39.745582,-104.962612,,Vacant land,,,,,,,,,,80206
184297763,02355-15-025-000,"1740 VINE ST # VCNT, DENVER, CO 80206",DENVER,CO,80206,39.74406,-104.961922,,Vacant land,,,,,,,,,,80206
184298029,05011-09-001-000,"3300 E COLFAX AVE, DENVER, CO 80206",DENVER,CO,80206,39.739875,-104.948071,,Vacant land,,,,,,,,,,80206
184298893,02332-00-054-000,"2098 E 16TH AVE, DENVER, CO 80206",DENVER,CO,80206,39.757476,-105.001239,,Vacant land,,,,,,,,,,80206
184299156,02363-09-018-000,"1550 YORK ST, DENVER, CO 80206",DENVER,CO,80206,39.741174,-104.959487,,Vacant land,,,,,,,,,,80206
184300282,05121-25-012-000,"159 ADAMS ST, DENVER, CO 80206",DENVER,CO,80206,39.718968,-104.948936,,Vacant land,,,,,,,,,,80206
184300283,05121-25-014-000,"3250 E 2ND AVE, DENVER, CO 80206",DENVER,CO,80206,39.719246,-104.948935,,Vacant land,,,,,,,,,,80206
184300291,05121-26-039-000,"155 COOK ST, DENVER, CO 80206",DENVER,CO,80206,39.718765,-104.947729,,Vacant land,,,,,,,,,,80206
184300324,05121-32-013-000,"101 COLORADO BLVD, DENVER, CO 80206",DENVER,CO,80206,39.718155,-104.941089,,Vacant land,,,,,,,,,,80206
184300349,05122-09-015-000,"336 UNIVERSITY BLVD, DENVER, CO 80206",DENVER,CO,80206,39.721633,-104.959117,,Vacant land,,,,,,,,,,80206
184305771,05121-10-017-000,"364 ADAMS ST, DENVER, CO 80206",DENVER,CO,80206,39.722108,-104.948256,,Vacant land,,,,,,,,,,80206
184307347,05125-01-002-000,"97 N COLORADO BLVD, DENVER, CO 80206",DENVER,CO,80206,39.717459,-104.941065,,Vacant land,,,,,,,,,,80206
184307349,05125-01-012-000,"98 HARRISON ST, DENVER, CO 80206",DENVER,CO,80206,39.717602,-104.941103,,Vacant land,,,,,,,,,,80206
184309096,05016-33-014-000,"545 COLUMBINE ST # 549, DENVER, CO 80206",DENVER,CO,80206,39.724993,-104.95741,,Vacant land,,,,,,,,,,80206
184309731,05133-00-033-000,"300 UNIVERSITY BLVD, DENVER, CO 80206",DENVER,CO,80206,39.709408,-104.957128,,Vacant land,,,,,,,,,,80206
184331629,06062-24-009-000,"1290 COLORADO BLVD, DENVER, CO 80206",DENVER,CO,80206,39.736246,-104.940288,,Vacant land,,,,,,,,,,80206
184563172,05133-00-172-000,"300 UNIVERSITY BLVD, DENVER, CO 80206",DENVER,CO,80206,39.710788,-104.958968,,Vacant land,,,,,,,,,,80206
184714965,05122-20-032-000,"201 FILLMORE ST, DENVER, CO 80206",DENVER,CO,80206,39.719766,-104.953787,,Vacant land,,,,,,,,,,80206
184804076,05093-08-004-000,"2000 W 4TH AVE, DENVER, CO 80206",DENVER,CO,80206,39.721836,-105.012435,,Vacant land,,,,,,,,,,80206
204080847,05121-05-029-000,"426 MADISON ST, DENVER, CO 80206",DENVER,CO,80206,39.723193,-104.945865,,Vacant land,,,,,,,,,,80206
204585238,05012-13-044-000,"1300 JOSEPHINE ST, DENVER, CO 80206",DENVER,CO,80206,39.738077,-104.9581,,Vacant land,,,,,,,,,,80206
204585271,05014-07-030-000,"1046 ADAMS ST, DENVER, CO 80206",DENVER,CO,80206,39.73304,-104.948086,,Vacant land,,,,,,,,,,80206
205412615,05051-00-016-000,"2500 W 14TH AVE, DENVER, CO 80206",DENVER,CO,80206,39.738354,-105.018805,,Vacant land,,,,,,,,,,80206
221205940,02355-32-072-000,"1530 RACE ST, DENVER, CO 80206",DENVER,CO,80206,39.740763,-104.963144,,Vacant land,,,,,,,,,,80206
314830579,05054-23-057-000,"2901 W 8TH AVENUE APPRX, DENVER, CO 80206",DENVER,CO,80206,39.729504,-105.024284,,Vacant land,,,,,,,,,,80206
332127921,05125-02-061-000,"25 HARRISON ST, DENVER, CO 80206",DENVER,CO,80206,39.716749,-104.941667,,Vacant land,,,,,,,,,,80206
334130830,05011-07-023-000,"3429 COLFAX B PL, DENVER, CO 80206",DENVER,CO,80206,39.739108,-104.946493,,Vacant land,,,,,,,,,,80206
334130836,05012-28-084-000,"1248 JOSEPHINE ST, DENVER, CO 80206",DENVER,CO,80206,39.736125,-104.958296,,Vacant land,,,,,,,,,,80206
336003562,05121-05-040-000,"490 MADISON ST, DENVER, CO 80206",DENVER,CO,80206,39.723917,-104.945835,,Vacant land,,,,,,,,,,80206
1004945889,05121-06-037-000,"433 MADISON ST, DENVER, CO 80206",DENVER,CO,80206,39.723268,-104.945977,,Vacant land,,,,,,,,,,80206
1004945898,05122-20-043-000,"201 FILLMORE ST, DENVER, CO 80206",DENVER,CO,80206,39.719656,-104.953252,,Vacant land,,,,,,,,,,80206
1004945905,05122-32-118-000,"165 STEELE ST, DENVER, CO 80206",DENVER,CO,80206,39.718996,-104.949622,,Vacant land,,,,,,,,,,80206
4132937,01204-15-011-000,"3901 ONEIDA ST, DENVER, CO 80207",DENVER,CO,80207,39.77146,-104.908017,,Vacant land,,,,,,,,,,80207
13664252,01322-23-020-000,"2038 IVY ST, DENVER, CO 80207",DENVER,CO,80207,39.748279,-104.919368,,Vacant land,,,,,,,,,,80207
26784170,01213-00-115-000,"7757 E 40TH AVE, DENVER, CO 80207",DENVER,CO,80207,39.773222,-104.89899,,Vacant land,,,,,,,,,,80207
26784175,01213-00-124-000,"7835 E 40TH AVE, DENVER, CO 80207",DENVER,CO,80207,39.773365,-104.896624,,Vacant land,,,,,,,,,,80207
46217112,01294-06-025-000,"3081 NEWPORT ST, DENVER, CO 80207",DENVER,CO,80207,39.761668,-104.909744,,Vacant land,,,,,,,,,,80207
46308241,01194-03-009-000,"3895 ELM ST, DENVER, CO 80207",DENVER,CO,80207,39.771226,-104.929719,,Vacant land,,,,,,,,,,80207
152798744,01322-18-018-000,"2271 JASMINE ST, DENVER, CO 80207",DENVER,CO,80207,39.750541,-104.919109,,Vacant land,,,,,,,,,,80207
155047138,01302-08-032-000,"3266 COLORADO BLVD, DENVER, CO 80207",DENVER,CO,80207,39.762998,-104.940202,,Vacant land,,,,,,,,,,80207
184275891,01293-05-016-000,"3097 KEARNEY ST, DENVER, CO 80207",DENVER,CO,80207,39.761728,-104.917924,,Vacant land,,,,,,,,,,80207
184277359,01203-00-163-000,"3900 KEARNEY ST, DENVER, CO 80207",DENVER,CO,80207,39.772329,-104.915669,,Vacant land,,,,,,,,,,80207
184277393,01213-00-059-000,"3901 ULSTER ST, DENVER, CO 80207",DENVER,CO,80207,39.77157,-104.895112,,Vacant land,,,,,,,,,,80207
184283349,01204-01-025-000,"4201 N QUEBEC ST A, DENVER, CO 80207",DENVER,CO,80207,39.776276,-104.903758,,Vacant land,,,,,,,,,,80207
184283351,01204-06-001-000,"4001 N ONEIDA ST, DENVER, CO 80207",DENVER,CO,80207,39.773387,-104.908031,,Vacant land,,,,,,,,,,80207
184283352,01204-06-002-000,"4001 N ONEIDA ST, DENVER, CO 80207",DENVER,CO,80207,39.773176,-104.908011,,Vacant land,,,,,,,,,,80207
184283353,01204-07-001-000,"4001 N OLIVE ST, DENVER, CO 80207",DENVER,CO,80207,39.773108,-104.90703,,Vacant land,,,,,,,,,,80207
184283354,01204-07-002-000,"4000 N ONEIDA ST, DENVER, CO 80207",DENVER,CO,80207,39.773241,-104.907394,,Vacant land,,,,,,,,,,80207
184283355,01204-08-008-000,"4000 N OLIVE ST, DENVER, CO 80207",DENVER,CO,80207,39.77317,-104.906357,,Vacant land,,,,,,,,,,80207
184283356,01204-10-002-000,"3901 QUEBEC ST, DENVER, CO 80207",DENVER,CO,80207,39.772582,-104.903802,,Vacant land,,,,,,,,,,80207
184283364,01213-00-063-000,"7320 E 40TH AVE, DENVER, CO 80207",DENVER,CO,80207,39.772952,-104.900566,,Vacant land,,,,,,,,,,80207
184283383,01214-00-062-000,"8175 E 39TH AVE, DENVER, CO 80207",DENVER,CO,80207,39.770561,-104.889074,,Vacant land,,,,,,,,,,80207
184287200,01292-01-007-000,"3601 N MONACO STREET PKWY, DENVER, CO 80207",DENVER,CO,80207,39.767618,-104.913262,,Vacant land,,,,,,,,,,80207
184287312,01294-07-001-000,"6600 MARTIN LUTHER KING BLVD, DENVER, CO 80207",DENVER,CO,80207,39.7617,-104.911425,,Vacant land,,,,,,,,,,80207
184288869,01303-08-020-000,"3000 COLORADO BLVD, DENVER, CO 80207",DENVER,CO,80207,39.761638,-104.940182,,Vacant land,,,,,,,,,,80207
184294417,01301-33-003-000,"5100 E 34TH AVE, DENVER, CO 80207",DENVER,CO,80207,39.764446,-104.928535,,Vacant land,,,,,,,,,,80207
184294419,01301-33-007-000,"5001 E 33RD AVE, DENVER, CO 80207",DENVER,CO,80207,39.7642,-104.928803,,Vacant land,,,,,,,,,,80207
184294558,01322-04-011-000,"2500 KEARNEY ST, DENVER, CO 80207",DENVER,CO,80207,39.753102,-104.917168,,Vacant land,,,,,,,,,,80207
184320650,06291-05-048-000,"2061 ONEIDA ST, DENVER, CO 80207",DENVER,CO,80207,39.679325,-104.909372,,Vacant land,,,,,,,,,,80207
184628851,01283-25-006-000,"7511 E MARTIN LUTHER KING JR BLVD, DENVER, CO 80207",DENVER,CO,80207,39.760823,-104.899347,,Vacant land,,,,,,,,,,80207
184712202,01214-00-088-000,"8100 SMITH RD # VCNT, DENVER, CO 80207",DENVER,CO,80207,39.769491,-104.886135,,Vacant land,,,,,,,,,,80207
184727301,01304-05-001-000,"3098 FAIRFAX ST, DENVER, CO 80207",DENVER,CO,80207,39.761709,-104.92791,,Vacant land,,,,,,,,,,80207
184729048,01214-00-079-000,"8201 E 39TH AVE, DENVER, CO 80207",DENVER,CO,80207,39.771396,-104.891085,,Vacant land,,,,,,,,,,80207
184774402,01301-03-020-000,"3604 N GLENCOE ST, DENVER, CO 80207",DENVER,CO,80207,39.767705,-104.92546,,Vacant land,,,,,,,,,,80207
184794362,05243-22-018-000,"2500 COLORADO BLVD, DENVER, CO 80207",DENVER,CO,80207,39.683978,-104.95687,,Vacant land,,,,,,,,,,80207
204080505,01194-03-010-000,"3895 ELM ST, DENVER, CO 80207",DENVER,CO,80207,39.771185,-104.930018,,Vacant land,,,,,,,,,,80207
204080554,01292-21-053-000,"3372 JASMINE ST, DENVER, CO 80207",DENVER,CO,80207,39.765548,-104.918569,,Vacant land,,,,,,,,,,80207
217662685,01213-00-055-000,"3998 QUEBEC ST, DENVER, CO 80207",DENVER,CO,80207,39.771893,-104.899414,,Vacant land,,,,,,,,,,80207
219383868,06301-00-001-000,"2001 FOREST ST, DENVER, CO 80207",DENVER,CO,80207,39.679498,-104.927595,,Vacant land,,,,,,,,,,80207
219383871,06302-00-001-000,"2000 DEXTER ST, DENVER, CO 80207",DENVER,CO,80207,39.679058,-104.932773,,Vacant land,,,,,,,,,,80207
219392277,01304-12-024-000,"2910 FAIRFAX ST, DENVER, CO 80207",DENVER,CO,80207,39.758661,-104.927916,,Vacant land,,,,,,,,,,80207
222403694,01204-08-003-000,"4001 N PONTIAC ST, DENVER, CO 80207",DENVER,CO,80207,39.772954,-104.905978,,Vacant land,,,,,,,,,,80207
222403695,01204-09-001-000,"4000 N PONTIAC ST, DENVER, CO 80207",DENVER,CO,80207,39.772836,-104.904971,,Vacant land,,,,,,,,,,80207
222403696,01204-10-003-000,"3900 N POPLAR ST, DENVER, CO 80207",DENVER,CO,80207,39.772752,-104.904107,,Vacant land,,,,,,,,,,80207
222403701,01213-00-080-000,"7755 E SMITH RD, DENVER, CO 80207",DENVER,CO,80207,39.771317,-104.897832,,Vacant land,,,,,,,,,,80207
320947937,01281-02-001-000,"3801 N ULSTER ST, DENVER, CO 80207",DENVER,CO,80207,39.769854,-104.895417,,Vacant land,,,,,,,,,,80207
326742507,01321-35-019-000,"2125 PONTIAC ST, DENVER, CO 80207",DENVER,CO,80207,39.749143,-104.906164,,Vacant land,,,,,,,,,,80207
332128172,06291-00-124-000,"2369 QUEBEC ST, DENVER, CO 80207",DENVER,CO,80207,39.675354,-104.904094,,Vacant land,,,,,,,,,,80207
334130115,01301-03-038-000,"3611 GRAPE ST, DENVER, CO 80207",DENVER,CO,80207,39.76787,-104.92493,,Vacant land,,,,,,,,,,80207
334130116,01301-03-039-000,"3607 GRAPE ST, DENVER, CO 80207",DENVER,CO,80207,39.76773,-104.92493,,Vacant land,,,,,,,,,,80207
334130117,01301-03-040-000,"3601 GRAPE ST, DENVER, CO 80207",DENVER,CO,80207,39.767589,-104.924928,,Vacant land,,,,,,,,,,80207
334130120,01302-04-017-000,"3412 BELLAIRE ST, DENVER, CO 80207",DENVER,CO,80207,39.764865,-104.936502,,Vacant land,,,,,,,,,,80207
334130121,01302-04-018-000,"4305 BRUCE RANDOLPH AVE, DENVER, CO 80207",DENVER,CO,80207,39.764696,-104.936503,,Vacant land,,,,,,,,,,80207
336002379,01214-00-116-000,"8101 E 40TH AVE, DENVER, CO 80207",DENVER,CO,80207,39.775743,-104.893172,,Vacant land,,,,,,,,,,80207
336002427,01303-06-028-000,"3009 BELLAIRE ST, DENVER, CO 80207",DENVER,CO,80207,39.760451,-104.937534,,Vacant land,,,,,,,,,,80207
1000514364,01302-07-047-000,"3485 N ALBION ST, DENVER, CO 80207",DENVER,CO,80207,39.765461,-104.939664,,Vacant land,,,,,,,,,,80207
1001988075,01281-00-054-000,"7910 E SMITH RD, DENVER, CO 80207",DENVER,CO,80207,39.770739,-104.896411,,Vacant land,,,,,,,,,,80207
1001988292,01291-15-044-000,"7105 E MARTIN LUTHER KING JR BLVD, DENVER, CO 80207",DENVER,CO,80207,39.762197,-104.905601,,Vacant land,,,,,,,,,,80207
1001988293,01291-15-045-000,"7145 E MARTIN LUTHER KING JR BLVD, DENVER, CO 80207",DENVER,CO,80207,39.762198,-104.905381,,Vacant land,,,,,,,,,,80207
4894860,05134-12-005-000,"832 S MILWAUKEE ST, DENVER, CO 80209",DENVER,CO,80209,39.70193,-104.953065,,Vacant land,,,,,,,,,,80209
28612621,05156-09-025-000,"800 S BROADWAY, DENVER, CO 80209",DENVER,CO,80209,39.70173,-104.987088,,Vacant land,,,,,,,,,,80209
49139656,05131-00-036-000,"3865 E CHERRY CREEK NORTH DR, DENVER, CO 80209",DENVER,CO,80209,39.708236,-104.942473,,Vacant land,,,,,,,,,,80209
51122769,05156-21-029-000,"1061 S PENNSYLVANIA ST, DENVER, CO 80209",DENVER,CO,80209,39.697218,-104.981811,,Vacant land,,,,,,,,,,80209
51128751,05151-09-020-000,"457 S LINCOLN ST, DENVER, CO 80209",DENVER,CO,80209,39.708231,-104.986752,,Vacant land,,,,,,,,,,80209
51285741,05155-00-031-000,"765 S BROADWAY, DENVER, CO 80209",DENVER,CO,80209,39.702728,-104.988063,,Vacant land,,,,,,,,,,80209
145121903,05124-13-027-000,"2731 E ALAMEDA AVE, DENVER, CO 80209",DENVER,CO,80209,39.711536,-104.9545,,Vacant land,,,,,,,,,,80209
150068957,05133-00-072-000,"19 POLO CLUB DR, DENVER, CO 80209",DENVER,CO,80209,39.707782,-104.951462,,Vacant land,,,,,,,,,,80209
184237405,2077-03-1-12-001,"3601 S LOGAN ST, ENGLEWOOD, CO 80209",ENGLEWOOD,CO,80209,39.650852,-104.983368,,Vacant land,,,,,,,,,,80209
184304457,05141-13-032-000,"401 S VINE ST, DENVER, CO 80209",DENVER,CO,80209,39.709068,-104.96311,,Vacant land,,,,,,,,,,80209
184304556,05125-21-004-000,"126 S MADISON ST, DENVER, CO 80209",DENVER,CO,80209,39.714084,-104.945844,,Vacant land,,,,,,,,,,80209
184305960,05131-02-061-000,"329 S HARRISON ST, DENVER, CO 80209",DENVER,CO,80209,39.710654,-104.941701,,Vacant land,,,,,,,,,,80209
184309649,05124-15-016-000,"200 S MILWAUKEE ST, DENVER, CO 80209",DENVER,CO,80209,39.712614,-104.952093,,Vacant land,,,,,,,,,,80209
184311223,05125-21-003-000,"120 S MADISON ST, DENVER, CO 80209",DENVER,CO,80209,39.714222,-104.945844,,Vacant land,,,,,,,,,,80209
184311282,05135-04-022-000,"755 S JACKSON ST, DENVER, CO 80209",DENVER,CO,80209,39.702237,-104.943927,,Vacant land,,,,,,,,,,80209
184318613,05104-33-009-000,"525 E ALAMEDA AVE, DENVER, CO 80209",DENVER,CO,80209,39.711284,-104.980829,,Vacant land,,,,,,,,,,80209
184318853,05155-00-055-000,"801 S BROADWAY, DENVER, CO 80209",DENVER,CO,80209,39.703051,-104.989735,,Vacant land,,,,,,,,,,80209
184318854,05152-00-089-000,"801 S BROADWAY, DENVER, CO 80209",DENVER,CO,80209,39.700547,-104.987717,,Vacant land,,,,,,,,,,80209
184318889,05156-08-045-000,"701 S LINCOLN ST, DENVER, CO 80209",DENVER,CO,80209,39.702654,-104.986667,,Vacant land,,,,,,,,,,80209
184325248,05116-09-009-000,"2101 E ALAMEDA AVE, DENVER, CO 80209",DENVER,CO,80209,39.712174,-104.962578,,Vacant land,,,,,,,,,,80209
184729217,05155-00-046-000,"761 S BROADWAY, DENVER, CO 80209",DENVER,CO,80209,39.703109,-104.988747,,Vacant land,,,,,,,,,,80209
184729219,05155-00-051-000,"755 S BROADWAY, DENVER, CO 80209",DENVER,CO,80209,39.703119,-104.98809,,Vacant land,,,,,,,,,,80209
184774515,05156-12-052-000,"803 S LOGAN ST, DENVER, CO 80209",DENVER,CO,80209,39.70185,-104.983303,,Vacant land,,,,,,,,,,80209
184784584,05133-00-136-000,"4 POLO CLUB LN, DENVER, CO 80209",DENVER,CO,80209,39.708194,-104.956453,,Vacant land,,,,,,,,,,80209
184787347,05164-00-115-000,"700 S JACKSON ST, DENVER, CO 80209",DENVER,CO,80209,39.702995,-104.998299,,Vacant land,,,,,,,,,,80209
204024474,05156-08-049-000,"725 S LINCOLN ST, DENVER, CO 80209",DENVER,CO,80209,39.703248,-104.986648,,Vacant land,,,,,,,,,,80209
204585263,05013-06-001-000,"901 S CLAYTON WAY, DENVER, CO 80209",DENVER,CO,80209,39.731526,-104.954697,,Vacant land,,,,,,,,,,80209
205224316,05124-14-023-000,"2901 E ALAMEDA AVE, DENVER, CO 80209",DENVER,CO,80209,39.71177,-104.952681,,Vacant land,,,,,,,,,,80209
217662697,05153-00-020-000,"400 W VIRGINIA AVE, DENVER, CO 80209",DENVER,CO,80209,39.707194,-104.992419,,Vacant land,,,,,,,,,,80209
219391744,05132-12-016-000,"401 S GARFIELD ST UNIT 16, DENVER, CO 80209",DENVER,CO,80209,39.70865,-104.948188,,Vacant land,,,,,,,,,,80209
324870952,05155-00-073-000,"101 W MISSISSIPPI AVE, DENVER, CO 80209",DENVER,CO,80209,39.702655,-104.990737,,Vacant land,,,,,,,,,,80209
324870954,05155-00-075-000,"99 W KENTUCKY AVE, DENVER, CO 80209",DENVER,CO,80209,39.702594,-104.990584,,Vacant land,,,,,,,,,,80209
324873349,05155-00-076-000,"99 W KENTUCKY AVENUE APPRX, DENVER, CO 80209",DENVER,CO,80209,39.700704,-104.990182,,Vacant land,,,,,,,,,,80209
326743930,05155-00-088-000,"101 W MISSISSIPPI AVENUE APPRX, DENVER, CO 80209",DENVER,CO,80209,39.699019,-104.989854,,Vacant land,,,,,,,,,,80209
334131250,05124-03-026-000,"2905 E CEDAR AVE, DENVER, CO 80209",DENVER,CO,80209,39.713261,-104.953355,,Vacant land,,,,,,,,,,80209
334131251,05124-03-027-000,"2925 E CEDAR AVE, DENVER, CO 80209",DENVER,CO,80209,39.713619,-104.953316,,Vacant land,,,,,,,,,,80209
334131252,05124-03-028-000,"2945 E CEDAR AVE, DENVER, CO 80209",DENVER,CO,80209,39.713618,-104.953069,,Vacant land,,,,,,,,,,80209
334131253,05124-03-029-000,"2965 E CEDAR AVE, DENVER, CO 80209",DENVER,CO,80209,39.71326,-104.953032,,Vacant land,,,,,,,,,,80209
334131299,05131-03-054-000,"3737 E DAKOTA AVE, DENVER, CO 80209",DENVER,CO,80209,39.709601,-104.943429,,Vacant land,,,,,,,,,,80209
334131344,05155-12-001-000,"1059 S BROADWAY, DENVER, CO 80209",DENVER,CO,80209,39.697199,-104.988433,,Vacant land,,,,,,,,,,80209
336003536,05103-21-041-000,"101 S BROADWAY, DENVER, CO 80209",DENVER,CO,80209,39.714601,-104.98796,,Vacant land,,,,,,,,,,80209
336003588,05124-12-021-000,"2740 E CEDAR AVE, DENVER, CO 80209",DENVER,CO,80209,39.712688,-104.954896,,Vacant land,,,,,,,,,,80209
1000515218,05152-00-089-000,"801 S BROADWAY, DENVER, CO 80209",DENVER,CO,80209,39.702807,-104.989356,,Vacant land,,,,,,,,,,80209
1000515219,05152-00-090-000,"801 S BROADWAY, DENVER, CO 80209",DENVER,CO,80209,39.701922,-104.98831,,Vacant land,,,,,,,,,,80209
1000515222,05155-00-129-000,"795 S BROADWAY, DENVER, CO 80209",DENVER,CO,80209,39.702223,-104.987855,,Vacant land,,,,,,,,,,80209
1001988933,05144-28-027-000,"1083 S UNIVERSITY BLVD, DENVER, CO 80209",DENVER,CO,80209,39.69688,-104.959749,,Vacant land,,,,,,,,,,80209
1002354187,05013-06-001-000,"901 N CLAYTON ST, DENVER, CO 80209",DENVER,CO,80209,39.7097,-104.9658,,Vacant land,,,,,,,,,,80209
1002354265,05156-08-045-000,"701 S LINCOLN ST, DENVER, CO 80209",DENVER,CO,80209,39.703718,-104.986512,,Vacant land,,,,,,,,,,80209
1004945906,05124-03-031-000,"2985 E CEDAR AVE, DENVER, CO 80209",DENVER,CO,80209,39.713277,-104.95254,,Vacant land,,,,,,,,,,80209
1004945921,05152-05-041-000,"593 S BROADWAY, DENVER, CO 80209",DENVER,CO,80209,39.705949,-104.987227,,Vacant land,,,,,,,,,,80209
1004945922,05152-05-042-000,"595 S BROADWAY, DENVER, CO 80209",DENVER,CO,80209,39.706793,-104.990129,,Vacant land,,,,,,,,,,80209
1004945928,05152-05-049-000,"411 S BROADWAY, DENVER, CO 80209",DENVER,CO,80209,39.708998,-104.99073,,Vacant land,,,,,,,,,,80209
1004945930,05152-05-051-000,"260 W DAKOTA AVE, DENVER, CO 80209",DENVER,CO,80209,39.708868,-104.991198,,Vacant land,,,,,,,,,,80209
1004945931,05152-05-052-000,"262 W DAKOTA AVE, DENVER, CO 80209",DENVER,CO,80209,39.708868,-104.991198,,Vacant land,,,,,,,,,,80209
4304254,05241-08-006-000,"1148 S STEELE ST, DENVER, CO 80210",DENVER,CO,80210,39.695678,-104.949705,,Vacant land,,,,,,,,,,80210
10416812,05241-14-019-000,"1460 S MONROE ST, DENVER, CO 80210",DENVER,CO,80210,39.690098,-104.945015,,Vacant land,,,,,,,,,,80210
19294779,05254-23-008-000,"2607 S ADAMS ST, DENVER, CO 80210",DENVER,CO,80210,39.669102,-104.94922,,Vacant land,,,,,,,,,,80210
30627625,05243-20-034-000,"2722 E MEXICO AVE, DENVER, CO 80210",DENVER,CO,80210,39.685501,-104.954503,,Vacant land,,,,,,,,,,80210
30647709,05227-16-029-000,"1691 S PEARL ST, DENVER, CO 80210",DENVER,CO,80210,39.685953,-104.980665,,Vacant land,,,,,,,,,,80210
39527353,05227-30-024-000,"22 E MEXICO AVE, DENVER, CO 80210",DENVER,CO,80210,39.685604,-104.986787,,Vacant land,,,,,,,,,,80210
49006443,05232-16-001-000,"1300 S CORONA ST, DENVER, CO 80210",DENVER,CO,80210,39.692828,-104.974292,,Vacant land,,,,,,,,,,80210
51050741,05271-30-020-000,"2253 S PINON CT, DENVER, CO 80210",DENVER,CO,80210,39.675529,-104.981421,,Vacant land,,,,,,,,,,80210
54836269,05252-24-003-000,"2222 S COLUMBINE ST, DENVER, CO 80210",DENVER,CO,80210,39.676114,-104.956129,,Vacant land,,,,,,,,,,80210
140080107,1977-29-4-03-003,"26335 E ILIFF DR, AURORA, CO 80210",AURORA,CO,80210,39.674141,-104.680559,,Vacant land,,,,,,,,,,80210
140080124,1977-29-4-02-020,"26142 E ILIFF DR, AURORA, CO 80210",AURORA,CO,80210,39.672799,-104.681108,,Vacant land,,,,,,,,,,80210
151497011,05276-09-031-000,"2501 S SHERMAN ST, DENVER, CO 80210",DENVER,CO,80210,39.671124,-104.985442,,Vacant land,,,,,,,,,,80210
184189077,05266-18-019-000,"2501 S HIGH ST, DENVER, CO 80210",DENVER,CO,80210,39.670975,-104.965592,,Vacant land,,,,,,,,,,80210
184283943,02274-04-002-000,"3300 N DELAWARE ST, DENVER, CO 80210",DENVER,CO,80210,39.763671,-104.992729,,Vacant land,,,,,,,,,,80210
184283944,02274-04-003-000,"3300 N DELAWARE ST, DENVER, CO 80210",DENVER,CO,80210,39.763669,-104.992859,,Vacant land,,,,,,,,,,80210
184283946,02274-05-002-000,"3400 N DELAWARE ST, DENVER, CO 80210",DENVER,CO,80210,39.764283,-104.992705,,Vacant land,,,,,,,,,,80210
184291003,02273-00-054-000,"3201 N FOX ST, DENVER, CO 80210",DENVER,CO,80210,39.762529,-104.996544,,Vacant land,,,,,,,,,,80210
184291004,02273-00-055-000,"3201 N FOX ST, DENVER, CO 80210",DENVER,CO,80210,39.762861,-104.996937,,Vacant land,,,,,,,,,,80210
184291006,02273-00-058-000,"3201 N FOX ST, DENVER, CO 80210",DENVER,CO,80210,39.76277,-104.99699,,Vacant land,,,,,,,,,,80210
184300505,05266-07-013-000,"2485 S HIGH ST, DENVER, CO 80210",DENVER,CO,80210,39.671549,-104.965591,,Vacant land,,,,,,,,,,80210
184306517,05222-00-004-000,"100 W MISSISSIPPI AVE, DENVER, CO 80210",DENVER,CO,80210,39.695701,-104.989404,,Vacant land,,,,,,,,,,80210
184306518,05222-00-005-000,"100 W MISSISSIPPI AVE, DENVER, CO 80210",DENVER,CO,80210,39.696138,-104.989351,,Vacant land,,,,,,,,,,80210
184306820,05266-03-014-000,"2145 E WESLEY AVE, DENVER, CO 80210",DENVER,CO,80210,39.673471,-104.9621,,Vacant land,,,,,,,,,,80210
184306822,05266-04-002-000,"2320 S RACE ST, DENVER, CO 80210",DENVER,CO,80210,39.674373,-104.96375,,Vacant land,,,,,,,,,,80210
184306825,05266-04-017-000,"2300 S RACE ST, DENVER, CO 80210",DENVER,CO,80210,39.674452,-104.963758,,Vacant land,,,,,,,,,,80210
184306949,05252-20-049-000,"2150 S JOSEPHINE ST, DENVER, CO 80210",DENVER,CO,80210,39.67736,-104.957562,,Vacant land,,,,,,,,,,80210
184307012,05253-08-022-000,"2495 S JOSEPHINE ST, DENVER, CO 80210",DENVER,CO,80210,39.671376,-104.958581,,Vacant land,,,,,,,,,,80210
184307038,05253-22-030-000,"2601 S JOSEPHINE ST, DENVER, CO 80210",DENVER,CO,80210,39.668869,-104.958376,,Vacant land,,,,,,,,,,80210
184308248,05243-24-015-000,"2371 E BUCHTEL BLVD, DENVER, CO 80210",DENVER,CO,80210,39.683175,-104.958292,,Vacant land,,,,,,,,,,80210
184308348,05251-06-002-000,"1904 S ADAMS ST, DENVER, CO 80210",DENVER,CO,80210,39.68171,-104.948996,,Vacant land,,,,,,,,,,80210
184308456,05263-06-016-000,"2085 S DOWNING ST, DENVER, CO 80210",DENVER,CO,80210,39.678833,-104.973775,,Vacant land,,,,,,,,,,80210
184308505,05266-09-025-000,"2490 S RACE ST, DENVER, CO 80210",DENVER,CO,80210,39.671445,-104.963608,,Vacant land,,,,,,,,,,80210
184312377,05261-09-023-000,"2030 S YORK ST, DENVER, CO 80210",DENVER,CO,80210,39.67973,-104.960294,,Vacant land,,,,,,,,,,80210
184312428,05266-24-001-000,"2600 S YORK ST, DENVER, CO 80210",DENVER,CO,80210,39.669245,-104.960292,,Vacant land,,,,,,,,,,80210
184312603,05275-12-020-000,"2689 S BROADWAY, DENVER, CO 80210",DENVER,CO,80210,39.667969,-104.988002,,Vacant land,,,,,,,,,,80210
184313275,05226-10-017-000,"1725 S BROADWAY, DENVER, CO 80210",DENVER,CO,80210,39.685254,-104.98795,,Vacant land,,,,,,,,,,80210
184325509,05352-13-001-000,"2700 S DOWNING ST, DENVER, CO 80210",DENVER,CO,80210,39.666811,-104.973116,,Vacant land,,,,,,,,,,80210
184325513,05352-13-007-000,"2700 S MARION CIR, DENVER, CO 80210",DENVER,CO,80210,39.66735,-104.972369,,Vacant land,,,,,,,,,,80210
184689191,1977-29-4-03-002,"26263 E ILIFF DR, AURORA, CO 80210",AURORA,CO,80210,39.674143,-104.681323,,Vacant land,,,,,,,,,,80210
184689192,1977-29-4-03-004,"26407 E ILIFF DR, AURORA, CO 80210",AURORA,CO,80210,39.674138,-104.679796,,Vacant land,,,,,,,,,,80210
184689193,1977-29-4-03-005,"26467 E ILIFF DR, AURORA, CO 80210",AURORA,CO,80210,39.674131,-104.679045,,Vacant land,,,,,,,,,,80210
184698264,05234-00-033-000,"2349 E BUCHTEL BLVD, DENVER, CO 80210",DENVER,CO,80210,39.684415,-104.962154,,Vacant land,,,,,,,,,,80210
184702130,1977-29-1-02-009,"26323 E EVANS AVE, AURORA, CO 80210",AURORA,CO,80210,39.678653,-104.680751,,Vacant land,,,,,,,,,,80210
184702131,1977-29-1-02-010,"26363 E EVANS AVE, AURORA, CO 80210",AURORA,CO,80210,39.678652,-104.680139,,Vacant land,,,,,,,,,,80210
184702132,1977-29-1-02-011,"26415 E EVANS AVE, AURORA, CO 80210",AURORA,CO,80210,39.678651,-104.679527,,Vacant land,,,,,,,,,,80210
184743454,05254-23-027-000,"2600 S STEELE ST, DENVER, CO 80210",DENVER,CO,80210,39.668831,-104.949619,,Vacant land,,,,,,,,,,80210
184770104,05264-06-011-000,"2465 S DOWNING ST, DENVER, CO 80210",DENVER,CO,80210,39.671832,-104.973806,,Vacant land,,,,,,,,,,80210
184770105,05264-06-015-000,"2480 S CORONA ST, DENVER, CO 80210",DENVER,CO,80210,39.671628,-104.974308,,Vacant land,,,,,,,,,,80210
184783114,05264-00-010-000,"2525 S DOWNING ST, DENVER, CO 80210",DENVER,CO,80210,39.668749,-104.977857,,Vacant land,,,,,,,,,,80210
184783118,05264-00-020-000,"2601 S DOWNING ST, DENVER, CO 80210",DENVER,CO,80210,39.668584,-104.974617,,Vacant land,,,,,,,,,,80210
204584959,02214-32-001-000,"4000 N INCA ST, DENVER, CO 80210",DENVER,CO,80210,39.772363,-104.997822,,Vacant land,,,,,,,,,,80210
204585033,02223-00-073-000,"4100 N DELAWARE ST, DENVER, CO 80210",DENVER,CO,80210,39.77403,-104.992289,,Vacant land,,,,,,,,,,80210
204585374,05232-21-029-000,"1400 S EMERSON ST, DENVER, CO 80210",DENVER,CO,80210,39.690329,-104.976445,,Vacant land,,,,,,,,,,80210
204585378,05233-11-030-000,"1601 S MARION ST, DENVER, CO 80210",DENVER,CO,80210,39.687304,-104.972491,,Vacant land,,,,,,,,,,80210
204585429,05253-22-047-000,"2620 S UNIVERSITY BLVD, DENVER, CO 80210",DENVER,CO,80210,39.668918,-104.959009,,Vacant land,,,,,,,,,,80210
204585453,05254-30-004-000,"2601 S JACKSON ST, DENVER, CO 80210",DENVER,CO,80210,39.669022,-104.943501,,Vacant land,,,,,,,,,,80210
204585495,05264-06-024-000,"2400 S CORONA ST, DENVER, CO 80210",DENVER,CO,80210,39.671398,-104.974309,,Vacant land,,,,,,,,,,80210
204585509,05266-13-005-000,"2500 S YORK ST, DENVER, CO 80210",DENVER,CO,80210,39.669646,-104.960272,,Vacant land,,,,,,,,,,80210
204646224,02274-01-006-000,"3100 N DELAWARE ST, DENVER, CO 80210",DENVER,CO,80210,39.761314,-104.992774,,Vacant land,,,,,,,,,,80210
204646226,02274-02-004-000,"3200 N DELAWARE ST, DENVER, CO 80210",DENVER,CO,80210,39.761964,-104.992788,,Vacant land,,,,,,,,,,80210
204646230,02274-03-003-000,"3200 N DELAWARE ST, DENVER, CO 80210",DENVER,CO,80210,39.762809,-104.992821,,Vacant land,,,,,,,,,,80210
204646231,02274-03-007-000,"3200 N DELAWARE ST, DENVER, CO 80210",DENVER,CO,80210,39.762562,-104.992869,,Vacant land,,,,,,,,,,80210
204650477,02278-00-004-000,"3200 N GALAPAGO ST, DENVER, CO 80210",DENVER,CO,80210,39.761887,-104.996854,,Vacant land,,,,,,,,,,80210
204650478,02278-00-005-000,"3200 N GALAPAGO ST, DENVER, CO 80210",DENVER,CO,80210,39.761964,-104.99632,,Vacant land,,,,,,,,,,80210
204651989,05352-13-003-000,"1301 E AMHERST AVE, DENVER, CO 80210",DENVER,CO,80210,39.666161,-104.972362,,Vacant land,,,,,,,,,,80210
240294919,05244-17-030-000,"1731 S JACKSON ST, DENVER, CO 80210",DENVER,CO,80210,39.685104,-104.943349,,Vacant land,,,,,,,,,,80210
248764328,05262-01-024-000,"1900 S HIGH ST, DENVER, CO 80210",DENVER,CO,80210,39.681536,-104.964908,,Vacant land,,,,,,,,,,80210
251007946,05221-05-075-000,"1110 S GRANT ST, DENVER, CO 80210",DENVER,CO,80210,39.696269,-104.983655,,Vacant land,,,,,,,,,,80210
251527595,05221-08-043-000,"1100 S BROADWAY, DENVER, CO 80210",DENVER,CO,80210,39.696388,-104.986983,,Vacant land,,,,,,,,,,80210
251527597,05221-08-045-000,"1102 S BROADWAY, DENVER, CO 80210",DENVER,CO,80210,39.69613,-104.986997,,Vacant land,,,,,,,,,,80210
251527599,05221-08-047-000,"30 E MISSISSIPPI AVE, DENVER, CO 80210",DENVER,CO,80210,39.696395,-104.986562,,Vacant land,,,,,,,,,,80210
252403914,1977-29-4-03-007,"E ILIFF DR, AURORA, CO 80210",AURORA,CO,80210,39.674208,-104.682077,,Vacant land,,,,,,,,,,80210
252414153,1977-29-1-02-017,"26475 E EVANS AVE, AURORA, CO 80210",AURORA,CO,80210,39.678641,-104.678919,,Vacant land,,,,,,,,,,80210
252729884,05266-02-015-000,"2301 S YORK ST, DENVER, CO 80210",DENVER,CO,80210,39.674479,-104.96086,,Vacant land,,,,,,,,,,80210
326743985,05227-05-048-000,"1551 S PEARL ST, DENVER, CO 80210",DENVER,CO,80210,39.688412,-104.980746,,Vacant land,,,,,,,,,,80210
328418521,05227-27-035-000,"1734 S GRANT ST, DENVER, CO 80210",DENVER,CO,80210,39.684983,-104.983721,,Vacant land,,,,,,,,,,80210
334131435,05227-08-037-000,"1539 S GRANT ST, DENVER, CO 80210",DENVER,CO,80210,39.688614,-104.984306,,Vacant land,,,,,,,,,,80210
334131437,05227-27-038-000,"1740 S GRANT ST, DENVER, CO 80210",DENVER,CO,80210,39.684902,-104.983722,,Vacant land,,,,,,,,,,80210
336003648,05221-21-051-000,"1308 S GRANT ST, DENVER, CO 80210",DENVER,CO,80210,39.692725,-104.983461,,Vacant land,,,,,,,,,,80210
1000515285,05262-13-031-000,"2072 S FRANKLIN ST, DENVER, CO 80210",DENVER,CO,80210,39.678967,-104.968444,,Vacant land,,,,,,,,,,80210
1000515312,05271-06-041-000,"1974 S LOGAN ST, DENVER, CO 80210",DENVER,CO,80210,39.68082,-104.982528,,Vacant land,,,,,,,,,,80210
1001988071,05275-12-020-000,"2689 S BROADWAY, DENVER, CO 80210",DENVER,CO,80210,39.667969,-104.988002,,Vacant land,,,,,,,,,,80210
1001988997,05234-03-036-000,"1501 S GAYLORD ST, DENVER, CO 80210",DENVER,CO,80210,39.689176,-104.962022,,Vacant land,,,,,,,,,,80210
1001988998,05234-03-037-000,"1505 S GAYLORD ST, DENVER, CO 80210",DENVER,CO,80210,39.689051,-104.962022,,Vacant land,,,,,,,,,,80210
1001988999,05234-03-038-000,"1515 S GAYLORD ST, DENVER, CO 80210",DENVER,CO,80210,39.68893,-104.962023,,Vacant land,,,,,,,,,,80210
1002354125,05264-00-010-000,"2525 S DOWNING ST, DENVER, CO 80210",DENVER,CO,80210,39.670054,-104.974899,,Vacant land,,,,,,,,,,80210
1002354152,05266-18-019-000,"2501 S HIGH ST, DENVER, CO 80210",DENVER,CO,80210,39.671103,-104.965581,,Vacant land,,,,,,,,,,80210
1002354243,05253-08-022-000,"2375 E HARVARD AVE, DENVER, CO 80210",DENVER,CO,80210,39.6787,-104.9639,,Vacant land,,,,,,,,,,80210
1002354341,05266-09-025-000,"2490 S RACE ST, DENVER, CO 80210",DENVER,CO,80210,39.671437,-104.963816,,Vacant land,,,,,,,,,,80210
1002354523,05275-12-031-000,"2689 S BROADWAY, DENVER, CO 80210",DENVER,CO,80210,39.668057,-104.98797,,Vacant land,,,,,,,,,,80210
1002354532,05275-12-032-000,"2655 S BROADWAY, DENVER, CO 80210",DENVER,CO,80210,39.668317,-104.987984,,Vacant land,,,,,,,,,,80210
1002803245,1823-00-22-1466-00000,"0 RODGERS RIDGE RD, DENVER, NC 80210",DENVER,NC,80210,39.6787,-104.9639,,Vacant land,,,,,,,,,,80210
1004945967,05221-29-041-000,"1473 S PENNSYLVANIA ST, DENVER, CO 80210",DENVER,CO,80210,39.689785,-104.981305,,Vacant land,,,,,,,,,,80210
1004945968,05221-29-042-000,"1479 S PENNSYLVANIA ST, DENVER, CO 80210",DENVER,CO,80210,39.689785,-104.981305,,Vacant land,,,,,,,,,,80210
1004945970,05227-27-040-000,"1734 S GRANT ST, DENVER, CO 80210",DENVER,CO,80210,39.685018,-104.983322,,Vacant land,,,,,,,,,,80210
165455,02281-31-017-000,"3351 MARIPOSA ST, DENVER, CO 80211",DENVER,CO,80211,39.764173,-105.003337,,Vacant land,,,,,,,,,,80211
506763,02281-23-024-000,"3553 OSAGE ST, DENVER, CO 80211",DENVER,CO,80211,39.766591,-105.005631,,Vacant land,,,,,,,,,,80211
4400608,02213-12-030-000,"2014 W 43RD AVE # PRK, DENVER, CO 80211",DENVER,CO,80211,39.775169,-105.011414,,Vacant land,,,,,,,,,,80211
10338343,01192-02-007-000,"4601 N DEXTER ST, DENVER, CO 80211",DENVER,CO,80211,39.781275,-104.933573,,Vacant land,,,,,,,,,,80211
13833113,02283-24-019-000,"2120 W 29TH AVE, DENVER, CO 80211",DENVER,CO,80211,39.75818,-105.012397,,Vacant land,,,,,,,,,,80211
24510332,02212-18-022-000,"2315 W 46TH AVE, DENVER, CO 80211",DENVER,CO,80211,39.780426,-105.015155,,Vacant land,,,,,,,,,,80211
26303819,02321-08-004-000,"2438 FEDERAL BLVD, DENVER, CO 80211",DENVER,CO,80211,39.753293,-105.024738,,Vacant land,,,,,,,,,,80211
28603015,02321-33-027-000,"2056 N CLAY ST, DENVER, CO 80211",DENVER,CO,80211,39.748706,-105.020089,,Vacant land,,,,,,,,,,80211
28603016,02321-34-022-000,"2006 BRYANT ST, DENVER, CO 80211",DENVER,CO,80211,39.747854,-105.018735,,Vacant land,,,,,,,,,,80211
28603020,02322-16-022-000,"3330 W 24TH AVE, DENVER, CO 80211",DENVER,CO,80211,39.751797,-105.030754,,Vacant land,,,,,,,,,,80211
29501872,02281-19-001-000,"3558 LIPAN ST, DENVER, CO 80211",DENVER,CO,80211,39.766725,-105.001441,,Vacant land,,,,,,,,,,80211
30516853,02293-04-014-000,"3426 W 32ND AVE, DENVER, CO 80211",DENVER,CO,80211,39.761892,-105.032962,,Vacant land,,,,,,,,,,80211
39576353,02281-31-031-000,"3333 MARIPOSA ST, DENVER, CO 80211",DENVER,CO,80211,39.763898,-105.003337,,Vacant land,,,,,,,,,,80211
39636730,02283-03-047-000,"3115 TEJON ST, DENVER, CO 80211",DENVER,CO,80211,39.761154,-105.011375,,Vacant land,,,,,,,,,,80211
39671521,02321-09-028-000,"2440 ELIOT ST, DENVER, CO 80211",DENVER,CO,80211,39.753066,-105.023238,,Vacant land,,,,,,,,,,80211
39715490,02281-31-016-000,"3345 MARIPOSA ST, DENVER, CO 80211",DENVER,CO,80211,39.764104,-105.003337,,Vacant land,,,,,,,,,,80211
46131102,02283-22-036-000,"2300 W 29TH AVE, DENVER, CO 80211",DENVER,CO,80211,39.758198,-105.014732,,Vacant land,,,,,,,,,,80211
46182587,02281-31-034-000,"3325 MARIPOSA ST, DENVER, CO 80211",DENVER,CO,80211,39.763677,-105.003337,,Vacant land,,,,,,,,,,80211
46233348,02282-14-013-000,"3533 QUIVAS ST, DENVER, CO 80211",DENVER,CO,80211,39.766302,-105.008377,,Vacant land,,,,,,,,,,80211
49431070,02214-47-010-000,"3855 INCA ST, DENVER, CO 80211",DENVER,CO,80211,39.770214,-104.998586,,Vacant land,,,,,,,,,,80211
51052792,02204-10-021-000,"4226 N CLAY ST, DENVER, CO 80211",DENVER,CO,80211,39.774727,-105.020108,,Vacant land,,,,,,,,,,80211
51085398,02213-05-014-000,"4377 TEJON ST, DENVER, CO 80211",DENVER,CO,80211,39.776295,-105.011545,,Vacant land,,,,,,,,,,80211
51132723,02321-09-029-000,"2450 ELIOT ST, DENVER, CO 80211",DENVER,CO,80211,39.753184,-105.023241,,Vacant land,,,,,,,,,,80211
51244490,02214-47-009-000,"3831 INCA ST, DENVER, CO 80211",DENVER,CO,80211,39.769906,-104.998587,,Vacant land,,,,,,,,,,80211
51269482,02294-19-033-000,"2816 W 29TH AVE, DENVER, CO 80211",DENVER,CO,80211,39.758252,-105.022686,,Vacant land,,,,,,,,,,80211
52280212,02213-05-010-000,"4317 TEJON ST, DENVER, CO 80211",DENVER,CO,80211,39.775728,-105.011545,,Vacant land,,,,,,,,,,80211
53550070,02212-37-016-000,"4418 UMATILLA ST # MISC, DENVER, CO 80211",DENVER,CO,80211,39.776996,-105.012007,,Vacant land,,,,,,,,,,80211
140464508,02281-14-040-000,"3640 KALAMATH ST, DENVER, CO 80211",DENVER,CO,80211,39.767641,-105.000263,,Vacant land,,,,,,,,,,80211
140912847,02281-15-025-000,"3645 INCA ST, DENVER, CO 80211",DENVER,CO,80211,39.767761,-104.998584,,Vacant land,,,,,,,,,,80211
144706847,02293-09-026-000,"3027 W 29TH AVE, DENVER, CO 80211",DENVER,CO,80211,39.758737,-105.02599,,Vacant land,,,,,,,,,,80211
148642723,02211-22-025-000,"4461 INCA ST, DENVER, CO 80211",DENVER,CO,80211,39.777646,-104.99853,,Vacant land,,,,,,,,,,80211
148642724,02211-22-026-000,"4467 INCA ST, DENVER, CO 80211",DENVER,CO,80211,39.777767,-104.99853,,Vacant land,,,,,,,,,,80211
149069523,02202-05-014-000,"4601 FEDERAL BLVD, DENVER, CO 80211",DENVER,CO,80211,39.781888,-105.025571,,Vacant land,,,,,,,,,,80211
153847791,02283-12-004-000,"1649 BOULDER ST, DENVER, CO 80211",DENVER,CO,80211,39.760106,-105.009899,,Vacant land,,,,,,,,,,80211
184284123,02281-31-020-000,"3301 MARIPOSA ST, DENVER, CO 80211",DENVER,CO,80211,39.763446,-105.003362,,Vacant land,,,,,,,,,,80211
184284173,02292-01-034-000,"3757 FEDERAL BLVD # 3759, DENVER, CO 80211",DENVER,CO,80211,39.768707,-105.025673,,Vacant land,,,,,,,,,,80211
184289826,02282-19-005-000,"3440 ZUNI ST, DENVER, CO 80211",DENVER,CO,80211,39.765011,-105.015533,,Vacant land,,,,,,,,,,80211
184289828,02282-19-015-000,"2301 W 34TH AVE, DENVER, CO 80211",DENVER,CO,80211,39.764977,-105.015083,,Vacant land,,,,,,,,,,80211
184289829,02282-19-016-000,"2300 W 35TH AVE, DENVER, CO 80211",DENVER,CO,80211,39.765077,-105.015145,,Vacant land,,,,,,,,,,80211
184289850,02292-02-009-000,"3160 W 38TH AVE, DENVER, CO 80211",DENVER,CO,80211,39.769029,-105.029406,,Vacant land,,,,,,,,,,80211
184290021,02294-16-052-000,"2800 N SPEER BLVD, DENVER, CO 80211",DENVER,CO,80211,39.757503,-105.018222,,Vacant land,,,,,,,,,,80211
184290262,02321-26-053-000,"2500 RIVER DR, DENVER, CO 80211",DENVER,CO,80211,39.750235,-105.018699,,Vacant land,,,,,,,,,,80211
184290768,02204-30-003-000,"2700 W 39TH AVE, DENVER, CO 80211",DENVER,CO,80211,39.770876,-105.021695,,Vacant land,,,,,,,,,,80211
184290790,02232-09-001-000,"1700 44TH ST, DENVER, CO 80211",DENVER,CO,80211,39.778573,-104.969196,,Vacant land,,,,,,,,,,80211
184290800,02233-02-001-000,"1601 W 40TH AVE, DENVER, CO 80211",DENVER,CO,80211,39.773771,-104.971825,,Vacant land,,,,,,,,,,80211
184290951,02271-09-023-000,"2060 W 38TH AVE, DENVER, CO 80211",DENVER,CO,80211,39.774623,-104.977974,,Vacant land,,,,,,,,,,80211
184291166,02281-01-001-000,"3788 N INCA ST, DENVER, CO 80211",DENVER,CO,80211,39.768614,-104.997828,,Vacant land,,,,,,,,,,80211
184291184,02281-06-001-000,"3760 N NAVAJO ST, DENVER, CO 80211",DENVER,CO,80211,39.76911,-105.003821,,Vacant land,,,,,,,,,,80211
184291188,02281-10-013-000,"3601 NAVAJO ST, DENVER, CO 80211",DENVER,CO,80211,39.76701,-105.004292,,Vacant land,,,,,,,,,,80211
184291266,02291-33-013-000,"2700 W 33RD AVE, DENVER, CO 80211",DENVER,CO,80211,39.762704,-105.021398,,Vacant land,,,,,,,,,,80211
184294901,02204-14-014-000,"4100 BRYANT ST, DENVER, CO 80211",DENVER,CO,80211,39.7738,-105.01856,,Vacant land,,,,,,,,,,80211
184294989,02214-17-001-000,"4100 N INCA ST, DENVER, CO 80211",DENVER,CO,80211,39.773555,-104.997818,,Vacant land,,,,,,,,,,80211
184294994,02214-18-014-000,"4151 INCA ST, DENVER, CO 80211",DENVER,CO,80211,39.773577,-104.998575,,Vacant land,,,,,,,,,,80211
184295017,02214-38-014-000,"3900 NAVAJO ST, DENVER, CO 80211",DENVER,CO,80211,39.77127,-105.003863,,Vacant land,,,,,,,,,,80211
184295037,02214-43-011-000,"3804 NAVAJO ST, DENVER, CO 80211",DENVER,CO,80211,39.769502,-105.003853,,Vacant land,,,,,,,,,,80211
184295421,02281-00-051-000,"3300 N KALAMATH ST, DENVER, CO 80211",DENVER,CO,80211,39.766317,-104.997771,,Vacant land,,,,,,,,,,80211
184295541,02283-24-008-000,"2125 W 28TH AVE, DENVER, CO 80211",DENVER,CO,80211,39.757413,-105.01265,,Vacant land,,,,,,,,,,80211
184295610,02291-13-001-000,"2434 W 36TH AVE, DENVER, CO 80211",DENVER,CO,80211,39.766601,-105.016771,,Vacant land,,,,,,,,,,80211
184295897,02321-08-018-000,"2429 ELIOT ST, DENVER, CO 80211",DENVER,CO,80211,39.753053,-105.02406,,Vacant land,,,,,,,,,,80211
184295898,02321-08-019-000,"2437 ELIOT ST, DENVER, CO 80211",DENVER,CO,80211,39.753135,-105.02406,,Vacant land,,,,,,,,,,80211
184295926,02321-22-020-000,"2605 RIVER DR, DENVER, CO 80211",DENVER,CO,80211,39.750794,-105.019362,,Vacant land,,,,,,,,,,80211
184295927,02321-22-021-000,"2601 RIVER DR, DENVER, CO 80211",DENVER,CO,80211,39.750776,-105.019188,,Vacant land,,,,,,,,,,80211
184296284,02204-35-026-000,"3850 ALCOTT ST, DENVER, CO 80211",DENVER,CO,80211,39.769934,-105.017033,,Vacant land,,,,,,,,,,80211
184296290,02211-00-047-000,"4400 N INCA ST, DENVER, CO 80211",DENVER,CO,80211,39.780237,-104.997939,,Vacant land,,,,,,,,,,80211
184296297,02211-06-008-000,"1501 W 47TH AVE, DENVER, CO 80211",DENVER,CO,80211,39.782285,-105.004825,,Vacant land,,,,,,,,,,80211
184296303,02211-11-003-000,"4650 JASON ST, DENVER, CO 80211",DENVER,CO,80211,39.781217,-104.998328,,Vacant land,,,,,,,,,,80211
184296304,02211-11-004-000,"4650 JASON ST, DENVER, CO 80211",DENVER,CO,80211,39.781179,-104.998252,,Vacant land,,,,,,,,,,80211
184296305,02211-11-006-000,"4626 JASON ST, DENVER, CO 80211",DENVER,CO,80211,39.780677,-104.99894,,Vacant land,,,,,,,,,,80211
184296306,02211-11-008-000,"4650 JASON ST, DENVER, CO 80211",DENVER,CO,80211,39.781257,-104.998467,,Vacant land,,,,,,,,,,80211
184296307,02211-11-009-000,"4620 N JACKSON ST, DENVER, CO 80211",DENVER,CO,80211,39.780624,-104.99888,,Vacant land,,,,,,,,,,80211
184296366,02212-10-012-000,"1900 W ELK PL, DENVER, CO 80211",DENVER,CO,80211,39.782043,-105.010252,,Vacant land,,,,,,,,,,80211
184296814,02281-34-003-000,"3220 PECOS ST, DENVER, CO 80211",DENVER,CO,80211,39.762558,-105.006115,,Vacant land,,,,,,,,,,80211
184296831,02281-35-016-000,"3247 NAVAJO ST, DENVER, CO 80211",DENVER,CO,80211,39.762928,-105.004469,,Vacant land,,,,,,,,,,80211
184296987,02294-19-024-000,"2800 W 29TH AVE, DENVER, CO 80211",DENVER,CO,80211,39.758131,-105.02302,,Vacant land,,,,,,,,,,80211
184296989,02294-19-032-000,"2820 W 29TH AVE, DENVER, CO 80211",DENVER,CO,80211,39.758247,-105.022774,,Vacant land,,,,,,,,,,80211
184297249,02322-38-013-000,"3501 W 20TH PL, DENVER, CO 80211",DENVER,CO,80211,39.74755,-105.033026,,Vacant land,,,,,,,,,,80211
184297291,02322-37-021-000,"2000 JULIAN WAY, DENVER, CO 80211",DENVER,CO,80211,39.748177,-105.03195,,Vacant land,,,,,,,,,,80211
184300826,02201-00-005-000,"2801 W 47TH AVE, DENVER, CO 80211",DENVER,CO,80211,39.782272,-105.023385,,Vacant land,,,,,,,,,,80211
184300849,02201-09-051-000,"4601 ELIOT ST, DENVER, CO 80211",DENVER,CO,80211,39.780719,-105.02452,,Vacant land,,,,,,,,,,80211
184301232,02283-14-032-000,"1875 CENTRAL ST, DENVER, CO 80211",DENVER,CO,80211,39.761148,-105.00658,,Vacant land,,,,,,,,,,80211
184302435,02213-43-022-000,"3825 SHOSHONE ST, DENVER, CO 80211",DENVER,CO,80211,39.76991,-105.010352,,Vacant land,,,,,,,,,,80211
184302436,02213-43-024-000,"3825 SHOSHONE ST, DENVER, CO 80211",DENVER,CO,80211,39.769842,-105.009924,,Vacant land,,,,,,,,,,80211
184302450,02214-01-001-000,"4300 N INCA ST, DENVER, CO 80211",DENVER,CO,80211,39.776065,-104.997811,,Vacant land,,,,,,,,,,80211
184302825,02291-22-028-000,"2600 W 35TH AVE, DENVER, CO 80211",DENVER,CO,80211,39.765083,-105.019622,,Vacant land,,,,,,,,,,80211
184302827,02291-22-032-000,"2600 W 35TH AVE, DENVER, CO 80211",DENVER,CO,80211,39.765139,-105.019839,,Vacant land,,,,,,,,,,80211
184328418,08053-00-004-000,"4201 IRVING ST, DENVER, CO 80211",DENVER,CO,80211,39.638892,-105.030298,,Vacant land,,,,,,,,,,80211
184559491,02282-18-022-000,"2301 W 35TH AVE, DENVER, CO 80211",DENVER,CO,80211,39.765843,-105.015128,,Vacant land,,,,,,,,,,80211
184569179,02321-33-040-000,"2055 BRYANT ST, DENVER, CO 80211",DENVER,CO,80211,39.748446,-105.019428,,Vacant land,,,,,,,,,,80211
184691585,02322-18-020-000,"3500 W 24TH AVE, DENVER, CO 80211",DENVER,CO,80211,39.751783,-105.033868,,Vacant land,,,,,,,,,,80211
184718096,02294-19-035-000,"2826 W 29TH AVE, DENVER, CO 80211",DENVER,CO,80211,39.758254,-105.02292,,Vacant land,,,,,,,,,,80211
184718097,02294-19-036-000,"2822 W 29TH AVE, DENVER, CO 80211",DENVER,CO,80211,39.758246,-105.022852,,Vacant land,,,,,,,,,,80211
184718098,02294-19-037-000,"2824 W 29TH AVE, DENVER, CO 80211",DENVER,CO,80211,39.758015,-105.022801,,Vacant land,,,,,,,,,,80211
184721249,02232-00-189-000,"1700 44TH ST, DENVER, CO 80211",DENVER,CO,80211,39.77752,-104.970609,,Vacant land,,,,,,,,,,80211
184727460,02322-07-018-000,"3545 W 24TH AVE, DENVER, CO 80211",DENVER,CO,80211,39.753026,-105.033871,,Vacant land,,,,,,,,,,80211
184734354,02212-06-008-000,"2301 W ELK PL, DENVER, CO 80211",DENVER,CO,80211,39.782905,-105.015247,,Vacant land,,,,,,,,,,80211
184734379,02291-26-006-000,"3300 BRYANT ST, DENVER, CO 80211",DENVER,CO,80211,39.764134,-105.018527,,Vacant land,,,,,,,,,,80211
184753143,02211-15-014-000,"900 W 45TH AVE, DENVER, CO 80211",DENVER,CO,80211,39.779257,-104.998133,,Vacant land,,,,,,,,,,80211
184786059,02204-23-014-000,"2400 W 41ST AVE, DENVER, CO 80211",DENVER,CO,80211,39.772276,-105.016736,,Vacant land,,,,,,,,,,80211
184786060,02204-23-015-000,"2400 W 41ST AVE, DENVER, CO 80211",DENVER,CO,80211,39.772276,-105.016593,,Vacant land,,,,,,,,,,80211
184791558,02281-15-030-000,"3601 INCA ST, DENVER, CO 80211",DENVER,CO,80211,39.767323,-104.998601,,Vacant land,,,,,,,,,,80211
184791559,02281-16-001-000,"3600 N INCA ST, DENVER, CO 80211",DENVER,CO,80211,39.767399,-104.997822,,Vacant land,,,,,,,,,,80211
204584895,02204-22-017-000,"4037 ALCOTT ST, DENVER, CO 80211",DENVER,CO,80211,39.772467,-105.01778,,Vacant land,,,,,,,,,,80211
204584899,02204-24-017-000,"2400 W 40TH AVE, DENVER, CO 80211",DENVER,CO,80211,39.771088,-105.016754,,Vacant land,,,,,,,,,,80211
204584953,02214-16-001-000,"4200 N INCA ST, DENVER, CO 80211",DENVER,CO,80211,39.774969,-104.997814,,Vacant land,,,,,,,,,,80211
204584964,02214-48-001-000,"3900 N INCA ST, DENVER, CO 80211",DENVER,CO,80211,39.770601,-104.997822,,Vacant land,,,,,,,,,,80211
204584965,02214-48-002-000,"3800 N INCA ST, DENVER, CO 80211",DENVER,CO,80211,39.769528,-104.99801,,Vacant land,,,,,,,,,,80211
204650613,02282-32-020-000,"2235 W 32ND AVE, DENVER, CO 80211",DENVER,CO,80211,39.762289,-105.013623,,Vacant land,,,,,,,,,,80211
204650633,02283-09-041-000,"3020 VALLEJO ST, DENVER, CO 80211",DENVER,CO,80211,39.760198,-105.012787,,Vacant land,,,,,,,,,,80211
204650717,02291-34-035-000,"2636 W 33RD AVE, DENVER, CO 80211",DENVER,CO,80211,39.762875,-105.019882,,Vacant land,,,,,,,,,,80211
204650763,02294-04-096-000,"2900 W 32ND AVE, DENVER, CO 80211",DENVER,CO,80211,39.761645,-105.02391,,Vacant land,,,,,,,,,,80211
204650845,02304-15-047-000,"3801 W 29TH AVE, DENVER, CO 80211",DENVER,CO,80211,39.758839,-105.037392,,Vacant land,,,,,,,,,,80211
204650893,02321-11-021-000,"2429 BRYANT ST, DENVER, CO 80211",DENVER,CO,80211,39.752981,-105.019859,,Vacant land,,,,,,,,,,80211
204650924,02322-32-024-000,"3543 W 20TH PL, DENVER, CO 80211",DENVER,CO,80211,39.748355,-105.033376,,Vacant land,,,,,,,,,,80211
204650925,02322-32-026-000,"2001 JULIAN ST, DENVER, CO 80211",DENVER,CO,80211,39.748473,-105.032906,,Vacant land,,,,,,,,,,80211
204651042,02333-00-055-000,"700 WATER ST, DENVER, CO 80211",DENVER,CO,80211,39.752545,-105.011944,,Vacant land,,,,,,,,,,80211
204651043,02333-00-056-000,"2200 N ZUNI ST, DENVER, CO 80211",DENVER,CO,80211,39.750204,-105.015085,,Vacant land,,,,,,,,,,80211
204679524,02191-11-003-000,"3801 W ALICE PL, DENVER, CO 80211",DENVER,CO,80211,39.781376,-105.037731,,Vacant land,,,,,,,,,,80211
216434110,02282-27-039-000,"3322 TEJON ST, DENVER, CO 80211",DENVER,CO,80211,39.763716,-105.01033,,Vacant land,,,,,,,,,,80211
221208149,02244-18-021-000,"4000 N JACKSON ST, DENVER, CO 80211",DENVER,CO,80211,39.773139,-104.94266,,Vacant land,,,,,,,,,,80211
248771658,02214-02-019-000,"4301 N INCA ST, DENVER, CO 80211",DENVER,CO,80211,39.77604,-104.998701,,Vacant land,,,,,,,,,,80211
251007340,02281-04-023-000,"3744 LIPAN ST, DENVER, CO 80211",DENVER,CO,80211,39.768884,-105.00144,,Vacant land,,,,,,,,,,80211
251009328,02202-00-023-000,"4745 FEDERAL BLVD, DENVER, CO 80211",DENVER,CO,80211,39.783209,-105.026191,,Vacant land,,,,,,,,,,80211
251009332,02204-25-024-000,"3921 ALCOTT ST, DENVER, CO 80211",DENVER,CO,80211,39.771056,-105.018029,,Vacant land,,,,,,,,,,80211
251523257,02214-08-026-000,"1517 W 43RD AVE, DENVER, CO 80211",DENVER,CO,80211,39.775854,-105.00575,,Vacant land,,,,,,,,,,80211
251527421,02283-12-022-000,"1643 BOULDER ST UNIT 201, DENVER, CO 80211",DENVER,CO,80211,39.760005,-105.010055,,Vacant land,,,,,,,,,,80211
252737590,02212-19-031-000,"2337 W SCOTT PL, DENVER, CO 80211",DENVER,CO,80211,39.779565,-105.015223,,Vacant land,,,,,,,,,,80211
252742307,02321-20-027-000,"2345 ELIOT ST, DENVER, CO 80211",DENVER,CO,80211,39.751929,-105.024015,,Vacant land,,,,,,,,,,80211
314830543,02333-07-011-000,"695 WATER ST, DENVER, CO 80211",DENVER,CO,80211,39.75224,-105.015273,,Vacant land,,,,,,,,,,80211
322346322,02214-02-017-000,"4370 JASON ST, DENVER, CO 80211",DENVER,CO,80211,39.776242,-104.999193,,Vacant land,,,,,,,,,,80211
322346323,02214-02-018-000,"993 W 43RD AVE, DENVER, CO 80211",DENVER,CO,80211,39.776041,-104.999174,,Vacant land,,,,,,,,,,80211
326743074,02282-03-061-000,"1913 W 37TH AVE, DENVER, CO 80211",DENVER,CO,80211,39.768277,-105.0101,,Vacant land,,,,,,,,,,80211
330973229,02321-07-053-000,"2920 W 26TH AVE, DENVER, CO 80211",DENVER,CO,80211,39.754384,-105.024075,,Vacant land,,,,,,,,,,80211
334130302,02203-29-037-000,"3301 W 38TH AVE, DENVER, CO 80211",DENVER,CO,80211,39.769719,-105.030426,,Vacant land,,,,,,,,,,80211
334130570,02282-14-062-000,"1835 W 35TH AVE, DENVER, CO 80211",DENVER,CO,80211,39.766236,-105.008831,,Vacant land,,,,,,,,,,80211
334131583,05322-00-054-000,"2850 IRVING ST, DENVER, CO 80211",DENVER,CO,80211,39.664394,-105.02963,,Vacant land,,,,,,,,,,80211
334131607,05322-24-001-000,"2930 IRVING ST, DENVER, CO 80211",DENVER,CO,80211,39.66268,-105.030975,,Vacant land,,,,,,,,,,80211
334131608,05322-24-002-000,"3060 IRVING ST, DENVER, CO 80211",DENVER,CO,80211,39.661936,-105.03048,,Vacant land,,,,,,,,,,80211
336002641,02203-26-024-000,"3037 W 39TH AVE, DENVER, CO 80211",DENVER,CO,80211,39.771376,-105.026284,,Vacant land,,,,,,,,,,80211
336002642,02203-26-025-000,"3035 W 39TH AVE, DENVER, CO 80211",DENVER,CO,80211,39.771372,-105.026151,,Vacant land,,,,,,,,,,80211
336002651,02212-23-026-000,"4580 SHOSHONE ST, DENVER, CO 80211",DENVER,CO,80211,39.779542,-105.009239,,Vacant land,,,,,,,,,,80211
336002668,02213-27-033-000,"4034 VALLEJO ST, DENVER, CO 80211",DENVER,CO,80211,39.77238,-105.013019,,Vacant land,,,,,,,,,,80211
336002977,02281-23-044-000,"3535 OSAGE ST, DENVER, CO 80211",DENVER,CO,80211,39.766379,-105.005627,,Vacant land,,,,,,,,,,80211
336003002,02291-09-027-000,"3616 DECATUR ST, DENVER, CO 80211",DENVER,CO,80211,39.76719,-105.021834,,Vacant land,,,,,,,,,,80211
336003007,02291-20-047-000,"3426 ELIOT ST, DENVER, CO 80211",DENVER,CO,80211,39.764979,-105.023205,,Vacant land,,,,,,,,,,80211
336003020,02293-31-055-000,"2687 HAZEL CT, DENVER, CO 80211",DENVER,CO,80211,39.755856,-105.027952,,Vacant land,,,,,,,,,,80211
1000514729,02322-09-034-000,"3325 W 24TH AVE, DENVER, CO 80211",DENVER,CO,80211,39.752869,-105.030651,,Vacant land,,,,,,,,,,80211
1001988067,02212-03-003-000,"1919 W ELK PL, DENVER, CO 80211",DENVER,CO,80211,39.782687,-105.009848,,Vacant land,,,,,,,,,,80211
1001988365,02204-10-022-000,"4228 N CLAY ST, DENVER, CO 80211",DENVER,CO,80211,39.774831,-105.020108,,Vacant land,,,,,,,,,,80211
1001988638,02294-16-052-000,"2800 N SPEER BLVD, DENVER, CO 80211",DENVER,CO,80211,39.757509,-105.018231,,Vacant land,,,,,,,,,,80211
1002354110,02294-04-096-000,"2900 W 32ND AVE, DENVER, CO 80211",DENVER,CO,80211,39.761463,-105.023782,,Vacant land,,,,,,,,,,80211
1002354144,02291-33-013-000,"2700 W 33RD AVE, DENVER, CO 80211",DENVER,CO,80211,39.762994,-105.021362,,Vacant land,,,,,,,,,,80211
1002354267,02321-09-028-000,"2440 ELIOT ST, DENVER, CO 80211",DENVER,CO,80211,39.753243,-105.023378,,Vacant land,,,,,,,,,,80211
1002354290,02321-09-029-000,"2450 ELIOT ST, DENVER, CO 80211",DENVER,CO,80211,39.75341,-105.023355,,Vacant land,,,,,,,,,,80211
1002354299,02282-19-015-000,"2301 W 34TH AVE, DENVER, CO 80211",DENVER,CO,80211,39.764654,-105.015073,,Vacant land,,,,,,,,,,80211
1002354516,02322-09-035-000,"3323 W 24TH AVE, DENVER, CO 80211",DENVER,CO,80211,39.752694,-105.030596,,Vacant land,,,,,,,,,,80211
1004945564,02281-14-043-000,"3680 KALAMATH ST, DENVER, CO 80211",DENVER,CO,80211,39.767908,-105.000095,,Vacant land,,,,,,,,,,80211
1004945567,02281-14-046-000,"3650 KALAMATH ST, DENVER, CO 80211",DENVER,CO,80211,39.76781,-104.999784,,Vacant land,,,,,,,,,,80211
1004945569,02281-22-031-000,"3518 OSAGE ST, DENVER, CO 80211",DENVER,CO,80211,39.766117,-105.004284,,Vacant land,,,,,,,,,,80211
1004945571,02282-23-057-000,"3443 QUIVAS ST, DENVER, CO 80211",DENVER,CO,80211,39.765254,-105.007767,,Vacant land,,,,,,,,,,80211
1004945572,02282-27-054-000,"3325 SHOSHONE ST, DENVER, CO 80211",DENVER,CO,80211,39.763706,-105.009403,,Vacant land,,,,,,,,,,80211
1004945573,02282-27-055-000,"3327 SHOSHONE ST, DENVER, CO 80211",DENVER,CO,80211,39.76372,-105.009261,,Vacant land,,,,,,,,,,80211
1004945581,02291-12-048-000,"3605 ZUNI ST, DENVER, CO 80211",DENVER,CO,80211,39.767013,-105.015595,,Vacant land,,,,,,,,,,80211
1004945582,02291-12-049-000,"3615 ZUNI ST, DENVER, CO 80211",DENVER,CO,80211,39.767254,-105.015604,,Vacant land,,,,,,,,,,80211
1004945583,02291-12-050-000,"3611 ZUNI ST, DENVER, CO 80211",DENVER,CO,80211,39.767131,-105.015604,,Vacant land,,,,,,,,,,80211
1004945584,02291-13-042-000,"2434 W 36TH AVE, DENVER, CO 80211",DENVER,CO,80211,39.766672,-105.016204,,Vacant land,,,,,,,,,,80211
1004945585,02291-13-043-000,"2436 W 36TH AVE, DENVER, CO 80211",DENVER,CO,80211,39.766646,-105.016736,,Vacant land,,,,,,,,,,80211
1004945586,02291-13-044-000,"2432 W 36TH AVE, DENVER, CO 80211",DENVER,CO,80211,39.766735,-105.016201,,Vacant land,,,,,,,,,,80211
1004945597,02294-16-062-000,"2502 W 29TH AVE, DENVER, CO 80211",DENVER,CO,80211,39.758223,-105.017615,,Vacant land,,,,,,,,,,80211
1004945677,02321-08-054-000,"2429 ELIOT ST, DENVER, CO 80211",DENVER,CO,80211,39.753052,-105.023282,,Vacant land,,,,,,,,,,80211
1004945678,02321-08-055-000,"2431 ELIOT ST, DENVER, CO 80211",DENVER,CO,80211,39.753049,-105.023875,,Vacant land,,,,,,,,,,80211
1004946087,05322-00-074-000,"2870 IRVING ST, DENVER, CO 80211",DENVER,CO,80211,39.663946,-105.029674,,Vacant land,,,,,,,,,,80211
1004946145,05322-26-015-000,"2894 IRVING ST, DENVER, CO 80211",DENVER,CO,80211,39.663706,-105.029988,,Vacant land,,,,,,,,,,80211
1004946146,05322-26-016-000,"2892 IRVING ST, DENVER, CO 80211",DENVER,CO,80211,39.663771,-105.029921,,Vacant land,,,,,,,,,,80211
1004946147,05322-26-017-000,"2890 IRVING ST, DENVER, CO 80211",DENVER,CO,80211,39.663805,-105.02988,,Vacant land,,,,,,,,,,80211
1004946148,05322-26-018-000,"2888 IRVING ST, DENVER, CO 80211",DENVER,CO,80211,39.663842,-105.029818,,Vacant land,,,,,,,,,,80211
1004946149,05322-26-019-000,"2886 IRVING ST, DENVER, CO 80211",DENVER,CO,80211,39.663882,-105.029753,,Vacant land,,,,,,,,,,80211
1789392,02303-22-028-000,"2823 YATES ST, DENVER, CO 80212",DENVER,CO,80212,39.757736,-105.051251,,Vacant land,,,,,,,,,,80212
4971759,02193-01-013-000,"4345 TENNYSON ST, DENVER, CO 80212",DENVER,CO,80212,39.775551,-105.044341,,Vacant land,,,,,,,,,,80212
8285017,02192-07-032-000,"4583 YATES ST, DENVER, CO 80212",DENVER,CO,80212,39.779858,-105.051248,,Vacant land,,,,,,,,,,80212
9980531,02301-26-018-000,"3255 STUART ST, DENVER, CO 80212",DENVER,CO,80212,39.763091,-105.04315,,Vacant land,,,,,,,,,,80212
11586498,02193-01-014-000,"4347 TENNYSON ST, DENVER, CO 80212",DENVER,CO,80212,39.775643,-105.044339,,Vacant land,,,,,,,,,,80212
16799399,39-244-16-058,"5936 W 41ST AVE, WHEAT RIDGE, CO 80212",WHEAT RIDGE,CO,80212,39.772436,-105.061981,,Vacant land,,,,,,,,,,80212
17382904,R0105238,"5353 PERRY ST, DENVER, CO 80212",DENVER,CO,80212,39.793744,-105.039633,,Vacant land,,,,,,,,,,80212
17692638,R0225913,"3925 W 53RD AVE, DENVER, CO 80212",DENVER,CO,80212,39.793102,-105.03897,,Vacant land,,,,,,,,,,80212
30704150,R0105452,"4460 W 52ND PL, DENVER, CO 80212",DENVER,CO,80212,39.79163,-105.044853,,Vacant land,,,,,,,,,,80212
39545755,39-241-00-007,"4400 HARLAN, LAKESIDE, CO 80212",LAKESIDE,CO,80212,39.776988,-105.062166,,Vacant land,,,,,,,,,,80212
39690934,02192-10-005-000,"4436 SHERIDAN BLVD, DENVER, CO 80212",DENVER,CO,80212,39.777274,-105.052923,,Vacant land,,,,,,,,,,80212
46376122,R0198028,"4205 W 53RD AVE, DENVER, CO 80212",DENVER,CO,80212,39.79304,-105.041956,,Vacant land,,,,,,,,,,80212
51076202,02193-01-011-000,"4329 TENNYSON ST, DENVER, CO 80212",DENVER,CO,80212,39.775329,-105.04434,,Vacant land,,,,,,,,,,80212
54353769,02193-25-012-000,"5119 W 38TH AVE, DENVER, CO 80212",DENVER,CO,80212,39.769613,-105.052686,,Vacant land,,,,,,,,,,80212
100104321,R0105217,", DENVER, CO 80212",DENVER,CO,80212,39.794404,-105.038483,,Vacant land,,,,,,,,,,80212
100161410,R0173524,", DENVER, CO 80212",DENVER,CO,80212,39.997502,-104.856056,,Vacant land,,,,,,,,,,80212
143045115,02193-01-015-000,"4353 TENNYSON ST, DENVER, CO 80212",DENVER,CO,80212,39.775746,-105.04434,,Vacant land,,,,,,,,,,80212
145109858,02184-20-011-000,"4909 OSCEOLA ST, DENVER, CO 80212",DENVER,CO,80212,39.785918,-105.038444,,Vacant land,,,,,,,,,,80212
184199808,R0105453,"4469 W 52ND PL, DENVER, CO 80212",DENVER,CO,80212,39.791333,-105.04485,,Vacant land,,,,,,,,,,80212
184294752,02184-09-020-000,"5071 STUART ST, DENVER, CO 80212",DENVER,CO,80212,39.788825,-105.043082,,Vacant land,,,,,,,,,,80212
184294765,02192-09-002-000,"5130 W 46TH AVE, DENVER, CO 80212",DENVER,CO,80212,39.780047,-105.052792,,Vacant land,,,,,,,,,,80212
184297042,02301-06-041-000,"4120 W 38TH AVE, DENVER, CO 80212",DENVER,CO,80212,39.769208,-105.04118,,Vacant land,,,,,,,,,,80212
184297856,03134-28-027-000,"5601 W 50TH AVE, DENVER, CO 80212",DENVER,CO,80212,39.787715,-105.058337,,Vacant land,,,,,,,,,,80212
184300816,02194-26-005-000,"4115 W 38TH AVE, DENVER, CO 80212",DENVER,CO,80212,39.770041,-105.04117,,Vacant land,,,,,,,,,,80212
184302861,02303-12-035-000,"2971 YATES ST, DENVER, CO 80212",DENVER,CO,80212,39.759746,-105.051495,,Vacant land,,,,,,,,,,80212
184310164,02194-28-006-000,"3800 TENNYSON ST, DENVER, CO 80212",DENVER,CO,80212,39.769648,-105.04371,,Vacant land,,,,,,,,,,80212
184416751,39-251-23-002,"3276 BENTON ST, WHEAT RIDGE, CO 80212",WHEAT RIDGE,CO,80212,39.763139,-105.055333,,Vacant land,,,,,,,,,,80212
184416752,39-251-23-004,"3286 BENTON ST, WHEAT RIDGE, CO 80212",WHEAT RIDGE,CO,80212,39.763551,-105.05533,,Vacant land,,,,,,,,,,80212
184416753,39-251-23-005,"3292 BENTON ST, WHEAT RIDGE, CO 80212",WHEAT RIDGE,CO,80212,39.763723,-105.055329,,Vacant land,,,,,,,,,,80212
184567305,R0136843,"4881 W 52ND AVE, DENVER, CO 80212",DENVER,CO,80212,39.791839,-105.049278,,Vacant land,,,,,,,,,,80212
184684916,39-241-01-013,"5901 W 44TH AVE, DENVER, CO 80212",DENVER,CO,80212,39.777051,-105.061591,,Vacant land,,,,,,,,,,80212
184691515,02302-40-013-000,"5101 W 32ND AVE, DENVER, CO 80212",DENVER,CO,80212,39.762474,-105.052902,,Vacant land,,,,,,,,,,80212
184691535,02303-25-019-000,"2701 WOLFF ST, DENVER, CO 80212",DENVER,CO,80212,39.756639,-105.049053,,Vacant land,,,,,,,,,,80212
184799021,39-244-16-149,"5785 W 38TH AVE, WHEAT RIDGE, CO 80212",WHEAT RIDGE,CO,80212,39.769927,-105.060137,,Vacant land,,,,,,,,,,80212
204650837,02303-22-081-000,"2615 YATES ST, DENVER, CO 80212",DENVER,CO,80212,39.755216,-105.051419,,Vacant land,,,,,,,,,,80212
204650857,02311-38-018-000,"2236 STUART ST, DENVER, CO 80212",DENVER,CO,80212,39.750631,-105.042366,,Vacant land,,,,,,,,,,80212
217260065,39-241-01-024,"5801 W 44TH AVE, DENVER, CO 80212",DENVER,CO,80212,39.777028,-105.059103,,Vacant land,,,,,,,,,,80212
219383874,08061-00-002-000,"3700 TENNYSON ST # 3800, DENVER, CO 80212",DENVER,CO,80212,39.646908,-105.043747,,Vacant land,,,,,,,,,,80212
222390027,R0105146,", DENVER, CO 80212",DENVER,CO,80212,39.792496,-105.043826,,Vacant land,,,,,,,,,,80212
222390028,R0105157,", , CO ",Denver,CO,80212,39.795826,-105.035507,,Vacant land,,,,,,,,,,80212
222390031,R0105249,", DENVER, CO 80212",DENVER,CO,80212,39.794042,-105.0413,,Vacant land,,,,,,,,,,80212
222390032,R0105335,", DENVER, CO 80212",DENVER,CO,80212,39.792139,-105.039604,,Vacant land,,,,,,,,,,80212
222390035,R0105413,", DENVER, CO 80212",DENVER,CO,80212,39.793842,-105.045805,,Vacant land,,,,,,,,,,80212
222390036,R0105422,", DENVER, CO 80212",DENVER,CO,80212,39.791435,-105.04634,,Vacant land,,,,,,,,,,80212
222390037,R0105433,", DENVER, CO 80212",DENVER,CO,80212,39.79193,-105.049647,,Vacant land,,,,,,,,,,80212
222390038,R0105434,", DENVER, CO 80212",DENVER,CO,80212,39.792296,-105.044483,,Vacant land,,,,,,,,,,80212
222390039,R0105436,", DENVER, CO 80212",DENVER,CO,80212,39.798169,-105.05122,,Vacant land,,,,,,,,,,80212
222390040,R0105437,", DENVER, CO 80212",DENVER,CO,80212,39.798169,-105.05122,,Vacant land,,,,,,,,,,80212
222390042,R0105446,", DENVER, CO 80212",DENVER,CO,80212,39.792196,-105.051878,,Vacant land,,,,,,,,,,80212
222422853,39-251-00-048,"VACANT LAND, DENVER, CO 80212",DENVER,CO,80212,39.768402,-105.057266,,Vacant land,,,,,,,,,,80212
227597149,02302-47-031-000,"3701 N UTICA ST, DENVER, CO 80212",DENVER,CO,80212,39.76835,-105.0456,,Vacant land,,,,,,,,,,80212
227600493,39-251-11-016,"VACANT LAND, DENVER, CO 80212",DENVER,CO,80212,39.768334,-105.059483,,Vacant land,,,,,,,,,,80212
227600494,39-251-11-017,"VACANT LAND, DENVER, CO 80212",DENVER,CO,80212,39.767948,-105.05937,,Vacant land,,,,,,,,,,80212
237719631,39-241-01-021,"5995 W 44TH AVE, DENVER, CO 80212",DENVER,CO,80212,39.777501,-105.062144,,Vacant land,,,,,,,,,,80212
237719632,39-241-01-022,"5871 W 44TH AVE, DENVER, CO 80212",DENVER,CO,80212,39.777029,-105.060779,,Vacant land,,,,,,,,,,80212
237719633,39-241-01-023,"5821 W 44TH AVE, DENVER, CO 80212",DENVER,CO,80212,39.777026,-105.059836,,Vacant land,,,,,,,,,,80212
248722706,39-241-01-033,"5601 W 44TH AVE, DENVER, CO 80212",DENVER,CO,80212,39.777035,-105.057773,,Vacant land,,,,,,,,,,80212
251007435,02311-49-024-000,"2001 OSCEOLA ST, DENVER, CO 80212",DENVER,CO,80212,39.74773,-105.038478,,Vacant land,,,,,,,,,,80212
252742275,02301-08-027-000,"3720 TENNYSON ST, DENVER, CO 80212",DENVER,CO,80212,39.768,-105.043722,,Vacant land,,,,,,,,,,80212
321099355,39-251-03-036,"3775 BENTON ST, WHEAT RIDGE, CO 80212",WHEAT RIDGE,CO,80212,39.768517,-105.055762,,Vacant land,,,,,,,,,,80212
321099358,39-251-03-040,"3795 BENTON ST, WHEAT RIDGE, CO 80212",WHEAT RIDGE,CO,80212,39.768518,-105.056045,,Vacant land,,,,,,,,,,80212
321101685,39-251-03-038,"3785 BENTON ST, WHEAT RIDGE, CO 80212",WHEAT RIDGE,CO,80212,39.768517,-105.05589,,Vacant land,,,,,,,,,,80212
331820270,39-251-00-050,"VACANT LAND, LAKESIDE, CO 80212",LAKESIDE,CO,80212,39.76687,-105.057242,,Vacant land,,,,,,,,,,80212
332127231,02192-17-108-000,"4469 TENNYSON ST, DENVER, CO 80212",DENVER,CO,80212,39.777761,-105.044297,,Vacant land,,,,,,,,,,80212
334130230,02191-23-092-000,"4348 W 45TH AVE, DENVER, CO 80212",DENVER,CO,80212,39.778167,-105.043634,,Vacant land,,,,,,,,,,80212
335780655,39-244-16-150,"VACANT LAND, LAKESIDE, CO 80212",LAKESIDE,CO,80212,39.769912,-105.059838,,Vacant land,,,,,,,,,,80212
335780664,39-251-06-020,"VACANT LAND, LAKESIDE, CO 80212",LAKESIDE,CO,80212,39.769236,-105.062128,,Vacant land,,,,,,,,,,80212
336003040,02301-04-046-000,"3930 W 38TH AVE, DENVER, CO 80212",DENVER,CO,80212,39.769184,-105.039028,,Vacant land,,,,,,,,,,80212
336003237,03134-18-020-000,"5999 W 48TH AVE, DENVER, CO 80212",DENVER,CO,80212,39.784106,-105.062371,,Vacant land,,,,,,,,,,80212
1000180411,39-244-16-181,"VACANT LAND, LAKESIDE, CO 80212",LAKESIDE,CO,80212,39.769888,-105.060745,,Vacant land,,,,,,,,,,80212
1000180413,39-244-16-185,"W 39TH PL, WHEAT RIDGE, CO 80212",WHEAT RIDGE,CO,80212,39.771614,-105.06164,,Vacant land,,,,,,,,,,80212
1000514425,02184-09-045-000,"5091 STUART ST, DENVER, CO 80212",DENVER,CO,80212,39.788958,-105.043081,,Vacant land,,,,,,,,,,80212
1000514705,02303-28-020-000,"4454 W 28TH AVE, DENVER, CO 80212",DENVER,CO,80212,39.756951,-105.044861,,Vacant land,,,,,,,,,,80212
1000514713,02303-28-028-000,"4453 W 27TH AVE, DENVER, CO 80212",DENVER,CO,80212,39.756442,-105.044862,,Vacant land,,,,,,,,,,80212
1001820308,39-251-05-009,"3780 FENTON ST, WHEAT RIDGE, CO 80212",WHEAT RIDGE,CO,80212,39.768865,-105.060154,,Vacant land,,,,,,,,,,80212
1001988350,02194-24-046-000,"3923 W 38TH AVE, DENVER, CO 80212",DENVER,CO,80212,39.769952,-105.038886,,Vacant land,,,,,,,,,,80212
1001988351,02194-24-047-000,"3927 W 38TH AVE, DENVER, CO 80212",DENVER,CO,80212,39.769695,-105.039048,,Vacant land,,,,,,,,,,80212
1001988353,02194-24-049-000,"3955 W 38TH AVE, DENVER, CO 80212",DENVER,CO,80212,39.769795,-105.038898,,Vacant land,,,,,,,,,,80212
1001988650,02303-23-031-000,"2761 ZENOBIA ST, DENVER, CO 80212",DENVER,CO,80212,39.757099,-105.052421,,Vacant land,,,,,,,,,,80212
1001988734,03134-10-041-000,"4877 CHASE ST, DENVER, CO 80212",DENVER,CO,80212,39.785098,-105.057097,,Vacant land,,,,,,,,,,80212
1002354206,02303-12-035-000,"2971 YATES ST, DENVER, CO 80212",DENVER,CO,80212,39.759788,-105.051193,,Vacant land,,,,,,,,,,80212
1002354640,02192-07-032-000,"4583 YATES ST, DENVER, CO 80212",DENVER,CO,80212,39.779854,-105.05113,,Vacant land,,,,,,,,,,80212
1004624815,R0230124,"5329 STUART ST, DENVER, CO 80212",DENVER,CO,80212,39.793434,-105.042874,,Vacant land,,,,,,,,,,80212
1004624825,R0230127,"5313 STUART ST, DENVER, CO 80212",DENVER,CO,80212,39.793135,-105.042876,,Vacant land,,,,,,,,,,80212
1004625462,R0230126,"5317 STUART ST, DENVER, CO 80212",DENVER,CO,80212,39.79321,-105.042876,,Vacant land,,,,,,,,,,80212
1004625488,R0230128,"5309 STUART ST, DENVER, CO 80212",DENVER,CO,80212,39.793061,-105.042877,,Vacant land,,,,,,,,,,80212
1004625633,R0230129,"5305 STUART ST, DENVER, CO 80212",DENVER,CO,80212,39.792986,-105.042878,,Vacant land,,,,,,,,,,80212
1004625780,R0230123,"5333 STUART ST, DENVER, CO 80212",DENVER,CO,80212,39.793509,-105.042873,,Vacant land,,,,,,,,,,80212
1004625783,R0230125,"5323 STUART ST, DENVER, CO 80212",DENVER,CO,80212,39.793322,-105.042875,,Vacant land,,,,,,,,,,80212
1004945419,02191-06-069-000,"4305 W 46TH AVE, DENVER, CO 80212",DENVER,CO,80212,39.780449,-105.042456,,Vacant land,,,,,,,,,,80212
1004945611,02311-35-017-000,"2256 PERRY ST, DENVER, CO 80212",DENVER,CO,80212,39.75095,-105.039078,,Vacant land,,,,,,,,,,80212
1004978326,39-244-13-032,"VACANT LAND, DENVER, CO 80212",DENVER,CO,80212,39.773618,-105.056142,,Vacant land,,,,,,,,,,80212
1697577,02133-21-015-000,"4810 FILLMORE ST, DENVER, CO 80216",DENVER,CO,80216,39.784044,-104.952702,,Vacant land,,,,,,,,,,80216
1789235,02271-12-004-000,"3536 DELGANY ST, DENVER, CO 80216",DENVER,CO,80216,39.771335,-104.978767,,Vacant land,,,,,,,,,,80216
1789241,02271-12-017-000,"3543 BRIGHTON BLVD, DENVER, CO 80216",DENVER,CO,80216,39.77111,-104.97835,,Vacant land,,,,,,,,,,80216
4219297,02223-26-005-000,"3930 FOX ST, DENVER, CO 80216",DENVER,CO,80216,39.771093,-104.99449,,Vacant land,,,,,,,,,,80216
4219300,02223-26-009-000,"3920 FOX ST, DENVER, CO 80216",DENVER,CO,80216,39.770802,-104.994491,,Vacant land,,,,,,,,,,80216
4315810,02223-20-002-000,"4104 FOX ST, DENVER, CO 80216",DENVER,CO,80216,39.773162,-104.994484,,Vacant land,,,,,,,,,,80216
7124101,02244-18-009-000,"4070 N JACKSON ST, DENVER, CO 80216",DENVER,CO,80216,39.773509,-104.942505,,Vacant land,,,,,,,,,,80216
10085205,02154-09-019-000,"645 E 49TH AVE, DENVER, CO 80216",DENVER,CO,80216,39.785814,-104.97904,,Vacant land,,,,,,,,,,80216
16334148,02221-06-001-000,"4788 GRANT ST, DENVER, CO 80216",DENVER,CO,80216,39.783637,-104.983235,,Vacant land,,,,,,,,,,80216
16334314,02222-05-023-000,"4467 CHEROKEE ST, DENVER, CO 80216",DENVER,CO,80216,39.777899,-104.991513,,Vacant land,,,,,,,,,,80216
17062676,02271-07-009-000,"3720 DELGANY ST, DENVER, CO 80216",DENVER,CO,80216,39.772838,-104.976825,,Vacant land,,,,,,,,,,80216
18392272,02271-08-035-000,"3722 CHESTNUT PL, DENVER, CO 80216",DENVER,CO,80216,39.773488,-104.977701,,Vacant land,,,,,,,,,,80216
18649670,02271-12-021-000,"3559 BRIGHTON BLVD, DENVER, CO 80216",DENVER,CO,80216,39.771328,-104.978067,,Vacant land,,,,,,,,,,80216
21934613,02243-02-015-000,"4248 MILWAUKEE ST, DENVER, CO 80216",DENVER,CO,80216,39.776081,-104.951632,,Vacant land,,,,,,,,,,80216
26784296,01201-20-015-000,"6845 E 46TH AVENUE DR, DENVER, CO 80216",DENVER,CO,80216,39.781261,-104.907825,,Vacant land,,,,,,,,,,80216
28203544,R0118933,"6201 WASHINGTON ST, DENVER, CO 80216",DENVER,CO,80216,39.809689,-104.97871,,Vacant land,,,,,,,,,,80216
28203553,R0121750,"655 W 62ND AVE, DENVER, CO 80216",DENVER,CO,80216,39.810231,-104.99367,,Vacant land,,,,,,,,,,80216
28602511,02131-04-001-000,"5390 MONROE ST, DENVER, CO 80216",DENVER,CO,80216,39.794326,-104.944868,,Vacant land,,,,,,,,,,80216
28602603,02221-14-038-000,"4605 GRANT ST, DENVER, CO 80216",DENVER,CO,80216,39.780427,-104.983824,,Vacant land,,,,,,,,,,80216
28602604,02221-14-039-000,"4609 GRANT ST, DENVER, CO 80216",DENVER,CO,80216,39.780549,-104.983826,,Vacant land,,,,,,,,,,80216
28602605,02222-00-077-000,"740 W 48TH AVE, DENVER, CO 80216",DENVER,CO,80216,39.783582,-104.99664,,Vacant land,,,,,,,,,,80216
28602606,02223-12-005-000,"4209 ELATI ST, DENVER, CO 80216",DENVER,CO,80216,39.774512,-104.993979,,Vacant land,,,,,,,,,,80216
28602623,02242-47-013-000,"4319 JOSEPHINE ST, DENVER, CO 80216",DENVER,CO,80216,39.776944,-104.958582,,Vacant land,,,,,,,,,,80216
28602679,02271-00-006-000,"3400 WYNKOOP ST, DENVER, CO 80216",DENVER,CO,80216,39.769225,-104.978484,,Vacant land,,,,,,,,,,80216
29907002,02223-26-016-000,"3901 ELATI ST, DENVER, CO 80216",DENVER,CO,80216,39.770921,-104.993989,,Vacant land,,,,,,,,,,80216
30428028,R0103581,"5607 WASHINGTON ST, DENVER, CO 80216",DENVER,CO,80216,39.799363,-104.978837,,Vacant land,,,,,,,,,,80216
30432948,02244-16-018-000,"4195 COLORADO BLVD, DENVER, CO 80216",DENVER,CO,80216,39.775073,-104.94101,,Vacant land,,,,,,,,,,80216
30435662,R0103580,"5699 WASHINGTON ST, DENVER, CO 80216",DENVER,CO,80216,39.799801,-104.978821,,Vacant land,,,,,,,,,,80216
30455270,02223-04-014-000,"4300 CHEROKEE ST, DENVER, CO 80216",DENVER,CO,80216,39.775761,-104.991035,,Vacant land,,,,,,,,,,80216
30495703,02242-21-016-000,"4525 MILWAUKEE ST, DENVER, CO 80216",DENVER,CO,80216,39.779462,-104.952246,,Vacant land,,,,,,,,,,80216
30525463,02242-10-035-000,"4790 JOSEPHINE ST, DENVER, CO 80216",DENVER,CO,80216,39.783647,-104.957813,,Vacant land,,,,,,,,,,80216
30559396,01184-02-007-000,"4901 E 50TH AVE, DENVER, CO 80216",DENVER,CO,80216,39.78839,-104.92979,,Vacant land,,,,,,,,,,80216
30596856,02271-06-046-000,"3750 BRIGHTON BLVD, DENVER, CO 80216",DENVER,CO,80216,39.772592,-104.975404,,Vacant land,,,,,,,,,,80216
30626599,02223-26-006-000,"3926 FOX ST, DENVER, CO 80216",DENVER,CO,80216,39.771025,-104.99449,,Vacant land,,,,,,,,,,80216
39538170,02154-23-001-000,"600 E 49TH AVE, DENVER, CO 80216",DENVER,CO,80216,39.785338,-104.97987,,Vacant land,,,,,,,,,,80216
39577803,02143-06-014-000,"4812 WASHINGTON ST, DENVER, CO 80216",DENVER,CO,80216,39.784907,-104.977735,,Vacant land,,,,,,,,,,80216
39616352,R0164405,"5600 EMERSON ST, DENVER, CO 80216",DENVER,CO,80216,39.799203,-104.975885,,Vacant land,,,,,,,,,,80216
39655471,R0103682,"5835 DOWNING ST, DENVER, CO 80216",DENVER,CO,80216,39.802539,-104.973943,,Vacant land,,,,,,,,,,80216
39757468,02231-07-031-000,"4736 BRIGHTON BLVD, DENVER, CO 80216",DENVER,CO,80216,39.782577,-104.966378,,Vacant land,,,,,,,,,,80216
39776537,02154-13-023-000,"4987 N GRANT ST, DENVER, CO 80216",DENVER,CO,80216,39.787142,-104.983839,,Vacant land,,,,,,,,,,80216
39845600,02131-04-010-000,"5380 MONROE ST, DENVER, CO 80216",DENVER,CO,80216,39.793983,-104.944869,,Vacant land,,,,,,,,,,80216
41405908,02154-09-035-000,"4924 PEARL ST, DENVER, CO 80216",DENVER,CO,80216,39.786178,-104.97935,,Vacant land,,,,,,,,,,80216
41405909,02154-09-011-000,"4926 PEARL ST, DENVER, CO 80216",DENVER,CO,80216,39.78613,-104.979698,,Vacant land,,,,,,,,,,80216
43051332,02222-05-031-000,"4401 CHEROKEE ST, DENVER, CO 80216",DENVER,CO,80216,39.777573,-104.991513,,Vacant land,,,,,,,,,,80216
49374835,02271-06-042-000,"3680 BRIGHTON BLVD, DENVER, CO 80216",DENVER,CO,80216,39.771863,-104.976346,,Vacant land,,,,,,,,,,80216
49384693,02134-00-033-000,"3701 E 50TH AVE, DENVER, CO 80216",DENVER,CO,80216,39.787458,-104.943862,,Vacant land,,,,,,,,,,80216
49408101,02143-04-015-000,"5107 EMERSON ST, DENVER, CO 80216",DENVER,CO,80216,39.789152,-104.976304,,Vacant land,,,,,,,,,,80216
49455923,02223-14-003-000,"300 W 43RD AVE, DENVER, CO 80216",DENVER,CO,80216,39.775006,-104.991544,,Vacant land,,,,,,,,,,80216
51093924,02222-04-027-000,"4400 N CHEROKEE ST, DENVER, CO 80216",DENVER,CO,80216,39.778142,-104.990992,,Vacant land,,,,,,,,,,80216
51158139,02242-11-013-000,"4799 JOSEPHINE ST, DENVER, CO 80216",DENVER,CO,80216,39.783638,-104.958567,,Vacant land,,,,,,,,,,80216
51175435,02154-18-024-000,"4801 LINCOLN ST, DENVER, CO 80216",DENVER,CO,80216,39.784109,-104.986136,,Vacant land,,,,,,,,,,80216
51197663,02271-08-036-000,"3650 CHESTNUT PL, DENVER, CO 80216",DENVER,CO,80216,39.773148,-104.978141,,Vacant land,,,,,,,,,,80216
51230072,02154-06-009-000,"5026 LINCOLN ST, DENVER, CO 80216",DENVER,CO,80216,39.78794,-104.986072,,Vacant land,,,,,,,,,,80216
51256467,02143-04-025-000,"5154 CLARKSON ST, DENVER, CO 80216",DENVER,CO,80216,39.790221,-104.976802,,Vacant land,,,,,,,,,,80216
51298651,R0104067,"5363 LINCOLN ST, DENVER, CO 80216",DENVER,CO,80216,39.794018,-104.986704,,Vacant land,,,,,,,,,,80216
51300913,02244-13-006-000,"4100 MONROE ST, DENVER, CO 80216",DENVER,CO,80216,39.774386,-104.944925,,Vacant land,,,,,,,,,,80216
140152253,02143-04-013-000,"5108 CLARKSON ST, DENVER, CO 80216",DENVER,CO,80216,39.78926,-104.976805,,Vacant land,,,,,,,,,,80216
141037679,R0103575,"541 E 56TH AVE, DENVER, CO 80216",DENVER,CO,80216,39.798583,-104.980107,,Vacant land,,,,,,,,,,80216
149906375,02131-00-020-000,"5340 COOK ST, DENVER, CO 80216",DENVER,CO,80216,39.793505,-104.946326,,Vacant land,,,,,,,,,,80216
151398360,02231-07-034-000,"4754 BRIGHTON BLVD, DENVER, CO 80216",DENVER,CO,80216,39.783031,-104.96638,,Vacant land,,,,,,,,,,80216
153669202,01191-00-076-000,"4700 DAHLIA ST, DENVER, CO 80216",DENVER,CO,80216,39.783355,-104.928149,,Vacant land,,,,,,,,,,80216
153753179,02243-11-027-000,"4151 FILLMORE ST, DENVER, CO 80216",DENVER,CO,80216,39.774747,-104.953367,,Vacant land,,,,,,,,,,80216
155341920,R0103460,"670 E 62ND AVE, DENVER, CO 80216",DENVER,CO,80216,39.808751,-104.979894,,Vacant land,,,,,,,,,,80216
184188465,02242-32-022-000,"4440 COLUMBINE ST, DENVER, CO 80216",DENVER,CO,80216,39.778443,-104.956923,,Vacant land,,,,,,,,,,80216
184188482,02242-46-013-000,"4323 COLUMBINE ST, DENVER, CO 80216",DENVER,CO,80216,39.776873,-104.957476,,Vacant land,,,,,,,,,,80216
184188489,02242-47-007-000,"4328 YORK ST, DENVER, CO 80216",DENVER,CO,80216,39.776912,-104.959086,,Vacant land,,,,,,,,,,80216
184188523,02243-15-006-000,"4001 STEELE ST, DENVER, CO 80216",DENVER,CO,80216,39.77372,-104.950091,,Vacant land,,,,,,,,,,80216
184188524,02243-15-007-000,"4001 STEELE ST, DENVER, CO 80216",DENVER,CO,80216,39.77372,-104.950228,,Vacant land,,,,,,,,,,80216
184188525,02243-16-001-000,"4000 MILWAUKEE ST, DENVER, CO 80216",DENVER,CO,80216,39.773728,-104.951641,,Vacant land,,,,,,,,,,80216
184188526,02243-18-007-000,"4001 FILLMORE ST, DENVER, CO 80216",DENVER,CO,80216,39.773089,-104.953358,,Vacant land,,,,,,,,,,80216
184188547,02244-24-011-000,"4053 ADAMS ST, DENVER, CO 80216",DENVER,CO,80216,39.77358,-104.948963,,Vacant land,,,,,,,,,,80216
184191069,R0103688,"5600 WASHINGTON ST, DENVER, CO 80216",DENVER,CO,80216,39.79866,-104.977212,,Vacant land,,,,,,,,,,80216
184191070,R0103692,"5800 FRANKLIN ST, DENVER, CO 80216",DENVER,CO,80216,39.801588,-104.969535,,Vacant land,,,,,,,,,,80216
184191071,R0103693,"1570 E 58TH AVE, DENVER, CO 80216",DENVER,CO,80216,39.801586,-104.969252,,Vacant land,,,,,,,,,,80216
184191072,R0103694,"1590 E 58TH AVE, DENVER, CO 80216",DENVER,CO,80216,39.801546,-104.969,,Vacant land,,,,,,,,,,80216
184224063,R0104031,"5510 LOGAN ST, DENVER, CO 80216",DENVER,CO,80216,39.796996,-104.981313,,Vacant land,,,,,,,,,,80216
184247895,02143-06-015-000,"4801 CLARKSON ST, DENVER, CO 80216",DENVER,CO,80216,39.784224,-104.977791,,Vacant land,,,,,,,,,,80216
184275946,02131-03-027-000,"5301 JACKSON ST, DENVER, CO 80216",DENVER,CO,80216,39.793361,-104.943223,,Vacant land,,,,,,,,,,80216
184275952,02131-04-008-000,"5385 GARFIELD ST, DENVER, CO 80216",DENVER,CO,80216,39.794359,-104.944366,,Vacant land,,,,,,,,,,80216
184275954,02131-05-023-000,"5340 ADAMS ST, DENVER, CO 80216",DENVER,CO,80216,39.793388,-104.948385,,Vacant land,,,,,,,,,,80216
184275959,02131-06-010-000,"5385 ADAMS ST, DENVER, CO 80216",DENVER,CO,80216,39.794131,-104.949064,,Vacant land,,,,,,,,,,80216
184275960,02131-06-014-000,"5360 STEELE ST, DENVER, CO 80216",DENVER,CO,80216,39.794143,-104.949578,,Vacant land,,,,,,,,,,80216
184275963,02132-00-013-000,"2900 E 52ND AVE, DENVER, CO 80216",DENVER,CO,80216,39.792691,-104.952765,,Vacant land,,,,,,,,,,80216
184275966,02132-00-029-000,"5226 N BRIGHTON BLVD, DENVER, CO 80216",DENVER,CO,80216,39.791593,-104.958089,,Vacant land,,,,,,,,,,80216
184275976,02133-00-008-000,"4800 N COLUMBINE ST, DENVER, CO 80216",DENVER,CO,80216,39.787362,-104.955335,,Vacant land,,,,,,,,,,80216
184275988,02133-00-041-000,"4800 N COLUMBINE ST, DENVER, CO 80216",DENVER,CO,80216,39.786272,-104.956503,,Vacant land,,,,,,,,,,80216
184277234,01183-01-017-000,"4400 E 51ST AVE, DENVER, CO 80216",DENVER,CO,80216,39.789844,-104.93448,,Vacant land,,,,,,,,,,80216
184277242,01183-03-006-000,"4901 N ASH ST, DENVER, CO 80216",DENVER,CO,80216,39.786918,-104.938842,,Vacant land,,,,,,,,,,80216
184277245,01184-00-014-000,"5100 N DAHLIA ST, DENVER, CO 80216",DENVER,CO,80216,39.789421,-104.928999,,Vacant land,,,,,,,,,,80216
184277247,01184-00-017-000,"5100 E 52ND AVE, DENVER, CO 80216",DENVER,CO,80216,39.79058,-104.927656,,Vacant land,,,,,,,,,,80216
184277248,01184-00-018-000,"5100 E 52ND AVE, DENVER, CO 80216",DENVER,CO,80216,39.79079,-104.92729,,Vacant land,,,,,,,,,,80216
184277249,01184-01-011-000,"5050 E 50TH AVE, DENVER, CO 80216",DENVER,CO,80216,39.784975,-104.929426,,Vacant land,,,,,,,,,,80216
184277253,01184-01-009-000,"4900 E 50TH AVE, DENVER, CO 80216",DENVER,CO,80216,39.785527,-104.92827,,Vacant land,,,,,,,,,,80216
184277262,01191-07-011-000,"4301 GLENCOE ST, DENVER, CO 80216",DENVER,CO,80216,39.777525,-104.926186,,Vacant land,,,,,,,,,,80216
184277323,01202-00-043-000,"5600 E 47TH AVE, DENVER, CO 80216",DENVER,CO,80216,39.781992,-104.921155,,Vacant land,,,,,,,,,,80216
184277334,01203-00-065-000,"4299 N MONACO ST, DENVER, CO 80216",DENVER,CO,80216,39.776491,-104.915283,,Vacant land,,,,,,,,,,80216
184283286,01201-00-034-000,"4620 N MONACO ST, DENVER, CO 80216",DENVER,CO,80216,39.780588,-104.911612,,Vacant land,,,,,,,,,,80216
184283296,01201-00-056-000,"4600 N NIAGARA ST, DENVER, CO 80216",DENVER,CO,80216,39.781078,-104.911455,,Vacant land,,,,,,,,,,80216
184283314,01202-00-105-000,"6300 E 47TH AVE, DENVER, CO 80216",DENVER,CO,80216,39.783173,-104.914031,,Vacant land,,,,,,,,,,80216
184283315,01202-00-106-000,"6300 E 47TH AVENUE 6500, DENVER, CO 80216",DENVER,CO,80216,39.782908,-104.914539,,Vacant land,,,,,,,,,,80216
184283327,01203-00-002-000,"4299 KEARNEY ST, DENVER, CO 80216",DENVER,CO,80216,39.776482,-104.919949,,Vacant land,,,,,,,,,,80216
184283374,01213-00-103-000,"4000 N TRENTON ST, DENVER, CO 80216",DENVER,CO,80216,39.772082,-104.897665,,Vacant land,,,,,,,,,,80216
184283674,02133-03-004-000,"5100 FILLMORE ST, DENVER, CO 80216",DENVER,CO,80216,39.789783,-104.953057,,Vacant land,,,,,,,,,,80216
184283678,02133-03-022-000,"5100 FILLMORE ST, DENVER, CO 80216",DENVER,CO,80216,39.790359,-104.953268,,Vacant land,,,,,,,,,,80216
184283679,02133-03-029-000,"5100 FILLMORE ST, DENVER, CO 80216",DENVER,CO,80216,39.790768,-104.953239,,Vacant land,,,,,,,,,,80216
184283680,02133-03-030-000,"5100 FILLMORE ST, DENVER, CO 80216",DENVER,CO,80216,39.790749,-104.953036,,Vacant land,,,,,,,,,,80216
184283681,02133-03-031-000,"5100 FILLMORE ST, DENVER, CO 80216",DENVER,CO,80216,39.790553,-104.953158,,Vacant land,,,,,,,,,,80216
184283682,02133-03-032-000,"5100 FILLMORE ST, DENVER, CO 80216",DENVER,CO,80216,39.790484,-104.953207,,Vacant land,,,,,,,,,,80216
184283683,02133-04-038-000,"5100 THOMPSON CT, DENVER, CO 80216",DENVER,CO,80216,39.789613,-104.953903,,Vacant land,,,,,,,,,,80216
184283684,02133-04-039-000,"5159 FILLMORE ST, DENVER, CO 80216",DENVER,CO,80216,39.789982,-104.953871,,Vacant land,,,,,,,,,,80216
184283685,02133-04-040-000,"5163 FILLMORE ST, DENVER, CO 80216",DENVER,CO,80216,39.79028,-104.953792,,Vacant land,,,,,,,,,,80216
184283690,02133-05-029-000,"5070 N THOMPSON CT, DENVER, CO 80216",DENVER,CO,80216,39.788802,-104.954506,,Vacant land,,,,,,,,,,80216
184283691,02133-05-030-000,"5100 THOMPSON CT, DENVER, CO 80216",DENVER,CO,80216,39.789097,-104.954503,,Vacant land,,,,,,,,,,80216
184283692,02133-05-031-000,"5080 N THOMPSON CT, DENVER, CO 80216",DENVER,CO,80216,39.789058,-104.954348,,Vacant land,,,,,,,,,,80216
184283706,02134-02-003-000,"4901 JACKSON ST, DENVER, CO 80216",DENVER,CO,80216,39.785984,-104.943703,,Vacant land,,,,,,,,,,80216
184283710,02134-02-010-000,"4901 JACKSON ST, DENVER, CO 80216",DENVER,CO,80216,39.784463,-104.943716,,Vacant land,,,,,,,,,,80216
184283728,02141-00-004-000,"5200 N FRANKLIN ST, DENVER, CO 80216",DENVER,CO,80216,39.792096,-104.967966,,Vacant land,,,,,,,,,,80216
184283729,02141-00-005-000,"5200 N FRANKLIN ST, DENVER, CO 80216",DENVER,CO,80216,39.791754,-104.968576,,Vacant land,,,,,,,,,,80216
184283733,02141-00-012-000,"5300 FRANKLIN ST, DENVER, CO 80216",DENVER,CO,80216,39.792473,-104.968494,,Vacant land,,,,,,,,,,80216
184283849,02242-15-013-000,"4601 THOMPSON CT, DENVER, CO 80216",DENVER,CO,80216,39.780888,-104.95506,,Vacant land,,,,,,,,,,80216
184283891,02243-04-014-000,"4201 FILLMORE ST, DENVER, CO 80216",DENVER,CO,80216,39.775768,-104.953396,,Vacant land,,,,,,,,,,80216
184283894,02243-04-027-000,"4238 CLAYTON ST, DENVER, CO 80216",DENVER,CO,80216,39.775823,-104.953842,,Vacant land,,,,,,,,,,80216
184283898,02243-05-010-000,"4201 CLAYTON ST, DENVER, CO 80216",DENVER,CO,80216,39.775741,-104.954494,,Vacant land,,,,,,,,,,80216
184283905,02244-00-040-000,"3200 E 43RD AVE, DENVER, CO 80216",DENVER,CO,80216,39.776048,-104.945132,,Vacant land,,,,,,,,,,80216
184283909,02244-04-010-000,"4200 N MONROE ST, DENVER, CO 80216",DENVER,CO,80216,39.77557,-104.945,,Vacant land,,,,,,,,,,80216
184283913,02244-05-013-000,"4201 N MONROE ST, DENVER, CO 80216",DENVER,CO,80216,39.776272,-104.945575,,Vacant land,,,,,,,,,,80216
184283939,02274-00-075-000,"3195 N FOX ST, DENVER, CO 80216",DENVER,CO,80216,39.76233,-104.995534,,Vacant land,,,,,,,,,,80216
184283940,02274-00-087-000,"2430 DELGANY ST, DENVER, CO 80216",DENVER,CO,80216,39.760589,-104.990245,,Vacant land,,,,,,,,,,80216
184283950,02275-00-024-000,"3120 BRIGHTON BLVD, DENVER, CO 80216",DENVER,CO,80216,39.766805,-104.982325,,Vacant land,,,,,,,,,,80216
184284774,01191-00-010-000,"5000 E 43RD AVE, DENVER, CO 80216",DENVER,CO,80216,39.77629,-104.928293,,Vacant land,,,,,,,,,,80216
184284776,01191-00-025-000,"5400 E 43RD AVE, DENVER, CO 80216",DENVER,CO,80216,39.776556,-104.923515,,Vacant land,,,,,,,,,,80216
184284777,01191-00-034-000,"5200 E 48TH AVE, DENVER, CO 80216",DENVER,CO,80216,39.781976,-104.924641,,Vacant land,,,,,,,,,,80216
184284779,01191-00-049-000,"4800 E 47TH AVE, DENVER, CO 80216",DENVER,CO,80216,39.783343,-104.928189,,Vacant land,,,,,,,,,,80216
184284783,01191-00-063-000,"4500 GRAPE ST, DENVER, CO 80216",DENVER,CO,80216,39.779777,-104.923477,,Vacant land,,,,,,,,,,80216
184284787,01191-00-073-000,"5175 E 45TH AVE, DENVER, CO 80216",DENVER,CO,80216,39.779933,-104.927808,,Vacant land,,,,,,,,,,80216
184285191,02144-00-013-000,"5001 N RACE ST, DENVER, CO 80216",DENVER,CO,80216,39.787727,-104.963754,,Vacant land,,,,,,,,,,80216
184285209,02144-00-096-000,"4980 BRIGHTON BLVD, DENVER, CO 80216",DENVER,CO,80216,39.787627,-104.965054,,Vacant land,,,,,,,,,,80216
184285214,02144-00-105-000,"5050 RACE ST, DENVER, CO 80216",DENVER,CO,80216,39.786861,-104.961897,,Vacant land,,,,,,,,,,80216
184285226,02153-09-010-000,"4885 BROADWAY, DENVER, CO 80216",DENVER,CO,80216,39.785402,-104.98793,,Vacant land,,,,,,,,,,80216
184285270,02154-17-010-000,"4800 BROADWAY, DENVER, CO 80216",DENVER,CO,80216,39.783928,-104.987275,,Vacant land,,,,,,,,,,80216
184285277,02154-18-006-000,"4800 LEAF CT, DENVER, CO 80216",DENVER,CO,80216,39.783936,-104.986652,,Vacant land,,,,,,,,,,80216
184285319,02221-19-024-000,"4685 N WASHINGTON ST, DENVER, CO 80216",DENVER,CO,80216,39.781631,-104.979053,,Vacant land,,,,,,,,,,80216
184285458,02271-00-032-000,"1630 35TH ST # MISC, DENVER, CO 80216",DENVER,CO,80216,39.768214,-104.978313,,Vacant land,,,,,,,,,,80216
184285474,02271-06-031-000,"3601 WYNKOOP ST, DENVER, CO 80216",DENVER,CO,80216,39.772197,-104.975206,,Vacant land,,,,,,,,,,80216
184285479,02271-07-016-000,"3646 DELGANY ST, DENVER, CO 80216",DENVER,CO,80216,39.772364,-104.977437,,Vacant land,,,,,,,,,,80216
184285501,02271-12-023-000,"3560 DELGANY ST, DENVER, CO 80216",DENVER,CO,80216,39.771504,-104.978548,,Vacant land,,,,,,,,,,80216
184285507,02271-13-015-000,"3525 WYNKOOP ST, DENVER, CO 80216",DENVER,CO,80216,39.770244,-104.97773,,Vacant land,,,,,,,,,,80216
184289128,02154-08-033-000,"5041 LOGAN ST, DENVER, CO 80216",DENVER,CO,80216,39.788109,-104.983216,,Vacant land,,,,,,,,,,80216
184289133,02154-09-028-000,"4945 WASHINGTON ST, DENVER, CO 80216",DENVER,CO,80216,39.786465,-104.97867,,Vacant land,,,,,,,,,,80216
184289142,02154-22-005-000,"4855 PEARL ST, DENVER, CO 80216",DENVER,CO,80216,39.784869,-104.980427,,Vacant land,,,,,,,,,,80216
184289143,02154-22-008-000,"540 E 49TH AVE, DENVER, CO 80216",DENVER,CO,80216,39.785371,-104.980209,,Vacant land,,,,,,,,,,80216
184289148,02154-24-007-000,"600 E ELGIN PL, DENVER, CO 80216",DENVER,CO,80216,39.784185,-104.978989,,Vacant land,,,,,,,,,,80216
184289149,02154-24-008-000,"684 E ELGIN PL, DENVER, CO 80216",DENVER,CO,80216,39.784162,-104.978872,,Vacant land,,,,,,,,,,80216
184289151,02154-24-015-000,"4815 WASHINGTON ST, DENVER, CO 80216",DENVER,CO,80216,39.783919,-104.978759,,Vacant land,,,,,,,,,,80216
184290513,02134-00-032-000,"3900 E 50TH AVE, DENVER, CO 80216",DENVER,CO,80216,39.787525,-104.943726,,Vacant land,,,,,,,,,,80216
184290514,02134-00-034-000,"3801 E 50TH AVE, DENVER, CO 80216",DENVER,CO,80216,39.78861,-104.942628,,Vacant land,,,,,,,,,,80216
184290516,02134-00-063-000,"5001 COOK ST, DENVER, CO 80216",DENVER,CO,80216,39.787657,-104.947922,,Vacant land,,,,,,,,,,80216
184290529,02134-01-003-000,"4901 COLORADO BLVD, DENVER, CO 80216",DENVER,CO,80216,39.785283,-104.941762,,Vacant land,,,,,,,,,,80216
184290531,02134-01-008-000,"4901 COLORADO BLVD, DENVER, CO 80216",DENVER,CO,80216,39.786873,-104.941337,,Vacant land,,,,,,,,,,80216
184290539,02143-04-014-000,"5100 CLARKSON ST, DENVER, CO 80216",DENVER,CO,80216,39.789118,-104.976806,,Vacant land,,,,,,,,,,80216
184290540,02143-04-016-000,"5111 EMERSON ST, DENVER, CO 80216",DENVER,CO,80216,39.789295,-104.976304,,Vacant land,,,,,,,,,,80216
184290541,02143-04-017-000,"5115 EMERSON ST, DENVER, CO 80216",DENVER,CO,80216,39.789364,-104.976303,,Vacant land,,,,,,,,,,80216
184290542,02143-04-018-000,"5117 EMERSON ST, DENVER, CO 80216",DENVER,CO,80216,39.789468,-104.976303,,Vacant land,,,,,,,,,,80216
184290548,02143-05-020-000,"5121 CLARKSON ST, DENVER, CO 80216",DENVER,CO,80216,39.789536,-104.977462,,Vacant land,,,,,,,,,,80216
184290559,02143-07-012-000,"4811 EMERSON ST, DENVER, CO 80216",DENVER,CO,80216,39.784341,-104.976378,,Vacant land,,,,,,,,,,80216
184290563,02143-07-022-000,"4801 EMERSON ST, DENVER, CO 80216",DENVER,CO,80216,39.784204,-104.976378,,Vacant land,,,,,,,,,,80216
184290564,02143-07-023-000,"4835 EMERSON ST, DENVER, CO 80216",DENVER,CO,80216,39.784513,-104.976377,,Vacant land,,,,,,,,,,80216
184290565,02143-07-025-000,"4841 EMERSON ST, DENVER, CO 80216",DENVER,CO,80216,39.784719,-104.976376,,Vacant land,,,,,,,,,,80216
184290571,02153-00-015-000,"5171 BANNOCK ST, DENVER, CO 80216",DENVER,CO,80216,39.79075,-104.989741,,Vacant land,,,,,,,,,,80216
184290582,02153-00-069-000,"5101 FOX ST, DENVER, CO 80216",DENVER,CO,80216,39.790965,-104.996876,,Vacant land,,,,,,,,,,80216
184290588,02153-00-076-000,"5101 FOX ST, DENVER, CO 80216",DENVER,CO,80216,39.789837,-104.996877,,Vacant land,,,,,,,,,,80216
184290592,02153-01-012-000,"5171 N BROADWAY, DENVER, CO 80216",DENVER,CO,80216,39.790799,-104.98792,,Vacant land,,,,,,,,,,80216
184290793,02233-00-030-000,"3801 BRIGHTON BLVD, DENVER, CO 80216",DENVER,CO,80216,39.775738,-104.973956,,Vacant land,,,,,,,,,,80216
184290794,02233-00-035-000,"4120 WYNKOOP ST, DENVER, CO 80216",DENVER,CO,80216,39.773922,-104.972204,,Vacant land,,,,,,,,,,80216
184290831,02234-00-046-000,"2100 E 43RD AVE, DENVER, CO 80216",DENVER,CO,80216,39.775951,-104.960953,,Vacant land,,,,,,,,,,80216
184290862,02241-00-006-000,"4600 N MADISON ST, DENVER, CO 80216",DENVER,CO,80216,39.781818,-104.945433,,Vacant land,,,,,,,,,,80216
184290869,02241-13-027-000,"4433 GARFIELD ST, DENVER, CO 80216",DENVER,CO,80216,39.778247,-104.944422,,Vacant land,,,,,,,,,,80216
184290892,02242-00-022-000,"4702 YORK ST, DENVER, CO 80216",DENVER,CO,80216,39.782988,-104.958762,,Vacant land,,,,,,,,,,80216
184290911,02271-00-039-000,"3620 WAZEE ST, DENVER, CO 80216",DENVER,CO,80216,39.770305,-104.974812,,Vacant land,,,,,,,,,,80216
184290921,02271-05-010-000,"3701 WAZEE ST, DENVER, CO 80216",DENVER,CO,80216,39.771539,-104.974627,,Vacant land,,,,,,,,,,80216
184290925,02271-06-005-000,"3736 BRIGHTON BLVD, DENVER, CO 80216",DENVER,CO,80216,39.772374,-104.975687,,Vacant land,,,,,,,,,,80216
184290953,02271-09-027-000,"3728 ARKINS CT, DENVER, CO 80216",DENVER,CO,80216,39.774133,-104.978473,,Vacant land,,,,,,,,,,80216
184291011,02273-00-064-000,"3701 PARK AVE W, DENVER, CO 80216",DENVER,CO,80216,39.763716,-104.996914,,Vacant land,,,,,,,,,,80216
184291019,02274-00-024-000,"3280 DENARGO ST, DENVER, CO 80216",DENVER,CO,80216,39.762869,-104.990587,,Vacant land,,,,,,,,,,80216
184291024,02274-00-057-000,"3201 PARK AVE W, DENVER, CO 80216",DENVER,CO,80216,39.762163,-104.996038,,Vacant land,,,,,,,,,,80216
184291025,02274-00-058-000,"3201 PARK AVE W, DENVER, CO 80216",DENVER,CO,80216,39.76182,-104.995537,,Vacant land,,,,,,,,,,80216
184291038,02274-00-125-000,"2365 DELGANY ST, DENVER, CO 80216",DENVER,CO,80216,39.760938,-104.991327,,Vacant land,,,,,,,,,,80216
184295088,02221-32-028-000,"4483 SHERMAN ST, DENVER, CO 80216",DENVER,CO,80216,39.777973,-104.985033,,Vacant land,,,,,,,,,,80216
184295107,02223-05-003-000,"4360 DELAWARE ST, DENVER, CO 80216",DENVER,CO,80216,39.776347,-104.992015,,Vacant land,,,,,,,,,,80216
184295108,02223-05-004-000,"4356 DELAWARE ST, DENVER, CO 80216",DENVER,CO,80216,39.776279,-104.992015,,Vacant land,,,,,,,,,,80216
184295109,02223-05-005-000,"4354 DELAWARE ST, DENVER, CO 80216",DENVER,CO,80216,39.77621,-104.992016,,Vacant land,,,,,,,,,,80216
184296450,02224-05-003-000,"4200 LINCOLN ST, DENVER, CO 80216",DENVER,CO,80216,39.774762,-104.986094,,Vacant land,,,,,,,,,,80216
184296451,02224-05-004-000,"4201 SHERMAN ST, DENVER, CO 80216",DENVER,CO,80216,39.774683,-104.985615,,Vacant land,,,,,,,,,,80216
184296453,02224-06-001-000,"4200 SHERMAN ST, DENVER, CO 80216",DENVER,CO,80216,39.77472,-104.984996,,Vacant land,,,,,,,,,,80216
184296720,02265-02-066-000,"1801 E 31ST AVE, DENVER, CO 80216",DENVER,CO,80216,39.760888,-104.965218,,Vacant land,,,,,,,,,,80216
184300961,02224-00-041-000,"4201 LINCOLN ST, DENVER, CO 80216",DENVER,CO,80216,39.773844,-104.987031,,Vacant land,,,,,,,,,,80216
184300962,02224-00-042-000,"4100 N BROADWAY, DENVER, CO 80216",DENVER,CO,80216,39.77341,-104.986806,,Vacant land,,,,,,,,,,80216
184301053,02231-12-005-000,"4652 BRIGHTON BLVD, DENVER, CO 80216",DENVER,CO,80216,39.781109,-104.966372,,Vacant land,,,,,,,,,,80216
184301058,02231-13-007-000,"4644 WILLIAMS ST, DENVER, CO 80216",DENVER,CO,80216,39.781007,-104.965307,,Vacant land,,,,,,,,,,80216
184301059,02231-13-009-000,"4638 WILLIAMS ST, DENVER, CO 80216",DENVER,CO,80216,39.78087,-104.965298,,Vacant land,,,,,,,,,,80216
184301061,02231-13-021-000,"4601 HIGH ST, DENVER, CO 80216",DENVER,CO,80216,39.781108,-104.965076,,Vacant land,,,,,,,,,,80216
184301088,02231-21-008-000,"4500 N RACE ST, DENVER, CO 80216",DENVER,CO,80216,39.779163,-104.962957,,Vacant land,,,,,,,,,,80216
184301101,02231-31-020-000,"4312 VINE ST, DENVER, CO 80216",DENVER,CO,80216,39.776781,-104.96211,,Vacant land,,,,,,,,,,80216
184301104,02232-00-015-000,"4600 WASHINGTON ST # 4700, DENVER, CO 80216",DENVER,CO,80216,39.783176,-104.978012,,Vacant land,,,,,,,,,,80216
184302222,02134-00-003-000,"5101 COLORADO BLVD, DENVER, CO 80216",DENVER,CO,80216,39.789136,-104.942357,,Vacant land,,,,,,,,,,80216
184302507,02221-00-001-000,"4400 WASHINGTON ST, DENVER, CO 80216",DENVER,CO,80216,39.777212,-104.978625,,Vacant land,,,,,,,,,,80216
184302508,02221-00-002-000,"4401 N WASHINGTON ST, DENVER, CO 80216",DENVER,CO,80216,39.776687,-104.979354,,Vacant land,,,,,,,,,,80216
184302509,02221-00-003-000,"4701 WASHINGTON ST, DENVER, CO 80216",DENVER,CO,80216,39.783574,-104.978767,,Vacant land,,,,,,,,,,80216
184302511,02221-01-012-000,"4801 WASHINGTON ST, DENVER, CO 80216",DENVER,CO,80216,39.783663,-104.978596,,Vacant land,,,,,,,,,,80216
184302556,02222-04-029-000,"4401 CAHITA CT, DENVER, CO 80216",DENVER,CO,80216,39.7774,-104.990528,,Vacant land,,,,,,,,,,80216
184302573,02223-21-007-000,"4101 FOX ST, DENVER, CO 80216",DENVER,CO,80216,39.773369,-104.995227,,Vacant land,,,,,,,,,,80216
184573049,02221-38-019-000,"4490 WASHINGTON ST # MISC, DENVER, CO 80216",DENVER,CO,80216,39.777504,-104.97853,,Vacant land,,,,,,,,,,80216
184573054,02242-11-029-000,"4755 JOSEPHINE ST, DENVER, CO 80216",DENVER,CO,80216,39.783263,-104.958303,,Vacant land,,,,,,,,,,80216
184600350,02244-20-018-000,"3600 E 41ST AVE, DENVER, CO 80216",DENVER,CO,80216,39.77339,-104.944909,,Vacant land,,,,,,,,,,80216
184600353,02271-08-041-000,"3727 DELGANY ST, DENVER, CO 80216",DENVER,CO,80216,39.773279,-104.977304,,Vacant land,,,,,,,,,,80216
184638023,02131-04-009-000,"5370 MONROE ST, DENVER, CO 80216",DENVER,CO,80216,39.79364,-104.94487,,Vacant land,,,,,,,,,,80216
184663476,02221-23-029-000,"4538 PENNSYLVANIA ST, DENVER, CO 80216",DENVER,CO,80216,39.779034,-104.980999,,Vacant land,,,,,,,,,,80216
184671704,01162-00-014-000,"5401 N ROSLYN ST, DENVER, CO 80216",DENVER,CO,80216,39.796234,-104.902355,,Vacant land,,,,,,,,,,80216
184671706,01162-00-018-000,"5401 N ROSLYN ST VCNT, DENVER, CO 80216",DENVER,CO,80216,39.794009,-104.902314,,Vacant land,,,,,,,,,,80216
184688384,02221-38-023-000,"4430 WASHINGTON ST, DENVER, CO 80216",DENVER,CO,80216,39.777326,-104.9788,,Vacant land,,,,,,,,,,80216
184697735,01213-00-114-000,"4200 N TRENTON ST, DENVER, CO 80216",DENVER,CO,80216,39.77237,-104.897868,,Vacant land,,,,,,,,,,80216
184713207,02221-34-023-000,"4401 LOGAN ST, DENVER, CO 80216",DENVER,CO,80216,39.777908,-104.982757,,Vacant land,,,,,,,,,,80216
184713212,02221-35-026-000,"4401 PENNSYLVANIA ST, DENVER, CO 80216",DENVER,CO,80216,39.776653,-104.981622,,Vacant land,,,,,,,,,,80216
184713217,02221-36-026-000,"564 E 45TH AVE, DENVER, CO 80216",DENVER,CO,80216,39.778111,-104.980479,,Vacant land,,,,,,,,,,80216
184713218,02221-36-035-000,"4471 PEARL ST, DENVER, CO 80216",DENVER,CO,80216,39.777837,-104.98048,,Vacant land,,,,,,,,,,80216
184721248,02232-00-182-000,"4201 BRIGHTON BLVD, DENVER, CO 80216",DENVER,CO,80216,39.777034,-104.971779,,Vacant land,,,,,,,,,,80216
184722824,02154-23-041-000,"4855 WASHINGTON ST, DENVER, CO 80216",DENVER,CO,80216,39.784853,-104.978807,,Vacant land,,,,,,,,,,80216
184727345,02223-07-003-000,"4301 ELATI ST, DENVER, CO 80216",DENVER,CO,80216,39.775652,-104.993989,,Vacant land,,,,,,,,,,80216
184727348,02223-07-021-000,"521 W 43RD AVE, DENVER, CO 80216",DENVER,CO,80216,39.775727,-104.994477,,Vacant land,,,,,,,,,,80216
184727357,02223-13-002-000,"4244 ELATI ST, DENVER, CO 80216",DENVER,CO,80216,39.77517,-104.993269,,Vacant land,,,,,,,,,,80216
184753136,02154-22-001-000,"4800 GRANT ST, DENVER, CO 80216",DENVER,CO,80216,39.785219,-104.982235,,Vacant land,,,,,,,,,,80216
184753147,02211-16-015-000,"4501 N JACKSON ST, DENVER, CO 80216",DENVER,CO,80216,39.7787,-104.999953,,Vacant land,,,,,,,,,,80216
184753149,02211-16-019-000,"4501 N JACKSON ST, DENVER, CO 80216",DENVER,CO,80216,39.779894,-104.999926,,Vacant land,,,,,,,,,,80216
184754873,02142-00-007-000,"5201 FRANKLIN ST, DENVER, CO 80216",DENVER,CO,80216,39.791536,-104.968918,,Vacant land,,,,,,,,,,80216
184754924,02231-23-002-000,"4501 N RACE ST, DENVER, CO 80216",DENVER,CO,80216,39.779315,-104.963995,,Vacant land,,,,,,,,,,80216
184754925,02231-23-003-000,"4501 N RACE ST, DENVER, CO 80216",DENVER,CO,80216,39.779273,-104.963564,,Vacant land,,,,,,,,,,80216
184754926,02231-23-004-000,"4501 N RACE ST, DENVER, CO 80216",DENVER,CO,80216,39.778995,-104.963922,,Vacant land,,,,,,,,,,80216
184754929,02231-24-001-000,"4401 RACE ST, DENVER, CO 80216",DENVER,CO,80216,39.778861,-104.964008,,Vacant land,,,,,,,,,,80216
184754930,02231-24-002-000,"4401 RACE ST, DENVER, CO 80216",DENVER,CO,80216,39.778462,-104.963838,,Vacant land,,,,,,,,,,80216
184754931,02231-24-003-000,"4400 VINE ST, DENVER, CO 80216",DENVER,CO,80216,39.778175,-104.963946,,Vacant land,,,,,,,,,,80216
184757970,02154-11-002-000,"4900 LOGAN ST, DENVER, CO 80216",DENVER,CO,80216,39.786755,-104.982672,,Vacant land,,,,,,,,,,80216
184757976,02154-12-007-000,"4900 GRANT ST, DENVER, CO 80216",DENVER,CO,80216,39.786493,-104.98322,,Vacant land,,,,,,,,,,80216
184768468,02223-00-005-000,"3901 N BROADWAY 4001, DENVER, CO 80216",DENVER,CO,80216,39.771695,-104.988827,,Vacant land,,,,,,,,,,80216
184768469,02223-00-006-000,"3901 N BROADWAY, DENVER, CO 80216",DENVER,CO,80216,39.77027,-104.988872,,Vacant land,,,,,,,,,,80216
184768474,02223-00-068-000,"4000 GLOBEVILLE RD, DENVER, CO 80216",DENVER,CO,80216,39.771798,-104.989632,,Vacant land,,,,,,,,,,80216
184776023,02244-12-007-000,"4121 MONROE ST, DENVER, CO 80216",DENVER,CO,80216,39.774492,-104.94565,,Vacant land,,,,,,,,,,80216
184785995,02131-07-007-000,"5283 ADAMS ST, DENVER, CO 80216",DENVER,CO,80216,39.792491,-104.94907,,Vacant land,,,,,,,,,,80216
184785996,02131-07-008-000,"5285 ADAMS ST, DENVER, CO 80216",DENVER,CO,80216,39.79256,-104.94907,,Vacant land,,,,,,,,,,80216
184786025,02133-04-025-000,"5110 THOMPSON CT, DENVER, CO 80216",DENVER,CO,80216,39.789412,-104.954347,,Vacant land,,,,,,,,,,80216
184786034,02133-04-034-000,"5156 THOMPSON CT, DENVER, CO 80216",DENVER,CO,80216,39.790178,-104.954273,,Vacant land,,,,,,,,,,80216
184786035,02133-04-035-000,"5152 THOMPSON CT, DENVER, CO 80216",DENVER,CO,80216,39.790041,-104.954273,,Vacant land,,,,,,,,,,80216
184786036,02133-04-036-000,"5148 THOMPSON CT, DENVER, CO 80216",DENVER,CO,80216,39.789903,-104.954274,,Vacant land,,,,,,,,,,80216
184786037,02133-04-037-000,"5138 THOMPSON CT, DENVER, CO 80216",DENVER,CO,80216,39.789698,-104.954275,,Vacant land,,,,,,,,,,80216
184796633,02243-08-023-000,"4228 JOSEPHINE ST, DENVER, CO 80216",DENVER,CO,80216,39.775769,-104.957934,,Vacant land,,,,,,,,,,80216
203880372,01203-00-007-000,"4249 N MONACO ST, DENVER, CO 80216",DENVER,CO,80216,39.774172,-104.916458,,Vacant land,,,,,,,,,,80216
203881329,02273-00-112-000,"3421 PARK AVE W, DENVER, CO 80216",DENVER,CO,80216,39.763205,-104.996617,,Vacant land,,,,,,,,,,80216
204023795,02242-47-004-000,"4334 YORK ST, DENVER, CO 80216",DENVER,CO,80216,39.777081,-104.959085,,Vacant land,,,,,,,,,,80216
204024004,02271-07-025-000,"3625 BRIGHTON BLVD, DENVER, CO 80216",DENVER,CO,80216,39.771848,-104.977396,,Vacant land,,,,,,,,,,80216
204024005,02271-07-026-000,"3635 BRIGHTON BLVD, DENVER, CO 80216",DENVER,CO,80216,39.771945,-104.97727,,Vacant land,,,,,,,,,,80216
204024014,02271-09-006-000,"3600 ARKINS CT APPRX, DENVER, CO 80216",DENVER,CO,80216,39.773814,-104.978798,,Vacant land,,,,,,,,,,80216
204024016,02271-09-026-000,"3600 ARKINS CT, DENVER, CO 80216",DENVER,CO,80216,39.774435,-104.978165,,Vacant land,,,,,,,,,,80216
204080491,01183-00-055-000,"4800 E 48TH AVE, DENVER, CO 80216",DENVER,CO,80216,39.785319,-104.938662,,Vacant land,,,,,,,,,,80216
204080498,01191-00-075-000,"5090 E 48TH AVE, DENVER, CO 80216",DENVER,CO,80216,39.78333,-104.928258,,Vacant land,,,,,,,,,,80216
204080502,01191-07-009-000,"4300 FOREST ST, DENVER, CO 80216",DENVER,CO,80216,39.777506,-104.926659,,Vacant land,,,,,,,,,,80216
204080514,01204-00-018-000,"4280 N MONACO ST, DENVER, CO 80216",DENVER,CO,80216,39.775911,-104.911681,,Vacant land,,,,,,,,,,80216
204295053,01202-00-127-000,"4600 LEYDEN ST, DENVER, CO 80216",DENVER,CO,80216,39.783063,-104.915864,,Vacant land,,,,,,,,,,80216
204295054,01202-00-128-000,"4600 LEYDEN ST, DENVER, CO 80216",DENVER,CO,80216,39.782548,-104.915262,,Vacant land,,,,,,,,,,80216
204295062,02244-16-030-000,"4141 COLORADO BLVD, DENVER, CO 80216",DENVER,CO,80216,39.774581,-104.941116,,Vacant land,,,,,,,,,,80216
204584980,02221-09-023-000,"4797 LINCOLN ST, DENVER, CO 80216",DENVER,CO,80216,39.78365,-104.986029,,Vacant land,,,,,,,,,,80216
204584981,02221-10-006-000,"4743 N LEAF CT, DENVER, CO 80216",DENVER,CO,80216,39.7827,-104.987216,,Vacant land,,,,,,,,,,80216
204585022,02222-00-050-000,"4600 N GALAPAGO ST, DENVER, CO 80216",DENVER,CO,80216,39.781823,-104.996986,,Vacant land,,,,,,,,,,80216
204585024,02222-00-062-000,"600 W 48TH AVE, DENVER, CO 80216",DENVER,CO,80216,39.784007,-104.993008,,Vacant land,,,,,,,,,,80216
204585036,02223-05-002-000,"4390 DELAWARE ST, DENVER, CO 80216",DENVER,CO,80216,39.776423,-104.992015,,Vacant land,,,,,,,,,,80216
204585038,02223-05-009-000,"4300 DELAWARE ST, DENVER, CO 80216",DENVER,CO,80216,39.775901,-104.992016,,Vacant land,,,,,,,,,,80216
204585039,02223-05-013-000,"4310 DELAWARE ST, DENVER, CO 80216",DENVER,CO,80216,39.77549,-104.992017,,Vacant land,,,,,,,,,,80216
204585055,02231-03-007-000,"4740 VINE ST, DENVER, CO 80216",DENVER,CO,80216,39.782825,-104.962111,,Vacant land,,,,,,,,,,80216
204585057,02231-03-029-000,"4700 VINE ST, DENVER, CO 80216",DENVER,CO,80216,39.782276,-104.961892,,Vacant land,,,,,,,,,,80216
204645590,R0103918,", DENVER, CO 80216",DENVER,CO,80216,39.792923,-104.97659,,Vacant land,,,,,,,,,,80216
204646176,02231-14-003-000,"4600 HIGH ST, DENVER, CO 80216",DENVER,CO,80216,39.781455,-104.964243,,Vacant land,,,,,,,,,,80216
204646196,02231-31-019-000,"4300 VINE ST, DENVER, CO 80216",DENVER,CO,80216,39.776609,-104.962111,,Vacant land,,,,,,,,,,80216
204646227,02274-02-006-000,"3221 DENARGO ST, DENVER, CO 80216",DENVER,CO,80216,39.762009,-104.992392,,Vacant land,,,,,,,,,,80216
204675266,02134-00-153-000,"5044 STEELE ST, DENVER, CO 80216",DENVER,CO,80216,39.788206,-104.94935,,Vacant land,,,,,,,,,,80216
204675268,02134-01-011-000,"4900 JACKSON ST, DENVER, CO 80216",DENVER,CO,80216,39.787157,-104.941908,,Vacant land,,,,,,,,,,80216
204675270,02134-01-013-000,"4900 JACKSON ST, DENVER, CO 80216",DENVER,CO,80216,39.787042,-104.941966,,Vacant land,,,,,,,,,,80216
204675284,02143-07-024-000,"4810 CLARKSON ST, DENVER, CO 80216",DENVER,CO,80216,39.784358,-104.976861,,Vacant land,,,,,,,,,,80216
204675290,02144-00-101-000,"4900 RACE ST, DENVER, CO 80216",DENVER,CO,80216,39.785971,-104.963067,,Vacant land,,,,,,,,,,80216
204675298,02154-00-051-000,"420 E 51ST AVE, DENVER, CO 80216",DENVER,CO,80216,39.788278,-104.9825,,Vacant land,,,,,,,,,,80216
204675302,02154-13-020-000,"4973 N GRANT ST, DENVER, CO 80216",DENVER,CO,80216,39.786867,-104.983841,,Vacant land,,,,,,,,,,80216
204675312,02154-18-007-000,"4801 LINCOLN ST, DENVER, CO 80216",DENVER,CO,80216,39.783972,-104.986144,,Vacant land,,,,,,,,,,80216
204675313,02154-18-008-000,"4801 LINCOLN ST, DENVER, CO 80216",DENVER,CO,80216,39.78406,-104.98621,,Vacant land,,,,,,,,,,80216
204675320,02164-00-001-000,"4800 N HURON ST, DENVER, CO 80216",DENVER,CO,80216,39.787453,-104.997388,,Vacant land,,,,,,,,,,80216
204675321,02164-00-024-000,"4800 N KALAMATH ST, DENVER, CO 80216",DENVER,CO,80216,39.784987,-104.999998,,Vacant land,,,,,,,,,,80216
205474077,01191-00-087-000,"4800 E 48TH AVE, DENVER, CO 80216",DENVER,CO,80216,39.782731,-104.928805,,Vacant land,,,,,,,,,,80216
206002812,02221-37-033-000,"4441 WASHINGTON ST, DENVER, CO 80216",DENVER,CO,80216,39.777445,-104.979548,,Vacant land,,,,,,,,,,80216
206002813,02221-37-036-000,"4400 PEARL ST, DENVER, CO 80216",DENVER,CO,80216,39.776662,-104.979679,,Vacant land,,,,,,,,,,80216
206263394,02223-24-022-000,"4045 FOX ST, DENVER, CO 80216",DENVER,CO,80216,39.772973,-104.996028,,Vacant land,,,,,,,,,,80216
208840244,R0103778,"5680 FRANKLIN ST, DENVER, CO 80216",DENVER,CO,80216,39.800916,-104.967314,,Vacant land,,,,,,,,,,80216
208847831,R0152766,", COMMERCE CITY, CO 80216",COMMERCE CITY,CO,80216,39.910592,-104.856523,,Vacant land,,,,,,,,,,80216
208848757,R0178644,"5885 LIPAN ST, DENVER, CO 80216",DENVER,CO,80216,39.803823,-105.000742,,Vacant land,,,,,,,,,,80216
216434092,02242-13-038-000,"4640 JOSEPHINE ST, DENVER, CO 80216",DENVER,CO,80216,39.781001,-104.957859,,Vacant land,,,,,,,,,,80216
216434093,02243-00-047-000,"4060 N YORK ST, DENVER, CO 80216",DENVER,CO,80216,39.774085,-104.95909,,Vacant land,,,,,,,,,,80216
216437216,02223-14-004-000,"300 W 43RD AVE, DENVER, CO 80216",DENVER,CO,80216,39.775069,-104.991976,,Vacant land,,,,,,,,,,80216
217662684,01202-00-004-000,"4303 N MONACO ST, DENVER, CO 80216",DENVER,CO,80216,39.776562,-104.915281,,Vacant land,,,,,,,,,,80216
217667771,02154-00-052-000,"4871 PEARL ST, DENVER, CO 80216",DENVER,CO,80216,39.785044,-104.980957,,Vacant land,,,,,,,,,,80216
217667815,02274-00-118-000,"3211 DENARGO ST, DENVER, CO 80216",DENVER,CO,80216,39.761519,-104.991634,,Vacant land,,,,,,,,,,80216
219385135,01204-00-014-000,"6701 SANDOWN RD, DENVER, CO 80216",DENVER,CO,80216,39.776051,-104.910548,,Vacant land,,,,,,,,,,80216
219385139,02241-25-013-000,"4748 N JACKSON ST, DENVER, CO 80216",DENVER,CO,80216,39.782581,-104.94271,,Vacant land,,,,,,,,,,80216
219391611,02223-27-017-000,"3965 FOX ST, DENVER, CO 80216",DENVER,CO,80216,39.771264,-104.995233,,Vacant land,,,,,,,,,,80216
221208141,02231-00-089-000,"4360 BRIGHTON BLVD, DENVER, CO 80216",DENVER,CO,80216,39.778301,-104.965996,,Vacant land,,,,,,,,,,80216
221208147,02243-00-064-000,"2401 E 42ND AVE, DENVER, CO 80216",DENVER,CO,80216,39.775553,-104.954583,,Vacant land,,,,,,,,,,80216
221211024,01193-00-037-000,"4300 E SMITH RD, DENVER, CO 80216",DENVER,CO,80216,39.775198,-104.939256,,Vacant land,,,,,,,,,,80216
222389908,R0103628,", DENVER, CO 80216",DENVER,CO,80216,39.806375,-104.971286,,Vacant land,,,,,,,,,,80216
222389915,R0103676,"975 E 58TH AVE, DENVER, CO 80216",DENVER,CO,80216,39.80223,-104.97491,,Vacant land,,,,,,,,,,80216
222389917,R0103709,", DENVER, CO 80216",DENVER,CO,80216,39.803411,-104.976148,,Vacant land,,,,,,,,,,80216
222389921,R0103730,", DENVER, CO 80216",DENVER,CO,80216,39.800908,-104.976576,,Vacant land,,,,,,,,,,80216
222389922,R0103731,", DENVER, CO 80216",DENVER,CO,80216,39.80076,-104.976576,,Vacant land,,,,,,,,,,80216
222389923,R0103732,", DENVER, CO 80216",DENVER,CO,80216,39.800611,-104.976577,,Vacant land,,,,,,,,,,80216
222389924,R0103733,", DENVER, CO 80216",DENVER,CO,80216,39.800463,-104.976578,,Vacant land,,,,,,,,,,80216
222389925,R0103734,", DENVER, CO 80216",DENVER,CO,80216,39.800315,-104.976578,,Vacant land,,,,,,,,,,80216
222389954,R0103987,", DENVER, CO 80216",DENVER,CO,80216,39.796297,-104.972539,,Vacant land,,,,,,,,,,80216
222389959,R0104020,", DENVER, CO 80216",DENVER,CO,80216,39.797544,-104.978579,,Vacant land,,,,,,,,,,80216
222389970,R0104121,", DENVER, CO 80216",DENVER,CO,80216,39.795387,-104.994938,,Vacant land,,,,,,,,,,80216
222389971,R0104127,", DENVER, CO 80216",DENVER,CO,80216,39.793521,-104.99193,,Vacant land,,,,,,,,,,80216
222389972,R0104130,", DENVER, CO 80216",DENVER,CO,80216,39.791504,-104.989196,,Vacant land,,,,,,,,,,80216
222389974,R0104132,", DENVER, CO 80216",DENVER,CO,80216,39.794764,-104.988839,,Vacant land,,,,,,,,,,80216
222403615,01184-01-003-000,"5000 E 49TH AVE, DENVER, CO 80216",DENVER,CO,80216,39.784675,-104.928495,,Vacant land,,,,,,,,,,80216
222403618,01192-00-040-000,"4500 E 47TH AVE, DENVER, CO 80216",DENVER,CO,80216,39.7832,-104.936773,,Vacant land,,,,,,,,,,80216
222403624,01192-00-060-000,"4700 N BIRCH ST, DENVER, CO 80216",DENVER,CO,80216,39.782026,-104.93438,,Vacant land,,,,,,,,,,80216
222403627,01193-00-001-000,"4000 E 43RD AVE, DENVER, CO 80216",DENVER,CO,80216,39.776492,-104.935795,,Vacant land,,,,,,,,,,80216
222403628,01194-00-005-000,"4800 E 42ND AVE, DENVER, CO 80216",DENVER,CO,80216,39.775531,-104.927042,,Vacant land,,,,,,,,,,80216
222403643,01201-00-059-000,"4300 N PONTIAC ST, DENVER, CO 80216",DENVER,CO,80216,39.776679,-104.904546,,Vacant land,,,,,,,,,,80216
222403667,01201-21-006-000,"6900 E 46TH AVE, DENVER, CO 80216",DENVER,CO,80216,39.780486,-104.907417,,Vacant land,,,,,,,,,,80216
222403676,01202-00-006-000,"5600 E 43RD AVE, DENVER, CO 80216",DENVER,CO,80216,39.776553,-104.91995,,Vacant land,,,,,,,,,,80216
222403677,01202-00-044-000,"5600 E 46TH AVE, DENVER, CO 80216",DENVER,CO,80216,39.780419,-104.921139,,Vacant land,,,,,,,,,,80216
222403691,01204-01-021-000,"4200 N POPLAR ST, DENVER, CO 80216",DENVER,CO,80216,39.776529,-104.904499,,Vacant land,,,,,,,,,,80216
222404045,02131-00-014-000,"5400 N STEELE ST, DENVER, CO 80216",DENVER,CO,80216,39.794435,-104.949758,,Vacant land,,,,,,,,,,80216
222404053,02131-12-004-000,"3700 E 53RD AVE, DENVER, CO 80216",DENVER,CO,80216,39.792512,-104.943753,,Vacant land,,,,,,,,,,80216
222404057,02132-00-014-000,"5200 N MILWAUKEE ST, DENVER, CO 80216",DENVER,CO,80216,39.792651,-104.951225,,Vacant land,,,,,,,,,,80216
222404058,02132-00-046-000,"3000 E 54TH AVE, DENVER, CO 80216",DENVER,CO,80216,39.794413,-104.95125,,Vacant land,,,,,,,,,,80216
222404059,02132-00-047-000,"5300 N SAINT PAUL ST, DENVER, CO 80216",DENVER,CO,80216,39.793306,-104.951824,,Vacant land,,,,,,,,,,80216
222404119,02153-04-011-000,"5 W 51ST AVE, DENVER, CO 80216",DENVER,CO,80216,39.789904,-104.988106,,Vacant land,,,,,,,,,,80216
222404123,02154-00-031-000,"401 E 50TH AVE, DENVER, CO 80216",DENVER,CO,80216,39.787495,-104.982771,,Vacant land,,,,,,,,,,80216
222404133,02164-00-031-000,"1001 W 48TH AVE, DENVER, CO 80216",DENVER,CO,80216,39.784041,-104.998843,,Vacant land,,,,,,,,,,80216
222404351,02223-00-033-000,"301 W 38TH AVE, DENVER, CO 80216",DENVER,CO,80216,39.769965,-104.990693,,Vacant land,,,,,,,,,,80216
222404361,02223-04-002-000,"314 W 44TH AVE, DENVER, CO 80216",DENVER,CO,80216,39.776345,-104.990932,,Vacant land,,,,,,,,,,80216
222404362,02223-04-011-000,"200 W 44TH AVE, DENVER, CO 80216",DENVER,CO,80216,39.776379,-104.990679,,Vacant land,,,,,,,,,,80216
222404383,02224-00-022-000,"200 W 43RD AVE, DENVER, CO 80216",DENVER,CO,80216,39.774271,-104.985906,,Vacant land,,,,,,,,,,80216
222404387,02231-00-046-000,"4500 N HIGH ST, DENVER, CO 80216",DENVER,CO,80216,39.779208,-104.96445,,Vacant land,,,,,,,,,,80216
222404521,02242-48-001-000,"4621 N VASQUEZ BLVD, DENVER, CO 80216",DENVER,CO,80216,39.781372,-104.951137,,Vacant land,,,,,,,,,,80216
222404706,02273-00-020-000,"3501 DENARGO ST, DENVER, CO 80216",DENVER,CO,80216,39.766003,-104.991475,,Vacant land,,,,,,,,,,80216
222404707,02273-00-021-000,"3600 DENARGO ST, DENVER, CO 80216",DENVER,CO,80216,39.767286,-104.991061,,Vacant land,,,,,,,,,,80216
222404728,02274-02-002-000,"3223 DENARGO ST, DENVER, CO 80216",DENVER,CO,80216,39.762046,-104.992147,,Vacant land,,,,,,,,,,80216
222404729,02274-03-002-000,"300 W 33RD AVE, DENVER, CO 80216",DENVER,CO,80216,39.762848,-104.992668,,Vacant land,,,,,,,,,,80216
222404730,02274-05-003-000,"300 W 34TH AVE, DENVER, CO 80216",DENVER,CO,80216,39.764302,-104.992821,,Vacant land,,,,,,,,,,80216
222404731,02274-05-004-000,"300 W 34TH AVE, DENVER, CO 80216",DENVER,CO,80216,39.764439,-104.992844,,Vacant land,,,,,,,,,,80216
222404732,02274-05-005-000,"300 W 34TH AVE, DENVER, CO 80216",DENVER,CO,80216,39.764501,-104.99233,,Vacant land,,,,,,,,,,80216
222404733,02274-06-002-000,"301 W 34TH AVE, DENVER, CO 80216",DENVER,CO,80216,39.764787,-104.992738,,Vacant land,,,,,,,,,,80216
222404734,02274-06-003-000,"301 W 34TH AVE, DENVER, CO 80216",DENVER,CO,80216,39.764741,-104.992317,,Vacant land,,,,,,,,,,80216
222404743,02275-00-079-000,"2900 WAZEE ST, DENVER, CO 80216",DENVER,CO,80216,39.765618,-104.98269,,Vacant land,,,,,,,,,,80216
227207664,02223-04-015-000,"4303 N CAHITA CT, DENVER, CO 80216",DENVER,CO,80216,39.776043,-104.990757,,Vacant land,,,,,,,,,,80216
229551602,02223-04-017-000,"4305 N CAHITA CT, DENVER, CO 80216",DENVER,CO,80216,39.77624,-104.990675,,Vacant land,,,,,,,,,,80216
229844721,01213-00-129-000,"4200 N TRENTON ST VCNT, DENVER, CO 80216",DENVER,CO,80216,39.776204,-104.895407,,Vacant land,,,,,,,,,,80216
238239455,02223-00-096-000,"700 W 44TH AVENUE APPRX, DENVER, CO 80216",DENVER,CO,80216,39.77579,-104.996943,,Vacant land,,,,,,,,,,80216
248771670,02243-00-066-000,"4235 COLUMBINE ST, DENVER, CO 80216",DENVER,CO,80216,39.774362,-104.957756,,Vacant land,,,,,,,,,,80216
251007320,02273-00-114-000,"2114 31ST ST, DENVER, CO 80216",DENVER,CO,80216,39.769265,-104.988544,,Vacant land,,,,,,,,,,80216
251009352,02221-38-024-000,"4414 WASHINGTON ST, DENVER, CO 80216",DENVER,CO,80216,39.77697,-104.978596,,Vacant land,,,,,,,,,,80216
251009361,02224-00-098-000,"2101 31ST ST, DENVER, CO 80216",DENVER,CO,80216,39.770893,-104.986449,,Vacant land,,,,,,,,,,80216
251527347,02144-00-117-000,"4975 YORK ST, DENVER, CO 80216",DENVER,CO,80216,39.786584,-104.960225,,Vacant land,,,,,,,,,,80216
251527376,02224-00-101-000,"4395 WASHINGTON ST, DENVER, CO 80216",DENVER,CO,80216,39.775006,-104.981095,,Vacant land,,,,,,,,,,80216
251527378,02224-00-103-000,"3349 RINGSBY CT, DENVER, CO 80216",DENVER,CO,80216,39.772304,-104.98465,,Vacant land,,,,,,,,,,80216
251527380,02224-00-105-000,"3365 RINGSBY CT, DENVER, CO 80216",DENVER,CO,80216,39.772941,-104.983811,,Vacant land,,,,,,,,,,80216
251527382,02224-00-107-000,"3485 RINGSBY CT, DENVER, CO 80216",DENVER,CO,80216,39.773439,-104.983168,,Vacant land,,,,,,,,,,80216
252742186,02153-00-090-000,"600 W 50TH AVE, DENVER, CO 80216",DENVER,CO,80216,39.789891,-104.993381,,Vacant land,,,,,,,,,,80216
252742189,02154-00-058-000,"400 E 52ND AVE, DENVER, CO 80216",DENVER,CO,80216,39.790092,-104.982574,,Vacant land,,,,,,,,,,80216
314830374,02233-00-060-000,"4120 BRIGHTON BLVD, DENVER, CO 80216",DENVER,CO,80216,39.773787,-104.971968,,Vacant land,,,,,,,,,,80216
320948054,02231-30-019-000,"4310 GAYLORD ST, DENVER, CO 80216",DENVER,CO,80216,39.776746,-104.961055,,Vacant land,,,,,,,,,,80216
322346330,02243-19-001-000,"4023 YORK ST, DENVER, CO 80216",DENVER,CO,80216,39.773631,-104.959067,,Vacant land,,,,,,,,,,80216
322346331,02243-20-001-000,"4004 N YORK CT, DENVER, CO 80216",DENVER,CO,80216,39.773354,-104.958631,,Vacant land,,,,,,,,,,80216
324870551,02133-07-022-000,"5030 MILWAUKEE ST, DENVER, CO 80216",DENVER,CO,80216,39.788216,-104.951952,,Vacant land,,,,,,,,,,80216
324870638,02241-00-036-000,"3198 E 48TH AVE, DENVER, CO 80216",DENVER,CO,80216,39.783584,-104.949865,,Vacant land,,,,,,,,,,80216
324870665,02271-15-022-000,"3500 WAZEE ST, DENVER, CO 80216",DENVER,CO,80216,39.770361,-104.975065,,Vacant land,,,,,,,,,,80216
324870666,02271-15-023-000,"3500 WAZEE ST, DENVER, CO 80216",DENVER,CO,80216,39.76903,-104.976686,,Vacant land,,,,,,,,,,80216
325196889,02231-22-010-000,"4500 N RACE ST, DENVER, CO 80216",DENVER,CO,80216,39.779755,-104.96281,,Vacant land,,,,,,,,,,80216
326742574,02143-00-179-000,"4900 PACKING HOUSE RD, DENVER, CO 80216",DENVER,CO,80216,39.786636,-104.969843,,Vacant land,,,,,,,,,,80216
326742793,02242-15-019-000,"2615 E 46TH AVE, DENVER, CO 80216",DENVER,CO,80216,39.780765,-104.955618,,Vacant land,,,,,,,,,,80216
326743005,02271-00-044-000,"3300 ARKINS CT, DENVER, CO 80216",DENVER,CO,80216,39.769735,-104.981748,,Vacant land,,,,,,,,,,80216
326743006,02271-00-045-000,"3324 ARKINS CT, DENVER, CO 80216",DENVER,CO,80216,39.769206,-104.981648,,Vacant land,,,,,,,,,,80216
326743012,02271-23-017-000,"3333 BRIGHTON BLVD, DENVER, CO 80216",DENVER,CO,80216,39.76936,-104.981106,,Vacant land,,,,,,,,,,80216
326743013,02271-23-019-000,"3395 BRIGHTON BLVD, DENVER, CO 80216",DENVER,CO,80216,39.769746,-104.980563,,Vacant land,,,,,,,,,,80216
328417336,01191-03-010-000,"4590 N FOREST ST, DENVER, CO 80216",DENVER,CO,80216,39.779843,-104.926377,,Vacant land,,,,,,,,,,80216
331575888,02241-08-018-000,"4500 N STEELE ST, DENVER, CO 80216",DENVER,CO,80216,39.77907,-104.949336,,Vacant land,,,,,,,,,,80216
331734640,02244-05-015-000,"4201 N MONROE ST, DENVER, CO 80216",DENVER,CO,80216,39.775548,-104.945578,,Vacant land,,,,,,,,,,80216
331743142,02154-00-073-000,"495 E 51ST AVE, DENVER, CO 80216",DENVER,CO,80216,39.789556,-104.979288,,Vacant land,,,,,,,,,,80216
332127156,02144-04-010-000,"2150 E 49TH AVE, DENVER, CO 80216",DENVER,CO,80216,39.784899,-104.961877,,Vacant land,,,,,,,,,,80216
332127325,02223-24-023-000,"4045 FOX ST, DENVER, CO 80216",DENVER,CO,80216,39.773815,-104.996447,,Vacant land,,,,,,,,,,80216
333592941,02231-03-036-000,"4774 VINE ST # 4770, DENVER, CO 80216",DENVER,CO,80216,39.783378,-104.962112,,Vacant land,,,,,,,,,,80216
334130359,02222-05-035-000,"4411 CHEROKEE ST, DENVER, CO 80216",DENVER,CO,80216,39.776818,-104.991511,,Vacant land,,,,,,,,,,80216
336002796,02233-00-088-000,"4114 BRIGHTON BLVD, DENVER, CO 80216",DENVER,CO,80216,39.775866,-104.970657,,Vacant land,,,,,,,,,,80216
336002825,02242-12-036-000,"4638 YORK ST, DENVER, CO 80216",DENVER,CO,80216,39.780918,-104.958972,,Vacant land,,,,,,,,,,80216
336002826,02242-12-037-000,"4634 YORK ST, DENVER, CO 80216",DENVER,CO,80216,39.780828,-104.958972,,Vacant land,,,,,,,,,,80216
336002846,02244-20-019-000,"4001 MONROE ST, DENVER, CO 80216",DENVER,CO,80216,39.773398,-104.945653,,Vacant land,,,,,,,,,,80216
336002931,02271-13-046-000,"3535 WYNKOOP ST, DENVER, CO 80216",DENVER,CO,80216,39.770402,-104.977524,,Vacant land,,,,,,,,,,80216
336002942,02275-00-132-000,"3000 BRIGHTON BLVD, DENVER, CO 80216",DENVER,CO,80216,39.765271,-104.984354,,Vacant land,,,,,,,,,,80216
336504038,R0212910,"3601 E 54TH AVE, COMMERCE CITY, CO 80216",COMMERCE CITY,CO,80216,39.794887,-105.03467,,Vacant land,,,,,,,,,,80216
1000514522,02222-00-077-000,"740 W 48TH AVE, DENVER, CO 80216",DENVER,CO,80216,39.783566,-104.996592,,Vacant land,,,,,,,,,,80216
1000514523,02222-00-078-000,"750 W 48TH AVE, DENVER, CO 80216",DENVER,CO,80216,39.783697,-104.996942,,Vacant land,,,,,,,,,,80216
1000514614,02271-13-061-000,"3521 WYNKOOP ST, DENVER, CO 80216",DENVER,CO,80216,39.770111,-104.977919,,Vacant land,,,,,,,,,,80216
1000514615,02271-13-062-000,"1765 35TH ST, DENVER, CO 80216",DENVER,CO,80216,39.770291,-104.978363,,Vacant land,,,,,,,,,,80216
1000514624,02273-00-122-000,"3495 PARK AVE W, DENVER, CO 80216",DENVER,CO,80216,39.766612,-104.996978,,Vacant land,,,,,,,,,,80216
1000514627,02274-00-125-000,"2365 DELGANY ST, DENVER, CO 80216",DENVER,CO,80216,39.760882,-104.992787,,Vacant land,,,,,,,,,,80216
1001988426,02222-10-006-000,"686 W 45TH AVE, DENVER, CO 80216",DENVER,CO,80216,39.778501,-104.995549,,Vacant land,,,,,,,,,,80216
1001988437,02223-31-001-000,"699 W 40TH AVE, DENVER, CO 80216",DENVER,CO,80216,39.771957,-104.996039,,Vacant land,,,,,,,,,,80216
1002354035,02154-12-007-000,"4900 GRANT ST, DENVER, CO 80216",DENVER,CO,80216,39.78581,-104.9834,,Vacant land,,,,,,,,,,80216
1002354132,02144-00-028-000,"4900 RACE ST, DENVER, CO 80216",DENVER,CO,80216,39.785604,-104.962955,,Vacant land,,,,,,,,,,80216
1002354198,02231-14-003-000,"4600 HIGH ST, DENVER, CO 80216",DENVER,CO,80216,39.78113,-104.964319,,Vacant land,,,,,,,,,,80216
1002354208,02231-31-019-000,"4300 VINE ST, DENVER, CO 80216",DENVER,CO,80216,39.776774,-104.9621,,Vacant land,,,,,,,,,,80216
1004945255,01193-00-049-000,"4050 COLORADO BLVD, DENVER, CO 80216",DENVER,CO,80216,39.773989,-104.93956,,Vacant land,,,,,,,,,,80216
1004945256,01193-00-050-000,"4050 COLORADO BLVD, DENVER, CO 80216",DENVER,CO,80216,39.773989,-104.93956,,Vacant land,,,,,,,,,,80216
1004945257,01193-00-051-000,"4050 COLORADO BLVD, DENVER, CO 80216",DENVER,CO,80216,39.773989,-104.93956,,Vacant land,,,,,,,,,,80216
1004945319,02143-00-182-000,"770 E 51ST AVE, DENVER, CO 80216",DENVER,CO,80216,39.788855,-104.976736,,Vacant land,,,,,,,,,,80216
1004945321,02143-00-184-000,"4900 CLARKSON ST, DENVER, CO 80216",DENVER,CO,80216,39.785817,-104.976331,,Vacant land,,,,,,,,,,80216
1004945323,02143-00-186-000,"5040 WASHINGTON ST, DENVER, CO 80216",DENVER,CO,80216,39.787993,-104.977315,,Vacant land,,,,,,,,,,80216
1004945325,02143-00-188-000,"5048 WASHINGTON ST, DENVER, CO 80216",DENVER,CO,80216,39.788664,-104.977573,,Vacant land,,,,,,,,,,80216
1004945326,02143-00-189-000,"5064 WASHINGTON ST, DENVER, CO 80216",DENVER,CO,80216,39.788914,-104.977573,,Vacant land,,,,,,,,,,80216
1004945328,02143-00-191-000,"4950 WASHINGTON ST, DENVER, CO 80216",DENVER,CO,80216,39.786949,-104.977333,,Vacant land,,,,,,,,,,80216
1004945330,02143-00-193-000,"5000 WASHINGTON ST, DENVER, CO 80216",DENVER,CO,80216,39.787594,-104.977375,,Vacant land,,,,,,,,,,80216
1004945331,02143-04-030-000,"5100 CLARKSON ST, DENVER, CO 80216",DENVER,CO,80216,39.789136,-104.976245,,Vacant land,,,,,,,,,,80216
1004945332,02143-04-031-000,"5100 CLARKSON ST, DENVER, CO 80216",DENVER,CO,80216,39.789136,-104.976245,,Vacant land,,,,,,,,,,80216
1004945334,02143-05-071-000,"5113 CLARKSON ST # 1, DENVER, CO 80216",DENVER,CO,80216,39.789308,-104.976884,,Vacant land,,,,,,,,,,80216
1004945335,02143-05-072-000,"5113 CLARKSON ST, DENVER, CO 80216",DENVER,CO,80216,39.789308,-104.976884,,Vacant land,,,,,,,,,,80216
1004945336,02143-06-016-000,"4812 WASHINGTON ST, DENVER, CO 80216",DENVER,CO,80216,39.784927,-104.977187,,Vacant land,,,,,,,,,,80216
1004945337,02143-06-017-000,"4812 WASHINGTON ST, DENVER, CO 80216",DENVER,CO,80216,39.784927,-104.977187,,Vacant land,,,,,,,,,,80216
1004945339,02143-07-027-000,"4867 EMERSON ST, DENVER, CO 80216",DENVER,CO,80216,39.785049,-104.975709,,Vacant land,,,,,,,,,,80216
1004945340,02144-00-129-000,"4900 RACE ST, DENVER, CO 80216",DENVER,CO,80216,39.78562,-104.962418,,Vacant land,,,,,,,,,,80216
1004945341,02144-00-130-000,"4900 RACE ST, DENVER, CO 80216",DENVER,CO,80216,39.78562,-104.962418,,Vacant land,,,,,,,,,,80216
1004945342,02144-00-131-000,"4900 RACE ST, DENVER, CO 80216",DENVER,CO,80216,39.78562,-104.962418,,Vacant land,,,,,,,,,,80216
1004945343,02144-00-132-000,"5050 RACE ST, DENVER, CO 80216",DENVER,CO,80216,39.786639,-104.961612,,Vacant land,,,,,,,,,,80216
1004945344,02144-04-018-000,"2150 E 49TH AVE, DENVER, CO 80216",DENVER,CO,80216,39.784901,-104.961342,,Vacant land,,,,,,,,,,80216
1004945345,02144-04-019-000,"2150 E 49TH AVE, DENVER, CO 80216",DENVER,CO,80216,39.784901,-104.961342,,Vacant land,,,,,,,,,,80216
1004945347,02154-00-079-000,"5005 WASHINGTON ST, DENVER, CO 80216",DENVER,CO,80216,39.788049,-104.978193,,Vacant land,,,,,,,,,,80216
1004945349,02154-00-081-000,"5057 WASHINGTON ST, DENVER, CO 80216",DENVER,CO,80216,39.788817,-104.977931,,Vacant land,,,,,,,,,,80216
1004945477,02221-01-015-000,"4755 WASHINGTON ST, DENVER, CO 80216",DENVER,CO,80216,39.783136,-104.978253,,Vacant land,,,,,,,,,,80216
1004945479,02221-02-034-000,"4705 WASHINGTON ST, DENVER, CO 80216",DENVER,CO,80216,39.782041,-104.978542,,Vacant land,,,,,,,,,,80216
1004945481,02221-02-036-000,"4735 WASHINGTON ST, DENVER, CO 80216",DENVER,CO,80216,39.782587,-104.978301,,Vacant land,,,,,,,,,,80216
1004945482,02221-19-028-000,"4685 WASHINGTON ST, DENVER, CO 80216",DENVER,CO,80216,39.781656,-104.978514,,Vacant land,,,,,,,,,,80216
1004945483,02221-19-029-000,"4685 WASHINGTON ST, DENVER, CO 80216",DENVER,CO,80216,39.781656,-104.978514,,Vacant land,,,,,,,,,,80216
1004945484,02221-19-030-000,"4685 WASHINGTON ST, DENVER, CO 80216",DENVER,CO,80216,39.781656,-104.978514,,Vacant land,,,,,,,,,,80216
1004945485,02232-00-252-000,"1301 E 46TH AVE, DENVER, CO 80216",DENVER,CO,80216,39.780568,-104.972329,,Vacant land,,,,,,,,,,80216
1004945489,02232-00-256-000,"4800 WASHINGTON ST, DENVER, CO 80216",DENVER,CO,80216,39.783496,-104.977112,,Vacant land,,,,,,,,,,80216
1004945491,02232-00-258-000,"850 E 48TH AVE, DENVER, CO 80216",DENVER,CO,80216,39.783855,-104.976187,,Vacant land,,,,,,,,,,80216
1004945493,02232-00-260-000,"790 E 48TH AVE, DENVER, CO 80216",DENVER,CO,80216,39.783985,-104.976918,,Vacant land,,,,,,,,,,80216
1004945498,02242-21-017-000,"4542 FILLMORE ST, DENVER, CO 80216",DENVER,CO,80216,39.779807,-104.952147,,Vacant land,,,,,,,,,,80216
1004945499,02242-21-018-000,"4542 FILLMORE ST, DENVER, CO 80216",DENVER,CO,80216,39.779807,-104.952147,,Vacant land,,,,,,,,,,80216
1004945500,02243-18-015-000,"4001 FILLMORE ST, DENVER, CO 80216",DENVER,CO,80216,39.773083,-104.952824,,Vacant land,,,,,,,,,,80216
1004945501,02243-18-017-000,"4021 FILLMORE ST, DENVER, CO 80216",DENVER,CO,80216,39.773219,-104.952813,,Vacant land,,,,,,,,,,80216
1004945502,02243-18-018-000,"4001 FILLMORE ST, DENVER, CO 80216",DENVER,CO,80216,39.773083,-104.952824,,Vacant land,,,,,,,,,,80216
1004945542,02271-07-074-000,"3700 DELGANY ST, DENVER, CO 80216",DENVER,CO,80216,39.772622,-104.976872,,Vacant land,,,,,,,,,,80216
1004945543,02271-07-075-000,"3702 DELGANY ST, DENVER, CO 80216",DENVER,CO,80216,39.772718,-104.976588,,Vacant land,,,,,,,,,,80216
1004945544,02271-07-076-000,"3720 DELGANY ST, DENVER, CO 80216",DENVER,CO,80216,39.772911,-104.976375,,Vacant land,,,,,,,,,,80216
1004945545,02271-07-077-000,"3720 DELGANY ST, DENVER, CO 80216",DENVER,CO,80216,39.772911,-104.976375,,Vacant land,,,,,,,,,,80216
1004945546,02271-09-029-000,"3601 ARKINS CT, DENVER, CO 80216",DENVER,CO,80216,39.773666,-104.978717,,Vacant land,,,,,,,,,,80216
1004945547,02271-09-030-000,", DENVER, CO 80216",DENVER,CO,80216,39.773144,-104.978952,,Vacant land,,,,,,,,,,80216
1004945548,02271-13-064-000,"1765 35TH ST, DENVER, CO 80216",DENVER,CO,80216,39.77023,-104.977916,,Vacant land,,,,,,,,,,80216
1004945550,02274-00-127-000,"2430 DELGANY ST, DENVER, CO 80216",DENVER,CO,80216,39.760525,-104.990376,,Vacant land,,,,,,,,,,80216
1004945551,02274-00-128-000,"2800 WEWATTA WAY, DENVER, CO 80216",DENVER,CO,80216,39.762799,-104.987759,,Vacant land,,,,,,,,,,80216
3135996,05023-21-056-000,"779 N LAFAYETTE ST, DENVER, CO 80218",DENVER,CO,80218,39.728813,-104.970949,,Vacant land,,,,,,,,,,80218
10311872,05114-11-011-000,"190 S MARION STREET PKWY, DENVER, CO 80218",DENVER,CO,80218,39.71312,-104.971866,,Vacant land,,,,,,,,,,80218
30494696,05022-04-017-000,"1425 N MARION ST, DENVER, CO 80218",DENVER,CO,80218,39.738964,-104.972194,,Vacant land,,,,,,,,,,80218
39530941,02354-12-021-000,"1749 N LAFAYETTE ST, DENVER, CO 80218",DENVER,CO,80218,39.744252,-104.971263,,Vacant land,,,,,,,,,,80218
46353795,02354-25-050-000,"1576 N EMERSON ST, DENVER, CO 80218",DENVER,CO,80218,39.741399,-104.975699,,Vacant land,,,,,,,,,,80218
49250832,02355-08-003-000,"1820 N GILPIN ST, DENVER, CO 80218",DENVER,CO,80218,39.745314,-104.966862,,Vacant land,,,,,,,,,,80218
53686522,02353-11-042-000,"1919 N OGDEN ST, DENVER, CO 80218",DENVER,CO,80218,39.74677,-104.975411,,Vacant land,,,,,,,,,,80218
184293257,02355-19-056-000,"1751 N WILLIAMS ST, DENVER, CO 80218",DENVER,CO,80218,39.744201,-104.966345,,Vacant land,,,,,,,,,,80218
184297437,02334-15-006-000,"1600 E 3RD AVE, DENVER, CO 80218",DENVER,CO,80218,39.742997,-105.014132,,Vacant land,,,,,,,,,,80218
184297683,02354-18-044-000,"1625 N MARION ST, DENVER, CO 80218",DENVER,CO,80218,39.742277,-104.972495,,Vacant land,,,,,,,,,,80218
184297733,02355-08-004-000,"1800 N GILPIN ST, DENVER, CO 80218",DENVER,CO,80218,39.745073,-104.966861,,Vacant land,,,,,,,,,,80218
184297744,02355-09-021-000,"1801 N HIGH ST, DENVER, CO 80218",DENVER,CO,80218,39.74514,-104.965145,,Vacant land,,,,,,,,,,80218
184297813,02355-26-029-000,"1650 N HIGH ST, DENVER, CO 80218",DENVER,CO,80218,39.742627,-104.964418,,Vacant land,,,,,,,,,,80218
184303160,02337-05-012-000,"1363 E 9TH AVE, DENVER, CO 80218",DENVER,CO,80218,39.745723,-105.004695,,Vacant land,,,,,,,,,,80218
184303162,02337-05-014-000,"1363 E 9TH AVE, DENVER, CO 80218",DENVER,CO,80218,39.745723,-105.004695,,Vacant land,,,,,,,,,,80218
184303195,02338-10-013-000,"1200 E 4TH AVE, DENVER, CO 80218",DENVER,CO,80218,39.740679,-105.011177,,Vacant land,,,,,,,,,,80218
184303196,02338-10-014-000,"1201 E 3RD AVE, DENVER, CO 80218",DENVER,CO,80218,39.741046,-105.012008,,Vacant land,,,,,,,,,,80218
184323720,05114-03-188-000,"1 N OGDEN ST, DENVER, CO 80218",DENVER,CO,80218,39.716841,-104.976092,,Vacant land,,,,,,,,,,80218
184691665,02354-10-040-000,"1700 N OGDEN ST, DENVER, CO 80218",DENVER,CO,80218,39.743893,-104.974283,,Vacant land,,,,,,,,,,80218
184691673,02354-12-024-000,"1765 N LAFAYETTE ST, DENVER, CO 80218",DENVER,CO,80218,39.744489,-104.971263,,Vacant land,,,,,,,,,,80218
184691674,02354-12-025-000,"1775 N LAFAYETTE ST, DENVER, CO 80218",DENVER,CO,80218,39.744618,-104.971262,,Vacant land,,,,,,,,,,80218
184743292,02338-16-021-000,"1001 E 4TH AVE, DENVER, CO 80218",DENVER,CO,80218,39.740657,-105.010546,,Vacant land,,,,,,,,,,80218
184743296,02338-17-002-000,"1000 E 4TH AVE, DENVER, CO 80218",DENVER,CO,80218,39.740467,-105.010875,,Vacant land,,,,,,,,,,80218
184797038,02354-15-079-000,"1659 N FRANKLIN ST # 101, DENVER, CO 80218",DENVER,CO,80218,39.742739,-104.968819,,Vacant land,,,,,,,,,,80218
204024248,02354-12-037-000,"1740 N MARION ST, DENVER, CO 80218",DENVER,CO,80218,39.744118,-104.97165,,Vacant land,,,,,,,,,,80218
204024252,02354-12-044-000,"1740 N MARION ST, DENVER, CO 80218",DENVER,CO,80218,39.744043,-104.97178,,Vacant land,,,,,,,,,,80218
204080786,05112-16-034-000,"300 N OGDEN ST, DENVER, CO 80218",DENVER,CO,80218,39.72211,-104.97506,,Vacant land,,,,,,,,,,80218
204651070,02338-10-015-000,"1203 E 3RD AVE, DENVER, CO 80218",DENVER,CO,80218,39.740822,-105.011854,,Vacant land,,,,,,,,,,80218
204651256,05022-15-037-000,"1357 N MARION ST, DENVER, CO 80218",DENVER,CO,80218,39.737997,-104.972369,,Vacant land,,,,,,,,,,80218
204651258,05022-15-039-000,"1359 N MARION ST, DENVER, CO 80218",DENVER,CO,80218,39.738073,-104.972369,,Vacant land,,,,,,,,,,80218
217671731,02338-10-017-000,"1001 E 4TH AVE, DENVER, CO 80218",DENVER,CO,80218,39.740843,-105.010891,,Vacant land,,,,,,,,,,80218
251007657,05022-05-061-000,"1060 E COLFAX AVE, DENVER, CO 80218",DENVER,CO,80218,39.740019,-104.974003,,Vacant land,,,,,,,,,,80218
251007661,05022-05-060-000,"1040 E COLFAX AVE, DENVER, CO 80218",DENVER,CO,80218,39.739716,-104.973672,,Vacant land,,,,,,,,,,80218
251007663,05022-05-059-000,"1020 E COLFAX AVE, DENVER, CO 80218",DENVER,CO,80218,39.739715,-104.973893,,Vacant land,,,,,,,,,,80218
251523415,05022-05-063-000,"1457 N DOWNING ST, DENVER, CO 80218",DENVER,CO,80218,39.739599,-104.973257,,Vacant land,,,,,,,,,,80218
334130847,05022-05-056-000,"1446 N CORONA ST, DENVER, CO 80218",DENVER,CO,80218,39.739277,-104.973838,,Vacant land,,,,,,,,,,80218
334130848,05022-05-057-000,"1446 N CORONA ST, DENVER, CO 80218",DENVER,CO,80218,39.739377,-104.973839,,Vacant land,,,,,,,,,,80218
334130849,05022-05-058-000,"1446 N CORONA ST, DENVER, CO 80218",DENVER,CO,80218,39.739487,-104.973842,,Vacant land,,,,,,,,,,80218
334131238,05112-09-024-000,"485 N LAFAYETTE ST, DENVER, CO 80218",DENVER,CO,80218,39.723471,-104.970938,,Vacant land,,,,,,,,,,80218
1001988086,05022-05-061-000,"1060 E COLFAX AVE, DENVER, CO 80218",DENVER,CO,80218,39.740019,-104.974003,,Vacant land,,,,,,,,,,80218
1001988731,02355-19-055-000,"1749 N WILLIAMS ST, DENVER, CO 80218",DENVER,CO,80218,39.744139,-104.966355,,Vacant land,,,,,,,,,,80218
1001988732,02355-19-056-000,"1751 N WILLIAMS ST, DENVER, CO 80218",DENVER,CO,80218,39.744208,-104.966355,,Vacant land,,,,,,,,,,80218
1001988733,02355-19-057-000,"1755 N WILLIAMS ST, DENVER, CO 80218",DENVER,CO,80218,39.744276,-104.966354,,Vacant land,,,,,,,,,,80218
1004945729,02354-14-037-000,"1769 N FRANKLIN ST, DENVER, CO 80218",DENVER,CO,80218,39.744328,-104.968083,,Vacant land,,,,,,,,,,80218
1004945731,02354-14-039-000,"1779 N FRANKLIN ST, DENVER, CO 80218",DENVER,CO,80218,39.744434,-104.968083,,Vacant land,,,,,,,,,,80218
1026804,05203-04-045-000,"3050 W IOWA AVE, DENVER, CO 80219",DENVER,CO,80219,39.687442,-105.026525,,Vacant land,,,,,,,,,,80219
1026808,05203-04-011-000,"1600 S HAZEL CT, DENVER, CO 80219",DENVER,CO,80219,39.68744,-105.027218,,Vacant land,,,,,,,,,,80219
1765076,05294-01-034-000,"2327 S ZUNI ST, DENVER, CO 80219",DENVER,CO,80219,39.674134,-105.016358,,Vacant land,,,,,,,,,,80219
1872011,05294-12-035-000,"2612 S DECATUR ST, DENVER, CO 80219",DENVER,CO,80219,39.669972,-105.022439,,Vacant land,,,,,,,,,,80219
2167801,05173-17-122-000,"3425 W FORD PL, DENVER, CO 80219",DENVER,CO,80219,39.699622,-105.031644,,Vacant land,,,,,,,,,,80219
3349051,05085-10-033-000,"2801 W ARCHER PL, DENVER, CO 80219",DENVER,CO,80219,39.715989,-105.022959,,Vacant land,,,,,,,,,,80219
3665560,05174-00-159-000,"925 S ELIOT ST # MISC, DENVER, CO 80219",DENVER,CO,80219,39.699893,-105.024189,,Vacant land,,,,,,,,,,80219
7697418,05173-05-025-000,"3465 W OHIO AVE, DENVER, CO 80219",DENVER,CO,80219,39.702422,-105.032737,,Vacant land,,,,,,,,,,80219
13645369,05182-00-165-000,"300 S YATES ST, DENVER, CO 80219",DENVER,CO,80219,39.710202,-105.050222,,Vacant land,,,,,,,,,,80219
14124815,05201-03-025-000,"1120 S FEDERAL BLVD, DENVER, CO 80219",DENVER,CO,80219,39.69611,-105.024677,,Vacant land,,,,,,,,,,80219
22179745,05204-03-050-000,"1622 S FEDERAL BLVD, DENVER, CO 80219",DENVER,CO,80219,39.687282,-105.024121,,Vacant land,,,,,,,,,,80219
24343853,05172-22-010-000,"3360 W CUSTER PL # VCNT, DENVER, CO 80219",DENVER,CO,80219,39.706504,-105.030719,,Vacant land,,,,,,,,,,80219
28613052,05173-18-025-000,"1051 S HOOKER ST, DENVER, CO 80219",DENVER,CO,80219,39.697563,-105.028853,,Vacant land,,,,,,,,,,80219
30411568,05204-30-208-000,"1660 S DECATUR ST, DENVER, CO 80219",DENVER,CO,80219,39.68659,-105.022336,,Vacant land,,,,,,,,,,80219
30646827,05201-02-058-000,"1245 S DALE CT, DENVER, CO 80219",DENVER,CO,80219,39.694419,-105.022344,,Vacant land,,,,,,,,,,80219
30890893,02314-12-029-000,"1601 S MEADE ST, DENVER, CO 80219",DENVER,CO,80219,39.743579,-105.036123,,Vacant land,,,,,,,,,,80219
39577045,05173-26-117-000,"3400 W TENNESSEE AVE, DENVER, CO 80219",DENVER,CO,80219,39.698109,-105.031222,,Vacant land,,,,,,,,,,80219
39577061,05173-26-141-000,"3401 W MISSISSIPPI AVE, DENVER, CO 80219",DENVER,CO,80219,39.697321,-105.031092,,Vacant land,,,,,,,,,,80219
39762859,05173-04-015-000,"3451 W WALSH PL, DENVER, CO 80219",DENVER,CO,80219,39.703376,-105.032657,,Vacant land,,,,,,,,,,80219
43060329,05073-00-054-000,"4407 W ALAMEDA AVE, DENVER, CO 80219",DENVER,CO,80219,39.711656,-105.044731,,Vacant land,,,,,,,,,,80219
43234140,05183-11-008-000,"5197 MORRISON RD, DENVER, CO 80219",DENVER,CO,80219,39.69732,-105.052976,,Vacant land,,,,,,,,,,80219
48899361,05181-37-004-000,"528 S OSCEOLA ST, DENVER, CO 80219",DENVER,CO,80219,39.70659,-105.037839,,Vacant land,,,,,,,,,,80219
49471831,05202-12-049-000,"3031 W FLORIDA AVE, DENVER, CO 80219",DENVER,CO,80219,39.689769,-105.025899,,Vacant land,,,,,,,,,,80219
51044318,05173-18-024-000,"1041 S HOOKER ST, DENVER, CO 80219",DENVER,CO,80219,39.697727,-105.028817,,Vacant land,,,,,,,,,,80219
51113643,05291-01-032-000,"2405 W ASBURY AVE, DENVER, CO 80219",DENVER,CO,80219,39.680957,-105.015912,,Vacant land,,,,,,,,,,80219
51198416,05291-03-006-000,"1968 S DECATUR ST, DENVER, CO 80219",DENVER,CO,80219,39.681163,-105.022071,,Vacant land,,,,,,,,,,80219
51332229,05172-32-012-000,"3050 W GILL PL # VCNT, DENVER, CO 80219",DENVER,CO,80219,39.704783,-105.025578,,Vacant land,,,,,,,,,,80219
51380806,05291-12-022-000,"2270 S FEDERAL BLVD, DENVER, CO 80219",DENVER,CO,80219,39.675815,-105.024196,,Vacant land,,,,,,,,,,80219
140833245,05173-09-009-000,"3145 W ADA PL, DENVER, CO 80219",DENVER,CO,80219,39.701581,-105.027356,,Vacant land,,,,,,,,,,80219
143241236,05172-02-010-000,"362 S HAZEL CT, DENVER, CO 80219",DENVER,CO,80219,39.709974,-105.027227,,Vacant land,,,,,,,,,,80219
145360531,05302-14-025-000,"4760 W EVANS AVE, DENVER, CO 80219",DENVER,CO,80219,39.678679,-105.047669,,Vacant land,,,,,,,,,,80219
146219802,05085-12-018-000,"2765 W BAYAUD AVE, DENVER, CO 80219",DENVER,CO,80219,39.715081,-105.021865,,Vacant land,,,,,,,,,,80219
184226506,05202-12-077-000,"3100 W ARKANSAS AVE, DENVER, CO 80219",DENVER,CO,80219,39.690796,-105.026915,,Vacant land,,,,,,,,,,80219
184305503,05071-27-009-000,"219 QUITMAN ST, DENVER, CO 80219",DENVER,CO,80219,39.720201,-105.041262,,Vacant land,,,,,,,,,,80219
184307793,05204-29-021-000,"2700 W FLORIDA AVE, DENVER, CO 80219",DENVER,CO,80219,39.688647,-105.021971,,Vacant land,,,,,,,,,,80219
184310769,05083-29-001-000,"200 IRVING ST, DENVER, CO 80219",DENVER,CO,80219,39.72094,-105.029693,,Vacant land,,,,,,,,,,80219
184311779,05182-11-001-000,"4700 W BINGHAM PL, DENVER, CO 80219",DENVER,CO,80219,39.707161,-105.048255,,Vacant land,,,,,,,,,,80219
184313104,05172-31-017-000,"3209 W EXPOSITION AVE, DENVER, CO 80219",DENVER,CO,80219,39.70426,-105.028606,,Vacant land,,,,,,,,,,80219
184313109,05173-00-067-000,"3099 W TENNESSEE AVE, DENVER, CO 80219",DENVER,CO,80219,39.698731,-105.026286,,Vacant land,,,,,,,,,,80219
184313997,05291-00-006-000,"2700 W ASBURY AVE, DENVER, CO 80219",DENVER,CO,80219,39.680506,-105.021174,,Vacant land,,,,,,,,,,80219
184314008,05291-03-039-000,"1925 S CLAY ST, DENVER, CO 80219",DENVER,CO,80219,39.681822,-105.02127,,Vacant land,,,,,,,,,,80219
184314081,05291-08-008-000,"2101 S ZUNI ST, DENVER, CO 80219",DENVER,CO,80219,39.677677,-105.015859,,Vacant land,,,,,,,,,,80219
184314086,05291-08-024-000,"2590 W EVANS AVE, DENVER, CO 80219",DENVER,CO,80219,39.678372,-105.017711,,Vacant land,,,,,,,,,,80219
184315728,05321-01-058-000,"2601 W YALE AVE, DENVER, CO 80219",DENVER,CO,80219,39.667482,-105.017885,,Vacant land,,,,,,,,,,80219
184317133,05086-19-020-000,"101 S HAZEL CT, DENVER, CO 80219",DENVER,CO,80219,39.714731,-105.027933,,Vacant land,,,,,,,,,,80219
184317511,05174-00-004-000,"2999 W TENNESSEE AVE, DENVER, CO 80219",DENVER,CO,80219,39.698741,-105.024689,,Vacant land,,,,,,,,,,80219
184317512,05174-00-006-000,"2749 W TENNESSEE AVE, DENVER, CO 80219",DENVER,CO,80219,39.698738,-105.021214,,Vacant land,,,,,,,,,,80219
184317514,05174-00-026-000,"1000 S ELIOT ST, DENVER, CO 80219",DENVER,CO,80219,39.698743,-105.024188,,Vacant land,,,,,,,,,,80219
184317515,05174-00-027-000,"994 S ELIOT ST, DENVER, CO 80219",DENVER,CO,80219,39.698746,-105.023531,,Vacant land,,,,,,,,,,80219
184317516,05174-00-029-000,"2751 W TENNESSEE AVE, DENVER, CO 80219",DENVER,CO,80219,39.698752,-105.021871,,Vacant land,,,,,,,,,,80219
184317568,05181-19-035-000,"401 S LOWELL BLVD, DENVER, CO 80219",DENVER,CO,80219,39.708013,-105.035254,,Vacant land,,,,,,,,,,80219
184319093,05184-19-016-000,"951 S OSCEOLA ST, DENVER, CO 80219",DENVER,CO,80219,39.699399,-105.038233,,Vacant land,,,,,,,,,,80219
184319097,05184-20-008-000,"950 S OSCEOLA ST, DENVER, CO 80219",DENVER,CO,80219,39.699396,-105.037569,,Vacant land,,,,,,,,,,80219
184319098,05184-20-015-000,"961 S NEWTON ST, DENVER, CO 80219",DENVER,CO,80219,39.699188,-105.03706,,Vacant land,,,,,,,,,,80219
184319102,05184-23-003-000,"3660 W KENTUCKY AVE, DENVER, CO 80219",DENVER,CO,80219,39.700089,-105.035174,,Vacant land,,,,,,,,,,80219
184319104,05184-23-009-000,"990 S MEADE ST, DENVER, CO 80219",DENVER,CO,80219,39.698729,-105.03525,,Vacant land,,,,,,,,,,80219
184319105,05184-23-010-000,"995 S LOWELL BLVD, DENVER, CO 80219",DENVER,CO,80219,39.698727,-105.034771,,Vacant land,,,,,,,,,,80219
184319106,05184-26-023-000,"1072 S OSCEOLA ST, DENVER, CO 80219",DENVER,CO,80219,39.697036,-105.037557,,Vacant land,,,,,,,,,,80219
184319317,05291-09-027-000,"2600 W EVANS AVE, DENVER, CO 80219",DENVER,CO,80219,39.678098,-105.019205,,Vacant land,,,,,,,,,,80219
184319328,05291-12-016-000,"2888 W WARREN AVE, DENVER, CO 80219",DENVER,CO,80219,39.676295,-105.023798,,Vacant land,,,,,,,,,,80219
184319429,05294-19-037-000,"2340 S DECATUR ST, DENVER, CO 80219",DENVER,CO,80219,39.674368,-105.022397,,Vacant land,,,,,,,,,,80219
184325008,05085-28-022-000,"2600 W CEDAR AVE, DENVER, CO 80219",DENVER,CO,80219,39.712804,-105.018601,,Vacant land,,,,,,,,,,80219
184325077,05086-32-048-000,"201 S FEDERAL BLVD, DENVER, CO 80219",DENVER,CO,80219,39.712044,-105.025267,,Vacant land,,,,,,,,,,80219
184325295,05184-18-001-000,"3970 W KENTUCKY AVE, DENVER, CO 80219",DENVER,CO,80219,39.700115,-105.039663,,Vacant land,,,,,,,,,,80219
184325300,05184-19-003-000,"900 S PATTON CT, DENVER, CO 80219",DENVER,CO,80219,39.70011,-105.038846,,Vacant land,,,,,,,,,,80219
184325301,05184-19-004-000,"920 S PATTON CT, DENVER, CO 80219",DENVER,CO,80219,39.699744,-105.038743,,Vacant land,,,,,,,,,,80219
184325363,05203-02-020-000,"1577 S HAZEL CT, DENVER, CO 80219",DENVER,CO,80219,39.688508,-105.028293,,Vacant land,,,,,,,,,,80219
184333352,05204-03-043-000,"2900 W IOWA AVE, DENVER, CO 80219",DENVER,CO,80219,39.686791,-105.023881,,Vacant land,,,,,,,,,,80219
184333353,05204-04-008-000,"1780 S FEDERAL BLVD, DENVER, CO 80219",DENVER,CO,80219,39.684327,-105.024621,,Vacant land,,,,,,,,,,80219
184666074,05173-18-031-000,"1079 S HOOKER ST, DENVER, CO 80219",DENVER,CO,80219,39.697235,-105.028903,,Vacant land,,,,,,,,,,80219
184685474,05181-04-044-000,"3800 W ALAMEDA AVE, DENVER, CO 80219",DENVER,CO,80219,39.71083,-105.037895,,Vacant land,,,,,,,,,,80219
184698279,05294-05-048-000,"2475 S ZUNI ST, DENVER, CO 80219",DENVER,CO,80219,39.672427,-105.015906,,Vacant land,,,,,,,,,,80219
184721365,05083-24-005-000,"3505 W 3RD AVE, DENVER, CO 80219",DENVER,CO,80219,39.721632,-105.03411,,Vacant land,,,,,,,,,,80219
184741800,05083-05-016-000,"501 N IRVING ST, DENVER, CO 80219",DENVER,CO,80219,39.724849,-105.029548,,Vacant land,,,,,,,,,,80219
184760939,05083-40-019-000,"144 LOWELL BLVD, DENVER, CO 80219",DENVER,CO,80219,39.719154,-105.034575,,Vacant land,,,,,,,,,,80219
184760944,05086-22-009-000,"174 S KNOX CT, DENVER, CO 80219",DENVER,CO,80219,39.713637,-105.032134,,Vacant land,,,,,,,,,,80219
184764102,05203-02-045-000,"1567 S HAZEL CT, DENVER, CO 80219",DENVER,CO,80219,39.688672,-105.028293,,Vacant land,,,,,,,,,,80219
184764103,05203-02-048-000,"3285 W IOWA AVE, DENVER, CO 80219",DENVER,CO,80219,39.687932,-105.028301,,Vacant land,,,,,,,,,,80219
184764115,05203-04-031-000,"1612 S HAZEL CT, DENVER, CO 80219",DENVER,CO,80219,39.687115,-105.026529,,Vacant land,,,,,,,,,,80219
184784551,05072-14-022-000,"152 WINONA CT, DENVER, CO 80219",DENVER,CO,80219,39.719251,-105.046491,,Vacant land,,,,,,,,,,80219
184787373,05183-00-126-000,"5001 MORRISON RD, DENVER, CO 80219",DENVER,CO,80219,39.698139,-105.051902,,Vacant land,,,,,,,,,,80219
184797459,05183-12-025-000,"900 S UTICA ST, DENVER, CO 80219",DENVER,CO,80219,39.698122,-105.045732,,Vacant land,,,,,,,,,,80219
204024511,05172-10-028-000,"3165 W ALASKA PL, DENVER, CO 80219",DENVER,CO,80219,39.70881,-105.027981,,Vacant land,,,,,,,,,,80219
204024549,05174-00-005-000,"2799 W TENNESSEE AVE, DENVER, CO 80219",DENVER,CO,80219,39.69875,-105.022372,,Vacant land,,,,,,,,,,80219
204024550,05174-00-028-000,"2801 W TENNESSEE AVE, DENVER, CO 80219",DENVER,CO,80219,39.698748,-105.02303,,Vacant land,,,,,,,,,,80219
204024551,05174-00-030-000,"2701 W TENNESSEE AVE, DENVER, CO 80219",DENVER,CO,80219,39.69874,-105.020718,,Vacant land,,,,,,,,,,80219
204585584,05291-01-030-000,"2425 W ASBURY AVE, DENVER, CO 80219",DENVER,CO,80219,39.680955,-105.016325,,Vacant land,,,,,,,,,,80219
204585586,05291-02-011-000,"1999 S BRYANT ST, DENVER, CO 80219",DENVER,CO,80219,39.6807,-105.018666,,Vacant land,,,,,,,,,,80219
204585587,05291-02-020-000,"1901 S BRYANT ST, DENVER, CO 80219",DENVER,CO,80219,39.680943,-105.018886,,Vacant land,,,,,,,,,,80219
204651623,05051-00-012-000,"1301 N ALCOTT ST, DENVER, CO 80219",DENVER,CO,80219,39.738922,-105.018288,,Vacant land,,,,,,,,,,80219
204651624,05051-00-013-000,"1301 N ALCOTT ST, DENVER, CO 80219",DENVER,CO,80219,39.737666,-105.018204,,Vacant land,,,,,,,,,,80219
204651806,05071-23-025-000,"313 RALEIGH ST, DENVER, CO 80219",DENVER,CO,80219,39.72167,-105.042464,,Vacant land,,,,,,,,,,80219
204651833,05072-16-025-000,"100 XAVIER ST, DENVER, CO 80219",DENVER,CO,80219,39.718641,-105.048605,,Vacant land,,,,,,,,,,80219
204651848,05073-42-014-000,"201 S WINDSOR DR, DENVER, CO 80219",DENVER,CO,80219,39.712282,-105.049414,,Vacant land,,,,,,,,,,80219
204651859,05081-00-057-000,"701 N ALCOTT ST, DENVER, CO 80219",DENVER,CO,80219,39.728684,-105.018705,,Vacant land,,,,,,,,,,80219
204651886,05083-28-009-000,"245 IRVING ST, DENVER, CO 80219",DENVER,CO,80219,39.720769,-105.030398,,Vacant land,,,,,,,,,,80219
204651919,05294-00-015-000,"2901 W WESLEY AVE, DENVER, CO 80219",DENVER,CO,80219,39.673672,-105.024497,,Vacant land,,,,,,,,,,80219
204651920,05294-00-026-000,"2965 W WESLEY AVE, DENVER, CO 80219",DENVER,CO,80219,39.673671,-105.024115,,Vacant land,,,,,,,,,,80219
204651945,05302-14-043-000,"4800 W EVANS AVE, DENVER, CO 80219",DENVER,CO,80219,39.678512,-105.048164,,Vacant land,,,,,,,,,,80219
204679897,05174-22-008-000,"2649 W TENNESSEE AVE, DENVER, CO 80219",DENVER,CO,80219,39.698748,-105.018657,,Vacant land,,,,,,,,,,80219
204679898,05174-23-011-000,"2599 W TENNESSEE AVE, DENVER, CO 80219",DENVER,CO,80219,39.698752,-105.017552,,Vacant land,,,,,,,,,,80219
204679899,05174-24-009-000,"2499 W TENNESSEE AVE, DENVER, CO 80219",DENVER,CO,80219,39.698756,-105.016575,,Vacant land,,,,,,,,,,80219
204679900,05174-25-021-000,"2450 W TENNESSEE AVE, DENVER, CO 80219",DENVER,CO,80219,39.697683,-105.016362,,Vacant land,,,,,,,,,,80219
204679947,05182-01-030-000,"4400 W ALAMEDA AVE, DENVER, CO 80219",DENVER,CO,80219,39.711026,-105.044091,,Vacant land,,,,,,,,,,80219
204679963,05183-00-148-000,"843 S JAY CT, DENVER, CO 80219",DENVER,CO,80219,39.701065,-105.044619,,Vacant land,,,,,,,,,,80219
204679973,05183-09-013-000,"4899 MORRISON RD, DENVER, CO 80219",DENVER,CO,80219,39.69956,-105.050044,,Vacant land,,,,,,,,,,80219
204679990,05184-19-017-000,"921 S OSCEOLA ST, DENVER, CO 80219",DENVER,CO,80219,39.699674,-105.038234,,Vacant land,,,,,,,,,,80219
204679992,05184-21-010-000,"978 S NEWTON ST, DENVER, CO 80219",DENVER,CO,80219,39.698975,-105.036394,,Vacant land,,,,,,,,,,80219
204679993,05184-21-012-000,"985 S MEADE ST, DENVER, CO 80219",DENVER,CO,80219,39.698801,-105.035885,,Vacant land,,,,,,,,,,80219
204680005,05201-00-169-000,"1222 S FEDERAL BLVD, DENVER, CO 80219",DENVER,CO,80219,39.694179,-105.023634,,Vacant land,,,,,,,,,,80219
204680018,05202-08-006-000,"1347 S IRVING ST, DENVER, CO 80219",DENVER,CO,80219,39.692433,-105.030463,,Vacant land,,,,,,,,,,80219
204680031,05203-03-037-000,"3172 W IOWA AVE, DENVER, CO 80219",DENVER,CO,80219,39.687455,-105.027851,,Vacant land,,,,,,,,,,80219
204680069,05204-03-042-000,"1605 S DECATUR ST, DENVER, CO 80219",DENVER,CO,80219,39.687232,-105.023143,,Vacant land,,,,,,,,,,80219
205412646,05086-01-035-000,"47 FEDERAL BLVD, DENVER, CO 80219",DENVER,CO,80219,39.717713,-105.025501,,Vacant land,,,,,,,,,,80219
205579230,05172-07-032-000,"3355 W DAKOTA AVE, DENVER, CO 80219",DENVER,CO,80219,39.709692,-105.030627,,Vacant land,,,,,,,,,,80219
205720557,05174-16-012-000,"1094 S DECATUR ST, DENVER, CO 80219",DENVER,CO,80219,39.697089,-105.0225,,Vacant land,,,,,,,,,,80219
217667954,05052-22-004-000,"1290 N KNOX CT MISC, DENVER, CO 80219",DENVER,CO,80219,39.736473,-105.025859,,Vacant land,,,,,,,,,,80219
219391722,05086-32-065-000,"225 S FEDERAL BLVD, DENVER, CO 80219",DENVER,CO,80219,39.71268,-105.025493,,Vacant land,,,,,,,,,,80219
219391763,05172-03-048-000,"3200 W ALAMEDA AVE, DENVER, CO 80219",DENVER,CO,80219,39.710904,-105.028802,,Vacant land,,,,,,,,,,80219
219391764,05172-03-049-000,"3190 W ALAMEDA AVE, DENVER, CO 80219",DENVER,CO,80219,39.710903,-105.028624,,Vacant land,,,,,,,,,,80219
221205972,05074-21-022-000,"114 S QUITMAN ST, DENVER, CO 80219",DENVER,CO,80219,39.714566,-105.040567,,Vacant land,,,,,,,,,,80219
251007441,02314-00-004-000,"1596 N STUART ST, DENVER, CO 80219",DENVER,CO,80219,39.74281,-105.042721,,Vacant land,,,,,,,,,,80219
251007442,02314-00-005-000,"1592 N STUART ST, DENVER, CO 80219",DENVER,CO,80219,39.7427,-105.04272,,Vacant land,,,,,,,,,,80219
252729912,05294-04-040-000,"2455 S CLAY ST, DENVER, CO 80219",DENVER,CO,80219,39.672414,-105.019621,,Vacant land,,,,,,,,,,80219
252742757,05183-00-910-000,"4391 MORRISON RD, DENVER, CO 80219",DENVER,CO,80219,39.703556,-105.044784,,Vacant land,,,,,,,,,,80219
252742758,05183-00-911-000,"4401 MORRISON RD, DENVER, CO 80219",DENVER,CO,80219,39.703219,-105.044824,,Vacant land,,,,,,,,,,80219
320948425,05173-18-033-000,"1021 S HOOKER ST, DENVER, CO 80219",DENVER,CO,80219,39.698053,-105.028853,,Vacant land,,,,,,,,,,80219
320948443,05184-00-027-000,"4301 W OHIO AVE, DENVER, CO 80219",DENVER,CO,80219,39.702313,-105.043592,,Vacant land,,,,,,,,,,80219
322347831,05174-10-027-000,"812 S ELIOT ST, DENVER, CO 80219",DENVER,CO,80219,39.701795,-105.023552,,Vacant land,,,,,,,,,,80219
324870347,05203-01-049-000,"1550 S HAZEL CT, DENVER, CO 80219",DENVER,CO,80219,39.688612,-105.026727,,Vacant land,,,,,,,,,,80219
324873311,05072-16-071-000,"131 WOLFF ST, DENVER, CO 80219",DENVER,CO,80219,39.718797,-105.048301,,Vacant land,,,,,,,,,,80219
325197437,05184-05-010-000,"4320 MORRISON RD # MISC, DENVER, CO 80219",DENVER,CO,80219,39.70384,-105.043064,,Vacant land,,,,,,,,,,80219
329682265,05171-06-021-000,"359 S DALE CT, DENVER, CO 80219",DENVER,CO,80219,39.709888,-105.021875,,Vacant land,,,,,,,,,,80219
332127958,05181-38-034-000,"3900 MORRISON RD # 2, DENVER, CO 80219",DENVER,CO,80219,39.7069,-105.038577,,Vacant land,,,,,,,,,,80219
332128013,05291-07-042-000,"2480 W ASBURY AVE, DENVER, CO 80219",DENVER,CO,80219,39.680381,-105.017108,,Vacant land,,,,,,,,,,80219
333307334,05071-19-023-000,"3831 W 3RD AVE, DENVER, CO 80219",DENVER,CO,80219,39.721604,-105.038047,,Vacant land,,,,,,,,,,80219
334131360,05182-05-031-000,"4319 W ALASKA PL, DENVER, CO 80219",DENVER,CO,80219,39.709179,-105.044172,,Vacant land,,,,,,,,,,80219
336003620,05171-05-025-000,"331 S CLAY ST, DENVER, CO 80219",DENVER,CO,80219,39.710558,-105.020716,,Vacant land,,,,,,,,,,80219
336003779,05321-01-085-000,"2490 W ASPEN CT, DENVER, CO 80219",DENVER,CO,80219,39.667554,-105.01635,,Vacant land,,,,,,,,,,80219
1000515243,05172-04-047-000,"324 KNOX CT, DENVER, CO 80219",DENVER,CO,80219,39.710519,-105.032146,,Vacant land,,,,,,,,,,80219
1000515254,05182-01-037-000,"4374 W ALAMEDA AVE, DENVER, CO 80219",DENVER,CO,80219,39.711043,-105.044676,,Vacant land,,,,,,,,,,80219
1001988880,05081-24-054-000,"2901 W 4TH AVE, DENVER, CO 80219",DENVER,CO,80219,39.722293,-105.023373,,Vacant land,,,,,,,,,,80219
1001988882,05085-10-032-000,"2815 W ARCHER PL, DENVER, CO 80219",DENVER,CO,80219,39.715995,-105.023147,,Vacant land,,,,,,,,,,80219
1001988883,05085-10-033-000,"2801 W ARCHER PL, DENVER, CO 80219",DENVER,CO,80219,39.715996,-105.022969,,Vacant land,,,,,,,,,,80219
1002353982,05181-19-035-000,"463 S LOWELL BLVD, DENVER, CO 80219",DENVER,CO,80219,39.6976,-105.0337,,Vacant land,,,,,,,,,,80219
1002353988,05086-19-020-000,"101 S HAZEL CT, DENVER, CO 80219",DENVER,CO,80219,39.714067,-105.027854,,Vacant land,,,,,,,,,,80219
1002354189,05294-00-026-000,"2965 W WESLEY AVE, DENVER, CO 80219",DENVER,CO,80219,39.673793,-105.024351,,Vacant land,,,,,,,,,,80219
1004945946,05173-26-143-000,"1067 S IRVING ST, DENVER, CO 80219",DENVER,CO,80219,39.697405,-105.030099,,Vacant land,,,,,,,,,,80219
1004945947,05181-16-027-000,"364 S NEWTON ST, DENVER, CO 80219",DENVER,CO,80219,39.710091,-105.036627,,Vacant land,,,,,,,,,,80219
1004945949,05181-16-029-000,"372 S NEWTON ST, DENVER, CO 80219",DENVER,CO,80219,39.70998,-105.036483,,Vacant land,,,,,,,,,,80219
1004945960,05183-22-006-000,"791 S YATES ST, DENVER, CO 80219",DENVER,CO,80219,39.702536,-105.051274,,Vacant land,,,,,,,,,,80219
1004945961,05183-22-007-000,"793 S YATES ST, DENVER, CO 80219",DENVER,CO,80219,39.702431,-105.051493,,Vacant land,,,,,,,,,,80219
1004945962,05183-22-008-000,"795 S YATES ST, DENVER, CO 80219",DENVER,CO,80219,39.702272,-105.051324,,Vacant land,,,,,,,,,,80219
1004946054,05292-00-031-000,"1991 S FEDERAL BLVD, DENVER, CO 80219",DENVER,CO,80219,39.679585,-105.025372,,Vacant land,,,,,,,,,,80219
1004946057,05292-00-035-000,"3150 W JEWELL AVE, DENVER, CO 80219",DENVER,CO,80219,39.681951,-105.026201,,Vacant land,,,,,,,,,,80219
30490822,01313-09-041-000,"4541 E 18TH AVE, DENVER, CO 80220",DENVER,CO,80220,39.745583,-104.934462,,Vacant land,,,,,,,,,,80220
39572845,R0094997,"1558 YOSEMITE ST, DENVER, CO 80220",DENVER,CO,80220,39.741358,-104.884301,,Vacant land,,,,,,,,,,80220
155579211,06081-24-015-000,"260 OLIVE ST # MISC, DENVER, CO 80220",DENVER,CO,80220,39.721185,-104.906388,,Vacant land,,,,,,,,,,80220
184209142,1973-03-2-23-001,"1280 YOSEMITE ST, DENVER, CO 80220",DENVER,CO,80220,39.736955,-104.884338,,Vacant land,,,,,,,,,,80220
184209143,1973-03-2-23-002,"1270 YOSEMITE ST, DENVER, CO 80220",DENVER,CO,80220,39.736682,-104.884339,,Vacant land,,,,,,,,,,80220
184209144,1973-03-2-23-003,"1260 YOSEMITE ST, DENVER, CO 80220",DENVER,CO,80220,39.736541,-104.884342,,Vacant land,,,,,,,,,,80220
184285157,01313-02-024-000,"4501 E 19TH AVE, DENVER, CO 80220",DENVER,CO,80220,39.746758,-104.934521,,Vacant land,,,,,,,,,,80220
184290371,01313-26-001-000,"1580 COLORADO BLVD, DENVER, CO 80220",DENVER,CO,80220,39.741168,-104.940132,,Vacant land,,,,,,,,,,80220
184300590,01323-32-044-000,"1548 LOCUST ST, DENVER, CO 80220",DENVER,CO,80220,39.741228,-104.913434,,Vacant land,,,,,,,,,,80220
184302185,01334-23-022-000,"1551 VERBENA ST, DENVER, CO 80220",DENVER,CO,80220,39.741142,-104.890858,,Vacant land,,,,,,,,,,80220
184302186,01334-23-043-000,"1550 VALENTIA ST, DENVER, CO 80220",DENVER,CO,80220,39.741213,-104.891397,,Vacant land,,,,,,,,,,80220
184307167,06051-17-032-000,"1241 QUEBEC ST, DENVER, CO 80220",DENVER,CO,80220,39.736539,-104.90377,,Vacant land,,,,,,,,,,80220
184314502,06073-01-001-000,"98 DEXTER ST, DENVER, CO 80220",DENVER,CO,80220,39.717594,-104.932469,,Vacant land,,,,,,,,,,80220
184315889,06054-40-019-000,"6601 E 6TH AVENUE PKWY, DENVER, CO 80220",DENVER,CO,80220,39.7261,-104.911177,,Vacant land,,,,,,,,,,80220
184316061,06081-03-014-000,"6840 E 6TH AVENUE PKWY, DENVER, CO 80220",DENVER,CO,80220,39.725074,-104.908458,,Vacant land,,,,,,,,,,80220
184321805,06174-00-154-000,"848 NIAGARA ST # VCNT, DENVER, CO 80220",DENVER,CO,80220,39.700652,-104.910293,,Vacant land,,,,,,,,,,80220
184641566,06081-25-016-000,"227 N OLIVE ST, DENVER, CO 80220",DENVER,CO,80220,39.721228,-104.907293,,Vacant land,,,,,,,,,,80220
184705981,06041-31-009-000,"1100 XANTHIA ST, DENVER, CO 80220",DENVER,CO,80220,39.735206,-104.886704,,Vacant land,,,,,,,,,,80220
184705982,06041-31-011-000,"1100 XANTHIA ST, DENVER, CO 80220",DENVER,CO,80220,39.734589,-104.886708,,Vacant land,,,,,,,,,,80220
184734315,01323-11-021-000,"1701 JASMINE ST, DENVER, CO 80220",DENVER,CO,80220,39.744284,-104.919052,,Vacant land,,,,,,,,,,80220
184748442,06064-21-013-000,"775 GLENCOE ST, DENVER, CO 80220",DENVER,CO,80220,39.728703,-104.926441,,Vacant land,,,,,,,,,,80220
184762459,06064-09-048-000,"810 DAHLIA ST, DENVER, CO 80220",DENVER,CO,80220,39.729614,-104.931324,,Vacant land,,,,,,,,,,80220
184768595,06052-04-008-000,"1400 KEARNEY ST, DENVER, CO 80220",DENVER,CO,80220,39.738558,-104.916862,,Vacant land,,,,,,,,,,80220
184771698,06292-00-004-000,"1901 KEARNEY ST, DENVER, CO 80220",DENVER,CO,80220,39.680787,-104.917793,,Vacant land,,,,,,,,,,80220
204652013,06041-35-054-000,"8625 E 11TH AVE, DENVER, CO 80220",DENVER,CO,80220,39.733422,-104.887583,,Vacant land,,,,,,,,,,80220
204652062,06051-01-017-000,"1439 QUEBEC ST, DENVER, CO 80220",DENVER,CO,80220,39.739432,-104.903802,,Vacant land,,,,,,,,,,80220
204652152,06053-09-006-000,"1000 HOLLY ST, DENVER, CO 80220",DENVER,CO,80220,39.73173,-104.922003,,Vacant land,,,,,,,,,,80220
204934384,06092-00-032-000,"498 N QUEBEC ST, DENVER, CO 80220",DENVER,CO,80220,39.721559,-104.901602,,Vacant land,,,,,,,,,,80220
219383865,06282-00-002-000,"1901 TRENTON ST, DENVER, CO 80220",DENVER,CO,80220,39.678848,-104.896393,,Vacant land,,,,,,,,,,80220
219383866,06282-00-023-000,"1901 ULSTER ST, DENVER, CO 80220",DENVER,CO,80220,39.681037,-104.894866,,Vacant land,,,,,,,,,,80220
219383867,06282-00-019-000,"1900 TRENTON ST, DENVER, CO 80220",DENVER,CO,80220,39.68066,-104.897731,,Vacant land,,,,,,,,,,80220
222390423,1973-21-3-01-001,"1700 QUEBEC ST, DENVER, CO 80220",DENVER,CO,80220,39.684941,-104.900101,,Vacant land,,,,,,,,,,80220
222390796,1975-03-3-00-005,"800 N TOWER RD, AURORA, CO 80220",AURORA,CO,80220,39.729904,-104.769946,,Vacant land,,,,,,,,,,80220
252742848,06061-25-026-000,"1107 EUDORA ST, DENVER, CO 80220",DENVER,CO,80220,39.733098,-104.930716,,Vacant land,,,,,,,,,,80220
314830633,06082-06-046-000,"5624 E 6TH AVENUE PKWY, DENVER, CO 80220",DENVER,CO,80220,39.725109,-104.922238,,Vacant land,,,,,,,,,,80220
324871039,06084-00-083-000,"6900 E 1ST PL, DENVER, CO 80220",DENVER,CO,80220,39.718286,-104.907513,,Vacant land,,,,,,,,,,80220
326744094,06063-00-050-000,"4116 E 9TH AVE, DENVER, CO 80220",DENVER,CO,80220,39.730573,-104.938889,,Vacant land,,,,,,,,,,80220
326744122,06063-26-001-000,"4207 E 9TH AVENUE APPRX, DENVER, CO 80220",DENVER,CO,80220,39.731486,-104.937841,,Vacant land,,,,,,,,,,80220
329844406,R-001-861-56,"BARROW BARROW, BARROW, AK 80220",BARROW,AK,80220,71.124518,-156.89556,,Vacant land,,,,,,,,,,80220
334130174,01333-19-023-000,"7520 E 17TH AVE, DENVER, CO 80220",DENVER,CO,80220,39.743543,-104.90066,,Vacant land,,,,,,,,,,80220
336003835,06062-01-035-000,"4700 E COLFAX AVE, DENVER, CO 80220",DENVER,CO,80220,39.739796,-104.932378,,Vacant land,,,,,,,,,,80220
1000514378,01313-17-024-000,"1699 BELLAIRE ST, DENVER, CO 80220",DENVER,CO,80220,39.743222,-104.937561,,Vacant land,,,,,,,,,,80220
1000531098,1973-03-2-52-001,"1380 YOSEMITE ST, DENVER, CO 80220",DENVER,CO,80220,39.738434,-104.884332,,Vacant land,,,,,,,,,,80220
1000531099,1973-03-2-52-002,"1350 YOSEMITE ST, DENVER, CO 80220",DENVER,CO,80220,39.738002,-104.884335,,Vacant land,,,,,,,,,,80220
1002354643,06064-09-048-000,"4801 E 8TH AVE, DENVER, CO 80220",DENVER,CO,80220,39.729442,-104.93127,,Vacant land,,,,,,,,,,80220
1004945316,01333-24-034-000,"1591 QUINCE ST, DENVER, CO 80220",DENVER,CO,80220,39.741851,-104.902047,,Vacant land,,,,,,,,,,80220
1004946152,06042-03-025-000,"1475 TRENTON ST, DENVER, CO 80220",DENVER,CO,80220,39.739478,-104.896209,,Vacant land,,,,,,,,,,80220
1004946155,06063-00-077-000,"859 BELLAIRE ST, DENVER, CO 80220",DENVER,CO,80220,39.730425,-104.936954,,Vacant land,,,,,,,,,,80220
1004946156,06063-00-078-000,"857 BELLAIRE ST, DENVER, CO 80220",DENVER,CO,80220,39.72888,-104.936796,,Vacant land,,,,,,,,,,80220
1004946170,06063-25-002-000,"4108 E 10TH AVE, DENVER, CO 80220",DENVER,CO,80220,39.731669,-104.938287,,Vacant land,,,,,,,,,,80220
3929699,R0100809,"2820 W 65TH AVE, DENVER, CO 80221",DENVER,CO,80221,39.813785,-105.021506,,Vacant land,,,,,,,,,,80221
5145706,R0103324,"2051 W 56TH AVE, DENVER, CO 80221",DENVER,CO,80221,39.798828,-105.011672,,Vacant land,,,,,,,,,,80221
10303715,R0105108,"5245 GROVE ST, DENVER, CO 80221",DENVER,CO,80221,39.791981,-105.028424,,Vacant land,,,,,,,,,,80221
14416221,R0224269,"2898 W 56TH AVE, DENVER, CO 80221",DENVER,CO,80221,39.798195,-105.023047,,Vacant land,,,,,,,,,,80221
17289717,R0103314,"2055 W 56TH AVE, DENVER, CO 80221",DENVER,CO,80221,39.798693,-105.01217,,Vacant land,,,,,,,,,,80221
20386588,R0058791,"8004 CONIFER RD, DENVER, CO 80221",DENVER,CO,80221,39.841967,-104.992207,,Vacant land,,,,,,,,,,80221
22264582,02174-32-032-000,"4847 ZUNI ST, DENVER, CO 80221",DENVER,CO,80221,39.784855,-105.016419,,Vacant land,,,,,,,,,,80221
23969569,R0098442,"6890 HURON ST, DENVER, CO 80221",DENVER,CO,80221,39.821848,-104.996476,,Vacant land,,,,,,,,,,80221
30542991,02163-22-024-000,"4804 UMATILLA ST, DENVER, CO 80221",DENVER,CO,80221,39.783955,-105.012071,,Vacant land,,,,,,,,,,80221
30604517,R0098565,"701 W 64TH AVE, DENVER, CO 80221",DENVER,CO,80221,39.813707,-104.995617,,Vacant land,,,,,,,,,,80221
30623921,R0105126,"5201 REGIS RD, DENVER, CO 80221",DENVER,CO,80221,39.791851,-105.026154,,Vacant land,,,,,,,,,,80221
30628169,R0105123,"5241 REGIS RD, DENVER, CO 80221",DENVER,CO,80221,39.791854,-105.026853,,Vacant land,,,,,,,,,,80221
30648682,R0161630,"2820 W 62ND AVE, DENVER, CO 80221",DENVER,CO,80221,39.807916,-105.022531,,Vacant land,,,,,,,,,,80221
39507113,R0161633,"2800 W 62ND AVE, DENVER, CO 80221",DENVER,CO,80221,39.808622,-105.021299,,Vacant land,,,,,,,,,,80221
39507292,R0161634,"2810 W 62ND AVE, DENVER, CO 80221",DENVER,CO,80221,39.807796,-105.021499,,Vacant land,,,,,,,,,,80221
39588569,R0058393,"99 W 80TH AVE, DENVER, CO 80221",DENVER,CO,80221,39.841945,-104.987824,,Vacant land,,,,,,,,,,80221
39596455,R0100772,"2621 W 65TH AVE, DENVER, CO 80221",DENVER,CO,80221,39.814676,-105.019042,,Vacant land,,,,,,,,,,80221
43174543,02184-17-020-000,"4961 LOWELL BLVD, DENVER, CO 80221",DENVER,CO,80221,39.78674,-105.034964,,Vacant land,,,,,,,,,,80221
43260498,R0103373,"5670 ZUNI ST, DENVER, CO 80221",DENVER,CO,80221,39.800002,-105.015525,,Vacant land,,,,,,,,,,80221
46360694,R0100375,"3025 W 66TH AVE, DENVER, CO 80221",DENVER,CO,80221,39.816664,-105.026104,,Vacant land,,,,,,,,,,80221
51098076,R0105099,"3292 W 53RD AVE, DENVER, CO 80221",DENVER,CO,80221,39.792692,-105.029716,,Vacant land,,,,,,,,,,80221
51211100,02184-17-031-000,"4973 LOWELL BLVD, DENVER, CO 80221",DENVER,CO,80221,39.786946,-105.034964,,Vacant land,,,,,,,,,,80221
51264540,R0105116,"5200 GROVE ST, DENVER, CO 80221",DENVER,CO,80221,39.791269,-105.027822,,Vacant land,,,,,,,,,,80221
51338219,R0127823,"5788 ALCOTT ST, DENVER, CO 80221",DENVER,CO,80221,39.801646,-105.017323,,Vacant land,,,,,,,,,,80221
52411576,R0103428,"5680 PECOS ST, DENVER, CO 80221",DENVER,CO,80221,39.800331,-105.005367,,Vacant land,,,,,,,,,,80221
100159028,R0174696,"390 W 66TH WAY # 3A, DENVER, CO 80221",DENVER,CO,80221,39.819005,-104.99061,,Vacant land,,,,,,,,,,80221
143291141,R0103258,"2400 W 60TH AVE, DENVER, CO 80221",DENVER,CO,80221,39.804753,-105.019234,,Vacant land,,,,,,,,,,80221
147227015,R0155969,"2360 W 56TH AVE, DENVER, CO 80221",DENVER,CO,80221,39.798101,-105.015658,,Vacant land,,,,,,,,,,80221
147257411,R0104628,"2552 W 56TH AVE, DENVER, CO 80221",DENVER,CO,80221,39.797222,-105.01807,,Vacant land,,,,,,,,,,80221
147529813,02173-08-007-000,"4944 LOWELL BLVD, DENVER, CO 80221",DENVER,CO,80221,39.786466,-105.034217,,Vacant land,,,,,,,,,,80221
149471055,R0069360,"7724 SHERMAN ST, DENVER, CO 80221",DENVER,CO,80221,39.836856,-104.984517,,Vacant land,,,,,,,,,,80221
153669198,01184-00-012-000,"4801 ELM CT, DENVER, CO 80221",DENVER,CO,80221,39.784514,-104.928403,,Vacant land,,,,,,,,,,80221
155328312,R0104808,"5396 COLUMBINE RD, DENVER, CO 80221",DENVER,CO,80221,39.794504,-105.021366,,Vacant land,,,,,,,,,,80221
184185125,R0067193,"7996 PECOS ST, DENVER, CO 80221",DENVER,CO,80221,39.841415,-105.005592,,Vacant land,,,,,,,,,,80221
184191181,R0104771,"2601 W 52ND AVE, DENVER, CO 80221",DENVER,CO,80221,39.791267,-105.019691,,Vacant land,,,,,,,,,,80221
184193983,R0104960,"3051 W 54TH AVE, DENVER, CO 80221",DENVER,CO,80221,39.794925,-105.026512,,Vacant land,,,,,,,,,,80221
184193992,R0104980,"5335 FEDERAL BLVD, DENVER, CO 80221",DENVER,CO,80221,39.792933,-105.02568,,Vacant land,,,,,,,,,,80221
184195949,R0060226,"8000 PECOS ST, DENVER, CO 80221",DENVER,CO,80221,39.842105,-105.00552,,Vacant land,,,,,,,,,,80221
184199732,R0105158,"5460 MEADE ST, DENVER, CO 80221",DENVER,CO,80221,39.795568,-105.035508,,Vacant land,,,,,,,,,,80221
184199774,R0105096,"3344 W 53RD AVE, DENVER, CO 80221",DENVER,CO,80221,39.792453,-105.030962,,Vacant land,,,,,,,,,,80221
184199775,R0105097,"3310 W 53RD AVE, DENVER, CO 80221",DENVER,CO,80221,39.792448,-105.030592,,Vacant land,,,,,,,,,,80221
184202521,R0104450,"5361 TEJON ST, DENVER, CO 80221",DENVER,CO,80221,39.793988,-105.01175,,Vacant land,,,,,,,,,,80221
184220972,R0098571,"361 W 64TH AVE, DENVER, CO 80221",DENVER,CO,80221,39.814138,-104.990947,,Vacant land,,,,,,,,,,80221
184221077,R0100017,"3521 W 69TH AVE, DENVER, CO 80221",DENVER,CO,80221,39.822387,-105.033692,,Vacant land,,,,,,,,,,80221
184221100,R0100154,"6799 GREEN CT, DENVER, CO 80221",DENVER,CO,80221,39.819932,-105.026741,,Vacant land,,,,,,,,,,80221
184223991,R0100647,"2870 W 67TH PL, DENVER, CO 80221",DENVER,CO,80221,39.818231,-105.023453,,Vacant land,,,,,,,,,,80221
184223992,R0100648,"2890 W 67TH PL, DENVER, CO 80221",DENVER,CO,80221,39.81823,-105.023773,,Vacant land,,,,,,,,,,80221
184224002,R0100689,"2441 W 65TH PL, DENVER, CO 80221",DENVER,CO,80221,39.815992,-105.016323,,Vacant land,,,,,,,,,,80221
184285294,02164-09-018-000,"5101 N KALAMATH ST, DENVER, CO 80221",DENVER,CO,80221,39.790505,-105.004172,,Vacant land,,,,,,,,,,80221
184285301,02171-00-012-000,"5348 FEDERAL BLVD, DENVER, CO 80221",DENVER,CO,80221,39.793485,-105.024662,,Vacant land,,,,,,,,,,80221
184289192,02164-00-033-000,"5100 KALAMATH ST, DENVER, CO 80221",DENVER,CO,80221,39.787681,-104.999114,,Vacant land,,,,,,,,,,80221
184290591,02153-00-082-000,"801 W 48TH AVE, DENVER, CO 80221",DENVER,CO,80221,39.786611,-104.996857,,Vacant land,,,,,,,,,,80221
184296289,02211-00-041-000,"800 W 48TH AVE, DENVER, CO 80221",DENVER,CO,80221,39.783624,-104.997341,,Vacant land,,,,,,,,,,80221
184296291,02211-02-017-000,"800 W 48TH AVE, DENVER, CO 80221",DENVER,CO,80221,39.783451,-104.998245,,Vacant land,,,,,,,,,,80221
184296292,02211-02-018-000,"800 W 48TH AVE, DENVER, CO 80221",DENVER,CO,80221,39.783453,-104.998426,,Vacant land,,,,,,,,,,80221
184583643,R0142147,"6959 HURON ST, DENVER, CO 80221",DENVER,CO,80221,39.822711,-104.997403,,Vacant land,,,,,,,,,,80221
184632277,R0162830,"3324 W 64TH AVE # A-B, DENVER, CO 80221",DENVER,CO,80221,39.811887,-105.030888,,Vacant land,,,,,,,,,,80221
184632278,R0162831,"3322 W 64TH AVE # A-B, DENVER, CO 80221",DENVER,CO,80221,39.811598,-105.030888,,Vacant land,,,,,,,,,,80221
184632279,R0162832,"3320 W 64TH AVE # A-B, DENVER, CO 80221",DENVER,CO,80221,39.811242,-105.030889,,Vacant land,,,,,,,,,,80221
184689068,R0099659,", WESTMINSTER, CO 80221",WESTMINSTER,CO,80221,39.822322,-105.015858,,Vacant land,,,,,,,,,,80221
184720750,R0098924,"6800 MARIPOSA ST, DENVER, CO 80221",DENVER,CO,80221,39.820531,-105.001267,,Vacant land,,,,,,,,,,80221
204645563,R0098901,"6881 NAVAJO ST, DENVER, CO 80221",DENVER,CO,80221,39.821293,-105.003657,,Vacant land,,,,,,,,,,80221
204645569,R0100239,"6695 KING ST, DENVER, CO 80221",DENVER,CO,80221,39.818027,-105.033717,,Vacant land,,,,,,,,,,80221
204675317,02163-06-016-000,"5001 WYANDOT ST, DENVER, CO 80221",DENVER,CO,80221,39.788381,-105.015069,,Vacant land,,,,,,,,,,80221
204679478,02174-31-026-000,"4890 BEACH CT, DENVER, CO 80221",DENVER,CO,80221,39.785336,-105.017607,,Vacant land,,,,,,,,,,80221
204679483,02184-02-014-000,"5100 NEWTON ST, DENVER, CO 80221",DENVER,CO,80221,39.79043,-105.036387,,Vacant land,,,,,,,,,,80221
206094428,R0104447,", DENVER, CO 80221",DENVER,CO,80221,39.793765,-105.012983,,Vacant land,,,,,,,,,,80221
208839839,R0103212,", DENVER, CO 80221",DENVER,CO,80221,39.810215,-105.026713,,Vacant land,,,,,,,,,,80221
208844423,R0098878,"6921 NAVAJO ST, DENVER, CO 80221",DENVER,CO,80221,39.822296,-105.003666,,Vacant land,,,,,,,,,,80221
208844660,R0122428,"5929 PECOS ST, DENVER, CO 80221",DENVER,CO,80221,39.80604,-104.992118,,Vacant land,,,,,,,,,,80221
208846019,R0070079,"461 BOUNTIFUL CT, DENVER, CO 80221",DENVER,CO,80221,39.830443,-104.992363,,Vacant land,,,,,,,,,,80221
208846356,R0114323,"2601 W 60TH AVE, DENVER, CO 80221",DENVER,CO,80221,39.806631,-105.018292,,Vacant land,,,,,,,,,,80221
208846358,R0103144,"3599 W 62ND AVE, DENVER, CO 80221",DENVER,CO,80221,39.808849,-105.034409,,Vacant land,,,,,,,,,,80221
208846359,R0103166,", DENVER, CO 80221",DENVER,CO,80221,39.808813,-105.031011,,Vacant land,,,,,,,,,,80221
208846360,R0103186,", DENVER, CO 80221",DENVER,CO,80221,39.80865,-105.033857,,Vacant land,,,,,,,,,,80221
208846361,R0103190,", DENVER, CO 80221",DENVER,CO,80221,39.808863,-105.026835,,Vacant land,,,,,,,,,,80221
208846371,R0103280,"2300 W 60TH AVE, DENVER, CO 80221",DENVER,CO,80221,39.805242,-105.017082,,Vacant land,,,,,,,,,,80221
208846373,R0103307,"2000 W 60TH AVE, DENVER, CO 80221",DENVER,CO,80221,39.810079,-105.007426,,Vacant land,,,,,,,,,,80221
208846396,R0104904,"3580 W 55TH PL, DENVER, CO 80221",DENVER,CO,80221,39.796842,-105.034122,,Vacant land,,,,,,,,,,80221
208848755,R0178638,"5980 LIPAN ST, DENVER, CO 80221",DENVER,CO,80221,39.80504,-104.996872,,Vacant land,,,,,,,,,,80221
217667665,02171-00-025-000,"5302 COLUMBINE RD, DENVER, CO 80221",DENVER,CO,80221,39.793455,-105.022003,,Vacant land,,,,,,,,,,80221
221208094,02171-00-030-000,"2803 W 52ND AVE, DENVER, CO 80221",DENVER,CO,80221,39.792259,-105.021505,,Vacant land,,,,,,,,,,80221
222387530,R0058635,", DENVER, CO 80221",DENVER,CO,80221,39.846353,-104.987923,,Vacant land,,,,,,,,,,80221
222387531,R0059104,"SITUS NOT AVAILABLE, THORNTON, CO 80221",THORNTON,CO,80221,39.845802,-104.9863,,Vacant land,,,,,,,,,,80221
222387540,R0060057,", DENVER, CO 80221",DENVER,CO,80221,39.843712,-105.015039,,Vacant land,,,,,,,,,,80221
222387616,R0065447,"2800 COTTONWOOD DR, DENVER, CO 80221",DENVER,CO,80221,39.838111,-105.021891,,Vacant land,,,,,,,,,,80221
222387624,R0065555,", DENVER, CO 80221",DENVER,CO,80221,39.839456,-105.022184,,Vacant land,,,,,,,,,,80221
222387638,R0067275,"7966 ELMWOOD LN, DENVER, CO 80221",DENVER,CO,80221,39.839746,-104.997154,,Vacant land,,,,,,,,,,80221
222387639,R0067293,", DENVER, CO 80221",DENVER,CO,80221,39.840988,-104.997079,,Vacant land,,,,,,,,,,80221
222387640,R0068364,", DENVER, CO 80221",DENVER,CO,80221,39.832016,-105.011899,,Vacant land,,,,,,,,,,80221
222387641,R0068365,"7500 ZUNI ST, DENVER, CO 80221",DENVER,CO,80221,39.832853,-105.014979,,Vacant land,,,,,,,,,,80221
222387642,R0068467,", DENVER, CO 80221",DENVER,CO,80221,39.831617,-105.008108,,Vacant land,,,,,,,,,,80221
222387643,R0068499,", DENVER, CO 80221",DENVER,CO,80221,39.830478,-105.007149,,Vacant land,,,,,,,,,,80221
222387646,R0069047,", DENVER, CO 80221",DENVER,CO,80221,39.829948,-105.005628,,Vacant land,,,,,,,,,,80221
222387653,R0069541,", DENVER, CO 80221",DENVER,CO,80221,39.834999,-104.987346,,Vacant land,,,,,,,,,,80221
222387654,R0070071,", DENVER, CO 80221",DENVER,CO,80221,39.83257,-104.98891,,Vacant land,,,,,,,,,,80221
222387655,R0070073,", DENVER, CO 80221",DENVER,CO,80221,39.829654,-104.989711,,Vacant land,,,,,,,,,,80221
222387656,R0070074,", DENVER, CO 80221",DENVER,CO,80221,39.828531,-104.990296,,Vacant land,,,,,,,,,,80221
222389764,R0098446,", DENVER, CO 80221",DENVER,CO,80221,39.821907,-104.996476,,Vacant land,,,,,,,,,,80221
222389768,R0098569,", DENVER, CO 80221",DENVER,CO,80221,39.815415,-104.990808,,Vacant land,,,,,,,,,,80221
222389769,R0098570,", DENVER, CO 80221",DENVER,CO,80221,39.815499,-104.989242,,Vacant land,,,,,,,,,,80221
222389775,R0098614,", DENVER, CO 80221",DENVER,CO,80221,39.823008,-104.99969,,Vacant land,,,,,,,,,,80221
222389776,R0098638,", DENVER, CO 80221",DENVER,CO,80221,39.824907,-105.00544,,Vacant land,,,,,,,,,,80221
222389777,R0098640,", DENVER, CO 80221",DENVER,CO,80221,39.82387,-105.004274,,Vacant land,,,,,,,,,,80221
222389778,R0098641,"6820 PECOS ST, DENVER, CO 80221",DENVER,CO,80221,39.820532,-105.00577,,Vacant land,,,,,,,,,,80221
222389779,R0098644,", DENVER, CO 80221",DENVER,CO,80221,39.822183,-104.998138,,Vacant land,,,,,,,,,,80221
222389780,R0098876,", DENVER, CO 80221",DENVER,CO,80221,39.822021,-105.00383,,Vacant land,,,,,,,,,,80221
222389782,R0098907,", DENVER, CO 80221",DENVER,CO,80221,39.820795,-105.002862,,Vacant land,,,,,,,,,,80221
222389783,R0098927,", DENVER, CO 80221",DENVER,CO,80221,39.821361,-104.997522,,Vacant land,,,,,,,,,,80221
222389784,R0098945,", DENVER, CO 80221",DENVER,CO,80221,39.820276,-104.998343,,Vacant land,,,,,,,,,,80221
222389800,R0099950,", DENVER, CO 80221",DENVER,CO,80221,39.8212,-105.029438,,Vacant land,,,,,,,,,,80221
222389813,R0100170,"6735 GROVE ST, DENVER, CO 80221",DENVER,CO,80221,39.818767,-105.028087,,Vacant land,,,,,,,,,,80221
222389815,R0100231,", DENVER, CO 80221",DENVER,CO,80221,39.817033,-105.034241,,Vacant land,,,,,,,,,,80221
222389816,R0100366,", DENVER, CO 80221",DENVER,CO,80221,39.817767,-105.026756,,Vacant land,,,,,,,,,,80221
222389817,R0100367,", DENVER, CO 80221",DENVER,CO,80221,39.817973,-105.026755,,Vacant land,,,,,,,,,,80221
222389819,R0100501,", DENVER, CO 80221",DENVER,CO,80221,39.816257,-105.031038,,Vacant land,,,,,,,,,,80221
222389820,R0100502,", DENVER, CO 80221",DENVER,CO,80221,39.816008,-105.031042,,Vacant land,,,,,,,,,,80221
222389821,R0100503,", DENVER, CO 80221",DENVER,CO,80221,39.815721,-105.031046,,Vacant land,,,,,,,,,,80221
222389823,R0100606,", DENVER, CO 80221",DENVER,CO,80221,39.813501,-105.027307,,Vacant land,,,,,,,,,,80221
222389827,R0100703,", DENVER, CO 80221",DENVER,CO,80221,39.816971,-105.021696,,Vacant land,,,,,,,,,,80221
222389830,R0100758,"2405 W 65TH AVE, DENVER, CO 80221",DENVER,CO,80221,39.814676,-105.015938,,Vacant land,,,,,,,,,,80221
222389831,R0100759,", DENVER, CO 80221",DENVER,CO,80221,39.815349,-105.015929,,Vacant land,,,,,,,,,,80221
222389832,R0100760,", DENVER, CO 80221",DENVER,CO,80221,39.81535,-105.0162,,Vacant land,,,,,,,,,,80221
222389833,R0100761,", DENVER, CO 80221",DENVER,CO,80221,39.815351,-105.016474,,Vacant land,,,,,,,,,,80221
222389850,R0102216,", DENVER, CO 80221",DENVER,CO,80221,39.81102,-105.035137,,Vacant land,,,,,,,,,,80221
222389851,R0102217,", DENVER, CO 80221",DENVER,CO,80221,39.810733,-105.035139,,Vacant land,,,,,,,,,,80221
222389859,R0103063,", DENVER, CO 80221",DENVER,CO,80221,39.812079,-105.032345,,Vacant land,,,,,,,,,,80221
222389860,R0103064,", DENVER, CO 80221",DENVER,CO,80221,39.810283,-105.03228,,Vacant land,,,,,,,,,,80221
222389863,R0103101,", DENVER, CO 80221",DENVER,CO,80221,39.810927,-105.031742,,Vacant land,,,,,,,,,,80221
222389864,R0103104,", DENVER, CO 80221",DENVER,CO,80221,39.810926,-105.031475,,Vacant land,,,,,,,,,,80221
222389865,R0103107,", DENVER, CO 80221",DENVER,CO,80221,39.810926,-105.031208,,Vacant land,,,,,,,,,,80221
222389866,R0103110,", DENVER, CO 80221",DENVER,CO,80221,39.810926,-105.030941,,Vacant land,,,,,,,,,,80221
222389867,R0103113,", DENVER, CO 80221",DENVER,CO,80221,39.810925,-105.030674,,Vacant land,,,,,,,,,,80221
222389869,R0103127,", DENVER, CO 80221",DENVER,CO,80221,39.809615,-105.025818,,Vacant land,,,,,,,,,,80221
222389871,R0103142,", DENVER, CO 80221",DENVER,CO,80221,39.809663,-105.029239,,Vacant land,,,,,,,,,,80221
222389872,R0103143,", DENVER, CO 80221",DENVER,CO,80221,39.809579,-105.032214,,Vacant land,,,,,,,,,,80221
222389873,R0103187,", DENVER, CO 80221",DENVER,CO,80221,39.807489,-105.031831,,Vacant land,,,,,,,,,,80221
222389874,R0103188,", DENVER, CO 80221",DENVER,CO,80221,39.80802,-105.030535,,Vacant land,,,,,,,,,,80221
222389875,R0103189,", DENVER, CO 80221",DENVER,CO,80221,39.808859,-105.026961,,Vacant land,,,,,,,,,,80221
222389876,R0103191,", DENVER, CO 80221",DENVER,CO,80221,39.809486,-105.026376,,Vacant land,,,,,,,,,,80221
222389877,R0103213,", DENVER, CO 80221",DENVER,CO,80221,39.810153,-105.028466,,Vacant land,,,,,,,,,,80221
222389879,R0103239,", DENVER, CO 80221",DENVER,CO,80221,39.803169,-105.031152,,Vacant land,,,,,,,,,,80221
222389887,R0103337,", DENVER, CO 80221",DENVER,CO,80221,39.801767,-105.015684,,Vacant land,,,,,,,,,,80221
222389888,R0103344,", DENVER, CO 80221",DENVER,CO,80221,39.801782,-105.015482,,Vacant land,,,,,,,,,,80221
222389899,R0103499,"600 W 64TH AVE, DENVER, CO 80221",DENVER,CO,80221,39.81251,-104.996424,,Vacant land,,,,,,,,,,80221
222389977,R0104192,"5531 PECOS ST, DENVER, CO 80221",DENVER,CO,80221,39.797018,-105.00682,,Vacant land,,,,,,,,,,80221
222389979,R0104215,", DENVER, CO 80221",DENVER,CO,80221,39.798301,-105.010611,,Vacant land,,,,,,,,,,80221
222389980,R0104224,", DENVER, CO 80221",DENVER,CO,80221,39.79533,-105.010838,,Vacant land,,,,,,,,,,80221
222389981,R0104243,", DENVER, CO 80221",DENVER,CO,80221,39.797236,-105.010514,,Vacant land,,,,,,,,,,80221
222389982,R0104342,"5427 VALLEJO ST, DENVER, CO 80221",DENVER,CO,80221,39.795253,-105.013705,,Vacant land,,,,,,,,,,80221
222389983,R0104418,", DENVER, CO 80221",DENVER,CO,80221,39.795122,-105.008698,,Vacant land,,,,,,,,,,80221
222389987,R0104493,", DENVER, CO 80221",DENVER,CO,80221,39.792083,-105.014254,,Vacant land,,,,,,,,,,80221
222389988,R0104515,", DENVER, CO 80221",DENVER,CO,80221,39.791653,-105.013304,,Vacant land,,,,,,,,,,80221
222389989,R0104523,", DENVER, CO 80221",DENVER,CO,80221,39.791279,-105.011698,,Vacant land,,,,,,,,,,80221
222389992,R0104615,", DENVER, CO 80221",DENVER,CO,80221,39.797897,-105.017226,,Vacant land,,,,,,,,,,80221
222389993,R0104629,", DENVER, CO 80221",DENVER,CO,80221,39.796812,-105.018071,,Vacant land,,,,,,,,,,80221
222389998,R0104720,"5431 BEACH CT, DENVER, CO 80221",DENVER,CO,80221,39.795219,-105.01855,,Vacant land,,,,,,,,,,80221
222390000,R0104743,", DENVER, CO 80221",DENVER,CO,80221,39.794901,-105.017624,,Vacant land,,,,,,,,,,80221
222390001,R0104751,", DENVER, CO 80221",DENVER,CO,80221,39.794881,-105.016454,,Vacant land,,,,,,,,,,80221
222390002,R0104846,", DENVER, CO 80221",DENVER,CO,80221,39.797223,-105.026731,,Vacant land,,,,,,,,,,80221
222390003,R0104849,", DENVER, CO 80221",DENVER,CO,80221,39.798356,-105.028076,,Vacant land,,,,,,,,,,80221
222390007,R0104919,", DENVER, CO 80221",DENVER,CO,80221,39.795414,-105.032239,,Vacant land,,,,,,,,,,80221
222390008,R0104963,", DENVER, CO 80221",DENVER,CO,80221,39.795314,-105.027158,,Vacant land,,,,,,,,,,80221
222390009,R0104975,"3075 W 53RD AVE, DENVER, CO 80221",DENVER,CO,80221,39.792985,-105.026722,,Vacant land,,,,,,,,,,80221
222390012,R0105028,", DENVER, CO 80221",DENVER,CO,80221,39.793682,-105.031096,,Vacant land,,,,,,,,,,80221
222390013,R0105029,", DENVER, CO 80221",DENVER,CO,80221,39.79371,-105.030819,,Vacant land,,,,,,,,,,80221
222390014,R0105030,", DENVER, CO 80221",DENVER,CO,80221,39.793617,-105.030554,,Vacant land,,,,,,,,,,80221
222390016,R0105052,", DENVER, CO 80221",DENVER,CO,80221,39.79442,-105.032657,,Vacant land,,,,,,,,,,80221
222390018,R0105114,", DENVER, CO 80221",DENVER,CO,80221,39.791905,-105.02742,,Vacant land,,,,,,,,,,80221
222390019,R0105120,"3070 W 53RD AVE, DENVER, CO 80221",DENVER,CO,80221,39.792174,-105.027218,,Vacant land,,,,,,,,,,80221
222390020,R0105122,", DENVER, CO 80221",DENVER,CO,80221,39.792062,-105.02658,,Vacant land,,,,,,,,,,80221
222390021,R0105124,"5221 REGIS RD, DENVER, CO 80221",DENVER,CO,80221,39.791448,-105.026933,,Vacant land,,,,,,,,,,80221
222390022,R0105125,", DENVER, CO 80221",DENVER,CO,80221,39.792037,-105.025986,,Vacant land,,,,,,,,,,80221
222390023,R0105127,", DENVER, CO 80221",DENVER,CO,80221,39.791678,-105.026312,,Vacant land,,,,,,,,,,80221
222390024,R0105129,", DENVER, CO 80221",DENVER,CO,80221,39.791252,-105.026301,,Vacant land,,,,,,,,,,80221
222390029,R0105159,", DENVER, CO 80221",DENVER,CO,80221,39.795255,-105.03551,,Vacant land,,,,,,,,,,80221
222390033,R0105389,", DENVER, CO 80221",DENVER,CO,80221,39.792069,-105.036137,,Vacant land,,,,,,,,,,80221
225949938,R0119614,", , CO ",Denver,CO,80221,39.831999,-105.013112,,Vacant land,,,,,,,,,,80221
227609459,R0144786,"7403 E 159TH PL, THORNTON, CO 80602",THORNTON,CO,80602,39.808907,-105.016444,,Vacant land,,,,,,,,,,80221
228138255,R0152701,", DENVER, CO 80221",DENVER,CO,80221,39.808364,-105.018358,,Vacant land,,,,,,,,,,80221
228325913,R0161631,", DENVER, CO 80221",DENVER,CO,80221,39.806902,-105.022161,,Vacant land,,,,,,,,,,80221
228325914,R0161635,"2810 W 62ND AVE, DENVER, CO 80221",DENVER,CO,80221,39.807299,-105.021401,,Vacant land,,,,,,,,,,80221
229741911,R0174698,", , CO ",Denver,CO,80221,39.818158,-104.993619,,Vacant land,,,,,,,,,,80221
230300711,R0178255,"SITUS NOT AVAILABLE, WESTMINSTER, CO 80221",WESTMINSTER,CO,80221,39.824006,-105.02278,,Vacant land,,,,,,,,,,80221
239182261,R0180978,"6140 LIPAN ST, DENVER, CO 80221",DENVER,CO,80221,39.80794,-104.998947,,Vacant land,,,,,,,,,,80221
239182262,R0180979,"6050 LIPAN ST, DENVER, CO 80221",DENVER,CO,80221,39.806339,-104.999098,,Vacant land,,,,,,,,,,80221
240273783,R0181326,"2631 W 66TH PL, WESTMINSTER, CO 80221",WESTMINSTER,CO,80221,39.817601,-105.019428,,Vacant land,,,,,,,,,,80221
248775742,R0182993,"2860 W 60TH AVE, WESTMINSTER, CO 80221",WESTMINSTER,CO,80221,39.804702,-105.021192,,Vacant land,,,,,,,,,,80221
249991576,R0183798,"2543 W 54TH AVE, DENVER, CO 80221",DENVER,CO,80221,39.794875,-105.017905,,Vacant land,,,,,,,,,,80221
326706411,R0194878,", DENVER, CO 80221",DENVER,CO,80221,39.816526,-105.015002,,Vacant land,,,,,,,,,,80221
329409657,R0200402,"2630 W 68TH AVE, DENVER, CO 80221",DENVER,CO,80221,39.820166,-105.021784,,Vacant land,,,,,,,,,,80221
329409659,R0200403,"2632 W 68TH AVE, DENVER, CO 80221",DENVER,CO,80221,39.820216,-105.021734,,Vacant land,,,,,,,,,,80221
329409661,R0200404,"2634 W 68TH AVE, DENVER, CO 80221",DENVER,CO,80221,39.820259,-105.02169,,Vacant land,,,,,,,,,,80221
329409663,R0200405,"2636 W 68TH AVE, DENVER, CO 80221",DENVER,CO,80221,39.820303,-105.021646,,Vacant land,,,,,,,,,,80221
329409665,R0200406,"2638 W 68TH AVE, DENVER, CO 80221",DENVER,CO,80221,39.820346,-105.021602,,Vacant land,,,,,,,,,,80221
329409667,R0200407,"2640 W 68TH AVE, DENVER, CO 80221",DENVER,CO,80221,39.820396,-105.021552,,Vacant land,,,,,,,,,,80221
329409669,R0200408,"2642 W 68TH AVE, DENVER, CO 80221",DENVER,CO,80221,39.820463,-105.021485,,Vacant land,,,,,,,,,,80221
329409671,R0200409,"2644 W 68TH AVE, DENVER, CO 80221",DENVER,CO,80221,39.820513,-105.021434,,Vacant land,,,,,,,,,,80221
329409673,R0200410,"2646 W 68TH AVE, DENVER, CO 80221",DENVER,CO,80221,39.820556,-105.021391,,Vacant land,,,,,,,,,,80221
329409675,R0200411,"2648 W 68TH AVE, DENVER, CO 80221",DENVER,CO,80221,39.8206,-105.021347,,Vacant land,,,,,,,,,,80221
329409677,R0200412,"2650 W 68TH AVE, DENVER, CO 80221",DENVER,CO,80221,39.820643,-105.021303,,Vacant land,,,,,,,,,,80221
329409679,R0200413,"2652 W 68TH AVE, DENVER, CO 80221",DENVER,CO,80221,39.820705,-105.021238,,Vacant land,,,,,,,,,,80221
329409681,R0200414,"6765 CLAY ST, DENVER, CO 80221",DENVER,CO,80221,39.82047,-105.021097,,Vacant land,,,,,,,,,,80221
329409683,R0200415,"6759 CLAY ST, DENVER, CO 80221",DENVER,CO,80221,39.820419,-105.021146,,Vacant land,,,,,,,,,,80221
329409685,R0200416,"6753 CLAY ST, DENVER, CO 80221",DENVER,CO,80221,39.820376,-105.02119,,Vacant land,,,,,,,,,,80221
329409687,R0200417,"6747 CLAY ST, DENVER, CO 80221",DENVER,CO,80221,39.820332,-105.021233,,Vacant land,,,,,,,,,,80221
329409689,R0200418,"6741 CLAY ST, DENVER, CO 80221",DENVER,CO,80221,39.820282,-105.021283,,Vacant land,,,,,,,,,,80221
329409691,R0200419,"6735 CLAY ST, DENVER, CO 80221",DENVER,CO,80221,39.820215,-105.021351,,Vacant land,,,,,,,,,,80221
329409693,R0200420,"6729 CLAY ST, DENVER, CO 80221",DENVER,CO,80221,39.820165,-105.021401,,Vacant land,,,,,,,,,,80221
329409695,R0200421,"6723 CLAY ST, DENVER, CO 80221",DENVER,CO,80221,39.820122,-105.021444,,Vacant land,,,,,,,,,,80221
329409697,R0200422,"6717 CLAY ST, DENVER, CO 80221",DENVER,CO,80221,39.820078,-105.021488,,Vacant land,,,,,,,,,,80221
329409725,R0200436,"2694 W 68TH AVE, DENVER, CO 80221",DENVER,CO,80221,39.819988,-105.0224,,Vacant land,,,,,,,,,,80221
329409727,R0200437,"2692 W 68TH AVE, DENVER, CO 80221",DENVER,CO,80221,39.819983,-105.022318,,Vacant land,,,,,,,,,,80221
329409729,R0200438,"2690 W 68TH AVE, DENVER, CO 80221",DENVER,CO,80221,39.819979,-105.022247,,Vacant land,,,,,,,,,,80221
329409731,R0200439,"2688 W 68TH AVE, DENVER, CO 80221",DENVER,CO,80221,39.819974,-105.022165,,Vacant land,,,,,,,,,,80221
329409733,R0200440,"2686 W 68TH AVE, DENVER, CO 80221",DENVER,CO,80221,39.819969,-105.022073,,Vacant land,,,,,,,,,,80221
329409735,R0200441,"2684 W 68TH AVE, DENVER, CO 80221",DENVER,CO,80221,39.819964,-105.021991,,Vacant land,,,,,,,,,,80221
329409737,R0200442,"2682 W 68TH AVE, DENVER, CO 80221",DENVER,CO,80221,39.81996,-105.02192,,Vacant land,,,,,,,,,,80221
329409739,R0200443,"2680 W 68TH AVE, DENVER, CO 80221",DENVER,CO,80221,39.819956,-105.021849,,Vacant land,,,,,,,,,,80221
329409741,R0200444,"2678 W 68TH AVE, DENVER, CO 80221",DENVER,CO,80221,39.819951,-105.021768,,Vacant land,,,,,,,,,,80221
329409743,R0200445,"6705 CLAY ST, DENVER, CO 80221",DENVER,CO,80221,39.819985,-105.021582,,Vacant land,,,,,,,,,,80221
329409745,R0200446,"6711 CLAY ST, DENVER, CO 80221",DENVER,CO,80221,39.820035,-105.021532,,Vacant land,,,,,,,,,,80221
331479115,R0202542,"6294 KING CT, DENVER, CO 80221",DENVER,CO,80221,39.810146,-105.032878,,Vacant land,,,,,,,,,,80221
331479116,R0202543,"6294 KING CT, DENVER, CO 80221",DENVER,CO,80221,39.810146,-105.032878,,Vacant land,,,,,,,,,,80221
331479117,R0202544,"6294 KING CT, DENVER, CO 80221",DENVER,CO,80221,39.810146,-105.032878,,Vacant land,,,,,,,,,,80221
331479118,R0202545,"3551 W 63RD AVE, DENVER, CO 80221",DENVER,CO,80221,39.810146,-105.032878,,Vacant land,,,,,,,,,,80221
331479119,R0202546,"3551 W 63RD AVE, DENVER, CO 80221",DENVER,CO,80221,39.810146,-105.032878,,Vacant land,,,,,,,,,,80221
331479120,R0202547,"3551 W 63RD AVE, DENVER, CO 80221",DENVER,CO,80221,39.810146,-105.032878,,Vacant land,,,,,,,,,,80221
331479121,R0202548,"3551 W 63RD AVE, DENVER, CO 80221",DENVER,CO,80221,39.810146,-105.032878,,Vacant land,,,,,,,,,,80221
331479130,R0202557,"3571 W 62ND AVE, DENVER, CO 80221",DENVER,CO,80221,39.808574,-105.034649,,Vacant land,,,,,,,,,,80221
331479131,R0202558,"3571 W 62ND AVE, DENVER, CO 80221",DENVER,CO,80221,39.808574,-105.034649,,Vacant land,,,,,,,,,,80221
331479132,R0202559,"3571 W 62ND AVE, DENVER, CO 80221",DENVER,CO,80221,39.808574,-105.034649,,Vacant land,,,,,,,,,,80221
331479133,R0202560,"3571 W 62ND AVE, DENVER, CO 80221",DENVER,CO,80221,39.808574,-105.034649,,Vacant land,,,,,,,,,,80221
331479134,R0202561,"3571 W 62ND AVE, DENVER, CO 80221",DENVER,CO,80221,39.808574,-105.034649,,Vacant land,,,,,,,,,,80221
332414848,R0204127,"5405 LOWELL BLVD, DENVER, CO 80221",DENVER,CO,80221,39.795008,-105.035048,,Vacant land,,,,,,,,,,80221
336002532,02171-00-267-000,"2819 W 53RD AVE, DENVER, CO 80221",DENVER,CO,80221,39.792749,-105.021811,,Vacant land,,,,,,,,,,80221
336002533,02171-00-268-000,"2819 W 53RD AVE, DENVER, CO 80221",DENVER,CO,80221,39.793146,-105.02148,,Vacant land,,,,,,,,,,80221
336504141,R0213033,"5297 NEWTON ST, DENVER, CO 80221",DENVER,CO,80221,39.792709,-105.037303,,Vacant land,,,,,,,,,,80221
336504210,R0213135,"2682 W 67TH PL, DENVER, CO 80221",DENVER,CO,80221,39.873629,-104.337907,,Vacant land,,,,,,,,,,80221
336504234,R0213184,"1231 W 68TH AVE, DENVER, CO 80221",DENVER,CO,80221,39.820199,-105.001145,,Vacant land,,,,,,,,,,80221
336504235,R0213185,"1231 W 68TH AVE, DENVER, CO 80221",DENVER,CO,80221,39.820199,-105.001145,,Vacant land,,,,,,,,,,80221
336504236,R0213186,"1231 W 68TH AVE, DENVER, CO 80221",DENVER,CO,80221,39.820199,-105.001145,,Vacant land,,,,,,,,,,80221
1002344503,R0177788,"1195 W 70TH AVE, DENVER, CO 80221",DENVER,CO,80221,39.824037,-105.000207,,Vacant land,,,,,,,,,,80221
1002345575,R0224934,"5526 CLAY ST, WESTMINSTER, CO 80221",WESTMINSTER,CO,80221,39.796967,-105.021218,,Vacant land,,,,,,,,,,80221
1002345576,R0224939,", DENVER, CO 80221",DENVER,CO,80221,39.797004,-105.021219,,Vacant land,,,,,,,,,,80221
1002345606,R0224266,"2912 W 56TH AVE, WESTMINSTER, CO 80221",WESTMINSTER,CO,80221,39.79819,-105.023248,,Vacant land,,,,,,,,,,80221
1002345718,R0224931,"5538 CLAY ST, WESTMINSTER, CO 80221",WESTMINSTER,CO,80221,39.797261,-105.02122,,Vacant land,,,,,,,,,,80221
1002345719,R0224936,"5516 CLAY ST, WESTMINSTER, CO 80221",WESTMINSTER,CO,80221,39.796775,-105.021217,,Vacant land,,,,,,,,,,80221
1002345781,R0224280,"5553 ELM CT, WESTMINSTER, CO 80221",WESTMINSTER,CO,80221,39.797723,-105.023208,,Vacant land,,,,,,,,,,80221
1002345782,R0224285,"5556 ELM CT, WESTMINSTER, CO 80221",WESTMINSTER,CO,80221,39.797722,-105.022917,,Vacant land,,,,,,,,,,80221
1002345783,R0224281,"5549 ELM CT, WESTMINSTER, CO 80221",WESTMINSTER,CO,80221,39.797675,-105.023196,,Vacant land,,,,,,,,,,80221
1002345784,R0224286,"5562 ELM CT, DENVER, CO 80221",DENVER,CO,80221,39.797775,-105.022923,,Vacant land,,,,,,,,,,80221
1002345792,R0224307,"2796 W 56TH AVE, DENVER, CO 80221",DENVER,CO,80221,39.798207,-105.022049,,Vacant land,,,,,,,,,,80221
1002345793,R0224309,"2795 W 56TH AVE, DENVER, CO 80221",DENVER,CO,80221,39.798481,-105.022016,,Vacant land,,,,,,,,,,80221
1002345798,R0224311,"2781 W 56TH AVE, DENVER, CO 80221",DENVER,CO,80221,39.79848,-105.021799,,Vacant land,,,,,,,,,,80221
1002345799,R0224312,"2775 W 56TH AVE, DENVER, CO 80221",DENVER,CO,80221,39.79848,-105.021706,,Vacant land,,,,,,,,,,80221
1002345810,R0224317,"2800 W 56TH AVE, DENVER, CO 80221",DENVER,CO,80221,39.798208,-105.022111,,Vacant land,,,,,,,,,,80221
1002345811,R0224318,"5543 DECATUR CT, WESTMINSTER, CO 80221",WESTMINSTER,CO,80221,39.797384,-105.022721,,Vacant land,,,,,,,,,,80221
1002345820,R0224334,"5523 ELM CT, WESTMINSTER, CO 80221",WESTMINSTER,CO,80221,39.797181,-105.023222,,Vacant land,,,,,,,,,,80221
1002345821,R0224337,"5508 ELLIOT CT, WESTMINSTER, CO 80221",WESTMINSTER,CO,80221,39.797182,-105.023463,,Vacant land,,,,,,,,,,80221
1002345873,R0224321,"5521 DECATUR CT, WESTMINSTER, CO 80221",WESTMINSTER,CO,80221,39.797228,-105.022729,,Vacant land,,,,,,,,,,80221
1002345874,R0224324,"5500 ELM CT, WESTMINSTER, CO 80221",WESTMINSTER,CO,80221,39.79712,-105.022953,,Vacant land,,,,,,,,,,80221
1002345894,R0224327,"5520 ELM CT, WESTMINSTER, CO 80221",WESTMINSTER,CO,80221,39.797276,-105.022945,,Vacant land,,,,,,,,,,80221
1002345917,R0224271,"2894 W 56TH AVE, DENVER, CO 80221",DENVER,CO,80221,39.798189,-105.022905,,Vacant land,,,,,,,,,,80221
1002346065,R0224300,"2790 W 56TH AVE, WESTMINSTER, CO 80221",WESTMINSTER,CO,80221,39.798207,-105.021956,,Vacant land,,,,,,,,,,80221
1002346244,R0224274,"2892 W 56TH AVE, DENVER, CO 80221",DENVER,CO,80221,39.798213,-105.023537,,Vacant land,,,,,,,,,,80221
1002346245,R0224290,"5563 DECATUR CT, WESTMINSTER, CO 80221",WESTMINSTER,CO,80221,39.797721,-105.0227,,Vacant land,,,,,,,,,,80221
1002346248,R0224930,"5542 CLAY ST, WESTMINSTER, CO 80221",WESTMINSTER,CO,80221,39.797357,-105.02122,,Vacant land,,,,,,,,,,80221
1002346249,R0224935,"5522 CLAY ST, WESTMINSTER, CO 80221",WESTMINSTER,CO,80221,39.796871,-105.021217,,Vacant land,,,,,,,,,,80221
1002346253,R0224292,"5547 DECATUR CT, WESTMINSTER, CO 80221",WESTMINSTER,CO,80221,39.797612,-105.022693,,Vacant land,,,,,,,,,,80221
1002346254,R0224310,"2789 W 56TH AVE, DENVER, CO 80221",DENVER,CO,80221,39.798481,-105.021923,,Vacant land,,,,,,,,,,80221
1002346275,R0224345,"5537 ELLIOT CT, WESTMINSTER, CO 80221",WESTMINSTER,CO,80221,39.797232,-105.023761,,Vacant land,,,,,,,,,,80221
1002346332,R0224267,"2906 W 56TH AVE, DENVER, CO 80221",DENVER,CO,80221,39.798185,-105.02317,,Vacant land,,,,,,,,,,80221
1002346350,R0224282,"5545 ELM CT, WESTMINSTER, CO 80221",WESTMINSTER,CO,80221,39.797614,-105.023202,,Vacant land,,,,,,,,,,80221
1002346351,R0224344,"5543 ELLIOT CT, WESTMINSTER, CO 80221",WESTMINSTER,CO,80221,39.797279,-105.023761,,Vacant land,,,,,,,,,,80221
1002346775,R0224272,"2884 W 56TH AVE, DENVER, CO 80221",DENVER,CO,80221,39.798213,-105.023413,,Vacant land,,,,,,,,,,80221
1002346788,R0224277,"2908 W 56TH AVE, DENVER, CO 80221",DENVER,CO,80221,39.798213,-105.023785,,Vacant land,,,,,,,,,,80221
1002346797,R0224275,"2896 W 56TH AVE, DENVER, CO 80221",DENVER,CO,80221,39.798213,-105.023599,,Vacant land,,,,,,,,,,80221
1002346807,R0224293,"5546 W 56TH DR, WESTMINSTER, CO 80221",WESTMINSTER,CO,80221,39.797611,-105.022415,,Vacant land,,,,,,,,,,80221
1002346831,R0224289,"5569 DECATUR CT, DENVER, CO 80221",DENVER,CO,80221,39.797717,-105.023063,,Vacant land,,,,,,,,,,80221
1002346832,R0224319,"5537 DECATUR CT, WESTMINSTER, CO 80221",WESTMINSTER,CO,80221,39.797323,-105.022716,,Vacant land,,,,,,,,,,80221
1002346862,R0224332,"5531 ELM CT, WESTMINSTER, CO 80221",WESTMINSTER,CO,80221,39.797276,-105.023234,,Vacant land,,,,,,,,,,80221
1002346863,R0224335,"5519 ELM CT, WESTMINSTER, CO 80221",WESTMINSTER,CO,80221,39.797121,-105.023228,,Vacant land,,,,,,,,,,80221
1002346935,R0224342,"5555 ELLIOT CT, WESTMINSTER, CO 80221",WESTMINSTER,CO,80221,39.797387,-105.023753,,Vacant land,,,,,,,,,,80221
1002346936,R0224343,"5549 ELLIOT CT, WESTMINSTER, CO 80221",WESTMINSTER,CO,80221,39.797327,-105.023748,,Vacant land,,,,,,,,,,80221
1002346961,R0224294,"5554 W 56TH DR, WESTMINSTER, CO 80221",WESTMINSTER,CO,80221,39.797672,-105.022421,,Vacant land,,,,,,,,,,80221
1002346969,R0224301,"2786 W 56TH AVE, WESTMINSTER, CO 80221",WESTMINSTER,CO,80221,39.79819,-105.021895,,Vacant land,,,,,,,,,,80221
1002346970,R0224268,"2900 W 56TH AVE, WESTMINSTER, CO 80221",WESTMINSTER,CO,80221,39.798195,-105.023107,,Vacant land,,,,,,,,,,80221
1002346971,R0224283,"5540 ELM CT, WESTMINSTER, CO 80221",WESTMINSTER,CO,80221,39.797613,-105.022925,,Vacant land,,,,,,,,,,80221
1002346972,R0224284,"5548 ELM CT, WESTMINSTER, CO 80221",WESTMINSTER,CO,80221,39.797674,-105.02293,,Vacant land,,,,,,,,,,80221
1002346973,R0224303,"2778 W 56TH AVE, DENVER, CO 80221",DENVER,CO,80221,39.798206,-105.02177,,Vacant land,,,,,,,,,,80221
1002347001,R0224305,"2788 W 56TH AVE, DENVER, CO 80221",DENVER,CO,80221,39.798207,-105.021925,,Vacant land,,,,,,,,,,80221
1002347002,R0224306,"2792 W 56TH AVE, DENVER, CO 80221",DENVER,CO,80221,39.798207,-105.021987,,Vacant land,,,,,,,,,,80221
1002347005,R0224302,"2782 W 56TH AVE, WESTMINSTER, CO 80221",WESTMINSTER,CO,80221,39.798206,-105.021832,,Vacant land,,,,,,,,,,80221
1002347006,R0224304,"2782 W 56TH AVE, WESTMINSTER, CO 80221",WESTMINSTER,CO,80221,39.798206,-105.021832,,Vacant land,,,,,,,,,,80221
1002347008,R0224308,"2799 W 56TH AVE, DENVER, CO 80221",DENVER,CO,80221,39.798482,-105.022078,,Vacant land,,,,,,,,,,80221
1002347009,R0224320,"5529 DECATUR CT, WESTMINSTER, CO 80221",WESTMINSTER,CO,80221,39.797275,-105.022729,,Vacant land,,,,,,,,,,80221
1002347015,R0224323,"5511 DECATUR CT, WESTMINSTER, CO 80221",WESTMINSTER,CO,80221,39.797119,-105.022723,,Vacant land,,,,,,,,,,80221
1002347027,R0224338,"5516 ELLIOT CT, WESTMINSTER, CO 80221",WESTMINSTER,CO,80221,39.797231,-105.02345,,Vacant land,,,,,,,,,,80221
1002347078,R0224932,"5534 CLAY ST, WESTMINSTER, CO 80221",WESTMINSTER,CO,80221,39.797165,-105.021219,,Vacant land,,,,,,,,,,80221
1002347091,R0224937,"5512 CLAY ST, WESTMINSTER, CO 80221",WESTMINSTER,CO,80221,39.796665,-105.021216,,Vacant land,,,,,,,,,,80221
1002347123,R0224299,"2794 W 56TH AVE, DENVER, CO 80221",DENVER,CO,80221,39.798181,-105.022018,,Vacant land,,,,,,,,,,80221
1002347127,R0224278,"5561 ELM CT, WESTMINSTER, CO 80221",WESTMINSTER,CO,80221,39.797823,-105.023196,,Vacant land,,,,,,,,,,80221
1002347128,R0224296,"5566 W 56TH DR, WESTMINSTER, CO 80221",WESTMINSTER,CO,80221,39.797767,-105.022407,,Vacant land,,,,,,,,,,80221
1002347164,R0224315,"2780 W 56TH AVE, DENVER, CO 80221",DENVER,CO,80221,39.798206,-105.021801,,Vacant land,,,,,,,,,,80221
1002347165,R0224316,"2790 W 56TH AVE, WESTMINSTER, CO 80221",WESTMINSTER,CO,80221,39.798207,-105.021956,,Vacant land,,,,,,,,,,80221
1002347176,R0224331,"5535 ELM CT, WESTMINSTER, CO 80221",WESTMINSTER,CO,80221,39.797325,-105.023221,,Vacant land,,,,,,,,,,80221
1002347183,R0224276,"2902 W 56TH PL, WESTMINSTER, CO 80221",WESTMINSTER,CO,80221,39.798213,-105.023692,,Vacant land,,,,,,,,,,80221
1002347184,R0224279,"5557 ELM CT, WESTMINSTER, CO 80221",WESTMINSTER,CO,80221,39.79777,-105.023208,,Vacant land,,,,,,,,,,80221
1002347189,R0224291,"5555 DECATUR CT, WESTMINSTER, CO 80221",WESTMINSTER,CO,80221,39.797673,-105.022687,,Vacant land,,,,,,,,,,80221
1002347190,R0224297,"5572 W 56TH DR, WESTMINSTER, CO 80221",WESTMINSTER,CO,80221,39.79782,-105.022419,,Vacant land,,,,,,,,,,80221
1002347191,R0224298,"2798 W 56TH AVE, WESTMINSTER, CO 80221",WESTMINSTER,CO,80221,39.798186,-105.022096,,Vacant land,,,,,,,,,,80221
1002347202,R0224322,"5517 DECATUR CT, WESTMINSTER, CO 80221",WESTMINSTER,CO,80221,39.79718,-105.022717,,Vacant land,,,,,,,,,,80221
1002347203,R0224325,"5506 ELM CT, WESTMINSTER, CO 80221",WESTMINSTER,CO,80221,39.797181,-105.022958,,Vacant land,,,,,,,,,,80221
1002347209,R0224328,"5528 ELM CT, WESTMINSTER, CO 80221",WESTMINSTER,CO,80221,39.797324,-105.022957,,Vacant land,,,,,,,,,,80221
1002347210,R0224340,"5530 ELLIOT CT, WESTMINSTER, CO 80221",WESTMINSTER,CO,80221,39.797326,-105.023463,,Vacant land,,,,,,,,,,80221
1002347342,R0224938,", DENVER, CO 80221",DENVER,CO,80221,39.797004,-105.021219,,Vacant land,,,,,,,,,,80221
1002347528,R0224933,"5530 CLAY ST, WESTMINSTER, CO 80221",WESTMINSTER,CO,80221,39.797066,-105.021218,,Vacant land,,,,,,,,,,80221
1002347563,R0224928,"5560 CLAY ST, WESTMINSTER, CO 80221",WESTMINSTER,CO,80221,39.797602,-105.021117,,Vacant land,,,,,,,,,,80221
1002347633,R0224341,"5538 ELLIOT CT, WESTMINSTER, CO 80221",WESTMINSTER,CO,80221,39.797386,-105.023456,,Vacant land,,,,,,,,,,80221
1002347634,R0224346,"5531 ELLIOT CT, WESTMINSTER, CO 80221",WESTMINSTER,CO,80221,39.797184,-105.023749,,Vacant land,,,,,,,,,,80221
1002347667,R0224347,"5525 ELLIOT CT, WESTMINSTER, CO 80221",WESTMINSTER,CO,80221,39.797123,-105.023755,,Vacant land,,,,,,,,,,80221
1002347715,R0224287,"5570 ELM CT, WESTMINSTER, CO 80221",WESTMINSTER,CO,80221,39.797822,-105.022928,,Vacant land,,,,,,,,,,80221
1002347752,R0224288,"5571 DECATUR CT, DENVER, CO 80221",DENVER,CO,80221,39.797717,-105.023063,,Vacant land,,,,,,,,,,80221
1002347753,R0224326,"5514 ELM CT, WESTMINSTER, CO 80221",WESTMINSTER,CO,80221,39.797229,-105.022945,,Vacant land,,,,,,,,,,80221
1002347771,R0224329,"5536 ELM CT, WESTMINSTER, CO 80221",WESTMINSTER,CO,80221,39.797385,-105.022951,,Vacant land,,,,,,,,,,80221
1002347803,R0224929,"5546 CLAY ST, WESTMINSTER, CO 80221",WESTMINSTER,CO,80221,39.797465,-105.021163,,Vacant land,,,,,,,,,,80221
1002347938,R0224270,"2896 W 56TH AVE, DENVER, CO 80221",DENVER,CO,80221,39.798213,-105.023599,,Vacant land,,,,,,,,,,80221
1002347944,R0224273,"2888 W 56TH AVE, DENVER, CO 80221",DENVER,CO,80221,39.798213,-105.023475,,Vacant land,,,,,,,,,,80221
1002347945,R0224295,"5560 W 56TH DR, WESTMINSTER, CO 80221",WESTMINSTER,CO,80221,39.79772,-105.022407,,Vacant land,,,,,,,,,,80221
1002347946,R0224313,"2760 W 56TH AVE, DENVER, CO 80221",DENVER,CO,80221,39.798204,-105.021491,,Vacant land,,,,,,,,,,80221
1002347947,R0224314,"2770 W 56TH AVE, DENVER, CO 80221",DENVER,CO,80221,39.798205,-105.021646,,Vacant land,,,,,,,,,,80221
1002347969,R0224330,"5539 ELM CT, WESTMINSTER, CO 80221",WESTMINSTER,CO,80221,39.797385,-105.023227,,Vacant land,,,,,,,,,,80221
1002347970,R0224333,"5527 ELM CT, WESTMINSTER, CO 80221",WESTMINSTER,CO,80221,39.79723,-105.023235,,Vacant land,,,,,,,,,,80221
1002347971,R0224336,"5502 ELLIOT CT, WESTMINSTER, CO 80221",WESTMINSTER,CO,80221,39.797122,-105.023458,,Vacant land,,,,,,,,,,80221
1002347972,R0224339,"5522 ELLIOT CT, WESTMINSTER, CO 80221",WESTMINSTER,CO,80221,39.797277,-105.02345,,Vacant land,,,,,,,,,,80221
1004945369,02171-00-358-000,"5270 FEDERAL BLVD, DENVER, CO 80221",DENVER,CO,80221,39.792406,-105.024455,,Vacant land,,,,,,,,,,80221
1004945371,02171-00-360-000,", DENVER, CO 80221",DENVER,CO,80221,39.792067,-105.02403,,Vacant land,,,,,,,,,,80221
1004945372,02171-00-361-000,", DENVER, CO 80221",DENVER,CO,80221,39.792067,-105.02403,,Vacant land,,,,,,,,,,80221
1004945373,02171-00-362-000,", DENVER, CO 80221",DENVER,CO,80221,39.792067,-105.02403,,Vacant land,,,,,,,,,,80221
1004945374,02171-00-363-000,", DENVER, CO 80221",DENVER,CO,80221,39.792067,-105.02403,,Vacant land,,,,,,,,,,80221
1004945375,02171-00-364-000,", DENVER, CO 80221",DENVER,CO,80221,39.792067,-105.02403,,Vacant land,,,,,,,,,,80221
1004945386,02171-00-375-000,"2902 W PARKSIDE PL, DENVER, CO 80221",DENVER,CO,80221,39.792882,-105.022552,,Vacant land,,,,,,,,,,80221
1004945388,02173-07-028-000,"4957 KNOX CT, DENVER, CO 80221",DENVER,CO,80221,39.786476,-105.031961,,Vacant land,,,,,,,,,,80221
19591079,06303-09-012-000,"4251 E HARVARD AVE, DENVER, CO 80222",DENVER,CO,80222,39.671096,-104.938266,,Vacant land,,,,,,,,,,80222
21184038,06302-02-009-000,"2172 S ASH ST, DENVER, CO 80222",DENVER,CO,80222,39.677061,-104.938187,,Vacant land,,,,,,,,,,80222
21184040,06302-02-010-000,"2186 S ASH ST, DENVER, CO 80222",DENVER,CO,80222,39.676923,-104.938186,,Vacant land,,,,,,,,,,80222
21184041,06302-02-011-000,"4221 E WARREN AVE, DENVER, CO 80222",DENVER,CO,80222,39.676786,-104.938186,,Vacant land,,,,,,,,,,80222
30410359,06303-23-009-000,"4101 E WESLEY AVE, DENVER, CO 80222",DENVER,CO,80222,39.673714,-104.939297,,Vacant land,,,,,,,,,,80222
30410446,06302-17-038-000,"4105 E WARREN AVE, DENVER, CO 80222",DENVER,CO,80222,39.676853,-104.939277,,Vacant land,,,,,,,,,,80222
42972532,1973-32-2-03-012,"3001 S HOLLY PL, DENVER, CO 80222",DENVER,CO,80222,39.664628,-104.91878,,Vacant land,,,,,,,,,,80222
43140199,1973-30-4-14-014,"2585 S HOLLY PL, DENVER, CO 80222",DENVER,CO,80222,39.669184,-104.922904,,Vacant land,,,,,,,,,,80222
43244538,06301-32-012-000,"5285 E ILIFF AVE # MISC, DENVER, CO 80222",DENVER,CO,80222,39.675278,-104.925932,,Vacant land,,,,,,,,,,80222
51256418,1973-30-4-07-036,"5151 E VASSAR AVE, DENVER, CO 80222",DENVER,CO,80222,39.669661,-104.927852,,Vacant land,,,,,,,,,,80222
51303903,06312-06-004-000,"2934 S BELLAIRE ST, DENVER, CO 80222",DENVER,CO,80222,39.664577,-104.937601,,Vacant land,,,,,,,,,,80222
51530022,06302-18-019-000,"2040 S COLORADO BLVD, DENVER, CO 80222",DENVER,CO,80222,39.679446,-104.939894,,Vacant land,,,,,,,,,,80222
51570108,05361-10-008-000,"2901 S COLORADO BLVD, DENVER, CO 80222",DENVER,CO,80222,39.664057,-104.941067,,Vacant land,,,,,,,,,,80222
52812735,06302-09-018-000,"2225 S DEXTER ST, DENVER, CO 80222",DENVER,CO,80222,39.676216,-104.933383,,Vacant land,,,,,,,,,,80222
149912763,06302-05-029-000,"4510 E EVANS AVE, DENVER, CO 80222",DENVER,CO,80222,39.677907,-104.934589,,Vacant land,,,,,,,,,,80222
184203671,1973-30-4-18-001,"5190 E VASSAR AVE, DENVER, CO 80222",DENVER,CO,80222,39.669121,-104.927696,,Vacant land,,,,,,,,,,80222
184320391,06192-13-025-000,"1380 S BIRCH ST # MISC, DENVER, CO 80222",DENVER,CO,80222,39.691329,-104.935879,,Vacant land,,,,,,,,,,80222
184320416,06193-00-150-000,"4100 E FLORIDA AVE # MISC, DENVER, CO 80222",DENVER,CO,80222,39.688647,-104.938895,,Vacant land,,,,,,,,,,80222
184320443,06193-00-108-000,"1646 S ALBION ST, DENVER, CO 80222",DENVER,CO,80222,39.686806,-104.939132,,Vacant land,,,,,,,,,,80222
184320462,06193-06-007-000,"1500 S DEXTER WAY, DENVER, CO 80222",DENVER,CO,80222,39.688572,-104.932519,,Vacant land,,,,,,,,,,80222
184320824,06301-00-025-000,"5501 E PACIFIC PL, DENVER, CO 80222",DENVER,CO,80222,39.679783,-104.924859,,Vacant land,,,,,,,,,,80222
184320915,06302-12-001-000,"4307 E ILIFF AVE, DENVER, CO 80222",DENVER,CO,80222,39.675152,-104.936996,,Vacant land,,,,,,,,,,80222
184320921,06302-12-014-000,"4301 E ILIFF AVE, DENVER, CO 80222",DENVER,CO,80222,39.67583,-104.937141,,Vacant land,,,,,,,,,,80222
184320963,06303-08-008-000,"4100 E WESLEY AVE, DENVER, CO 80222",DENVER,CO,80222,39.673105,-104.938968,,Vacant land,,,,,,,,,,80222
184321833,06194-01-025-000,"1500 S HUDSON ST, DENVER, CO 80222",DENVER,CO,80222,39.688928,-104.92316,,Vacant land,,,,,,,,,,80222
184322347,06304-01-036-000,"5315 E YALE AVE, DENVER, CO 80222",DENVER,CO,80222,39.668723,-104.927462,,Vacant land,,,,,,,,,,80222
184322350,06304-01-044-000,"5100 E VASSAR AVE, DENVER, CO 80222",DENVER,CO,80222,39.669145,-104.92824,,Vacant land,,,,,,,,,,80222
184326294,06301-32-010-000,"5100 E DONALD AVE, DENVER, CO 80222",DENVER,CO,80222,39.675537,-104.925776,,Vacant land,,,,,,,,,,80222
184326295,06301-32-011-000,"5100 E DONALD AVE, DENVER, CO 80222",DENVER,CO,80222,39.67534,-104.925775,,Vacant land,,,,,,,,,,80222
184326296,06301-32-013-000,"5100 E DONALD AVE, DENVER, CO 80222",DENVER,CO,80222,39.675278,-104.926193,,Vacant land,,,,,,,,,,80222
184326297,06301-32-014-000,"5100 E DONALD AVE, DENVER, CO 80222",DENVER,CO,80222,39.675277,-104.926501,,Vacant land,,,,,,,,,,80222
184326299,06301-32-016-000,"5100 E DONALD AVE, DENVER, CO 80222",DENVER,CO,80222,39.675277,-104.927063,,Vacant land,,,,,,,,,,80222
184326300,06301-32-017-000,"5100 E DONALD AVE, DENVER, CO 80222",DENVER,CO,80222,39.675276,-104.92724,,Vacant land,,,,,,,,,,80222
184326301,06301-32-018-000,"5100 E DONALD AVE, DENVER, CO 80222",DENVER,CO,80222,39.675276,-104.927461,,Vacant land,,,,,,,,,,80222
184326306,06301-34-003-000,"5401 E PACIFIC PL, DENVER, CO 80222",DENVER,CO,80222,39.679508,-104.924349,,Vacant land,,,,,,,,,,80222
184326308,06301-34-007-000,"5301 E PACIFIC PL, DENVER, CO 80222",DENVER,CO,80222,39.679479,-104.92532,,Vacant land,,,,,,,,,,80222
184326313,06302-00-055-000,"4410 E COLORADO CENTER DR, DENVER, CO 80222",DENVER,CO,80222,39.6793,-104.935103,,Vacant land,,,,,,,,,,80222
184326314,06302-00-056-000,"4300 E COLORADO CENTER DR, DENVER, CO 80222",DENVER,CO,80222,39.679777,-104.938566,,Vacant land,,,,,,,,,,80222
184326353,06302-16-010-000,"4040 E EVANS AVE, DENVER, CO 80222",DENVER,CO,80222,39.678116,-104.939836,,Vacant land,,,,,,,,,,80222
184326354,06302-16-012-000,"2100 S COLORADO BLVD, DENVER, CO 80222",DENVER,CO,80222,39.678217,-104.940362,,Vacant land,,,,,,,,,,80222
184561762,06193-00-185-000,"4100 E MEXICO AVE STE F, DENVER, CO 80222",DENVER,CO,80222,39.684697,-104.940154,,Vacant land,,,,,,,,,,80222
184567582,05251-01-015-000,"1975 S COLORADO BLVD, DENVER, CO 80222",DENVER,CO,80222,39.681086,-104.941223,,Vacant land,,,,,,,,,,80222
184686839,06302-22-089-000,"1900 S CHERRY ST, DENVER, CO 80222",DENVER,CO,80222,39.681597,-104.933692,,Vacant land,,,,,,,,,,80222
184741942,06302-17-039-000,"2140 S ALBION ST, DENVER, CO 80222",DENVER,CO,80222,39.677849,-104.939332,,Vacant land,,,,,,,,,,80222
184741954,06302-21-028-000,"2109 S DAHLIA ST, DENVER, CO 80222",DENVER,CO,80222,39.678067,-104.931921,,Vacant land,,,,,,,,,,80222
184780213,06293-03-036-000,"2524 S KEARNEY ST, DENVER, CO 80222",DENVER,CO,80222,39.670749,-104.917465,,Vacant land,,,,,,,,,,80222
184784118,1973-22-3-02-005,"9300 E IOWA AVE, DENVER, CO 80222",DENVER,CO,80222,39.686988,-104.879377,,Vacant land,,,,,,,,,,80222
204024715,06302-00-037-000,"2000 S DAHLIA ST, DENVER, CO 80222",DENVER,CO,80222,39.679127,-104.930955,,Vacant land,,,,,,,,,,80222
204024720,06302-21-009-000,"2101 S DAHLIA ST, DENVER, CO 80222",DENVER,CO,80222,39.676842,-104.931771,,Vacant land,,,,,,,,,,80222
222409772,05315-00-004-000,"4101 W HAMPDEN AVE, DENVER, CO 80222",DENVER,CO,80222,39.654011,-105.039467,,Vacant land,,,,,,,,,,80222
252729943,06313-02-010-000,"4625 E EASTMAN AVE, DENVER, CO 80222",DENVER,CO,80222,39.658483,-104.933511,,Vacant land,,,,,,,,,,80222
327010694,1973-30-3-00-005,"2501 S DAHLIA ST, DENVER, CO 80222",DENVER,CO,80222,39.670956,-104.93248,,Vacant land,,,,,,,,,,80222
328418686,06303-09-013-000,"4231 E HARVARD AVE, DENVER, CO 80222",DENVER,CO,80222,39.670894,-104.938274,,Vacant land,,,,,,,,,,80222
334131668,06292-00-116-000,"2078 S HOLLY ST UNIT 1, DENVER, CO 80222",DENVER,CO,80222,39.680282,-104.922008,,Vacant land,,,,,,,,,,80222
334131669,06292-00-117-000,"2078 S HOLLY ST UNIT 2, DENVER, CO 80222",DENVER,CO,80222,39.680221,-104.922008,,Vacant land,,,,,,,,,,80222
334131670,06292-00-118-000,"2078 S HOLLY ST UNIT 3, DENVER, CO 80222",DENVER,CO,80222,39.680163,-104.922009,,Vacant land,,,,,,,,,,80222
334131671,06292-00-119-000,"2078 S HOLLY ST UNIT 4, DENVER, CO 80222",DENVER,CO,80222,39.680101,-104.922009,,Vacant land,,,,,,,,,,80222
334131672,06292-00-120-000,"2076 S HOLLY ST UNIT 1, DENVER, CO 80222",DENVER,CO,80222,39.68,-104.92201,,Vacant land,,,,,,,,,,80222
334131673,06292-00-121-000,"2076 S HOLLY ST UNIT 2, DENVER, CO 80222",DENVER,CO,80222,39.679939,-104.922011,,Vacant land,,,,,,,,,,80222
334131674,06292-00-122-000,"2076 S HOLLY ST UNIT 3, DENVER, CO 80222",DENVER,CO,80222,39.679881,-104.922011,,Vacant land,,,,,,,,,,80222
334131675,06292-00-123-000,"2076 S HOLLY ST UNIT 4, DENVER, CO 80222",DENVER,CO,80222,39.679819,-104.922012,,Vacant land,,,,,,,,,,80222
334131796,06292-00-245-000,"2062 S HOLLY ST UNIT 3, DENVER, CO 80222",DENVER,CO,80222,39.6799,-104.919917,,Vacant land,,,,,,,,,,80222
334131797,06292-00-246-000,"2062 S HOLLY ST UNIT 4, DENVER, CO 80222",DENVER,CO,80222,39.679899,-104.919798,,Vacant land,,,,,,,,,,80222
334131798,06292-00-247-000,"2062 S HOLLY ST UNIT 2, DENVER, CO 80222",DENVER,CO,80222,39.67996,-104.919797,,Vacant land,,,,,,,,,,80222
334131799,06292-00-248-000,"2062 S HOLLY ST UNIT 1, DENVER, CO 80222",DENVER,CO,80222,39.67996,-104.919917,,Vacant land,,,,,,,,,,80222
334131800,06292-00-249-000,"2060 S HOLLY ST UNIT 3, DENVER, CO 80222",DENVER,CO,80222,39.679898,-104.919631,,Vacant land,,,,,,,,,,80222
334131801,06292-00-250-000,"2060 S HOLLY ST UNIT 4, DENVER, CO 80222",DENVER,CO,80222,39.679898,-104.919521,,Vacant land,,,,,,,,,,80222
334131802,06292-00-251-000,"2060 S HOLLY ST UNIT 2, DENVER, CO 80222",DENVER,CO,80222,39.679958,-104.91952,,Vacant land,,,,,,,,,,80222
334131803,06292-00-252-000,"2060 S HOLLY ST UNIT 1, DENVER, CO 80222",DENVER,CO,80222,39.679959,-104.91963,,Vacant land,,,,,,,,,,80222
334131804,06292-00-253-000,"2056 S HOLLY ST UNIT 3, DENVER, CO 80222",DENVER,CO,80222,39.679897,-104.919354,,Vacant land,,,,,,,,,,80222
334131805,06292-00-254-000,"2056 S HOLLY ST UNIT 4, DENVER, CO 80222",DENVER,CO,80222,39.679896,-104.919244,,Vacant land,,,,,,,,,,80222
334131806,06292-00-255-000,"2056 S HOLLY ST UNIT 2, DENVER, CO 80222",DENVER,CO,80222,39.679957,-104.919243,,Vacant land,,,,,,,,,,80222
334131807,06292-00-256-000,"2056 S HOLLY ST UNIT 1, DENVER, CO 80222",DENVER,CO,80222,39.679958,-104.919353,,Vacant land,,,,,,,,,,80222
334131836,06292-00-285-000,"2024 S HOLLY ST UNIT 3, DENVER, CO 80222",DENVER,CO,80222,39.680056,-104.91963,,Vacant land,,,,,,,,,,80222
334131837,06292-00-286-000,"2024 S HOLLY ST UNIT 4, DENVER, CO 80222",DENVER,CO,80222,39.680055,-104.91952,,Vacant land,,,,,,,,,,80222
334131838,06292-00-287-000,"2024 S HOLLY ST UNIT 2, DENVER, CO 80222",DENVER,CO,80222,39.680117,-104.919519,,Vacant land,,,,,,,,,,80222
334131839,06292-00-288-000,"2024 S HOLLY ST UNIT 1, DENVER, CO 80222",DENVER,CO,80222,39.680118,-104.919629,,Vacant land,,,,,,,,,,80222
334131840,06292-00-289-000,"2020 S HOLLY ST UNIT 3, DENVER, CO 80222",DENVER,CO,80222,39.680055,-104.919916,,Vacant land,,,,,,,,,,80222
334131841,06292-00-290-000,"2020 S HOLLY ST UNIT 4, DENVER, CO 80222",DENVER,CO,80222,39.680055,-104.919797,,Vacant land,,,,,,,,,,80222
334131842,06292-00-291-000,"2020 S HOLLY ST UNIT 2, DENVER, CO 80222",DENVER,CO,80222,39.680117,-104.919796,,Vacant land,,,,,,,,,,80222
334131843,06292-00-292-000,"2020 S HOLLY ST UNIT 1, DENVER, CO 80222",DENVER,CO,80222,39.680118,-104.919916,,Vacant land,,,,,,,,,,80222
1000513984,06313-22-026-000,"3362 S ALBION ST, DENVER, CO 80222",DENVER,CO,80222,39.655439,-104.939433,,Vacant land,,,,,,,,,,80222
1001989105,06192-25-033-000,"4201 E ARKANSAS AVE, DENVER, CO 80222",DENVER,CO,80222,39.692111,-104.938543,,Vacant land,,,,,,,,,,80222
1001989135,06303-01-043-000,"4770 E ILIFF AVE, DENVER, CO 80222",DENVER,CO,80222,39.674531,-104.932296,,Vacant land,,,,,,,,,,80222
1004945972,05251-01-016-000,"1975 S COLORADO BLVD, DENVER, CO 80222",DENVER,CO,80222,39.680896,-104.941143,,Vacant land,,,,,,,,,,80222
1004946207,06194-00-063-000,"1520 S GLENCOE ST, DENVER, CO 80222",DENVER,CO,80222,39.688738,-104.925102,,Vacant land,,,,,,,,,,80222
1004946239,06303-01-044-000,"4750 E ILIFF AVE, DENVER, CO 80222",DENVER,CO,80222,39.67445,-104.931429,,Vacant land,,,,,,,,,,80222
1004946242,06313-30-024-000,"3436 S CHERRY ST, DENVER, CO 80222",DENVER,CO,80222,39.654276,-104.933228,,Vacant land,,,,,,,,,,80222
3005476,05211-05-030-000,"1150 S MARIPOSA ST, DENVER, CO 80223",DENVER,CO,80223,39.695812,-105.002354,,Vacant land,,,,,,,,,,80223
3454773,05211-12-040-000,"1208 S MARIPOSA ST, DENVER, CO 80223",DENVER,CO,80223,39.694596,-105.002393,,Vacant land,,,,,,,,,,80223
4272517,05096-10-003-000,"1001 W BAYAUD AVE, DENVER, CO 80223",DENVER,CO,80223,39.715157,-105.000917,,Vacant land,,,,,,,,,,80223
4272527,05096-16-011-000,"200 S SANTA FE DR, DENVER, CO 80223",DENVER,CO,80223,39.712806,-104.997805,,Vacant land,,,,,,,,,,80223
14903084,05162-02-015-000,"1513 W NEVADA PL, DENVER, CO 80223",DENVER,CO,80223,39.710492,-105.00917,,Vacant land,,,,,,,,,,80223
16775008,05273-12-041-000,"2121 S GALAPAGO ST, DENVER, CO 80223",DENVER,CO,80223,39.677849,-104.996322,,Vacant land,,,,,,,,,,80223
16919788,05331-00-021-000,"3001 S PLATTE RIVER DR, DENVER, CO 80223",DENVER,CO,80223,39.666823,-105.006412,,Vacant land,,,,,,,,,,80223
18270471,05274-01-014-000,"2345 S BANNOCK ST, DENVER, CO 80223",DENVER,CO,80223,39.674057,-104.990305,,Vacant land,,,,,,,,,,80223
25470317,05103-05-001-000,"76 FOX ST, DENVER, CO 80223",DENVER,CO,80223,39.717945,-104.994975,,Vacant land,,,,,,,,,,80223
28613115,05223-05-035-000,"1234 S SANTA FE DR, DENVER, CO 80223",DENVER,CO,80223,39.694163,-104.992156,,Vacant land,,,,,,,,,,80223
29606225,05272-21-039-000,"2280 S BANNOCK ST, DENVER, CO 80223",DENVER,CO,80223,39.675219,-104.989648,,Vacant land,,,,,,,,,,80223
30448468,05095-11-002-000,"1350 W MAPLE AVE, DENVER, CO 80223",DENVER,CO,80223,39.713685,-105.005211,,Vacant land,,,,,,,,,,80223
30546953,05272-03-014-000,"1941 S BANNOCK ST, DENVER, CO 80223",DENVER,CO,80223,39.681081,-104.990297,,Vacant land,,,,,,,,,,80223
39508745,05102-33-017-000,"100 ACOMA ST, DENVER, CO 80223",DENVER,CO,80223,39.718653,-104.988882,,Vacant land,,,,,,,,,,80223
39542169,05223-02-008-000,"1160 S CHEROKEE ST, DENVER, CO 80223",DENVER,CO,80223,39.6954,-104.991014,,Vacant land,,,,,,,,,,80223
39559120,05223-03-034-000,"1160 S SANTA FE DR, DENVER, CO 80223",DENVER,CO,80223,39.695475,-104.992097,,Vacant land,,,,,,,,,,80223
39636048,05095-15-005-000,"1328 W BYERS PL, DENVER, CO 80223",DENVER,CO,80223,39.711908,-105.004644,,Vacant land,,,,,,,,,,80223
39692647,05091-11-009-000,"326 SANTA FE DR, DENVER, CO 80223",DENVER,CO,80223,39.721514,-104.998306,,Vacant land,,,,,,,,,,80223
39772494,05281-00-059-000,"1200 W JEWELL AVE, DENVER, CO 80223",DENVER,CO,80223,39.681998,-105.002273,,Vacant land,,,,,,,,,,80223
39783015,05226-01-008-000,"1536 S ACOMA ST, DENVER, CO 80223",DENVER,CO,80223,39.688654,-104.988419,,Vacant land,,,,,,,,,,80223
39901107,05281-18-040-000,"2225 S PLATTE RIVER DR # MISC, DENVER, CO 80223",DENVER,CO,80223,39.67599,-104.998659,,Vacant land,,,,,,,,,,80223
42962802,05095-13-009-000,"1256 W CEDAR AVE, DENVER, CO 80223",DENVER,CO,80223,39.712802,-105.003234,,Vacant land,,,,,,,,,,80223
43240385,05272-16-066-000,"2101 S CHEROKEE ST, DENVER, CO 80223",DENVER,CO,80223,39.678188,-104.991446,,Vacant land,,,,,,,,,,80223
49311772,05272-03-015-000,"1939 S BANNOCK ST, DENVER, CO 80223",DENVER,CO,80223,39.681184,-104.990297,,Vacant land,,,,,,,,,,80223
49391486,05223-03-008-000,"1143 S CHEROKEE ST, DENVER, CO 80223",DENVER,CO,80223,39.695824,-104.99163,,Vacant land,,,,,,,,,,80223
51226706,05091-13-019-000,"375 KALAMATH ST, DENVER, CO 80223",DENVER,CO,80223,39.722263,-105.000592,,Vacant land,,,,,,,,,,80223
144252395,05103-23-003-000,"162 S ELATI ST, DENVER, CO 80223",DENVER,CO,80223,39.713616,-104.993228,,Vacant land,,,,,,,,,,80223
144659000,05102-24-002-000,"700 W 4TH AVE, DENVER, CO 80223",DENVER,CO,80223,39.72225,-104.996795,,Vacant land,,,,,,,,,,80223
144907852,05211-07-043-000,"1100 S OSAGE ST, DENVER, CO 80223",DENVER,CO,80223,39.695584,-105.004844,,Vacant land,,,,,,,,,,80223
148813748,05282-04-043-000,"1974 S ZUNI ST, DENVER, CO 80223",DENVER,CO,80223,39.681228,-105.015266,,Vacant land,,,,,,,,,,80223
149249405,05272-14-002-000,"2118 S BANNOCK ST, DENVER, CO 80223",DENVER,CO,80223,39.678197,-104.989644,,Vacant land,,,,,,,,,,80223
150229700,05282-04-063-000,"1963 S VALLEJO ST, DENVER, CO 80223",DENVER,CO,80223,39.681195,-105.014132,,Vacant land,,,,,,,,,,80223
153566887,05161-04-013-000,"344 S NAVAJO ST, DENVER, CO 80223",DENVER,CO,80223,39.709982,-105.003657,,Vacant land,,,,,,,,,,80223
155236015,05284-00-017-000,"2490 S PECOS ST, DENVER, CO 80223",DENVER,CO,80223,39.672072,-105.006216,,Vacant land,,,,,,,,,,80223
184192021,05272-00-024-000,"2300 S SANTA FE DR, DENVER, CO 80223",DENVER,CO,80223,39.678671,-104.99294,,Vacant land,,,,,,,,,,80223
184192022,05272-00-025-000,"2135 S DELAWARE ST, DENVER, CO 80223",DENVER,CO,80223,39.67855,-104.992571,,Vacant land,,,,,,,,,,80223
184192025,05272-00-031-000,"2100 S SANTA FE DR, DENVER, CO 80223",DENVER,CO,80223,39.676618,-104.993401,,Vacant land,,,,,,,,,,80223
184290213,02321-00-002-000,"2001 N ZUNI ST, DENVER, CO 80223",DENVER,CO,80223,39.748381,-105.015892,,Vacant land,,,,,,,,,,80223
184296011,02324-26-027-000,"1501 N ZUNI ST, DENVER, CO 80223",DENVER,CO,80223,39.742494,-105.016941,,Vacant land,,,,,,,,,,80223
184298700,05043-18-006-000,"1101 N PECOS ST, DENVER, CO 80223",DENVER,CO,80223,39.734914,-105.007138,,Vacant land,,,,,,,,,,80223
184301881,05162-09-030-000,"1490 W ALASKA PL, DENVER, CO 80223",DENVER,CO,80223,39.708205,-105.008334,,Vacant land,,,,,,,,,,80223
184301970,05171-01-018-000,"333 S ZUNI ST, DENVER, CO 80223",DENVER,CO,80223,39.710513,-105.016054,,Vacant land,,,,,,,,,,80223
184304256,05102-39-020-000,"600 W 2ND AVE, DENVER, CO 80223",DENVER,CO,80223,39.719205,-104.995995,,Vacant land,,,,,,,,,,80223
184304285,05103-04-049-000,"94 ELATI ST, DENVER, CO 80223",DENVER,CO,80223,39.718024,-104.99386,,Vacant land,,,,,,,,,,80223
184305661,05103-20-045-000,"71 W BAYAUD AVE, DENVER, CO 80223",DENVER,CO,80223,39.715048,-104.989618,,Vacant land,,,,,,,,,,80223
184305666,05103-23-022-000,"115 S CHEROKEE ST, DENVER, CO 80223",DENVER,CO,80223,39.714402,-104.99272,,Vacant land,,,,,,,,,,80223
184306399,05211-20-022-000,"1302 S LIPAN ST, DENVER, CO 80223",DENVER,CO,80223,39.691435,-105.001445,,Vacant land,,,,,,,,,,80223
184306516,05222-00-002-000,"1325 S ACOMA ST, DENVER, CO 80223",DENVER,CO,80223,39.692872,-104.989135,,Vacant land,,,,,,,,,,80223
184306519,05222-00-007-000,"100 W LOUISIANA AVE, DENVER, CO 80223",DENVER,CO,80223,39.692099,-104.989414,,Vacant land,,,,,,,,,,80223
184306544,05223-05-004-000,"1240 S SANTA FE DR, DENVER, CO 80223",DENVER,CO,80223,39.693891,-104.992179,,Vacant land,,,,,,,,,,80223
184306562,05223-10-011-000,"1461 S BANNOCK ST, DENVER, CO 80223",DENVER,CO,80223,39.689972,-104.990432,,Vacant land,,,,,,,,,,80223
184306565,05223-10-023-000,"1451 S BANNOCK ST, DENVER, CO 80223",DENVER,CO,80223,39.690289,-104.990389,,Vacant land,,,,,,,,,,80223
184306580,05226-02-016-000,"101 W IOWA AVE, DENVER, CO 80223",DENVER,CO,80223,39.687912,-104.989896,,Vacant land,,,,,,,,,,80223
184306586,05226-05-003-000,"322 W IOWA AVE, DENVER, CO 80223",DENVER,CO,80223,39.68729,-104.991709,,Vacant land,,,,,,,,,,80223
184307071,05273-08-024-000,"501 W EVANS AVE, DENVER, CO 80223",DENVER,CO,80223,39.678869,-104.994021,,Vacant land,,,,,,,,,,80223
184307561,05162-01-003-000,"1434 W ALAMEDA AVE # VCNT, DENVER, CO 80223",DENVER,CO,80223,39.710908,-105.007304,,Vacant land,,,,,,,,,,80223
184307808,05211-00-009-000,"1100 S LIPAN ST # 1500, DENVER, CO 80223",DENVER,CO,80223,39.693138,-105.000884,,Vacant land,,,,,,,,,,80223
184309364,05081-08-001-000,"600 N ZUNI ST, DENVER, CO 80223",DENVER,CO,80223,39.726608,-105.016087,,Vacant land,,,,,,,,,,80223
184310803,05102-34-017-000,"100 N BANNOCK ST, DENVER, CO 80223",DENVER,CO,80223,39.718847,-104.990638,,Vacant land,,,,,,,,,,80223
184312575,05272-04-001-000,"1901 S CHEROKEE ST, DENVER, CO 80223",DENVER,CO,80223,39.681942,-104.991403,,Vacant land,,,,,,,,,,80223
184312576,05272-04-011-000,"301 W ASBURY AVE, DENVER, CO 80223",DENVER,CO,80223,39.680654,-104.99177,,Vacant land,,,,,,,,,,80223
184312622,05282-04-025-000,"1937 S VALLEJO ST, DENVER, CO 80223",DENVER,CO,80223,39.68167,-105.014021,,Vacant land,,,,,,,,,,80223
184312634,05282-08-019-000,"1700 W ATLANTIC PL, DENVER, CO 80223",DENVER,CO,80223,39.681132,-105.006638,,Vacant land,,,,,,,,,,80223
184312670,05281-07-003-000,"1235 W EVANS AVE, DENVER, CO 80223",DENVER,CO,80223,39.679562,-105.002131,,Vacant land,,,,,,,,,,80223
184313008,05161-20-017-000,"1000 W GILL PL, DENVER, CO 80223",DENVER,CO,80223,39.704748,-105.000101,,Vacant land,,,,,,,,,,80223
184313225,05222-00-001-000,"100 W MISSISSIPPI AVE, DENVER, CO 80223",DENVER,CO,80223,39.696503,-104.989785,,Vacant land,,,,,,,,,,80223
184313229,05223-00-005-000,"955 W FLORIDA AVE, DENVER, CO 80223",DENVER,CO,80223,39.690039,-104.997856,,Vacant land,,,,,,,,,,80223
184313230,05223-00-014-000,"101 W LOUISIANA AVE, DENVER, CO 80223",DENVER,CO,80223,39.694007,-104.989292,,Vacant land,,,,,,,,,,80223
184313930,05274-00-002-000,"2600 S SANTA FE DR, DENVER, CO 80223",DENVER,CO,80223,39.671272,-104.994476,,Vacant land,,,,,,,,,,80223
184313931,05274-00-003-000,"2600 S SANTA FE DR, DENVER, CO 80223",DENVER,CO,80223,39.671427,-104.994825,,Vacant land,,,,,,,,,,80223
184313952,05274-15-042-000,"2500 S DELAWARE ST, DENVER, CO 80223",DENVER,CO,80223,39.671154,-104.991969,,Vacant land,,,,,,,,,,80223
184313995,05284-15-004-000,"1000 W WESLEY AVE, DENVER, CO 80223",DENVER,CO,80223,39.672167,-105.000073,,Vacant land,,,,,,,,,,80223
184317013,05081-00-025-000,"700 N ZUNI ST, DENVER, CO 80223",DENVER,CO,80223,39.728501,-105.016476,,Vacant land,,,,,,,,,,80223
184317960,05281-02-009-000,"1970 S OSAGE ST, DENVER, CO 80223",DENVER,CO,80223,39.680797,-105.004933,,Vacant land,,,,,,,,,,80223
184317963,05281-02-022-000,"1900 S OSAGE ST, DENVER, CO 80223",DENVER,CO,80223,39.681305,-105.004927,,Vacant land,,,,,,,,,,80223
184317968,05281-03-006-000,"1570 W JEWELL AVE, DENVER, CO 80223",DENVER,CO,80223,39.681702,-105.006112,,Vacant land,,,,,,,,,,80223
184317969,05281-03-007-000,"1701 W ASBURY AVE, DENVER, CO 80223",DENVER,CO,80223,39.680832,-105.006105,,Vacant land,,,,,,,,,,80223
184318486,05091-00-071-000,"1500 W 3RD AVE, DENVER, CO 80223",DENVER,CO,80223,39.720433,-105.007178,,Vacant land,,,,,,,,,,80223
184318491,05091-00-122-000,"301 SANTA FE DR, DENVER, CO 80223",DENVER,CO,80223,39.721722,-104.99928,,Vacant land,,,,,,,,,,80223
184318492,05091-00-124-000,"301 SANTA FE DR, DENVER, CO 80223",DENVER,CO,80223,39.721195,-104.99928,,Vacant land,,,,,,,,,,80223
184318551,05103-34-017-000,"29 W ALAMEDA AVE # VCNT, DENVER, CO 80223",DENVER,CO,80223,39.711482,-104.988353,,Vacant land,,,,,,,,,,80223
184318553,05103-34-036-000,"34 W BYERS PL, DENVER, CO 80223",DENVER,CO,80223,39.711855,-104.988352,,Vacant land,,,,,,,,,,80223
184318839,05153-00-038-000,"950 W ALAMEDA AVE, DENVER, CO 80223",DENVER,CO,80223,39.710894,-104.997774,,Vacant land,,,,,,,,,,80223
184318840,05153-00-040-000,"400 W ALAMEDA AVE, DENVER, CO 80223",DENVER,CO,80223,39.710248,-104.994785,,Vacant land,,,,,,,,,,80223
184318842,05153-00-043-000,"200 W VIRGINIA AVE, DENVER, CO 80223",DENVER,CO,80223,39.707814,-104.99304,,Vacant land,,,,,,,,,,80223
184318850,05153-04-003-000,"601 S CHEROKEE ST, DENVER, CO 80223",DENVER,CO,80223,39.707736,-104.99254,,Vacant land,,,,,,,,,,80223
184318867,05156-00-044-000,"401 E MISSISSIPPI AVE, DENVER, CO 80223",DENVER,CO,80223,39.698205,-104.984406,,Vacant land,,,,,,,,,,80223
184323569,05093-00-072-000,"100 TEJON ST, DENVER, CO 80223",DENVER,CO,80223,39.723108,-105.010808,,Vacant land,,,,,,,,,,80223
184323584,05094-00-131-000,"2111 W ALAMEDA AVE, DENVER, CO 80223",DENVER,CO,80223,39.711717,-105.012857,,Vacant land,,,,,,,,,,80223
184323586,05094-01-011-000,"1473 W MAPLE AVE, DENVER, CO 80223",DENVER,CO,80223,39.714196,-105.008001,,Vacant land,,,,,,,,,,80223
184323592,05094-01-037-000,"1400 W BAYAUD AVE, DENVER, CO 80223",DENVER,CO,80223,39.714588,-105.006457,,Vacant land,,,,,,,,,,80223
184323593,05094-01-038-000,"1404 W BAYAUD AVE, DENVER, CO 80223",DENVER,CO,80223,39.714588,-105.006643,,Vacant land,,,,,,,,,,80223
184323633,05096-04-058-000,"10 LIPAN ST, DENVER, CO 80223",DENVER,CO,80223,39.716849,-105.001217,,Vacant land,,,,,,,,,,80223
184323636,05096-10-002-000,"10 LIPAN ST, DENVER, CO 80223",DENVER,CO,80223,39.715931,-105.001212,,Vacant land,,,,,,,,,,80223
184323637,05096-10-012-000,"10 LIPAN ST, DENVER, CO 80223",DENVER,CO,80223,39.715567,-105.000726,,Vacant land,,,,,,,,,,80223
184323643,05096-11-010-000,"900 W ELLSWORTH AVE, DENVER, CO 80223",DENVER,CO,80223,39.715698,-104.99936,,Vacant land,,,,,,,,,,80223
184323644,05096-11-009-000,"10 S KALAMATH ST, DENVER, CO 80223",DENVER,CO,80223,39.714893,-104.999984,,Vacant land,,,,,,,,,,80223
184325136,05091-21-022-000,"901 W 1ST AVE, DENVER, CO 80223",DENVER,CO,80223,39.718608,-104.999126,,Vacant land,,,,,,,,,,80223
184333148,05093-01-002-000,"400 N VALLEJO ST, DENVER, CO 80223",DENVER,CO,80223,39.72222,-105.012821,,Vacant land,,,,,,,,,,80223
184333149,05093-02-001-000,"401 N VALLEJO ST, DENVER, CO 80223",DENVER,CO,80223,39.722774,-105.013751,,Vacant land,,,,,,,,,,80223
184333160,05094-04-012-000,"1489 W CEDAR AVE # VCNT, DENVER, CO 80223",DENVER,CO,80223,39.713298,-105.008453,,Vacant land,,,,,,,,,,80223
184333173,05094-05-019-000,"1401 W BYERS PL # VCNT, DENVER, CO 80223",DENVER,CO,80223,39.712399,-105.006488,,Vacant land,,,,,,,,,,80223
184333196,05095-14-039-000,"1222 W BYERS PL, DENVER, CO 80223",DENVER,CO,80223,39.711909,-105.002258,,Vacant land,,,,,,,,,,80223
184333204,05096-00-017-000,"51 RIO GRANDE BLVD, DENVER, CO 80223",DENVER,CO,80223,39.717045,-105.002598,,Vacant land,,,,,,,,,,80223
184333209,05096-00-039-000,"25 RIO GRANDE BLVD, DENVER, CO 80223",DENVER,CO,80223,39.716256,-105.001693,,Vacant land,,,,,,,,,,80223
184333210,05096-00-045-000,"51 S SANTA FE DR, DENVER, CO 80223",DENVER,CO,80223,39.716627,-104.99787,,Vacant land,,,,,,,,,,80223
184333215,05096-00-062-000,"50 LIPAN ST, DENVER, CO 80223",DENVER,CO,80223,39.716737,-105.002487,,Vacant land,,,,,,,,,,80223
184333222,05096-03-025-000,"10 KALAMATH ST, DENVER, CO 80223",DENVER,CO,80223,39.71771,-104.999368,,Vacant land,,,,,,,,,,80223
184333223,05096-03-026-000,"10 KALAMATH ST, DENVER, CO 80223",DENVER,CO,80223,39.717437,-104.999365,,Vacant land,,,,,,,,,,80223
184339646,05095-11-013-000,"1370 W MAPLE AVE, DENVER, CO 80223",DENVER,CO,80223,39.713692,-105.005856,,Vacant land,,,,,,,,,,80223
184339649,05095-12-010-000,"1376 W CEDAR AVE, DENVER, CO 80223",DENVER,CO,80223,39.712786,-105.005714,,Vacant land,,,,,,,,,,80223
184339651,05095-12-012-000,"1300 W CEDAR AVE, DENVER, CO 80223",DENVER,CO,80223,39.712785,-105.005934,,Vacant land,,,,,,,,,,80223
184339653,05095-12-016-000,"1385 W BYERS PL, DENVER, CO 80223",DENVER,CO,80223,39.712405,-105.005891,,Vacant land,,,,,,,,,,80223
184557105,05103-00-045-000,"601 W ALAMEDA AVE, DENVER, CO 80223",DENVER,CO,80223,39.711938,-104.996391,,Vacant land,,,,,,,,,,80223
184559391,05223-03-042-000,"1136 S SANTA FE DR, DENVER, CO 80223",DENVER,CO,80223,39.695834,-104.991965,,Vacant land,,,,,,,,,,80223
184581877,05096-14-037-000,"131 KALAMATH ST, DENVER, CO 80223",DENVER,CO,80223,39.71447,-105.000433,,Vacant land,,,,,,,,,,80223
184665964,05281-06-009-000,"2058 S NAVAJO ST, DENVER, CO 80223",DENVER,CO,80223,39.679359,-105.003819,,Vacant land,,,,,,,,,,80223
184671391,05223-08-010-000,"1280 S PLATTE RIVER DR # 1290, DENVER, CO 80223",DENVER,CO,80223,39.692931,-104.992742,,Vacant land,,,,,,,,,,80223
184671715,05211-05-040-000,"1180 S MARIPOSA ST, DENVER, CO 80223",DENVER,CO,80223,39.695231,-105.002497,,Vacant land,,,,,,,,,,80223
184675293,05212-05-050-000,"1130 S TEJON ST, DENVER, CO 80223",DENVER,CO,80223,39.69612,-105.012408,,Vacant land,,,,,,,,,,80223
184689947,05044-25-003-000,"600 N NAVAJO ST, DENVER, CO 80223",DENVER,CO,80223,39.72595,-105.003918,,Vacant land,,,,,,,,,,80223
184697772,05091-00-149-000,"1500 W 3RD AVE, DENVER, CO 80223",DENVER,CO,80223,39.718517,-105.004377,,Vacant land,,,,,,,,,,80223
184705933,05274-11-021-000,"2501 S DELAWARE ST # MISC, DENVER, CO 80223",DENVER,CO,80223,39.670812,-104.993482,,Vacant land,,,,,,,,,,80223
184705936,05274-11-016-000,"400 W WESLEY AVE, DENVER, CO 80223",DENVER,CO,80223,39.671997,-104.993086,,Vacant land,,,,,,,,,,80223
184714994,05153-00-003-000,"400 W ALAMEDA AVE, DENVER, CO 80223",DENVER,CO,80223,39.709863,-104.994886,,Vacant land,,,,,,,,,,80223
184719674,05161-06-015-000,"1385 W ALASKA PL, DENVER, CO 80223",DENVER,CO,80223,39.708703,-105.005863,,Vacant land,,,,,,,,,,80223
184758071,05331-00-018-000,"3001 S PLATTE RIVER DR, DENVER, CO 80223",DENVER,CO,80223,39.667634,-105.003836,,Vacant land,,,,,,,,,,80223
184758073,05331-00-020-000,"3001 S PLATTE RIVER DR, DENVER, CO 80223",DENVER,CO,80223,39.667557,-105.005253,,Vacant land,,,,,,,,,,80223
184770066,05214-00-002-000,"1100 W FLORIDA AVE, DENVER, CO 80223",DENVER,CO,80223,39.686147,-105.001294,,Vacant land,,,,,,,,,,80223
184781505,05211-06-011-000,"1146 S NAVAJO ST, DENVER, CO 80223",DENVER,CO,80223,39.695814,-105.003549,,Vacant land,,,,,,,,,,80223
184781511,05211-07-014-000,"1149 S NAVAJO ST, DENVER, CO 80223",DENVER,CO,80223,39.695818,-105.004266,,Vacant land,,,,,,,,,,80223
184781517,05211-08-013-000,"1100 S PECOS ST, DENVER, CO 80223",DENVER,CO,80223,39.695322,-105.005896,,Vacant land,,,,,,,,,,80223
184794279,05103-03-028-000,"237 W IRVINGTON PL, DENVER, CO 80223",DENVER,CO,80223,39.717868,-104.991683,,Vacant land,,,,,,,,,,80223
184794283,05103-04-009-000,"300 W 1ST AVE, DENVER, CO 80223",DENVER,CO,80223,39.718146,-104.993544,,Vacant land,,,,,,,,,,80223
184797403,05103-00-006-000,"401 W ALAMEDA AVE, DENVER, CO 80223",DENVER,CO,80223,39.712709,-104.995475,,Vacant land,,,,,,,,,,80223
184797404,05103-00-010-000,"401 W ALAMEDA AVE, DENVER, CO 80223",DENVER,CO,80223,39.711797,-104.99546,,Vacant land,,,,,,,,,,80223
184797405,05103-00-020-000,"700 W BAYAUD AVE, DENVER, CO 80223",DENVER,CO,80223,39.713253,-104.995987,,Vacant land,,,,,,,,,,80223
184797409,05103-00-042-000,"400 W CEDAR AVE, DENVER, CO 80223",DENVER,CO,80223,39.714776,-104.993306,,Vacant land,,,,,,,,,,80223
184797481,05223-03-009-000,"1139 S CHEROKEE ST, DENVER, CO 80223",DENVER,CO,80223,39.695892,-104.991627,,Vacant land,,,,,,,,,,80223
184804069,05093-07-002-000,"203 VALLEJO ST, DENVER, CO 80223",DENVER,CO,80223,39.720441,-105.013518,,Vacant land,,,,,,,,,,80223
204024497,05164-00-305-000,"1139 W MISSISSIPPI AVE, DENVER, CO 80223",DENVER,CO,80223,39.697333,-105.000884,,Vacant land,,,,,,,,,,80223
204080707,05102-31-015-000,"220 BANNOCK ST, DENVER, CO 80223",DENVER,CO,80223,39.7199,-104.990154,,Vacant land,,,,,,,,,,80223
204080715,05103-02-024-000,"101 W IRVINGTON PL, DENVER, CO 80223",DENVER,CO,80223,39.717923,-104.989799,,Vacant land,,,,,,,,,,80223
204080720,05103-14-029-000,"133 W ELLSWORTH AVE, DENVER, CO 80223",DENVER,CO,80223,39.717028,-104.990131,,Vacant land,,,,,,,,,,80223
204080721,05103-14-041-000,"20 BANNOCK ST, DENVER, CO 80223",DENVER,CO,80223,39.717045,-104.990612,,Vacant land,,,,,,,,,,80223
204080724,05103-19-044-000,"113 W BAYAUD AVE, DENVER, CO 80223",DENVER,CO,80223,39.715181,-104.990299,,Vacant land,,,,,,,,,,80223
204080736,05103-28-045-000,"219 S BANNOCK ST, DENVER, CO 80223",DENVER,CO,80223,39.712631,-104.990338,,Vacant land,,,,,,,,,,80223
204295116,05211-05-039-000,"1190 S MARIPOSA ST, DENVER, CO 80223",DENVER,CO,80223,39.695062,-105.002362,,Vacant land,,,,,,,,,,80223
204585341,05223-00-001-000,"1100 S BANNOCK ST # 1400, DENVER, CO 80223",DENVER,CO,80223,39.696616,-104.989651,,Vacant land,,,,,,,,,,80223
204585545,05275-05-028-000,"2420 S BANNOCK ST, DENVER, CO 80223",DENVER,CO,80223,39.672597,-104.989693,,Vacant land,,,,,,,,,,80223
204585558,05282-02-062-000,"1891 W ASBURY AVE, DENVER, CO 80223",DENVER,CO,80223,39.680928,-105.009665,,Vacant land,,,,,,,,,,80223
204585563,05282-03-018-000,"1935 S TEJON ST, DENVER, CO 80223",DENVER,CO,80223,39.681488,-105.01187,,Vacant land,,,,,,,,,,80223
204585566,05282-03-038-000,"1934 S VALLEJO ST, DENVER, CO 80223",DENVER,CO,80223,39.681713,-105.012658,,Vacant land,,,,,,,,,,80223
204585581,05284-00-003-000,"2300 S PECOS ST, DENVER, CO 80223",DENVER,CO,80223,39.6712,-105.005931,,Vacant land,,,,,,,,,,80223
204651578,05042-05-033-000,"1200 S TEJON ST, DENVER, CO 80223",DENVER,CO,80223,39.737125,-105.011169,,Vacant land,,,,,,,,,,80223
204651586,05043-00-012-000,"800 N TEJON ST # 1200, DENVER, CO 80223",DENVER,CO,80223,39.732028,-105.011029,,Vacant land,,,,,,,,,,80223
204651587,05043-00-020-000,"801 S PECOS ST, DENVER, CO 80223",DENVER,CO,80223,39.731121,-105.007397,,Vacant land,,,,,,,,,,80223
204651622,05044-26-003-000,"601 N NAVAJO ST, DENVER, CO 80223",DENVER,CO,80223,39.72728,-105.004378,,Vacant land,,,,,,,,,,80223
204679842,05091-11-010-000,"300 SANTA FE DR, DENVER, CO 80223",DENVER,CO,80223,39.721429,-104.998304,,Vacant land,,,,,,,,,,80223
204679843,05091-11-039-000,"806 W 4TH AVE, DENVER, CO 80223",DENVER,CO,80223,39.722101,-104.997812,,Vacant land,,,,,,,,,,80223
204679852,05092-00-033-000,"401 N RARITAN WAY, DENVER, CO 80223",DENVER,CO,80223,39.722939,-105.009328,,Vacant land,,,,,,,,,,80223
204679853,05092-00-049-000,"500 N TEJON ST, DENVER, CO 80223",DENVER,CO,80223,39.723855,-105.010288,,Vacant land,,,,,,,,,,80223
204679857,05095-00-002-000,"1803 W IRVINGTON PL, DENVER, CO 80223",DENVER,CO,80223,39.717894,-105.009386,,Vacant land,,,,,,,,,,80223
204679863,05096-00-003-000,"200 S SANTA FE DR, DENVER, CO 80223",DENVER,CO,80223,39.713077,-104.997524,,Vacant land,,,,,,,,,,80223
204679865,05096-00-047-000,"1101 W ALAMEDA AVE, DENVER, CO 80223",DENVER,CO,80223,39.711525,-105.001147,,Vacant land,,,,,,,,,,80223
204679866,05096-00-058-000,"1197 W ALAMEDA AVE, DENVER, CO 80223",DENVER,CO,80223,39.711557,-105.001427,,Vacant land,,,,,,,,,,80223
204934361,05281-01-019-000,"1901 S NAVAJO ST # MISC, DENVER, CO 80223",DENVER,CO,80223,39.68086,-105.003311,,Vacant land,,,,,,,,,,80223
205473797,05096-00-067-000,"1101 W ALAMEDA AVE, DENVER, CO 80223",DENVER,CO,80223,39.712092,-105.00143,,Vacant land,,,,,,,,,,80223
205533060,05211-06-034-000,"1140 S NAVAJO ST, DENVER, CO 80223",DENVER,CO,80223,39.695938,-105.003548,,Vacant land,,,,,,,,,,80223
216434175,05284-00-021-000,"2601 S PLATTE RIVER DR, DENVER, CO 80223",DENVER,CO,80223,39.667932,-105.00555,,Vacant land,,,,,,,,,,80223
216437284,05211-07-044-000,"1159 S NAVAJO ST, DENVER, CO 80223",DENVER,CO,80223,39.695682,-105.004293,,Vacant land,,,,,,,,,,80223
216437285,05211-07-045-000,"1169 S NAVAJO ST, DENVER, CO 80223",DENVER,CO,80223,39.695581,-105.004294,,Vacant land,,,,,,,,,,80223
217662701,05274-04-003-000,"469 W WESLEY AVE, DENVER, CO 80223",DENVER,CO,80223,39.673984,-104.993017,,Vacant land,,,,,,,,,,80223
222406848,05051-11-059-000,"1300 MORRISON RD, DENVER, CO 80223",DENVER,CO,80223,39.738182,-105.021192,,Vacant land,,,,,,,,,,80223
222407144,05093-09-001-000,"300 N UMATILLA ST, DENVER, CO 80223",DENVER,CO,80223,39.721413,-105.012054,,Vacant land,,,,,,,,,,80223
222407178,05095-00-021-000,"1601 W ELLSWORTH AVE, DENVER, CO 80223",DENVER,CO,80223,39.711488,-105.00371,,Vacant land,,,,,,,,,,80223
222407179,05095-00-022-000,"1601 W ELLSWORTH AVE, DENVER, CO 80223",DENVER,CO,80223,39.718073,-105.009108,,Vacant land,,,,,,,,,,80223
222407181,05095-04-022-000,"1601 W ARCHER PLACE VCNT, DENVER, CO 80223",DENVER,CO,80223,39.715916,-105.006875,,Vacant land,,,,,,,,,,80223
222408166,05152-00-019-000,"200 W VIRGINIA AVE # 300, DENVER, CO 80223",DENVER,CO,80223,39.705529,-104.991761,,Vacant land,,,,,,,,,,80223
222408996,05226-00-001-000,"1501 S BANNOCK ST, DENVER, CO 80223",DENVER,CO,80223,39.685821,-104.990669,,Vacant land,,,,,,,,,,80223
222408997,05226-00-002-000,"191 W IOWA AVE, DENVER, CO 80223",DENVER,CO,80223,39.68582,-104.99105,,Vacant land,,,,,,,,,,80223
226538185,05161-00-046-000,"1001 W EXPOSITION AVE, DENVER, CO 80223",DENVER,CO,80223,39.707844,-105.001716,,Vacant land,,,,,,,,,,80223
228673687,05226-12-008-000,"1700 S SANTA FE DR, DENVER, CO 80223",DENVER,CO,80223,39.685132,-104.991617,,Vacant land,,,,,,,,,,80223
248760983,05211-05-043-000,"1184 S MARIPOSA ST, DENVER, CO 80223",DENVER,CO,80223,39.69523,-105.002237,,Vacant land,,,,,,,,,,80223
248764312,05211-05-042-000,"1182 S MARIPOSA ST, DENVER, CO 80223",DENVER,CO,80223,39.69523,-105.002374,,Vacant land,,,,,,,,,,80223
251007910,05153-00-072-000,"400 W ALAMEDA AVE, DENVER, CO 80223",DENVER,CO,80223,39.710007,-104.994253,,Vacant land,,,,,,,,,,80223
251007911,05153-00-073-000,"475 CHEROKEE ST, DENVER, CO 80223",DENVER,CO,80223,39.708221,-104.99222,,Vacant land,,,,,,,,,,80223
251007914,05153-04-008-000,"455 CHEROKEE ST, DENVER, CO 80223",DENVER,CO,80223,39.708242,-104.992689,,Vacant land,,,,,,,,,,80223
251008006,05281-06-014-000,"1205 W EVANS AVE, DENVER, CO 80223",DENVER,CO,80223,39.678944,-105.002954,,Vacant land,,,,,,,,,,80223
251527569,05096-00-071-000,"919 W ALAMEDA AVE, DENVER, CO 80223",DENVER,CO,80223,39.711507,-104.997799,,Vacant land,,,,,,,,,,80223
252729909,05291-07-038-000,"2035 S ZUNI ST, DENVER, CO 80223",DENVER,CO,80223,39.680126,-105.016159,,Vacant land,,,,,,,,,,80223
252729910,05291-07-039-000,"2045 S ZUNI ST, DENVER, CO 80223",DENVER,CO,80223,39.679969,-105.01634,,Vacant land,,,,,,,,,,80223
253168006,05161-10-031-000,"1236 W VIRGINIA AVE, DENVER, CO 80223",DENVER,CO,80223,39.707312,-105.002856,,Vacant land,,,,,,,,,,80223
253168007,05161-10-032-000,"1234 W VIRGINIA AVE, DENVER, CO 80223",DENVER,CO,80223,39.707312,-105.002722,,Vacant land,,,,,,,,,,80223
324870861,05044-07-011-000,"701 N NAVAJO ST, DENVER, CO 80223",DENVER,CO,80223,39.728949,-105.004604,,Vacant land,,,,,,,,,,80223
328418462,05162-00-046-000,"2300 W ALAMEDA AVE, DENVER, CO 80223",DENVER,CO,80223,39.710898,-105.013744,,Vacant land,,,,,,,,,,80223
328418472,05211-12-039-000,"1216 S MARIPOSA ST, DENVER, CO 80223",DENVER,CO,80223,39.694457,-105.002394,,Vacant land,,,,,,,,,,80223
332127873,05102-21-060-000,"333 DELAWARE ST, DENVER, CO 80223",DENVER,CO,80223,39.721576,-104.993099,,Vacant land,,,,,,,,,,80223
332127950,05162-00-048-000,"2150 W ALAMEDA AVE, DENVER, CO 80223",DENVER,CO,80223,39.710846,-105.01261,,Vacant land,,,,,,,,,,80223
334131197,05091-00-167-000,"301 KALAMATH ST, DENVER, CO 80223",DENVER,CO,80223,39.724373,-105.002752,,Vacant land,,,,,,,,,,80223
334131198,05091-00-168-000,"303 KALAMATH ST, DENVER, CO 80223",DENVER,CO,80223,39.72186,-105.001048,,Vacant land,,,,,,,,,,80223
334131207,05092-00-099-000,"601 N PECOS ST, DENVER, CO 80223",DENVER,CO,80223,39.728642,-105.007061,,Vacant land,,,,,,,,,,80223
334131209,05094-02-030-000,"1966 W BAYAUD AVE, DENVER, CO 80223",DENVER,CO,80223,39.714587,-105.010334,,Vacant land,,,,,,,,,,80223
334131210,05094-02-031-000,"1976 W BAYAUD AVE, DENVER, CO 80223",DENVER,CO,80223,39.714587,-105.010483,,Vacant land,,,,,,,,,,80223
334131211,05094-02-032-000,"1986 W BAYAUD AVE, DENVER, CO 80223",DENVER,CO,80223,39.714588,-105.010633,,Vacant land,,,,,,,,,,80223
334131212,05094-02-033-000,"1996 W BAYAUD AVE, DENVER, CO 80223",DENVER,CO,80223,39.714589,-105.010793,,Vacant land,,,,,,,,,,80223
334131230,05102-31-053-000,"114 W 3RD AVE, DENVER, CO 80223",DENVER,CO,80223,39.720664,-104.989544,,Vacant land,,,,,,,,,,80223
334131232,05102-34-034-000,"152 W 2ND AVE, DENVER, CO 80223",DENVER,CO,80223,39.718847,-104.990362,,Vacant land,,,,,,,,,,80223
334131315,05152-00-082-000,"395 S BANNOCK ST, DENVER, CO 80223",DENVER,CO,80223,39.709621,-104.990601,,Vacant land,,,,,,,,,,80223
334131345,05155-13-001-000,"336 W TENNESSEE AVE, DENVER, CO 80223",DENVER,CO,80223,39.697533,-104.990819,,Vacant land,,,,,,,,,,80223
334131350,05161-02-039-000,"1390 W ALAMEDA AVE, DENVER, CO 80223",DENVER,CO,80223,39.710934,-105.005787,,Vacant land,,,,,,,,,,80223
334131506,05272-21-038-000,"2274 S BANNOCK ST, DENVER, CO 80223",DENVER,CO,80223,39.675287,-104.989648,,Vacant land,,,,,,,,,,80223
334131507,05272-21-040-000,"2286 S BANNOCK ST, DENVER, CO 80223",DENVER,CO,80223,39.67515,-104.989648,,Vacant land,,,,,,,,,,80223
336003535,05102-32-094-000,"32 W 3RD AVE, DENVER, CO 80223",DENVER,CO,80223,39.72058,-104.988443,,Vacant land,,,,,,,,,,80223
1000515156,05102-37-047-000,"430 W 2ND AVE, DENVER, CO 80223",DENVER,CO,80223,39.719204,-104.993288,,Vacant land,,,,,,,,,,80223
1000515334,05273-15-023-000,"2260 S FOX ST, DENVER, CO 80223",DENVER,CO,80223,39.675624,-104.99459,,Vacant land,,,,,,,,,,80223
1000515336,05274-06-034-000,"621 W WESLEY AVE, DENVER, CO 80223",DENVER,CO,80223,39.673989,-104.995114,,Vacant land,,,,,,,,,,80223
1000515340,05274-09-027-000,"620 W WESLEY AVE, DENVER, CO 80223",DENVER,CO,80223,39.672553,-104.995265,,Vacant land,,,,,,,,,,80223
1001988948,05154-00-011-000,"501 W TENNESSEE AVE, DENVER, CO 80223",DENVER,CO,80223,39.698975,-104.993482,,Vacant land,,,,,,,,,,80223
1001988969,05161-04-013-000,"344 S NAVAJO ST, DENVER, CO 80223",DENVER,CO,80223,39.709989,-105.003667,,Vacant land,,,,,,,,,,80223
1001988972,05161-16-033-000,"1245 W GILL PL, DENVER, CO 80223",DENVER,CO,80223,39.705118,-105.002451,,Vacant land,,,,,,,,,,80223
1001988973,05161-16-034-000,"1251 W GILL PL, DENVER, CO 80223",DENVER,CO,80223,39.70512,-105.002555,,Vacant land,,,,,,,,,,80223
1001988974,05161-16-035-000,"1255 W GILL PL, DENVER, CO 80223",DENVER,CO,80223,39.705121,-105.002685,,Vacant land,,,,,,,,,,80223
1001988975,05161-16-036-000,"1261 W GILL PL, DENVER, CO 80223",DENVER,CO,80223,39.705123,-105.002817,,Vacant land,,,,,,,,,,80223
1001989009,05272-16-066-000,"2101 S CHEROKEE ST, DENVER, CO 80223",DENVER,CO,80223,39.678194,-104.991456,,Vacant land,,,,,,,,,,80223
1001989012,05272-16-070-000,"2105 S CHEROKEE ST, DENVER, CO 80223",DENVER,CO,80223,39.678125,-104.991456,,Vacant land,,,,,,,,,,80223
1001989013,05272-16-071-000,"2109 S CHEROKEE ST, DENVER, CO 80223",DENVER,CO,80223,39.678057,-104.991456,,Vacant land,,,,,,,,,,80223
1001989014,05272-16-072-000,"2115 S CHEROKEE ST, DENVER, CO 80223",DENVER,CO,80223,39.677988,-104.991456,,Vacant land,,,,,,,,,,80223
1001989015,05272-16-073-000,"2121 S CHEROKEE ST, DENVER, CO 80223",DENVER,CO,80223,39.677919,-104.991455,,Vacant land,,,,,,,,,,80223
1001989022,05273-12-041-000,"2121 S GALAPAGO ST, DENVER, CO 80223",DENVER,CO,80223,39.677855,-104.996332,,Vacant land,,,,,,,,,,80223
1001989051,05281-02-022-000,"1900 S OSAGE ST, DENVER, CO 80223",DENVER,CO,80223,39.681814,-105.004922,,Vacant land,,,,,,,,,,80223
1002354028,05042-05-033-000,"1200 S TEJON ST, DENVER, CO 80223",DENVER,CO,80223,39.694922,-105.012073,,Vacant land,,,,,,,,,,80223
1002354129,05096-00-067-000,"1101 W ALAMEDA AVE, DENVER, CO 80223",DENVER,CO,80223,39.711519,-105.001137,,Vacant land,,,,,,,,,,80223
1002354139,05043-00-020-000,"801 N PECOS ST, DENVER, CO 80223",DENVER,CO,80223,39.7011,-105.0014,,Vacant land,,,,,,,,,,80223
1002354275,05103-19-044-000,"113 W BAYAUD AVE, DENVER, CO 80223",DENVER,CO,80223,39.715011,-104.990313,,Vacant land,,,,,,,,,,80223
1002354336,05282-03-038-000,"1934 S VALLEJO ST # VCNT, DENVER, CO 80223",DENVER,CO,80223,39.681848,-105.013102,,Vacant land,,,,,,,,,,80223
1004945836,05091-11-050-000,"326 SANTA FE DR, DENVER, CO 80223",DENVER,CO,80223,39.721517,-104.997777,,Vacant land,,,,,,,,,,80223
1004945837,05094-01-042-000,"1473 W MAPLE AVE, DENVER, CO 80223",DENVER,CO,80223,39.714142,-105.007463,,Vacant land,,,,,,,,,,80223
1004945838,05094-01-043-000,"1473 W MAPLE AVE, DENVER, CO 80223",DENVER,CO,80223,39.714142,-105.007463,,Vacant land,,,,,,,,,,80223
1004945839,05094-01-044-000,"1473 W MAPLE AVE, DENVER, CO 80223",DENVER,CO,80223,39.714142,-105.007463,,Vacant land,,,,,,,,,,80223
1004945841,05096-00-074-000,"185 S SANTA FE DR, DENVER, CO 80223",DENVER,CO,80223,39.714048,-104.998394,,Vacant land,,,,,,,,,,80223
1004945869,05102-32-098-000,"35 W 2ND AVE, DENVER, CO 80223",DENVER,CO,80223,39.719959,-104.988001,,Vacant land,,,,,,,,,,80223
1004945875,05103-18-039-000,"90 ELATI ST, DENVER, CO 80223",DENVER,CO,80223,39.715168,-104.993696,,Vacant land,,,,,,,,,,80223
1004945923,05152-05-044-000,"50 W DAKOTA AVE, DENVER, CO 80223",DENVER,CO,80223,39.707006,-104.987963,,Vacant land,,,,,,,,,,80223
1004945925,05152-05-046-000,"192 W DAKOTA AVE, DENVER, CO 80223",DENVER,CO,80223,39.709234,-104.989442,,Vacant land,,,,,,,,,,80223
1004945935,05161-16-038-000,"1200 W GILL PL, DENVER, CO 80223",DENVER,CO,80223,39.704439,-105.002671,,Vacant land,,,,,,,,,,80223
1004945939,05164-00-345-000,"728 S LIPAN ST, DENVER, CO 80223",DENVER,CO,80223,39.703395,-104.999885,,Vacant land,,,,,,,,,,80223
1004945995,05272-16-075-000,"2105 S CHEROKEE ST, DENVER, CO 80223",DENVER,CO,80223,39.67815,-104.990771,,Vacant land,,,,,,,,,,80223
1004945996,05272-16-076-000,"2107 S CHEROKEE ST, DENVER, CO 80223",DENVER,CO,80223,39.678102,-104.990891,,Vacant land,,,,,,,,,,80223
1004946007,05272-21-042-000,"2236 S BANNOCK ST, DENVER, CO 80223",DENVER,CO,80223,39.675899,-104.989101,,Vacant land,,,,,,,,,,80223
1004946014,05274-02-038-000,"2399 S CHEROKEE ST, DENVER, CO 80223",DENVER,CO,80223,39.67322,-104.990859,,Vacant land,,,,,,,,,,80223
164704,06083-26-038-000,"275 S MONACO STREET PKWY, DENVER, CO 80224",DENVER,CO,80224,39.711912,-104.913392,,Vacant land,,,,,,,,,,80224
4473195,06083-26-037-000,"265 S MONACO STREET PKWY, DENVER, CO 80224",DENVER,CO,80224,39.712049,-104.913392,,Vacant land,,,,,,,,,,80224
9017686,06083-26-040-000,"295 S MONACO STREET PKWY, DENVER, CO 80224",DENVER,CO,80224,39.711628,-104.913393,,Vacant land,,,,,,,,,,80224
46326974,06291-00-087-000,"2040 S ONEIDA ST, DENVER, CO 80224",DENVER,CO,80224,39.679454,-104.907814,,Vacant land,,,,,,,,,,80224
184188745,01324-18-002-000,"1701 S MAGNOLIA ST, DENVER, CO 80224",DENVER,CO,80224,39.744689,-104.911781,,Vacant land,,,,,,,,,,80224
184204504,1977-29-4-02-005,"2412 S NEWBERN WAY, AURORA, CO 80224",AURORA,CO,80224,39.67239,-104.685577,,Vacant land,,,,,,,,,,80224
184215849,1977-29-4-02-006,"2432 S NEWBERN WAY, AURORA, CO 80224",AURORA,CO,80224,39.671841,-104.68558,,Vacant land,,,,,,,,,,80224
184215850,1977-29-4-02-007,"2452 S NEWBERN WAY, AURORA, CO 80224",AURORA,CO,80224,39.671292,-104.685584,,Vacant land,,,,,,,,,,80224
184310153,06174-07-114-000,"6699 LEETSDALE DR, DENVER, CO 80224",DENVER,CO,80224,39.701866,-104.910484,,Vacant land,,,,,,,,,,80224
184310154,06174-07-070-000,"6701 LEETSDALE DR, DENVER, CO 80224",DENVER,CO,80224,39.70229,-104.909627,,Vacant land,,,,,,,,,,80224
184320572,06201-10-040-000,"1400 S ONEIDA ST, DENVER, CO 80224",DENVER,CO,80224,39.689984,-104.905826,,Vacant land,,,,,,,,,,80224
184321659,06172-00-024-000,"544 S JERSEY ST, DENVER, CO 80224",DENVER,CO,80224,39.706694,-104.918524,,Vacant land,,,,,,,,,,80224
184321739,06173-03-066-000,"700 S LEYDEN ST, DENVER, CO 80224",DENVER,CO,80224,39.702859,-104.915845,,Vacant land,,,,,,,,,,80224
184321740,06173-03-070-000,"701 S LEYDEN ST, DENVER, CO 80224",DENVER,CO,80224,39.703099,-104.915845,,Vacant land,,,,,,,,,,80224
184322100,06203-10-005-000,"6000 E IOWA AVE, DENVER, CO 80224",DENVER,CO,80224,39.687222,-104.917669,,Vacant land,,,,,,,,,,80224
184325905,06084-00-029-000,"6500 E ALAMEDA AVE, DENVER, CO 80224",DENVER,CO,80224,39.712872,-104.908202,,Vacant land,,,,,,,,,,80224
184327760,06291-00-020-000,"6635 E EVANS AVE, DENVER, CO 80224",DENVER,CO,80224,39.678706,-104.910456,,Vacant land,,,,,,,,,,80224
184702143,1977-29-4-01-004,"2401 S NEWBERN WAY, AURORA, CO 80224",AURORA,CO,80224,39.672481,-104.687508,,Vacant land,,,,,,,,,,80224
184702144,1977-29-4-01-005,"2431 S NEWBERN WAY, AURORA, CO 80224",AURORA,CO,80224,39.67184,-104.687514,,Vacant land,,,,,,,,,,80224
184741963,06324-00-002-000,"7101 E CORNELL AVENUE APPRX, DENVER, CO 80224",DENVER,CO,80224,39.660202,-104.904375,,Vacant land,,,,,,,,,,80224
184762546,06173-10-013-000,"915 S LOCUST ST, DENVER, CO 80224",DENVER,CO,80224,39.69976,-104.914435,,Vacant land,,,,,,,,,,80224
184780177,06161-00-045-000,"8301 E EXPOSITION AVE, DENVER, CO 80224",DENVER,CO,80224,39.703904,-104.891615,,Vacant land,,,,,,,,,,80224
204024687,06292-00-052-000,"5660 E JEWELL AVE, DENVER, CO 80224",DENVER,CO,80224,39.680646,-104.913263,,Vacant land,,,,,,,,,,80224
204652387,06171-00-076-000,"7100 E ALAMEDA AVE, DENVER, CO 80224",DENVER,CO,80224,39.710665,-104.90496,,Vacant land,,,,,,,,,,80224
204652410,06174-07-098-000,"745 S ONEIDA ST, DENVER, CO 80224",DENVER,CO,80224,39.702931,-104.908632,,Vacant land,,,,,,,,,,80224
204652459,06203-05-049-000,"1571 S KRAMERIA ST, DENVER, CO 80224",DENVER,CO,80224,39.689022,-104.916932,,Vacant land,,,,,,,,,,80224
219392752,06174-00-186-000,"6705 E MISSISSIPPI AVE, DENVER, CO 80224",DENVER,CO,80224,39.697094,-104.910192,,Vacant land,,,,,,,,,,80224
222410705,06204-00-015-000,"6900 E FLORIDA AVE, DENVER, CO 80224",DENVER,CO,80224,39.689295,-104.906391,,Vacant land,,,,,,,,,,80224
222410706,06204-00-043-000,"6898 E FLORIDA AVE, DENVER, CO 80224",DENVER,CO,80224,39.689218,-104.908487,,Vacant land,,,,,,,,,,80224
251009496,06174-07-112-000,"6845 LEETSDALE DR, DENVER, CO 80224",DENVER,CO,80224,39.701796,-104.908881,,Vacant land,,,,,,,,,,80224
251009497,06174-07-113-000,"835 S ONEIDA ST, DENVER, CO 80224",DENVER,CO,80224,39.700936,-104.908452,,Vacant land,,,,,,,,,,80224
252403908,1977-29-4-02-032,"S NEWBERN WAY, AURORA, CO 80224",AURORA,CO,80224,39.670744,-104.685579,,Vacant land,,,,,,,,,,80224
252414157,1977-29-4-01-032,"S NEWBERN WAY, AURORA, CO 80224",AURORA,CO,80224,39.671193,-104.687416,,Vacant land,,,,,,,,,,80224
252414158,1977-29-4-01-033,"S NEWBERN WAY, AURORA, CO 80224",AURORA,CO,80224,39.670586,-104.687629,,Vacant land,,,,,,,,,,80224
329114074,06171-15-010-000,"6530 E DAKOTA AVE, DENVER, CO 80224",DENVER,CO,80224,39.708715,-104.912163,,Vacant land,,,,,,,,,,80224
329114076,06171-15-012-000,"6550 E DAKOTA AVE, DENVER, CO 80224",DENVER,CO,80224,39.708646,-104.911843,,Vacant land,,,,,,,,,,80224
329125394,06171-15-011-000,"6535 E ALASKA DR, DENVER, CO 80224",DENVER,CO,80224,39.708508,-104.912162,,Vacant land,,,,,,,,,,80224
336004052,06291-10-001-000,"6800 E EVANS AVE, DENVER, CO 80224",DENVER,CO,80224,39.677469,-104.90973,,Vacant land,,,,,,,,,,80224
1000515512,06171-14-014-000,"432 S NEWPORT WAY, DENVER, CO 80224",DENVER,CO,80224,39.709121,-104.908818,,Vacant land,,,,,,,,,,80224
1000515513,06171-14-015-000,"434 S NEWPORT WAY, DENVER, CO 80224",DENVER,CO,80224,39.709161,-104.908458,,Vacant land,,,,,,,,,,80224
1000515514,06171-14-016-000,"436 S NEWPORT WAY, DENVER, CO 80224",DENVER,CO,80224,39.70891,-104.908485,,Vacant land,,,,,,,,,,80224
1000515517,06174-00-193-000,"900 S MONACO STREET PKWY, DENVER, CO 80224",DENVER,CO,80224,39.699975,-104.91229,,Vacant land,,,,,,,,,,80224
1000515540,06291-00-126-000,"6565 E EVANS AVE, DENVER, CO 80224",DENVER,CO,80224,39.678851,-104.911744,,Vacant land,,,,,,,,,,80224
1001989100,06173-06-038-000,"807 S LEYDEN ST, DENVER, CO 80224",DENVER,CO,80224,39.701706,-104.915607,,Vacant land,,,,,,,,,,80224
1002354226,06292-00-052-000,"5660 E JEWELL AVE, DENVER, CO 80224",DENVER,CO,80224,39.680639,-104.913253,,Vacant land,,,,,,,,,,80224
1002354374,01324-18-002-000,"1701 N MAGNOLIA ST, DENVER, CO 80224",DENVER,CO,80224,39.6916,-104.9101,,Vacant land,,,,,,,,,,80224
1004946184,06084-01-023-000,"6500 E ALAMEDA AVE, DENVER, CO 80224",DENVER,CO,80224,39.712769,-104.907824,,Vacant land,,,,,,,,,,80224
25087601,04264-00-035-000,"7539 W YALE AVE, DENVER, CO 80227",DENVER,CO,80227,39.668355,-105.079952,,Vacant land,,,,,,,,,,80227
32652665,49-254-10-081,"2593 S HARLAN CT, LAKEWOOD, CO 80227",LAKEWOOD,CO,80227,39.669337,-105.061143,,Vacant land,,,,,,,,,,80227
39681819,49-354-06-002,"3244 S WADSWORTH BLVD, LAKEWOOD, CO 80227",LAKEWOOD,CO,80227,39.657081,-105.080847,,Vacant land,,,,,,,,,,80227
100161414,49-284-04-008,"VACANT LAND, LAKEWOOD, CO 80227",LAKEWOOD,CO,80227,39.673043,-105.111883,,Vacant land,,,,,,,,,,80227
155375637,04264-00-036-000,"7501 W YALE AVE, DENVER, CO 80227",DENVER,CO,80227,39.668149,-105.08013,,Vacant land,,,,,,,,,,80227
184291941,04366-00-005-000,"6105 W HAMPDEN AVE, DENVER, CO 80227",DENVER,CO,80227,39.653816,-105.064296,,Vacant land,,,,,,,,,,80227
184297854,04251-00-044-000,"5245 W WARREN AVE, DENVER, CO 80227",DENVER,CO,80227,39.675961,-105.054007,,Vacant land,,,,,,,,,,80227
184315550,05313-00-022-000,"3100 S SHERIDAN BLVD, DENVER, CO 80227",DENVER,CO,80227,39.654621,-105.052668,,Vacant land,,,,,,,,,,80227
184432015,49-254-10-089,"2599 S HARLAN CT, LAKEWOOD, CO 80227",LAKEWOOD,CO,80227,39.668889,-105.061514,,Vacant land,,,,,,,,,,80227
184433685,49-283-00-002,"2700 S OAK ST, LAKEWOOD, CO 80227",LAKEWOOD,CO,80227,39.667781,-105.12065,,Vacant land,,,,,,,,,,80227
184437506,49-354-09-001,"3444 S WADSWORTH BLVD, LAKEWOOD, CO 80227",LAKEWOOD,CO,80227,39.653888,-105.080701,,Vacant land,,,,,,,,,,80227
184440478,49-342-01-109,"2699 S INDEPENDENCE CT, LAKEWOOD, CO 80227",LAKEWOOD,CO,80227,39.667131,-105.106251,,Vacant land,,,,,,,,,,80227
184444128,49-262-00-001,"1905 S WADSWORTH BLVD, LAKEWOOD, CO 80227",LAKEWOOD,CO,80227,39.681874,-105.081949,,Vacant land,,,,,,,,,,80227
184623171,49-351-01-019,"3160 S WADSWORTH BLVD, LAKEWOOD, CO 80227",LAKEWOOD,CO,80227,39.661156,-105.080817,,Vacant land,,,,,,,,,,80227
184668240,1971-28-3-33-004,"2191 W YALE AVE, ENGLEWOOD, CO 80227",ENGLEWOOD,CO,80227,39.66798,-105.013004,,Vacant land,,,,,,,,,,80227
184671708,04264-00-029-000,"7551 W YALE AVE, DENVER, CO 80227",DENVER,CO,80227,39.668355,-105.080297,,Vacant land,,,,,,,,,,80227
184671709,04264-00-030-000,"7549 W YALE AVE, DENVER, CO 80227",DENVER,CO,80227,39.668355,-105.08024,,Vacant land,,,,,,,,,,80227
184671710,04264-00-031-000,"7547 W YALE AVE, DENVER, CO 80227",DENVER,CO,80227,39.668355,-105.080182,,Vacant land,,,,,,,,,,80227
184671711,04264-00-032-000,"7545 W YALE AVE, DENVER, CO 80227",DENVER,CO,80227,39.668355,-105.080125,,Vacant land,,,,,,,,,,80227
184671712,04264-00-033-000,"7543 W YALE AVE, DENVER, CO 80227",DENVER,CO,80227,39.668355,-105.080067,,Vacant land,,,,,,,,,,80227
184671713,04264-00-034-000,"7541 W YALE AVE, DENVER, CO 80227",DENVER,CO,80227,39.668355,-105.08001,,Vacant land,,,,,,,,,,80227
184680002,04264-00-026-000,"7557 W YALE AVE, DENVER, CO 80227",DENVER,CO,80227,39.668355,-105.08047,,Vacant land,,,,,,,,,,80227
184680003,04264-00-027-000,"7555 W YALE AVE, DENVER, CO 80227",DENVER,CO,80227,39.668355,-105.080412,,Vacant land,,,,,,,,,,80227
184680004,04264-00-028-000,"7553 W YALE AVE, DENVER, CO 80227",DENVER,CO,80227,39.668355,-105.080355,,Vacant land,,,,,,,,,,80227
184729072,04264-01-001-000,"7500 W VASSAR AVE, DENVER, CO 80227",DENVER,CO,80227,39.669536,-105.079586,,Vacant land,,,,,,,,,,80227
184783607,49-354-00-018,"3440 S WADSWORTH BLVD, LAKEWOOD, CO 80227",LAKEWOOD,CO,80227,39.65443,-105.080931,,Vacant land,,,,,,,,,,80227
204585180,04251-06-030-000,"5770 W GREEN MEADOWS PL, DENVER, CO 80227",DENVER,CO,80227,39.677808,-105.058833,,Vacant land,,,,,,,,,,80227
204662969,49-254-10-016,"2540 S GRAY CT, LAKEWOOD, CO 80227",LAKEWOOD,CO,80227,39.670632,-105.060329,,Vacant land,,,,,,,,,,80227
204662973,49-263-01-143,"2300 S BALSAM LN, LAKEWOOD, CO 80227",LAKEWOOD,CO,80227,39.673661,-105.088425,,Vacant land,,,,,,,,,,80227
205693872,49-254-10-091,"2520 S HARLAN ST, LAKEWOOD, CO 80227",LAKEWOOD,CO,80227,39.670114,-105.061264,,Vacant land,,,,,,,,,,80227
217280432,49-331-10-001,"10118 W DARTMOUTH AVE, LAKEWOOD, CO 80227",LAKEWOOD,CO,80227,39.660618,-105.114662,,Vacant land,,,,,,,,,,80227
221039666,59-021-01-021,"S PIERCE APPROX ST, LAKEWOOD, CO 80227",LAKEWOOD,CO,80227,39.651848,-105.072934,,Vacant land,,,,,,,,,,80227
222425187,49-252-03-081,"VACANT LAND, LAKEWOOD, CO 80227",LAKEWOOD,CO,80227,39.675144,-105.064304,,Vacant land,,,,,,,,,,80227
222425202,49-253-05-079,"VACANT LAND, LAKEWOOD, CO 80227",LAKEWOOD,CO,80227,39.668842,-105.07104,,Vacant land,,,,,,,,,,80227
222425229,49-254-12-006,", LAKEWOOD, CO 80227",LAKEWOOD,CO,80227,39.669614,-105.057741,,Vacant land,,,,,,,,,,80227
222425266,49-273-00-036,"VACANT LAND, LAKEWOOD, CO 80227",LAKEWOOD,CO,80227,39.671547,-105.105194,,Vacant land,,,,,,,,,,80227
222425296,49-281-09-106,", DENVER, CO 80227",DENVER,CO,80227,39.676377,-105.116574,,Vacant land,,,,,,,,,,80227
222425394,49-331-01-019,"VACANT LAND, LAKEWOOD, CO 80227",LAKEWOOD,CO,80227,39.664327,-105.118789,,Vacant land,,,,,,,,,,80227
222425396,49-331-01-024,"VACANT LAND, LAKEWOOD, CO 80227",LAKEWOOD,CO,80227,39.66508,-105.118761,,Vacant land,,,,,,,,,,80227
222425397,49-331-01-025,"VACANT LAND, LAKEWOOD, CO 80227",LAKEWOOD,CO,80227,39.665022,-105.118441,,Vacant land,,,,,,,,,,80227
222425401,49-331-01-039,"VACANT LAND, LAKEWOOD, CO 80227",LAKEWOOD,CO,80227,39.662512,-105.116938,,Vacant land,,,,,,,,,,80227
222425402,49-331-01-049,"VACANT LAND, LAKEWOOD, CO 80227",LAKEWOOD,CO,80227,39.662398,-105.11884,,Vacant land,,,,,,,,,,80227
222425403,49-331-01-052,"VACANT LAND, LAKEWOOD, CO 80227",LAKEWOOD,CO,80227,39.662376,-105.118301,,Vacant land,,,,,,,,,,80227
222425444,49-343-09-039,"VACANT LAND, LAKEWOOD, CO 80227",LAKEWOOD,CO,80227,39.654365,-105.102671,,Vacant land,,,,,,,,,,80227
227223358,49-262-01-175,"VACANT LAND, LAKEWOOD, CO 80227",LAKEWOOD,CO,80227,39.681257,-105.090433,,Vacant land,,,,,,,,,,80227
227223359,49-262-01-181,"VACANT LAND, LAKEWOOD, CO 80227",LAKEWOOD,CO,80227,39.681255,-105.090041,,Vacant land,,,,,,,,,,80227
227223361,49-284-03-072,"10279 W MORRISON RD, LAKEWOOD, CO 80227",LAKEWOOD,CO,80227,39.668421,-105.113377,,Vacant land,,,,,,,,,,80227
241034231,59-021-01-007,"HAMPDEN & PIERCE, LAKEWOOD, CO 80227",LAKEWOOD,CO,80227,39.647129,-105.076433,,Vacant land,,,,,,,,,,80227
252860424,49-261-05-063,"6857 S PIERCE WAY, LAKEWOOD, CO 80227",LAKEWOOD,CO,80227,39.682033,-105.072169,,Vacant land,,,,,,,,,,80227
253197650,49-261-09-024,"6848 W ADRIATIC AVE, LAKEWOOD, CO 80227",LAKEWOOD,CO,80227,39.677868,-105.072243,,Vacant land,,,,,,,,,,80227
321101303,49-281-00-026,"VACANT LAND, LAKEWOOD, CO 80227",LAKEWOOD,CO,80227,39.67854,-105.113862,,Vacant land,,,,,,,,,,80227
321746814,49-272-05-057,"VACANT LAND, LAKEWOOD, CO 80227",LAKEWOOD,CO,80227,39.678356,-105.102395,,Vacant land,,,,,,,,,,80227
322504230,49-334-07-043,"10437 W HAMPDEN AVE, LAKEWOOD, CO 80227",LAKEWOOD,CO,80227,39.656861,-105.113635,,Vacant land,,,,,,,,,,80227
325149573,49-261-09-019,"VACANT LAND, LAKEWOOD, CO 80227",LAKEWOOD,CO,80227,39.677625,-105.072937,,Vacant land,,,,,,,,,,80227
325149574,49-252-06-006,"VACANT LAND, LAKEWOOD, CO 80227",LAKEWOOD,CO,80227,39.677425,-105.069926,,Vacant land,,,,,,,,,,80227
325590288,49-342-99-001,"VACANT LAND, LAKEWOOD, CO 80227",LAKEWOOD,CO,80227,39.660647,-105.109592,,Vacant land,,,,,,,,,,80227
327104782,49-261-01-031,"VACANT LAND, LAKEWOOD, CO 80227",LAKEWOOD,CO,80227,39.680926,-105.080413,,Vacant land,,,,,,,,,,80227
327104788,49-262-01-185,"2005 S ZEPHYR CT, LAKEWOOD, CO 80227",LAKEWOOD,CO,80227,39.680538,-105.085734,,Vacant land,,,,,,,,,,80227
329903923,49-284-20-058,"VACANT LAND, LAKEWOOD, CO 80227",LAKEWOOD,CO,80227,39.669557,-105.111193,,Vacant land,,,,,,,,,,80227
331820613,49-261-02-006,"VACANT LAND, LAKEWOOD, CO 80227",LAKEWOOD,CO,80227,39.678287,-105.08039,,Vacant land,,,,,,,,,,80227
334203056,49-252-03-159,"VACANT LAND, LAKEWOOD, CO 80227",LAKEWOOD,CO,80227,39.681215,-105.067861,,Vacant land,,,,,,,,,,80227
334203057,49-252-03-160,"VACANT LAND, LAKEWOOD, CO 80227",LAKEWOOD,CO,80227,39.680122,-105.068773,,Vacant land,,,,,,,,,,80227
334203058,49-252-03-161,"VACANT LAND, LAKEWOOD, CO 80227",LAKEWOOD,CO,80227,39.679549,-105.069407,,Vacant land,,,,,,,,,,80227
335780972,49-341-01-031,"8975 W BEAR CREEK DR, LAKEWOOD, CO 80227",LAKEWOOD,CO,80227,39.662387,-105.098356,,Vacant land,,,,,,,,,,80227
1000180638,49-261-02-008,"VACANT LAND, LAKEWOOD, CO 80227",LAKEWOOD,CO,80227,39.677801,-105.080036,,Vacant land,,,,,,,,,,80227
1001820437,49-352-00-011,"VACANT LAND, LAKEWOOD, CO 80227",LAKEWOOD,CO,80227,39.663692,-105.081636,,Vacant land,,,,,,,,,,80227
1002357395,49-331-02-002,"10025 W DARTMOUTH AVE, LAKEWOOD, CO 80227",LAKEWOOD,CO,80227,39.662153,-105.109837,,Vacant land,,,,,,,,,,80227
1004979105,49-333-06-013,"11012 W HAMPDEN PL, LAKEWOOD, CO 80227",LAKEWOOD,CO,80227,39.653603,-105.122978,,Vacant land,,,,,,,,,,80227
1004979106,49-333-06-014,"11155 W HAMPDEN AVE, DENVER, CO 80227",DENVER,CO,80227,39.653555,-105.124077,,Vacant land,,,,,,,,,,80227
30466214,06092-01-190-000,"79 RAMPART WAY, DENVER, CO 80230",DENVER,CO,80230,39.719015,-104.897944,,Vacant land,,,,,,,,,,80230
39803943,06084-01-001-000,"155 S ONEIDA ST, DENVER, CO 80230",DENVER,CO,80230,39.713612,-104.907911,,Vacant land,,,,,,,,,,80230
184239670,06092-01-191-000,"8154 E 5TH AVE, DENVER, CO 80230",DENVER,CO,80230,39.724014,-104.893816,,Vacant land,,,,,,,,,,80230
184325939,06093-08-020-000,"62 S SYRACUSE ST, DENVER, CO 80230",DENVER,CO,80230,39.715317,-104.898722,,Vacant land,,,,,,,,,,80230
184559447,06092-01-030-000,"196 RAMPART WAY, DENVER, CO 80230",DENVER,CO,80230,39.721397,-104.900385,,Vacant land,,,,,,,,,,80230
184559454,06093-04-068-000,"34 E FAIRMOUNT DR, DENVER, CO 80230",DENVER,CO,80230,39.715682,-104.895335,,Vacant land,,,,,,,,,,80230
184559455,06093-04-069-000,"32 E FAIRMOUNT DR, DENVER, CO 80230",DENVER,CO,80230,39.716142,-104.895547,,Vacant land,,,,,,,,,,80230
184559456,06093-04-070-000,"26 E FAIRMOUNT DR, DENVER, CO 80230",DENVER,CO,80230,39.716769,-104.895868,,Vacant land,,,,,,,,,,80230
184559457,06093-04-071-000,"24 E FAIRMOUNT DR, DENVER, CO 80230",DENVER,CO,80230,39.71617,-104.896342,,Vacant land,,,,,,,,,,80230
184559458,06093-04-072-000,"20 E FAIRMOUNT DR, DENVER, CO 80230",DENVER,CO,80230,39.716486,-104.896346,,Vacant land,,,,,,,,,,80230
184567635,06092-02-009-000,"7309 E 5TH AVENUE PKWY, DENVER, CO 80230",DENVER,CO,80230,39.723799,-104.902009,,Vacant land,,,,,,,,,,80230
184567637,06092-02-011-000,"7319 E 5TH AVENUE PKWY, DENVER, CO 80230",DENVER,CO,80230,39.725177,-104.902797,,Vacant land,,,,,,,,,,80230
184567638,06092-02-012-000,"7309 E 5TH AVENUE PKWY, DENVER, CO 80230",DENVER,CO,80230,39.724364,-104.90333,,Vacant land,,,,,,,,,,80230
184643321,06092-02-031-000,"590 N QUEBEC ST, DENVER, CO 80230",DENVER,CO,80230,39.7252,-104.903213,,Vacant land,,,,,,,,,,80230
184654400,06043-01-026-000,"641 ROSLYN ST, DENVER, CO 80230",DENVER,CO,80230,39.726923,-104.901137,,Vacant land,,,,,,,,,,80230
184673874,06091-00-109-000,"8175 E LOWRY BLVD, DENVER, CO 80230",DENVER,CO,80230,39.719325,-104.892795,,Vacant land,,,,,,,,,,80230
184766549,06093-04-073-000,"18 E FAIRMOUNT DR, DENVER, CO 80230",DENVER,CO,80230,39.716924,-104.896167,,Vacant land,,,,,,,,,,80230
184766550,06093-04-074-000,"22 E FAIRMOUNT DR, DENVER, CO 80230",DENVER,CO,80230,39.71644,-104.896207,,Vacant land,,,,,,,,,,80230
204652258,06093-00-012-000,"7360 E LOWRY BLVD, DENVER, CO 80230",DENVER,CO,80230,39.716743,-104.902867,,Vacant land,,,,,,,,,,80230
204652259,06093-13-022-000,"7350 E ELLSWORTH AVE, DENVER, CO 80230",DENVER,CO,80230,39.715529,-104.902867,,Vacant land,,,,,,,,,,80230
219389152,06161-00-003-000,"600 ULSTER WAY, DENVER, CO 80230",DENVER,CO,80230,39.704439,-104.892148,,Vacant land,,,,,,,,,,80230
221206067,06091-00-115-000,"8588 E LOWRY BLVD, DENVER, CO 80230",DENVER,CO,80230,39.720613,-104.885473,,Vacant land,,,,,,,,,,80230
227207870,06092-02-008-000,"504 N ROSLYN ST, DENVER, CO 80230",DENVER,CO,80230,39.724998,-104.900991,,Vacant land,,,,,,,,,,80230
238239464,06102-04-005-000,"9090 E LOWRY BLVD, DENVER, CO 80230",DENVER,CO,80230,39.724529,-104.88158,,Vacant land,,,,,,,,,,80230
251008059,06084-00-047-000,"6958 E LOWRY BLVD, DENVER, CO 80230",DENVER,CO,80230,39.71581,-104.906225,,Vacant land,,,,,,,,,,80230
334131629,06084-18-003-000,"7098 E LOWRY BLVD, DENVER, CO 80230",DENVER,CO,80230,39.716556,-104.905833,,Vacant land,,,,,,,,,,80230
334131642,06084-32-033-000,"34 ONEIDA ST, DENVER, CO 80230",DENVER,CO,80230,39.717133,-104.907317,,Vacant land,,,,,,,,,,80230
334131643,06084-32-034-000,"12 ONEIDA CT, DENVER, CO 80230",DENVER,CO,80230,39.716903,-104.907067,,Vacant land,,,,,,,,,,80230
1004946183,06084-01-022-000,"155 S ONEIDA ST, DENVER, CO 80230",DENVER,CO,80230,39.71318,-104.907661,,Vacant land,,,,,,,,,,80230
9827262,1973-27-2-13-006,"9301 E JEWELL CIR, DENVER, CO 80231",DENVER,CO,80231,39.681868,-104.880634,,Vacant land,,,,,,,,,,80231
51462241,1973-21-4-01-006,"8311 E IOWA DR, DENVER, CO 80231",DENVER,CO,80231,39.68856,-104.891027,,Vacant land,,,,,,,,,,80231
54081240,1973-28-1-04-014,"2245 S YOSEMITE ST, DENVER, CO 80231",DENVER,CO,80231,39.676128,-104.8854,,Vacant land,,,,,,,,,,80231
184179490,1973-21-4-02-001,"1523 S UINTA WAY, DENVER, CO 80231",DENVER,CO,80231,39.688864,-104.893226,,Vacant land,,,,,,,,,,80231
184179498,1973-21-4-04-006,"8880 E MEXICO DR, DENVER, CO 80231",DENVER,CO,80231,39.684755,-104.884895,,Vacant land,,,,,,,,,,80231
184191585,1973-22-3-09-001,"1832 S PARKER RD, DENVER, CO 80231",DENVER,CO,80231,39.683582,-104.881328,,Vacant land,,,,,,,,,,80231
184191861,1973-27-2-03-011,"9382 E JEWELL CIR, DENVER, CO 80231",DENVER,CO,80231,39.679847,-104.879503,,Vacant land,,,,,,,,,,80231
184191900,1973-28-1-04-037,"8811 E ILIFF AVE, DENVER, CO 80231",DENVER,CO,80231,39.675345,-104.88608,,Vacant land,,,,,,,,,,80231
184191901,1973-28-1-04-038,"2251 S YOSEMITE ST, DENVER, CO 80231",DENVER,CO,80231,39.675134,-104.884961,,Vacant land,,,,,,,,,,80231
184191902,1973-28-1-04-013,"2251 S YOSEMITE ST, DENVER, CO 80231",DENVER,CO,80231,39.675508,-104.884951,,Vacant land,,,,,,,,,,80231
184191903,1973-28-1-04-015,"8700 E WARREN AVE, DENVER, CO 80231",DENVER,CO,80231,39.676133,-104.886531,,Vacant land,,,,,,,,,,80231
184206582,1973-28-4-04-001,"2482 S TRENTON WAY, DENVER, CO 80231",DENVER,CO,80231,39.671842,-104.892976,,Vacant land,,,,,,,,,,80231
184322655,06343-00-010-000,"3419 S AKRON ST, DENVER, CO 80231",DENVER,CO,80231,39.654431,-104.882528,,Vacant land,,,,,,,,,,80231
184326633,06331-01-059-000,"2800 S WABASH CIR, DENVER, CO 80231",DENVER,CO,80231,39.665352,-104.887035,,Vacant land,,,,,,,,,,80231
184328202,07041-00-009-000,"8200 E HAMPDEN AVE, DENVER, CO 80231",DENVER,CO,80231,39.652128,-104.893627,,Vacant land,,,,,,,,,,80231
184329601,06333-00-093-000,"8000 E EASTMAN AVE, DENVER, CO 80231",DENVER,CO,80231,39.657734,-104.894453,,Vacant land,,,,,,,,,,80231
184329602,06333-00-094-000,"3101 S ULSTER ST, DENVER, CO 80231",DENVER,CO,80231,39.660265,-104.901731,,Vacant land,,,,,,,,,,80231
184672221,06343-00-205-000,"8961 E HAMPDEN AVE, DENVER, CO 80231",DENVER,CO,80231,39.653449,-104.882787,,Vacant land,,,,,,,,,,80231
184715116,06212-00-023-000,"1091 S PARKER RD, DENVER, CO 80231",DENVER,CO,80231,39.696308,-104.899319,,Vacant land,,,,,,,,,,80231
184751790,06342-02-019-000,"3000 S BEELER ST, DENVER, CO 80231",DENVER,CO,80231,39.662072,-104.880134,,Vacant land,,,,,,,,,,80231
184765240,01273-00-023-000,"2601 N DAYTON ST MISC, DENVER, CO 80231",DENVER,CO,80231,39.759032,-104.875842,,Vacant land,,,,,,,,,,80231
184784115,1973-22-3-00-027,"8880 E MEXICO DR, DENVER, CO 80231",DENVER,CO,80231,39.68444,-104.884089,,Vacant land,,,,,,,,,,80231
204024705,06294-00-044-000,"2601 S QUEBEC ST, DENVER, CO 80231",DENVER,CO,80231,39.670272,-104.903956,,Vacant land,,,,,,,,,,80231
204024743,06332-21-060-000,"8101 E DARTMOUTH AVE, DENVER, CO 80231",DENVER,CO,80231,39.66061,-104.894151,,Vacant land,,,,,,,,,,80231
204024746,06333-00-066-000,"7601 E HAMPDEN AVE, DENVER, CO 80231",DENVER,CO,80231,39.654961,-104.901638,,Vacant land,,,,,,,,,,80231
217627194,1973-28-4-34-002,"2451 S WABASH ST, DENVER, CO 80231",DENVER,CO,80231,39.672784,-104.889378,,Vacant land,,,,,,,,,,80231
222390426,1973-21-4-02-008,"1737 S UINTA WAY, DENVER, CO 80231",DENVER,CO,80231,39.685153,-104.8888,,Vacant land,,,,,,,,,,80231
222390688,1973-28-3-00-003,"7700 E HARVARD AVE, DENVER, CO 80231",DENVER,CO,80231,39.671492,-104.898493,,Vacant land,,,,,,,,,,80231
222410985,06332-14-016-000,"8000 E YALE AVE, DENVER, CO 80231",DENVER,CO,80231,39.667422,-104.896828,,Vacant land,,,,,,,,,,80231
228138242,R0152758,", AURORA, CO ",AURORA,CO,80231,39.772432,-104.786935,,Vacant land,,,,,,,,,,80231
228138243,R0152759,"SITUS NOT AVAILABLE, AURORA, CO 80231",AURORA,CO,80231,39.771624,-104.785521,,Vacant land,,,,,,,,,,80231
228359635,1973-28-4-00-056,"2502 S WABASH ST, DENVER, CO 80231",DENVER,CO,80231,39.670788,-104.889859,,Vacant land,,,,,,,,,,80231
232680017,1973-28-4-00-063,", DENVER, CO 80231",DENVER,CO,80231,39.672584,-104.890589,,Vacant land,,,,,,,,,,80231
332128178,06334-24-008-000,"3401 S YOSEMITE ST, DENVER, CO 80231",DENVER,CO,80231,39.654242,-104.885326,,Vacant land,,,,,,,,,,80231
334131662,06282-00-022-000,"7698 E JEWELL AVE, DENVER, CO 80231",DENVER,CO,80231,39.680273,-104.896185,,Vacant land,,,,,,,,,,80231
1001988087,06334-24-033-000,"8711 E HAMPDEN AVE, DENVER, CO 80231",DENVER,CO,80231,39.653854,-104.886843,,Vacant land,,,,,,,,,,80231
1002349047,1973-28-1-04-038,"2251 S YOSEMITE ST, DENVER, CO 80231",DENVER,CO,80231,39.675484,-104.884915,,Vacant land,,,,,,,,,,80231
1004946210,06274-00-046-000,"9900 E ILIFF AVE, DENVER, CO 80231",DENVER,CO,80231,39.674302,-104.870538,,Vacant land,,,,,,,,,,80231
1027508,05321-11-028-000,"2985 S ZUNI ST, DENVER, CO 80236",DENVER,CO,80236,39.662641,-105.016082,,Vacant land,,,,,,,,,,80236
3713781,05321-10-033-000,"2710 W BATES AVE, DENVER, CO 80236",DENVER,CO,80236,39.663102,-105.021308,,Vacant land,,,,,,,,,,80236
30660320,05321-09-001-000,"2960 W BATES AVENUE VCNT, DENVER, CO 80236",DENVER,CO,80236,39.663572,-105.02447,,Vacant land,,,,,,,,,,80236
141107444,2077-05-2-23-014,"3818 S KNOX CT, DENVER, CO 80236",DENVER,CO,80236,39.64778,-105.031829,,Vacant land,,,,,,,,,,80236
145388027,2077-05-2-27-006,"3435 W MANSFIELD AVE # 1/2, DENVER, CO 80236",DENVER,CO,80236,39.646296,-105.032368,,Vacant land,,,,,,,,,,80236
155241204,05321-04-056-000,"2601 W AMHERST AVE, DENVER, CO 80236",DENVER,CO,80236,39.665945,-105.018753,,Vacant land,,,,,,,,,,80236
184217527,2077-05-2-19-017,"3701 S KNOX CT, DENVER, CO 80236",DENVER,CO,80236,39.649044,-105.032498,,Vacant land,,,,,,,,,,80236
184319521,05321-14-024-000,"3098 S FEDERAL BLVD, DENVER, CO 80236",DENVER,CO,80236,39.660675,-105.024753,,Vacant land,,,,,,,,,,80236
184319523,05322-00-013-000,"2800 S LOWELL BLVD, DENVER, CO 80236",DENVER,CO,80236,39.664371,-105.034461,,Vacant land,,,,,,,,,,80236
184328422,08061-00-010-000,"3601 S LOWELL BLVD, DENVER, CO 80236",DENVER,CO,80236,39.653232,-105.034761,,Vacant land,,,,,,,,,,80236
184328424,08061-00-015-000,"3619 S LOWELL BLVD, DENVER, CO 80236",DENVER,CO,80236,39.652581,-105.035052,,Vacant land,,,,,,,,,,80236
184330049,08071-29-022-000,"4600 S QUITMAN ST, DENVER, CO 80236",DENVER,CO,80236,39.633246,-105.04216,,Vacant land,,,,,,,,,,80236
184559432,05321-12-034-000,"2400 W CORNELL AVE, DENVER, CO 80236",DENVER,CO,80236,39.661754,-105.015898,,Vacant land,,,,,,,,,,80236
184804105,05321-03-042-000,"2707 S DECATUR ST, DENVER, CO 80236",DENVER,CO,80236,39.666102,-105.023142,,Vacant land,,,,,,,,,,80236
204651960,05321-06-018-000,"2801 S ZUNI ST, DENVER, CO 80236",DENVER,CO,80236,39.664173,-105.015832,,Vacant land,,,,,,,,,,80236
204651969,05321-07-071-000,"2832 S DECATUR ST, DENVER, CO 80236",DENVER,CO,80236,39.664614,-105.021857,,Vacant land,,,,,,,,,,80236
204651978,05321-13-071-000,"2730 W CORNELL AVE, DENVER, CO 80236",DENVER,CO,80236,39.661615,-105.021441,,Vacant land,,,,,,,,,,80236
204651979,05321-13-077-000,"3096 S DECATUR ST, DENVER, CO 80236",DENVER,CO,80236,39.660863,-105.02257,,Vacant land,,,,,,,,,,80236
204651982,05321-14-042-000,"2801 W DARTMOUTH AVE, DENVER, CO 80236",DENVER,CO,80236,39.660731,-105.024152,,Vacant land,,,,,,,,,,80236
204651983,05321-14-043-000,"2801 W DARTMOUTH AVE, DENVER, CO 80236",DENVER,CO,80236,39.660676,-105.024461,,Vacant land,,,,,,,,,,80236
324871011,05321-13-099-000,"2624 W CORNELL AVE, DENVER, CO 80236",DENVER,CO,80236,39.661826,-105.019863,,Vacant land,,,,,,,,,,80236
326744076,05324-01-607-000,"3244 S FEDERAL BLVD, DENVER, CO 80236",DENVER,CO,80236,39.657804,-105.024551,,Vacant land,,,,,,,,,,80236
334131570,05321-05-054-000,"2779 S ZUNI ST, DENVER, CO 80236",DENVER,CO,80236,39.666315,-105.01604,,Vacant land,,,,,,,,,,80236
334131598,05322-18-007-000,"2935 S PANCRATIA ST, DENVER, CO 80236",DENVER,CO,80236,39.662516,-105.027592,,Vacant land,,,,,,,,,,80236
334131599,05322-18-008-000,"3270 S JULIAN WAY, DENVER, CO 80236",DENVER,CO,80236,39.659245,-105.032027,,Vacant land,,,,,,,,,,80236
334131602,05322-21-001-000,"2934 S PANCRATIA ST, DENVER, CO 80236",DENVER,CO,80236,39.662499,-105.02668,,Vacant land,,,,,,,,,,80236
334131606,05322-23-001-000,"3001 S MAY STANTON WAY, DENVER, CO 80236",DENVER,CO,80236,39.660107,-105.03193,,Vacant land,,,,,,,,,,80236
336003793,05322-16-005-000,"2867 S MACHEBEUF CT, DENVER, CO 80236",DENVER,CO,80236,39.664154,-105.029096,,Vacant land,,,,,,,,,,80236
336003794,05322-16-006-000,"3153 W BATES AVE, DENVER, CO 80236",DENVER,CO,80236,39.663965,-105.029099,,Vacant land,,,,,,,,,,80236
336003795,05322-16-007-000,"3183 W BATES AVE, DENVER, CO 80236",DENVER,CO,80236,39.664019,-105.029686,,Vacant land,,,,,,,,,,80236
336003804,05322-18-013-000,"3046 S LORETTO WAY, DENVER, CO 80236",DENVER,CO,80236,39.661386,-105.028798,,Vacant land,,,,,,,,,,80236
336003806,05322-18-015-000,"2932 S LORETTO WAY, DENVER, CO 80236",DENVER,CO,80236,39.662602,-105.029181,,Vacant land,,,,,,,,,,80236
336003814,05323-00-041-000,"3129 S FEDERAL BLVD, DENVER, CO 80236",DENVER,CO,80236,39.6586,-105.026197,,Vacant land,,,,,,,,,,80236
1000515385,05322-22-004-000,"2992 S MAX DIJULIO CT, DENVER, CO 80236",DENVER,CO,80236,39.662378,-105.025732,,Vacant land,,,,,,,,,,80236
1000515386,05322-22-005-000,"2992 S MAX DIJULIO CT, DENVER, CO 80236",DENVER,CO,80236,39.661854,-105.026225,,Vacant land,,,,,,,,,,80236
1000515420,05322-25-048-000,"3101 W BATES AVE, DENVER, CO 80236",DENVER,CO,80236,39.663933,-105.027321,,Vacant land,,,,,,,,,,80236
1000515421,05322-25-049-000,"3105 W BATES AVE, DENVER, CO 80236",DENVER,CO,80236,39.663935,-105.027395,,Vacant land,,,,,,,,,,80236
1000515422,05322-25-050-000,"3109 W BATES AVE, DENVER, CO 80236",DENVER,CO,80236,39.663934,-105.027471,,Vacant land,,,,,,,,,,80236
1000515423,05322-25-051-000,"3111 W BATES AVE, DENVER, CO 80236",DENVER,CO,80236,39.663933,-105.027564,,Vacant land,,,,,,,,,,80236
1000515424,05322-25-052-000,"3115 W BATES AVE, DENVER, CO 80236",DENVER,CO,80236,39.663936,-105.02764,,Vacant land,,,,,,,,,,80236
1000515425,05322-25-053-000,"3119 W BATES AVE, DENVER, CO 80236",DENVER,CO,80236,39.663935,-105.027705,,Vacant land,,,,,,,,,,80236
1000515426,05322-25-054-000,"3121 W BATES AVE, DENVER, CO 80236",DENVER,CO,80236,39.663934,-105.027785,,Vacant land,,,,,,,,,,80236
1000515432,05322-25-060-000,"3138 W BONFILS PL, DENVER, CO 80236",DENVER,CO,80236,39.664356,-105.028014,,Vacant land,,,,,,,,,,80236
1000515433,05322-25-061-000,"3136 W BONFILS PL, DENVER, CO 80236",DENVER,CO,80236,39.664291,-105.028014,,Vacant land,,,,,,,,,,80236
1000515434,05322-25-062-000,"3134 W BONFILS PL, DENVER, CO 80236",DENVER,CO,80236,39.664233,-105.028014,,Vacant land,,,,,,,,,,80236
1000515435,05322-25-063-000,"3132 W BONFILS PL, DENVER, CO 80236",DENVER,CO,80236,39.664175,-105.028015,,Vacant land,,,,,,,,,,80236
1000515436,05322-25-064-000,"3130 W BONFILS PL, DENVER, CO 80236",DENVER,CO,80236,39.664109,-105.028015,,Vacant land,,,,,,,,,,80236
1000515437,05322-25-065-000,"3125 W BATES AVE, DENVER, CO 80236",DENVER,CO,80236,39.663935,-105.027927,,Vacant land,,,,,,,,,,80236
1000515438,05322-25-066-000,"3129 W BATES AVE, DENVER, CO 80236",DENVER,CO,80236,39.663936,-105.028007,,Vacant land,,,,,,,,,,80236
1000515439,05322-25-067-000,"3131 W BATES AVE, DENVER, CO 80236",DENVER,CO,80236,39.663938,-105.028072,,Vacant land,,,,,,,,,,80236
1000515440,05322-25-068-000,"3135 W BATES AVE, DENVER, CO 80236",DENVER,CO,80236,39.663936,-105.028147,,Vacant land,,,,,,,,,,80236
1000515441,05322-25-069-000,"3139 W BATES AVE, DENVER, CO 80236",DENVER,CO,80236,39.663937,-105.02824,,Vacant land,,,,,,,,,,80236
1000515442,05322-25-070-000,"3141 W BATES AVE, DENVER, CO 80236",DENVER,CO,80236,39.663939,-105.028316,,Vacant land,,,,,,,,,,80236
1000515443,05322-25-071-000,"3145 W BATES AVE, DENVER, CO 80236",DENVER,CO,80236,39.663938,-105.028391,,Vacant land,,,,,,,,,,80236
1000515444,05322-25-072-000,"2876 S MACHEBEUF CT, DENVER, CO 80236",DENVER,CO,80236,39.664111,-105.028328,,Vacant land,,,,,,,,,,80236
1000515445,05322-25-073-000,"2868 S MACHEBEUF CT, DENVER, CO 80236",DENVER,CO,80236,39.664176,-105.028329,,Vacant land,,,,,,,,,,80236
1000515446,05322-25-074-000,"2866 S MACHEBEUF CT, DENVER, CO 80236",DENVER,CO,80236,39.664234,-105.028329,,Vacant land,,,,,,,,,,80236
1000515447,05322-25-075-000,"2858 S MACHEBEUF CT, DENVER, CO 80236",DENVER,CO,80236,39.664292,-105.028328,,Vacant land,,,,,,,,,,80236
1000515448,05322-25-076-000,"2856 S MACHEBEUF CT, DENVER, CO 80236",DENVER,CO,80236,39.664358,-105.028328,,Vacant land,,,,,,,,,,80236
1001989054,05321-07-099-000,"2699 W BATES AVE, DENVER, CO 80236",DENVER,CO,80236,39.664172,-105.019976,,Vacant land,,,,,,,,,,80236
1002354037,05321-13-071-000,"2730 W CORNELL AVE, DENVER, CO 80236",DENVER,CO,80236,39.661624,-105.021094,,Vacant land,,,,,,,,,,80236
1002354046,05321-03-042-000,"2707 S DECATUR ST, DENVER, CO 80236",DENVER,CO,80236,39.666095,-105.023117,,Vacant land,,,,,,,,,,80236
1002354147,05321-10-033-000,"2710 W BATES AVE, DENVER, CO 80236",DENVER,CO,80236,39.663468,-105.021298,,Vacant land,,,,,,,,,,80236
1002354281,05321-07-071-000,"2832 S DECATUR ST, DENVER, CO 80236",DENVER,CO,80236,39.664625,-105.022566,,Vacant land,,,,,,,,,,80236
1004946073,05321-03-054-000,"2786 S FEDERAL BLVD, DENVER, CO 80236",DENVER,CO,80236,39.665882,-105.023728,,Vacant land,,,,,,,,,,80236
1004946075,05321-12-075-000,"3062 S BRYANT ST, DENVER, CO 80236",DENVER,CO,80236,39.661174,-105.01687,,Vacant land,,,,,,,,,,80236
1004946076,05321-12-076-000,"2581 W DARTMOUTH AVE, DENVER, CO 80236",DENVER,CO,80236,39.660706,-105.01707,,Vacant land,,,,,,,,,,80236
1004946077,05321-12-077-000,"2591 W DARTMOUTH AVE, DENVER, CO 80236",DENVER,CO,80236,39.6607,-105.017304,,Vacant land,,,,,,,,,,80236
1004946078,05321-12-078-000,"3080 S BRYANT ST, DENVER, CO 80236",DENVER,CO,80236,39.660916,-105.017304,,Vacant land,,,,,,,,,,80236
1004946079,05321-12-079-000,"3074 S BRYANT ST, DENVER, CO 80236",DENVER,CO,80236,39.661046,-105.017392,,Vacant land,,,,,,,,,,80236
1004946080,05321-12-080-000,"3064 S BRYANT ST, DENVER, CO 80236",DENVER,CO,80236,39.661192,-105.017289,,Vacant land,,,,,,,,,,80236
1004946081,05321-12-081-000,"3070 S BRYANT ST, DENVER, CO 80236",DENVER,CO,80236,39.66116,-105.017056,,Vacant land,,,,,,,,,,80236
1004946082,05321-14-048-000,"2875 W DARTMOUTH AVE, DENVER, CO 80236",DENVER,CO,80236,39.660595,-105.023098,,Vacant land,,,,,,,,,,80236
1004946084,05322-00-071-000,"2883 S MACHEBEUF CT #TRACT-L24 # # TRACT-L24, DENVER, CO 80236",DENVER,CO,80236,39.664162,-105.028862,,Vacant land,,,,,,,,,,80236
1004946085,05322-00-072-000,"2883 S MACHEBEUF CT #TRACT-L25 # # TRACT-L25, DENVER, CO 80236",DENVER,CO,80236,39.664162,-105.028862,,Vacant land,,,,,,,,,,80236
1004946086,05322-00-073-000,"2883 S MACHEBEUF CT #TRACT-L26 # # TRACT-L26, DENVER, CO 80236",DENVER,CO,80236,39.664162,-105.028862,,Vacant land,,,,,,,,,,80236
1004946088,05322-00-075-000,"2990 S LORETTO WAY, DENVER, CO 80236",DENVER,CO,80236,39.663518,-105.03081,,Vacant land,,,,,,,,,,80236
1004946089,05322-00-076-000,"2883 S MACHEBEUF CT # TRACT-P4, DENVER, CO 80236",DENVER,CO,80236,39.664162,-105.028862,,Vacant land,,,,,,,,,,80236
1004946090,05322-00-077-000,"2883 S MACHEBEUF CT # TRACT-P5, DENVER, CO 80236",DENVER,CO,80236,39.664162,-105.028862,,Vacant land,,,,,,,,,,80236
1004946091,05322-00-078-000,"2833 S MACHEBEUF CT # TRACT-P6, DENVER, CO 80236",DENVER,CO,80236,39.66438,-105.028201,,Vacant land,,,,,,,,,,80236
1004946092,05322-00-079-000,"2833 S MACHEBEUF CT # TRACT-P7, DENVER, CO 80236",DENVER,CO,80236,39.66438,-105.028201,,Vacant land,,,,,,,,,,80236
1004946093,05322-00-080-000,"2833 S MACHEBEUF CT # TRACT-R4, DENVER, CO 80236",DENVER,CO,80236,39.66438,-105.028201,,Vacant land,,,,,,,,,,80236
1004946094,05322-00-081-000,"2883 S MACHEBEUF CT # TRACT-R5, DENVER, CO 80236",DENVER,CO,80236,39.664162,-105.028862,,Vacant land,,,,,,,,,,80236
1004946095,05322-00-082-000,"2909 S LAREDO CIR, DENVER, CO 80236",DENVER,CO,80236,39.662789,-105.028663,,Vacant land,,,,,,,,,,80236
1004946096,05322-16-010-000,"2857 S MACHEBEUF CT, DENVER, CO 80236",DENVER,CO,80236,39.664098,-105.02856,,Vacant land,,,,,,,,,,80236
1004946097,05322-16-011-000,"2859 S MACHEBEUF CT, DENVER, CO 80236",DENVER,CO,80236,39.664401,-105.028442,,Vacant land,,,,,,,,,,80236
1004946098,05322-16-012-000,"2861 S MACHEBEUF CT, DENVER, CO 80236",DENVER,CO,80236,39.664401,-105.028536,,Vacant land,,,,,,,,,,80236
1004946099,05322-16-013-000,"2863 S MACHEBEUF CT, DENVER, CO 80236",DENVER,CO,80236,39.664401,-105.028604,,Vacant land,,,,,,,,,,80236
1004946100,05322-16-014-000,"2865 S MACHEBEUF CT, DENVER, CO 80236",DENVER,CO,80236,39.664401,-105.028699,,Vacant land,,,,,,,,,,80236
1004946101,05322-16-015-000,"2867 S MACHEBEUF CT, DENVER, CO 80236",DENVER,CO,80236,39.664168,-105.028931,,Vacant land,,,,,,,,,,80236
1004946102,05322-16-016-000,"2869 S MACHEBEUF CT, DENVER, CO 80236",DENVER,CO,80236,39.664168,-105.02886,,Vacant land,,,,,,,,,,80236
1004946103,05322-16-017-000,"2871 S MACHEBEUF CT, DENVER, CO 80236",DENVER,CO,80236,39.664216,-105.028802,,Vacant land,,,,,,,,,,80236
1004946104,05322-16-018-000,"2873 S MACHEBEUF CT, DENVER, CO 80236",DENVER,CO,80236,39.664205,-105.028779,,Vacant land,,,,,,,,,,80236
1004946105,05322-16-019-000,"2875 S MACHEBEUF CT, DENVER, CO 80236",DENVER,CO,80236,39.66416,-105.028637,,Vacant land,,,,,,,,,,80236
1004946106,05322-16-020-000,"2857 S MACHEBEUF CT, DENVER, CO 80236",DENVER,CO,80236,39.664098,-105.02856,,Vacant land,,,,,,,,,,80236
1004946107,05322-16-021-000,"2879 S MACHEBEUF CT, DENVER, CO 80236",DENVER,CO,80236,39.66419,-105.028507,,Vacant land,,,,,,,,,,80236
1004946108,05322-16-022-000,"2881 S MACHEBEUF CT, DENVER, CO 80236",DENVER,CO,80236,39.664141,-105.028417,,Vacant land,,,,,,,,,,80236
1004946109,05322-16-023-000,"2883 S MACHEBEUF CT, DENVER, CO 80236",DENVER,CO,80236,39.664174,-105.028323,,Vacant land,,,,,,,,,,80236
1004946110,05322-16-024-000,"2885 S MACHEBEUF CT, DENVER, CO 80236",DENVER,CO,80236,39.664205,-105.028281,,Vacant land,,,,,,,,,,80236
1004946111,05322-16-025-000,"2887 S MACHEBEUF CT, DENVER, CO 80236",DENVER,CO,80236,39.664216,-105.02824,,Vacant land,,,,,,,,,,80236
1004946112,05322-16-026-000,"3153 W BATES AVE, DENVER, CO 80236",DENVER,CO,80236,39.663971,-105.028549,,Vacant land,,,,,,,,,,80236
1004946113,05322-16-027-000,"3155 W BATES AVE, DENVER, CO 80236",DENVER,CO,80236,39.663946,-105.02824,,Vacant land,,,,,,,,,,80236
1004946114,05322-16-028-000,"3157 W BATES AVE, DENVER, CO 80236",DENVER,CO,80236,39.663946,-105.028319,,Vacant land,,,,,,,,,,80236
1004946115,05322-16-029-000,"3163 W BATES AVE, DENVER, CO 80236",DENVER,CO,80236,39.663931,-105.028455,,Vacant land,,,,,,,,,,80236
1004946116,05322-16-030-000,"3165 W BATES AVE, DENVER, CO 80236",DENVER,CO,80236,39.663931,-105.028516,,Vacant land,,,,,,,,,,80236
1004946117,05322-16-031-000,"3167 W BATES AVE, DENVER, CO 80236",DENVER,CO,80236,39.663931,-105.02858,,Vacant land,,,,,,,,,,80236
1004946118,05322-16-032-000,"3169 W BATES AVE, DENVER, CO 80236",DENVER,CO,80236,39.663971,-105.028625,,Vacant land,,,,,,,,,,80236
1004946119,05322-16-033-000,"3171 W BATES AVE, DENVER, CO 80236",DENVER,CO,80236,39.663931,-105.028763,,Vacant land,,,,,,,,,,80236
1004946120,05322-16-034-000,"3173 W BATES AVE, DENVER, CO 80236",DENVER,CO,80236,39.663931,-105.02882,,Vacant land,,,,,,,,,,80236
1004946121,05322-16-035-000,"3177 W BATES AVE, DENVER, CO 80236",DENVER,CO,80236,39.663931,-105.028832,,Vacant land,,,,,,,,,,80236
1004946122,05322-16-036-000,"3179 W BATES AVE, DENVER, CO 80236",DENVER,CO,80236,39.663931,-105.028908,,Vacant land,,,,,,,,,,80236
1004946123,05322-16-037-000,"3183 W BATES AVE, DENVER, CO 80236",DENVER,CO,80236,39.664023,-105.029135,,Vacant land,,,,,,,,,,80236
1004946124,05322-16-038-000,"3185 W BATES AVE, DENVER, CO 80236",DENVER,CO,80236,39.663946,-105.029157,,Vacant land,,,,,,,,,,80236
1004946125,05322-16-039-000,"3187 W BATES AVE, DENVER, CO 80236",DENVER,CO,80236,39.664009,-105.029157,,Vacant land,,,,,,,,,,80236
1004946126,05322-16-040-000,"3189 W BATES AVE, DENVER, CO 80236",DENVER,CO,80236,39.664074,-105.029157,,Vacant land,,,,,,,,,,80236
1004946127,05322-16-041-000,"3191 W BATES AVE, DENVER, CO 80236",DENVER,CO,80236,39.664141,-105.029157,,Vacant land,,,,,,,,,,80236
1004946128,05322-16-042-000,"3193 W BATES AVE, DENVER, CO 80236",DENVER,CO,80236,39.664192,-105.029157,,Vacant land,,,,,,,,,,80236
1004946129,05322-16-043-000,"2853 S MACHEBEUF CT, DENVER, CO 80236",DENVER,CO,80236,39.664401,-105.028179,,Vacant land,,,,,,,,,,80236
1004946130,05322-16-044-000,"2853 S MACHEBEUF CT, DENVER, CO 80236",DENVER,CO,80236,39.664401,-105.028179,,Vacant land,,,,,,,,,,80236
1004946132,05322-18-027-000,"3051 S PANCRATIA ST, DENVER, CO 80236",DENVER,CO,80236,39.661477,-105.027348,,Vacant land,,,,,,,,,,80236
1004946136,05322-26-006-000,"3211 W FRANCES WALSH PL, DENVER, CO 80236",DENVER,CO,80236,39.663351,-105.029689,,Vacant land,,,,,,,,,,80236
1004946137,05322-26-007-000,"3213 W FRANCES WALSH PL, DENVER, CO 80236",DENVER,CO,80236,39.663353,-105.029753,,Vacant land,,,,,,,,,,80236
1004946138,05322-26-008-000,"3215 W FRANCES WALSH PL, DENVER, CO 80236",DENVER,CO,80236,39.663366,-105.029837,,Vacant land,,,,,,,,,,80236
1004946139,05322-26-009-000,"3261 W FRANCES WALSH PL, DENVER, CO 80236",DENVER,CO,80236,39.663404,-105.029949,,Vacant land,,,,,,,,,,80236
1004946140,05322-26-010-000,"3263 W FRANCES WALSH PL, DENVER, CO 80236",DENVER,CO,80236,39.663447,-105.029995,,Vacant land,,,,,,,,,,80236
1004946141,05322-26-011-000,"3265 W FRANCES WALSH PL, DENVER, CO 80236",DENVER,CO,80236,39.663495,-105.03005,,Vacant land,,,,,,,,,,80236
1004946142,05322-26-012-000,"3277 W FRANCES WALSH PL, DENVER, CO 80236",DENVER,CO,80236,39.663536,-105.030117,,Vacant land,,,,,,,,,,80236
1004946143,05322-26-013-000,"3279 W FRANCES WALSH PL, DENVER, CO 80236",DENVER,CO,80236,39.663585,-105.030177,,Vacant land,,,,,,,,,,80236
1004946144,05322-26-014-000,"3281 W FRANCES WALSH PL, DENVER, CO 80236",DENVER,CO,80236,39.663639,-105.03023,,Vacant land,,,,,,,,,,80236
49366358,07052-00-045-000,"3603 S MONACO STREET PKWY, DENVER, CO 80237",DENVER,CO,80237,39.650515,-104.913475,,Vacant land,,,,,,,,,,80237
184324401,07092-00-013-000,"4301 S SYRACUSE ST, DENVER, CO 80237",DENVER,CO,80237,39.638504,-104.900045,,Vacant land,,,,,,,,,,80237
184324463,07094-00-009-000,"8107 E BELLEVIEW AVE, DENVER, CO 80237",DENVER,CO,80237,39.625321,-104.89338,,Vacant land,,,,,,,,,,80237
184324464,07094-00-013-000,"5100 S ULSTER ST APPRX, DENVER, CO 80237",DENVER,CO,80237,39.626212,-104.894406,,Vacant land,,,,,,,,,,80237
184329839,07055-00-011-000,"3900 E HAPPY CANYON RD, DENVER, CO 80237",DENVER,CO,80237,39.639001,-104.913305,,Vacant land,,,,,,,,,,80237
184329909,07091-03-005-000,"8801 E RADCLIFF AVE, DENVER, CO 80237",DENVER,CO,80237,39.637922,-104.886713,,Vacant land,,,,,,,,,,80237
184636491,01215-01-006-000,"4600 N WABASH ST MISC, DENVER, CO 80237",DENVER,CO,80237,39.782852,-104.890942,,Vacant land,,,,,,,,,,80237
184636492,01215-01-007-000,"4600 N WABASH ST MISC, DENVER, CO 80237",DENVER,CO,80237,39.781954,-104.890908,,Vacant land,,,,,,,,,,80237
184636496,01215-01-049-000,"4600 N WABASH ST, DENVER, CO 80237",DENVER,CO,80237,39.785078,-104.894831,,Vacant land,,,,,,,,,,80237
184686850,07093-00-148-000,"7699 E BELLEVIEW AVE, DENVER, CO 80237",DENVER,CO,80237,39.624384,-104.899851,,Vacant land,,,,,,,,,,80237
184686851,07093-00-149-000,"7795 E BELLEVIEW AVE, DENVER, CO 80237",DENVER,CO,80237,39.624416,-104.898795,,Vacant land,,,,,,,,,,80237
184744191,07081-02-052-000,"4545 S MONACO ST # TR-A, DENVER, CO 80237",DENVER,CO,80237,39.635414,-104.912808,,Vacant land,,,,,,,,,,80237
184765224,01215-01-021-000,"4600 N WABASH ST MISC, DENVER, CO 80237",DENVER,CO,80237,39.782057,-104.890315,,Vacant land,,,,,,,,,,80237
184765225,01215-01-023-000,"4600 N WABASH ST MISC, DENVER, CO 80237",DENVER,CO,80237,39.782658,-104.893651,,Vacant land,,,,,,,,,,80237
184765227,01215-01-025-000,"4600 N WABASH ST MISC, DENVER, CO 80237",DENVER,CO,80237,39.779442,-104.890407,,Vacant land,,,,,,,,,,80237
184765228,01215-01-027-000,"4600 N WABASH ST MISC, DENVER, CO 80237",DENVER,CO,80237,39.779318,-104.888488,,Vacant land,,,,,,,,,,80237
204080512,01204-00-009-000,"4000 S MONACO STREET PKWY, DENVER, CO 80237",DENVER,CO,80237,39.774021,-104.91278,,Vacant land,,,,,,,,,,80237
204656768,07061-04-022-000,"3700 S DAHLIA ST, DENVER, CO 80237",DENVER,CO,80237,39.648159,-104.931449,,Vacant land,,,,,,,,,,80237
204656770,07081-00-037-000,"7000 E QUINCY AVE, DENVER, CO 80237",DENVER,CO,80237,39.636867,-104.907173,,Vacant land,,,,,,,,,,80237
204680113,07092-00-025-000,"7699 E TECHNOLOGY WAY, DENVER, CO 80237",DENVER,CO,80237,39.633385,-104.90207,,Vacant land,,,,,,,,,,80237
204934399,07052-06-013-000,"3660 S HILLCREST DR, DENVER, CO 80237",DENVER,CO,80237,39.649141,-104.916699,,Vacant land,,,,,,,,,,80237
204934400,07053-04-031-000,"3760 S HILLCREST DR, DENVER, CO 80237",DENVER,CO,80237,39.647006,-104.9155,,Vacant land,,,,,,,,,,80237
205579270,07084-00-128-000,"4690 S MONACO ST, DENVER, CO 80237",DENVER,CO,80237,39.628808,-104.909123,,Vacant land,,,,,,,,,,80237
219387443,01223-00-039-000,"4034 N YOSEMITE ST, DENVER, CO 80237",DENVER,CO,80237,39.775932,-104.882607,,Vacant land,,,,,,,,,,80237
221206115,07084-09-002-000,"4702 S NEWPORT ST, DENVER, CO 80237",DENVER,CO,80237,39.627695,-104.90582,,Vacant land,,,,,,,,,,80237
228673671,01163-00-006-000,"4800 N QUEBEC ST, DENVER, CO 80237",DENVER,CO,80237,39.786384,-104.897063,,Vacant land,,,,,,,,,,80237
314830648,07084-08-004-000,"5091 S QUEBEC ST, DENVER, CO 80237",DENVER,CO,80237,39.62506,-104.904985,,Vacant land,,,,,,,,,,80237
320947941,01281-03-001-000,"3896 N ULSTER ST, DENVER, CO 80237",DENVER,CO,80237,39.769778,-104.893383,,Vacant land,,,,,,,,,,80237
320947942,01281-04-001-000,"3894 N UINTA ST, DENVER, CO 80237",DENVER,CO,80237,39.769706,-104.890854,,Vacant land,,,,,,,,,,80237
328417351,01201-00-084-000,"4600 NIAGARA ST MISC, DENVER, CO 80237",DENVER,CO,80237,39.782834,-104.912462,,Vacant land,,,,,,,,,,80237
329682342,07084-00-254-000,"4855 S QUEBEC ST, DENVER, CO 80237",DENVER,CO,80237,39.626662,-104.904802,,Vacant land,,,,,,,,,,80237
331575898,07084-00-255-000,"4899 S QUEBEC ST, DENVER, CO 80237",DENVER,CO,80237,39.626052,-104.904717,,Vacant land,,,,,,,,,,80237
334131974,07042-00-042-000,"3565 S TAMARAC DR, DENVER, CO 80237",DENVER,CO,80237,39.651642,-104.899201,,Vacant land,,,,,,,,,,80237
336004313,07084-04-002-000,"6711 E LAYTON AVE, DENVER, CO 80237",DENVER,CO,80237,39.627164,-104.908254,,Vacant land,,,,,,,,,,80237
336004314,07084-04-003-000,"6754 E UNION AVE, DENVER, CO 80237",DENVER,CO,80237,39.627388,-104.907403,,Vacant land,,,,,,,,,,80237
336004315,07084-05-003-000,"6702 E UNION AVE, DENVER, CO 80237",DENVER,CO,80237,39.626239,-104.908243,,Vacant land,,,,,,,,,,80237
336004316,07084-05-004-000,"6752 E LAYTON AVE, DENVER, CO 80237",DENVER,CO,80237,39.626353,-104.907377,,Vacant land,,,,,,,,,,80237
336004317,07084-05-005-000,"6711 E CHENANGO AVE, DENVER, CO 80237",DENVER,CO,80237,39.625713,-104.908262,,Vacant land,,,,,,,,,,80237
336004318,07084-05-006-000,"6751 E CHENANGO AVE, DENVER, CO 80237",DENVER,CO,80237,39.625734,-104.907468,,Vacant land,,,,,,,,,,80237
1001989140,07084-00-255-000,"4899 S QUEBEC ST, DENVER, CO 80237",DENVER,CO,80237,39.626059,-104.904727,,Vacant land,,,,,,,,,,80237
1004946244,07052-00-058-000,"5860 E JEFFERSON AVE, DENVER, CO 80237",DENVER,CO,80237,39.650114,-104.919022,,Vacant land,,,,,,,,,,80237
184607277,01332-00-050-000,"2395 N SPRUCE WAY, DENVER, CO 80238",DENVER,CO,80238,39.751659,-104.896616,,Vacant land,,,,,,,,,,80238
184628818,01273-11-007-000,"8953 E 29TH PL # MISC, DENVER, CO 80238",DENVER,CO,80238,39.759574,-104.88449,,Vacant land,,,,,,,,,,80238
184628821,01273-12-006-000,"9097 E 29TH PL # MISC, DENVER, CO 80238",DENVER,CO,80238,39.759411,-104.881774,,Vacant land,,,,,,,,,,80238
184636490,01215-01-005-000,"8150 E NORTHFIELD BLVD, DENVER, CO 80238",DENVER,CO,80238,39.782183,-104.893808,,Vacant land,,,,,,,,,,80238
184636493,01215-01-008-000,"8268 E NORTHFIELD BLVD, DENVER, CO 80238",DENVER,CO,80238,39.781386,-104.893016,,Vacant land,,,,,,,,,,80238
184643286,01264-00-003-000,"2800 HAVANA ST, DENVER, CO 80238",DENVER,CO,80238,39.756273,-104.850868,,Vacant land,,,,,,,,,,80238
184664248,01281-00-023-000,"9000 E SMITH RD VCNT, DENVER, CO 80238",DENVER,CO,80238,39.769557,-104.886479,,Vacant land,,,,,,,,,,80238
184664249,01281-00-025-000,"9000 E SMITH RD VCNT, DENVER, CO 80238",DENVER,CO,80238,39.769507,-104.886648,,Vacant land,,,,,,,,,,80238
184675186,01224-01-005-000,"10105 E 40TH AVE, DENVER, CO 80238",DENVER,CO,80238,39.774292,-104.870925,,Vacant land,,,,,,,,,,80238
184712212,01224-00-014-000,"10304 E 40TH AVE, DENVER, CO 80238",DENVER,CO,80238,39.770929,-104.868463,,Vacant land,,,,,,,,,,80238
184712213,01224-00-015-000,"4005 N HAVANA ST, DENVER, CO 80238",DENVER,CO,80238,39.770089,-104.8687,,Vacant land,,,,,,,,,,80238
184712217,01224-00-019-000,"4005 N HAVANA ST, DENVER, CO 80238",DENVER,CO,80238,39.771077,-104.867853,,Vacant land,,,,,,,,,,80238
184751185,01284-24-007-000,"2969 N XENIA ST, DENVER, CO 80238",DENVER,CO,80238,39.759589,-104.887396,,Vacant land,,,,,,,,,,80238
184765222,01215-01-019-000,"8380 E NORTHFIELD BLVD, DENVER, CO 80238",DENVER,CO,80238,39.784001,-104.890231,,Vacant land,,,,,,,,,,80238
184765223,01215-01-020-000,"8390 E NORTHFIELD BLVD, DENVER, CO 80238",DENVER,CO,80238,39.782736,-104.890336,,Vacant land,,,,,,,,,,80238
203884914,01224-00-022-000,"10100 E 40TH AVENUE VCNT, DENVER, CO 80238",DENVER,CO,80238,39.775731,-104.873462,,Vacant land,,,,,,,,,,80238
203884916,01274-38-033-000,"2997 GENEVA ST, DENVER, CO 80238",DENVER,CO,80238,39.758603,-104.868205,,Vacant land,,,,,,,,,,80238
205412482,01331-23-065-000,"2236 UINTA ST, DENVER, CO 80238",DENVER,CO,80238,39.749718,-104.892583,,Vacant land,,,,,,,,,,80238
205646104,01342-01-035-000,"2516 YOSEMITE ST, DENVER, CO 80238",DENVER,CO,80238,39.752498,-104.884415,,Vacant land,,,,,,,,,,80238
206262967,01214-00-100-000,"8839 E SMITH RD VCNT, DENVER, CO 80238",DENVER,CO,80238,39.771104,-104.884757,,Vacant land,,,,,,,,,,80238
206263038,01286-01-001-000,"8105 E 35TH AVE, DENVER, CO 80238",DENVER,CO,80238,39.766284,-104.893463,,Vacant land,,,,,,,,,,80238
216428610,01285-05-011-000,"8552 E 36TH AVE, DENVER, CO 80238",DENVER,CO,80238,39.766877,-104.888771,,Vacant land,,,,,,,,,,80238
216431494,01331-12-029-000,"2117 N XANTHIA WAY, DENVER, CO 80238",DENVER,CO,80238,39.750189,-104.890008,,Vacant land,,,,,,,,,,80238
217666411,01153-00-054-000,"4578 CENTRAL PARK BLVD, DENVER, CO 80238",DENVER,CO,80238,39.779647,-104.882141,,Vacant land,,,,,,,,,,80238
217667751,01331-18-058-000,"8260 E 24TH DR, DENVER, CO 80238",DENVER,CO,80238,39.752953,-104.891839,,Vacant land,,,,,,,,,,80238
217669017,01281-00-032-000,"3750 XANTHIA ST, DENVER, CO 80238",DENVER,CO,80238,39.76889,-104.886828,,Vacant land,,,,,,,,,,80238
219383873,06331-04-020-000,"2902 SYRACUSE ST, DENVER, CO 80238",DENVER,CO,80238,39.663155,-104.886765,,Vacant land,,,,,,,,,,80238
219387428,01211-00-047-000,"4733 N XENIA ST, DENVER, CO 80238",DENVER,CO,80238,39.781704,-104.886104,,Vacant land,,,,,,,,,,80238
219387451,01271-00-014-000,"9155 E 37TH AVE, DENVER, CO 80238",DENVER,CO,80238,39.767515,-104.879231,,Vacant land,,,,,,,,,,80238
219387563,01153-00-061-000,"9590 E NORTHFIELD BLVD, DENVER, CO 80238",DENVER,CO,80238,39.778598,-104.88378,,Vacant land,,,,,,,,,,80238
219392228,01211-00-043-000,"4845 XANTHIA ST, DENVER, CO 80238",DENVER,CO,80238,39.784882,-104.887019,,Vacant land,,,,,,,,,,80238
219392229,01211-00-044-000,"8700 E 48TH AVE, DENVER, CO 80238",DENVER,CO,80238,39.784343,-104.887025,,Vacant land,,,,,,,,,,80238
219392231,01211-00-046-000,"8645 E 47TH AVE, DENVER, CO 80238",DENVER,CO,80238,39.782366,-104.8869,,Vacant land,,,,,,,,,,80238
221210821,01153-00-063-000,"10300 E 47TH AVE, DENVER, CO 80238",DENVER,CO,80238,39.780845,-104.882356,,Vacant land,,,,,,,,,,80238
229469307,01285-03-019-000,"8654 E 37TH AVE, DENVER, CO 80238",DENVER,CO,80238,39.767898,-104.887858,,Vacant land,,,,,,,,,,80238
231820409,01332-00-048-000,"8195 E 25TH DR, DENVER, CO 80238",DENVER,CO,80238,39.753128,-104.894619,,Vacant land,,,,,,,,,,80238
239808479,01214-00-107-000,"3907 N CENTRAL PARK BLVD, DENVER, CO 80238",DENVER,CO,80238,39.77209,-104.884553,,Vacant land,,,,,,,,,,80238
248765815,01283-28-097-000,"2943 TRENTON ST, DENVER, CO 80238",DENVER,CO,80238,39.758923,-104.897107,,Vacant land,,,,,,,,,,80238
248770804,01164-13-028-000,"4907 AKRON ST, DENVER, CO 80238",DENVER,CO,80238,39.785941,-104.884515,,Vacant land,,,,,,,,,,80238
251523170,01152-00-018-000,"9004 E 56TH AVE, DENVER, CO 80238",DENVER,CO,80238,39.798157,-104.883692,,Vacant land,,,,,,,,,,80238
251523171,01152-00-019-000,"9000 E 56TH AVE, DENVER, CO 80238",DENVER,CO,80238,39.798156,-104.880943,,Vacant land,,,,,,,,,,80238
320944086,01153-00-094-000,"4641 BEELER CT, DENVER, CO 80238",DENVER,CO,80238,39.780341,-104.881144,,Vacant land,,,,,,,,,,80238
320947895,01153-04-006-000,"5030 CENTRAL PARK BLVD, DENVER, CO 80238",DENVER,CO,80238,39.788808,-104.882024,,Vacant land,,,,,,,,,,80238
320947945,01284-22-026-000,"8221 E 29TH AVE, DENVER, CO 80238",DENVER,CO,80238,39.759732,-104.892376,,Vacant land,,,,,,,,,,80238
322345838,01103-00-085-000,"9437 E 58TH PL, DENVER, CO 80238",DENVER,CO,80238,39.801802,-104.878533,,Vacant land,,,,,,,,,,80238
322346289,01281-02-009-000,"7903 E 36TH AVE, DENVER, CO 80238",DENVER,CO,80238,39.767791,-104.896383,,Vacant land,,,,,,,,,,80238
322347127,01102-02-008-000,"9255 E 62ND AVE, DENVER, CO 80238",DENVER,CO,80238,39.809218,-104.884314,,Vacant land,,,,,,,,,,80238
322347153,01103-00-049-000,"5983 BOSTON ST, DENVER, CO 80238",DENVER,CO,80238,39.80531,-104.879996,,Vacant land,,,,,,,,,,80238
322347616,01224-00-023-000,"10395 E 40TH AVE, DENVER, CO 80238",DENVER,CO,80238,39.77328,-104.867228,,Vacant land,,,,,,,,,,80238
322347622,01281-02-007-000,"7993 E 36TH AVE, DENVER, CO 80238",DENVER,CO,80238,39.768322,-104.895469,,Vacant land,,,,,,,,,,80238
326742001,01104-07-001-000,"5695 N ELMIRA CT, DENVER, CO 80238",DENVER,CO,80238,39.799665,-104.872579,,Vacant land,,,,,,,,,,80238
326742442,01215-01-053-000,"8336 E NORTHFIELD BLVD, DENVER, CO 80238",DENVER,CO,80238,39.781196,-104.890223,,Vacant land,,,,,,,,,,80238
326742443,01215-01-054-000,"8336 E NORTHFIELD BLVD # MISC, DENVER, CO 80238",DENVER,CO,80238,39.781404,-104.890103,,Vacant land,,,,,,,,,,80238
326742444,01215-01-055-000,"8570 E NORTHFIELD BLVD, DENVER, CO 80238",DENVER,CO,80238,39.779317,-104.889008,,Vacant land,,,,,,,,,,80238
328417315,01102-02-016-000,"9255 E 62ND AVE, DENVER, CO 80238",DENVER,CO,80238,39.809277,-104.882101,,Vacant land,,,,,,,,,,80238
328417321,01103-41-020-000,"5615 BEELER ST, DENVER, CO 80238",DENVER,CO,80238,39.798875,-104.882585,,Vacant land,,,,,,,,,,80238
328417398,01281-04-003-000,"3690 UINTA ST, DENVER, CO 80238",DENVER,CO,80238,39.768509,-104.892251,,Vacant land,,,,,,,,,,80238
329681630,01153-06-001-000,"9226 E NORTHFIELD BLVD, DENVER, CO 80238",DENVER,CO,80238,39.784077,-104.88149,,Vacant land,,,,,,,,,,80238
332127112,01211-00-134-000,"8809 E 46TH AVE, DENVER, CO 80238",DENVER,CO,80238,39.781483,-104.885561,,Vacant land,,,,,,,,,,80238
334129127,01211-00-039-000,"8900 E NORTHFIELD BLVD, DENVER, CO 80238",DENVER,CO,80238,39.784463,-104.88501,,Vacant land,,,,,,,,,,80238
334129326,01101-00-224-000,"6150 DALLAS ST, DENVER, CO 80238",DENVER,CO,80238,39.810732,-104.874934,,Vacant land,,,,,,,,,,80238
334129327,01101-00-225-000,"9750 E 63RD DR, DENVER, CO 80238",DENVER,CO,80238,39.810194,-104.877152,,Vacant land,,,,,,,,,,80238
334129329,01101-00-227-000,"9655 E 63RD AVE, DENVER, CO 80238",DENVER,CO,80238,39.81173,-104.877701,,Vacant land,,,,,,,,,,80238
334129331,01101-00-229-000,"9750 E 63RD DR, DENVER, CO 80238",DENVER,CO,80238,39.81149,-104.87667,,Vacant land,,,,,,,,,,80238
334129332,01101-00-230-000,"9772 E 63RD DR, DENVER, CO 80238",DENVER,CO,80238,39.811528,-104.876017,,Vacant land,,,,,,,,,,80238
334129333,01101-00-231-000,"6372 EMPORIA ST, DENVER, CO 80238",DENVER,CO,80238,39.811785,-104.875104,,Vacant land,,,,,,,,,,80238
334129335,01101-00-233-000,"6350 DALLAS ST, DENVER, CO 80238",DENVER,CO,80238,39.811067,-104.873004,,Vacant land,,,,,,,,,,80238
334129337,01101-00-235-000,"6260 EMPORIA ST, DENVER, CO 80238",DENVER,CO,80238,39.810348,-104.874098,,Vacant land,,,,,,,,,,80238
334129338,01101-00-236-000,"6269 DAYTON WAY, DENVER, CO 80238",DENVER,CO,80238,39.810361,-104.874735,,Vacant land,,,,,,,,,,80238
334129348,01101-00-246-000,"9970 E 63RD DR, DENVER, CO 80238",DENVER,CO,80238,39.811051,-104.87119,,Vacant land,,,,,,,,,,80238
334129349,01101-00-247-000,"9958 E 63RD DR, DENVER, CO 80238",DENVER,CO,80238,39.811293,-104.87007,,Vacant land,,,,,,,,,,80238
334129358,01101-00-256-000,"9637 E 63RD AVE, DENVER, CO 80238",DENVER,CO,80238,39.811962,-104.877924,,Vacant land,,,,,,,,,,80238
334129359,01101-00-257-000,"6359 DAYTON WAY, DENVER, CO 80238",DENVER,CO,80238,39.811419,-104.877467,,Vacant land,,,,,,,,,,80238
334129363,01101-00-261-000,"9989 E 63RD AVE, DENVER, CO 80238",DENVER,CO,80238,39.811592,-104.872658,,Vacant land,,,,,,,,,,80238
334129364,01101-00-262-000,"6374 ELMIRA WAY, DENVER, CO 80238",DENVER,CO,80238,39.811587,-104.871556,,Vacant land,,,,,,,,,,80238
334129366,01101-00-264-000,"6354 ELMIRA CT, DENVER, CO 80238",DENVER,CO,80238,39.811966,-104.869465,,Vacant land,,,,,,,,,,80238
334129367,01101-00-265-000,"6292 GALENA ST, DENVER, CO 80238",DENVER,CO,80238,39.811784,-104.8684,,Vacant land,,,,,,,,,,80238
334129368,01101-00-266-000,"6308 FULTON CT, DENVER, CO 80238",DENVER,CO,80238,39.812086,-104.867277,,Vacant land,,,,,,,,,,80238
334129370,01101-00-268-000,"10129 E 62ND AVE, DENVER, CO 80238",DENVER,CO,80238,39.809333,-104.867508,,Vacant land,,,,,,,,,,80238
334129371,01101-00-269-000,"6210 FLORENCE WAY, DENVER, CO 80238",DENVER,CO,80238,39.810233,-104.869285,,Vacant land,,,,,,,,,,80238
334129372,01101-00-270-000,"9969 E 62ND AVE, DENVER, CO 80238",DENVER,CO,80238,39.809868,-104.873369,,Vacant land,,,,,,,,,,80238
334129373,01101-00-271-000,"9952 E 63RD DR, DENVER, CO 80238",DENVER,CO,80238,39.811221,-104.870651,,Vacant land,,,,,,,,,,80238
334129376,01101-00-274-000,"6203 EMPORIA ST, DENVER, CO 80238",DENVER,CO,80238,39.809789,-104.874661,,Vacant land,,,,,,,,,,80238
334129378,01101-00-276-000,"9612 N 63RD DR, DENVER, CO 80238",DENVER,CO,80238,39.810485,-104.877431,,Vacant land,,,,,,,,,,80238
334129379,01101-00-277-000,"9618 E 63RD DR, DENVER, CO 80238",DENVER,CO,80238,39.809963,-104.8768,,Vacant land,,,,,,,,,,80238
334129387,01101-00-285-000,"6325 HANOVER ST, DENVER, CO 80238",DENVER,CO,80238,39.811367,-104.866906,,Vacant land,,,,,,,,,,80238
334129388,01101-00-286-000,"10301 E 62ND PL, DENVER, CO 80238",DENVER,CO,80238,39.809942,-104.867462,,Vacant land,,,,,,,,,,80238
334129389,01101-00-287-000,"6250 FLORENCE WAY, DENVER, CO 80238",DENVER,CO,80238,39.809883,-104.869588,,Vacant land,,,,,,,,,,80238
334129391,01101-00-289-000,"6350 EMPORIA ST, DENVER, CO 80238",DENVER,CO,80238,39.811905,-104.873687,,Vacant land,,,,,,,,,,80238
334129392,01101-00-290-000,"6352 DALLAS CT, DENVER, CO 80238",DENVER,CO,80238,39.81154,-104.87323,,Vacant land,,,,,,,,,,80238
334129393,01101-00-291-000,"6105 ELMIRA ST, DENVER, CO 80238",DENVER,CO,80238,39.81045,-104.872103,,Vacant land,,,,,,,,,,80238
334129394,01101-00-292-000,"6365 GALENA WAY, DENVER, CO 80238",DENVER,CO,80238,39.811522,-104.870974,,Vacant land,,,,,,,,,,80238
334129395,01101-00-293-000,"6360 GALENA WAY, DENVER, CO 80238",DENVER,CO,80238,39.811904,-104.870502,,Vacant land,,,,,,,,,,80238
334129396,01101-00-294-000,"6282 GALENA ST, DENVER, CO 80238",DENVER,CO,80238,39.810687,-104.868458,,Vacant land,,,,,,,,,,80238
334130034,01211-00-146-000,"8928 E 46TH AVE, DENVER, CO 80238",DENVER,CO,80238,39.779248,-104.88361,,Vacant land,,,,,,,,,,80238
336002366,01153-05-003-000,"4665 BEELER CT, DENVER, CO 80238",DENVER,CO,80238,39.781906,-104.881423,,Vacant land,,,,,,,,,,80238
336002384,01214-01-001-000,"3979 CENTRAL PARK BLVD, DENVER, CO 80238",DENVER,CO,80238,39.774184,-104.886563,,Vacant land,,,,,,,,,,80238
336002387,01223-00-078-000,"9111 E 40TH AVE BLDG 12, DENVER, CO 80238",DENVER,CO,80238,39.775168,-104.878833,,Vacant land,,,,,,,,,,80238
336002388,01223-00-079-000,"9111 E 40TH AVE, DENVER, CO 80238",DENVER,CO,80238,39.775147,-104.880994,,Vacant land,,,,,,,,,,80238
336002400,01286-00-083-000,"3165 CENTRAL PARK BLVD, DENVER, CO 80238",DENVER,CO,80238,39.760697,-104.89132,,Vacant land,,,,,,,,,,80238
1001988206,01101-00-302-000,"10052 E 60TH PL, DENVER, CO 80238",DENVER,CO,80238,39.805806,-104.870358,,Vacant land,,,,,,,,,,80238
1001988282,01211-00-155-000,"8888 E 46TH PL, DENVER, CO 80238",DENVER,CO,80238,39.780437,-104.885286,,Vacant land,,,,,,,,,,80238
1001988284,01211-00-158-000,"8928 E 46TH AVE, DENVER, CO 80238",DENVER,CO,80238,39.779203,-104.884568,,Vacant land,,,,,,,,,,80238
1004945204,01103-39-011-000,"5601 CHESTER WAY, DENVER, CO 80238",DENVER,CO,80238,39.798932,-104.878749,,Vacant land,,,,,,,,,,80238
1004945205,01103-39-012-000,"5653 CHESTER WAY, DENVER, CO 80238",DENVER,CO,80238,39.799245,-104.878798,,Vacant land,,,,,,,,,,80238
1004945206,01153-05-004-000,"4665 BEELER CT # 101-1, DENVER, CO 80238",DENVER,CO,80238,39.781624,-104.880501,,Vacant land,,,,,,,,,,80238
1004945207,01153-05-005-000,"4665 BEELER CT # 102-1, DENVER, CO 80238",DENVER,CO,80238,39.781624,-104.880501,,Vacant land,,,,,,,,,,80238
1004945208,01153-05-006-000,"4665 BEELER CT # 103-1, DENVER, CO 80238",DENVER,CO,80238,39.781624,-104.880501,,Vacant land,,,,,,,,,,80238
1004945209,01153-05-007-000,"4665 BEELER CT # 104-1, DENVER, CO 80238",DENVER,CO,80238,39.781624,-104.880501,,Vacant land,,,,,,,,,,80238
1004945210,01153-05-008-000,"4665 BEELER CT # 105-1, DENVER, CO 80238",DENVER,CO,80238,39.781624,-104.880501,,Vacant land,,,,,,,,,,80238
1004945211,01153-05-009-000,"4665 BEELER CT # 201-2, DENVER, CO 80238",DENVER,CO,80238,39.781624,-104.880501,,Vacant land,,,,,,,,,,80238
1004945212,01153-05-010-000,"4665 BEELER CT # 202-2, DENVER, CO 80238",DENVER,CO,80238,39.781624,-104.880501,,Vacant land,,,,,,,,,,80238
1004945213,01153-05-011-000,"4665 BEELER CT # 203-2, DENVER, CO 80238",DENVER,CO,80238,39.781624,-104.880501,,Vacant land,,,,,,,,,,80238
1004945214,01153-05-012-000,"4665 BEELER CT # 204-2, DENVER, CO 80238",DENVER,CO,80238,39.781624,-104.880501,,Vacant land,,,,,,,,,,80238
1004945215,01153-05-013-000,"4665 BEELER CT # 301-3, DENVER, CO 80238",DENVER,CO,80238,39.781624,-104.880501,,Vacant land,,,,,,,,,,80238
1004945216,01153-05-014-000,"4665 BEELER CT # 302-3, DENVER, CO 80238",DENVER,CO,80238,39.781624,-104.880501,,Vacant land,,,,,,,,,,80238
1004945217,01153-05-015-000,"4665 BEELER CT # 303-3, DENVER, CO 80238",DENVER,CO,80238,39.781624,-104.880501,,Vacant land,,,,,,,,,,80238
1004945218,01153-05-016-000,"4665 BEELER CT # 401-4, DENVER, CO 80238",DENVER,CO,80238,39.781624,-104.880501,,Vacant land,,,,,,,,,,80238
1004945219,01153-05-017-000,"4665 BEELER CT # 402-4, DENVER, CO 80238",DENVER,CO,80238,39.781624,-104.880501,,Vacant land,,,,,,,,,,80238
1004945220,01153-05-018-000,"4665 BEELER CT # 403-4, DENVER, CO 80238",DENVER,CO,80238,39.781624,-104.880501,,Vacant land,,,,,,,,,,80238
1004945221,01153-05-019-000,"4665 BEELER CT # 501-5, DENVER, CO 80238",DENVER,CO,80238,39.781624,-104.880501,,Vacant land,,,,,,,,,,80238
1004945222,01153-05-020-000,"4665 BEELER CT # 502-5, DENVER, CO 80238",DENVER,CO,80238,39.781624,-104.880501,,Vacant land,,,,,,,,,,80238
1004945223,01153-05-021-000,"4665 BEELER CT # 503-5, DENVER, CO 80238",DENVER,CO,80238,39.781624,-104.880501,,Vacant land,,,,,,,,,,80238
1004945224,01153-05-022-000,"4665 BEELER CT # 504-5, DENVER, CO 80238",DENVER,CO,80238,39.781624,-104.880501,,Vacant land,,,,,,,,,,80238
1004945225,01153-05-023-000,"4665 BEELER CT # 601-6, DENVER, CO 80238",DENVER,CO,80238,39.781624,-104.880501,,Vacant land,,,,,,,,,,80238
1004945226,01153-05-024-000,"4665 BEELER CT # 602-6, DENVER, CO 80238",DENVER,CO,80238,39.781624,-104.880501,,Vacant land,,,,,,,,,,80238
1004945227,01153-05-025-000,"4665 BEELER CT # 603-6, DENVER, CO 80238",DENVER,CO,80238,39.781624,-104.880501,,Vacant land,,,,,,,,,,80238
1004945228,01153-05-026-000,"4665 BEELER CT # 604-6, DENVER, CO 80238",DENVER,CO,80238,39.781624,-104.880501,,Vacant land,,,,,,,,,,80238
1004945229,01153-05-027-000,"9200 E 47TH AVE # 101-1, DENVER, CO 80238",DENVER,CO,80238,39.78219,-104.881227,,Vacant land,,,,,,,,,,80238
1004945230,01153-05-028-000,"9200 E 47TH AVE # 102-1, DENVER, CO 80238",DENVER,CO,80238,39.78219,-104.881227,,Vacant land,,,,,,,,,,80238
1004945231,01153-05-029-000,"9200 E 47TH AVE # 103-1, DENVER, CO 80238",DENVER,CO,80238,39.78219,-104.881227,,Vacant land,,,,,,,,,,80238
1004945232,01153-05-030-000,"9200 E 47TH AVE # 201-2, DENVER, CO 80238",DENVER,CO,80238,39.78219,-104.881227,,Vacant land,,,,,,,,,,80238
1004945233,01153-05-031-000,"9200 E 47TH AVE # 202-2, DENVER, CO 80238",DENVER,CO,80238,39.78219,-104.881227,,Vacant land,,,,,,,,,,80238
1004945234,01153-05-032-000,"9200 E 47TH AVE # 203-2, DENVER, CO 80238",DENVER,CO,80238,39.78219,-104.881227,,Vacant land,,,,,,,,,,80238
1004945235,01153-05-033-000,"9200 E 47TH AVE # 301-3, DENVER, CO 80238",DENVER,CO,80238,39.78219,-104.881227,,Vacant land,,,,,,,,,,80238
1004945236,01153-05-034-000,"9200 E 47TH AVE # 302-3, DENVER, CO 80238",DENVER,CO,80238,39.78219,-104.881227,,Vacant land,,,,,,,,,,80238
1004945237,01153-05-035-000,"9200 E 47TH AVE # 303-3, DENVER, CO 80238",DENVER,CO,80238,39.78219,-104.881227,,Vacant land,,,,,,,,,,80238
1004945238,01153-05-036-000,"9200 E 47TH AVE # 304-3, DENVER, CO 80238",DENVER,CO,80238,39.78219,-104.881227,,Vacant land,,,,,,,,,,80238
1004945239,01153-05-037-000,"9200 E 47TH AVE # 401-4, DENVER, CO 80238",DENVER,CO,80238,39.78219,-104.881227,,Vacant land,,,,,,,,,,80238
1004945240,01153-05-038-000,"9200 E 47TH AVE # 402-4, DENVER, CO 80238",DENVER,CO,80238,39.78219,-104.881227,,Vacant land,,,,,,,,,,80238
1004945241,01153-05-039-000,"9200 E 47TH AVE # 403-4, DENVER, CO 80238",DENVER,CO,80238,39.78219,-104.881227,,Vacant land,,,,,,,,,,80238
1004945242,01153-05-040-000,"9200 E 47TH AVE # 404-4, DENVER, CO 80238",DENVER,CO,80238,39.78219,-104.881227,,Vacant land,,,,,,,,,,80238
1004945243,01153-05-041-000,"4665 BEELER CT # A, DENVER, CO 80238",DENVER,CO,80238,39.781624,-104.880501,,Vacant land,,,,,,,,,,80238
1004945244,01153-05-042-000,"4665 BEELER CT # B, DENVER, CO 80238",DENVER,CO,80238,39.781624,-104.880501,,Vacant land,,,,,,,,,,80238
1004945245,01153-05-043-000,"4665 BEELER CT # C, DENVER, CO 80238",DENVER,CO,80238,39.781624,-104.880501,,Vacant land,,,,,,,,,,80238
1004945246,01153-05-044-000,"4665 BEELER CT # D, DENVER, CO 80238",DENVER,CO,80238,39.781624,-104.880501,,Vacant land,,,,,,,,,,80238
1004945247,01153-05-045-000,"4665 BEELER CT # E, DENVER, CO 80238",DENVER,CO,80238,39.781624,-104.880501,,Vacant land,,,,,,,,,,80238
1004945248,01153-05-046-000,"4665 BEELER CT # F, DENVER, CO 80238",DENVER,CO,80238,39.781624,-104.880501,,Vacant land,,,,,,,,,,80238
1004945249,01153-05-047-000,"4665 BEELER CT # G, DENVER, CO 80238",DENVER,CO,80238,39.781624,-104.880501,,Vacant land,,,,,,,,,,80238
1004945250,01153-05-048-000,"4665 BEELER CT # H, DENVER, CO 80238",DENVER,CO,80238,39.781624,-104.880501,,Vacant land,,,,,,,,,,80238
1004945251,01153-05-049-000,"4665 BEELER CT # J, DENVER, CO 80238",DENVER,CO,80238,39.781624,-104.880501,,Vacant land,,,,,,,,,,80238
1004945252,01153-05-050-000,"4665 BEELER CT # K, DENVER, CO 80238",DENVER,CO,80238,39.781723,-104.880765,,Vacant land,,,,,,,,,,80238
1004945259,01211-00-161-000,"9095 E 48TH AVE, DENVER, CO 80238",DENVER,CO,80238,39.784838,-104.882974,,Vacant land,,,,,,,,,,80238
1004945260,01215-01-057-000,"8400 E NORTHFIELD BLVD, DENVER, CO 80238",DENVER,CO,80238,39.781538,-104.888273,,Vacant land,,,,,,,,,,80238
1004945261,01223-00-081-000,"9111 E 40TH AVE, DENVER, CO 80238",DENVER,CO,80238,39.774406,-104.88149,,Vacant land,,,,,,,,,,80238
1004945262,01223-00-082-000,"9111 E 40TH AVE BLDG 6, DENVER, CO 80238",DENVER,CO,80238,39.774406,-104.88149,,Vacant land,,,,,,,,,,80238
1004945263,01223-00-083-000,"9111 E 40TH AVE, DENVER, CO 80238",DENVER,CO,80238,39.774406,-104.88149,,Vacant land,,,,,,,,,,80238
1004945266,01286-00-088-000,"8390 E 32ND AVE, DENVER, CO 80238",DENVER,CO,80238,39.76051,-104.890499,,Vacant land,,,,,,,,,,80238
1004945267,01286-00-089-000,"8388 E 32ND AVE, DENVER, CO 80238",DENVER,CO,80238,39.773113,-104.882767,,Vacant land,,,,,,,,,,80238
1004945268,01286-01-002-000,"8105 E 35TH AVE, DENVER, CO 80238",DENVER,CO,80238,39.765403,-104.893694,,Vacant land,,,,,,,,,,80238
1004945287,01286-02-054-000,"8220 E 36TH AVE # TR-E, DENVER, CO 80238",DENVER,CO,80238,39.767117,-104.891293,,Vacant land,,,,,,,,,,80238
1004945313,01331-12-032-000,"2117 XANTHIA WAY, DENVER, CO 80238",DENVER,CO,80238,39.749703,-104.889379,,Vacant land,,,,,,,,,,80238
1004945314,01331-12-033-000,"2240 VERBENA ST, DENVER, CO 80238",DENVER,CO,80238,39.750381,-104.889578,,Vacant land,,,,,,,,,,80238
3672199,00173-03-017-000,"15501 E 51ST AVE, DENVER, CO 80239",DENVER,CO,80239,39.787988,-104.807176,,Vacant land,,,,,,,,,,80239
4166122,01241-18-063-000,"4432 CORNISH WAY, DENVER, CO 80239",DENVER,CO,80239,39.776378,-104.830115,,Vacant land,,,,,,,,,,80239
28602109,01252-00-058-000,"3750 QUENTIN ST, DENVER, CO 80239",DENVER,CO,80239,39.768551,-104.844326,,Vacant land,,,,,,,,,,80239
28602110,01252-00-080-000,"3850 QUENTIN ST, DENVER, CO 80239",DENVER,CO,80239,39.770054,-104.844289,,Vacant land,,,,,,,,,,80239
30526802,01144-01-018-000,"11225 E 51ST AVE, DENVER, CO 80239",DENVER,CO,80239,39.790758,-104.857178,,Vacant land,,,,,,,,,,80239
30632761,00185-05-028-000,"5271 N CROWN BLVD, DENVER, CO 80239",DENVER,CO,80239,39.791268,-104.824593,,Vacant land,,,,,,,,,,80239
100162012,R0093006,"SITUS NOT AVAILABLE, AURORA, CO 80239",AURORA,CO,80239,39.768776,-104.831616,,Vacant land,,,,,,,,,,80239
184197901,00203-03-002-000,"15435 ANDREWS DR, DENVER, CO 80239",DENVER,CO,80239,39.775462,-104.808279,,Vacant land,,,,,,,,,,80239
184197904,00203-03-006-000,"15535 E 40TH AVE, DENVER, CO 80239",DENVER,CO,80239,39.773597,-104.806883,,Vacant land,,,,,,,,,,80239
184275904,01232-00-011-000,"10595 E 45TH AVE, DENVER, CO 80239",DENVER,CO,80239,39.780568,-104.864322,,Vacant land,,,,,,,,,,80239
184275909,01232-01-003-000,"4701 LIMA ST, DENVER, CO 80239",DENVER,CO,80239,39.783157,-104.857612,,Vacant land,,,,,,,,,,80239
184277180,01143-04-025-000,"5101 N IRONTON ST, DENVER, CO 80239",DENVER,CO,80239,39.789255,-104.864031,,Vacant land,,,,,,,,,,80239
184277194,01143-07-008-000,"5100 N KINGSTON ST, DENVER, CO 80239",DENVER,CO,80239,39.78923,-104.85849,,Vacant land,,,,,,,,,,80239
184277204,01144-02-005-000,"5001 LIMA ST, DENVER, CO 80239",DENVER,CO,80239,39.789221,-104.857195,,Vacant land,,,,,,,,,,80239
184283387,01232-04-003-000,"4500 KINGSTON ST # 4600, DENVER, CO 80239",DENVER,CO,80239,39.780605,-104.857596,,Vacant land,,,,,,,,,,80239
184283392,01232-05-005-000,"4700 JOLIET ST, DENVER, CO 80239",DENVER,CO,80239,39.78318,-104.859923,,Vacant land,,,,,,,,,,80239
184283398,01232-08-005-000,"4600 JOLIET ST, DENVER, CO 80239",DENVER,CO,80239,39.780578,-104.859929,,Vacant land,,,,,,,,,,80239
184283403,01232-10-005-000,"4700 HAVANA ST, DENVER, CO 80239",DENVER,CO,80239,39.783178,-104.864334,,Vacant land,,,,,,,,,,80239
184283409,01234-00-035-000,"11701 E 40TH AVE, DENVER, CO 80239",DENVER,CO,80239,39.774451,-104.855681,,Vacant land,,,,,,,,,,80239
184283412,01234-00-048-000,"3800 LIMA ST, DENVER, CO 80239",DENVER,CO,80239,39.772398,-104.854041,,Vacant land,,,,,,,,,,80239
184283414,01234-00-061-000,"3800 LIMA ST, DENVER, CO 80239",DENVER,CO,80239,39.769786,-104.854053,,Vacant land,,,,,,,,,,80239
184284713,01143-03-018-000,"4801 KINGSTON ST, DENVER, CO 80239",DENVER,CO,80239,39.789229,-104.859833,,Vacant land,,,,,,,,,,80239
184284714,01143-03-019-000,"4801 KINGSTON ST, DENVER, CO 80239",DENVER,CO,80239,39.789262,-104.861178,,Vacant land,,,,,,,,,,80239
184284743,01144-10-022-000,"4850 MOLINE ST, DENVER, CO 80239",DENVER,CO,80239,39.785158,-104.853618,,Vacant land,,,,,,,,,,80239
184284744,01144-10-023-000,"11501 E 47TH AVE, DENVER, CO 80239",DENVER,CO,80239,39.784044,-104.853615,,Vacant land,,,,,,,,,,80239
184284836,01252-00-023-000,"12600 E 39TH AVE, DENVER, CO 80239",DENVER,CO,80239,39.771386,-104.842638,,Vacant land,,,,,,,,,,80239
184284852,01252-00-087-000,"3799 QUENTIN ST, DENVER, CO 80239",DENVER,CO,80239,39.769629,-104.845142,,Vacant land,,,,,,,,,,80239
184287175,00171-00-005-000,"16100 E 56TH AVE, DENVER, CO 80239",DENVER,CO,80239,39.792759,-104.791431,,Vacant land,,,,,,,,,,80239
184287187,00173-02-083-000,"15401 E 51ST AVE, DENVER, CO 80239",DENVER,CO,80239,39.787819,-104.807044,,Vacant land,,,,,,,,,,80239
184288617,00194-22-070-000,"15115 E 40TH AVE, DENVER, CO 80239",DENVER,CO,80239,39.772915,-104.813872,,Vacant land,,,,,,,,,,80239
184288667,01251-00-007-000,"3700 N TROY ST, DENVER, CO 80239",DENVER,CO,80239,39.768126,-104.836649,,Vacant land,,,,,,,,,,80239
184288675,01261-00-020-000,"3700 NOME ST, DENVER, CO 80239",DENVER,CO,80239,39.768774,-104.849371,,Vacant land,,,,,,,,,,80239
184288676,01261-00-022-000,"11501 E 37TH AVE, DENVER, CO 80239",DENVER,CO,80239,39.76919,-104.854042,,Vacant land,,,,,,,,,,80239
184288684,01262-00-008-000,"10900 E 37TH AVE, DENVER, CO 80239",DENVER,CO,80239,39.768621,-104.861105,,Vacant land,,,,,,,,,,80239
184294267,00174-00-003-000,"16101 GREEN VALLEY RANCH BLVD, DENVER, CO 80239",DENVER,CO,80239,39.787016,-104.79247,,Vacant land,,,,,,,,,,80239
184671699,00204-01-021-000,"4050 N KITTREDGE ST, DENVER, CO 80239",DENVER,CO,80239,39.773203,-104.800979,,Vacant land,,,,,,,,,,80239
184741631,01233-00-029-000,"10601 E 40TH AVE, DENVER, CO 80239",DENVER,CO,80239,39.774944,-104.861825,,Vacant land,,,,,,,,,,80239
184741634,01233-00-033-000,"10900 E 40TH AVE, DENVER, CO 80239",DENVER,CO,80239,39.77208,-104.86371,,Vacant land,,,,,,,,,,80239
184741637,01233-00-037-000,"11100 E 40TH AVE, DENVER, CO 80239",DENVER,CO,80239,39.772232,-104.858765,,Vacant land,,,,,,,,,,80239
184741639,01233-00-042-000,"3701 LIMA ST, DENVER, CO 80239",DENVER,CO,80239,39.769678,-104.85876,,Vacant land,,,,,,,,,,80239
184756552,00193-10-043-000,"4201 DURHAM CT, DENVER, CO 80239",DENVER,CO,80239,39.772956,-104.824352,,Vacant land,,,,,,,,,,80239
204080477,01133-07-008-000,"4931 QUENTIN ST, DENVER, CO 80239",DENVER,CO,80239,39.786554,-104.84488,,Vacant land,,,,,,,,,,80239
204080478,01133-07-009-000,"4901 QUENTIN ST, DENVER, CO 80239",DENVER,CO,80239,39.786292,-104.844919,,Vacant land,,,,,,,,,,80239
204080486,01143-04-028-000,"5100 HAVANA ST, DENVER, CO 80239",DENVER,CO,80239,39.789236,-104.863532,,Vacant land,,,,,,,,,,80239
204080488,01144-11-004-000,"5000 LIMA ST, DENVER, CO 80239",DENVER,CO,80239,39.789259,-104.854979,,Vacant land,,,,,,,,,,80239
204080530,01241-16-015-000,"4415 CRYSTAL ST, DENVER, CO 80239",DENVER,CO,80239,39.776815,-104.831707,,Vacant land,,,,,,,,,,80239
204080532,01241-17-040-000,"4647 CORNISH WAY, DENVER, CO 80239",DENVER,CO,80239,39.778512,-104.830099,,Vacant land,,,,,,,,,,80239
204080536,01241-20-042-000,"4879 CORNISH CT, DENVER, CO 80239",DENVER,CO,80239,39.781927,-104.827988,,Vacant land,,,,,,,,,,80239
204675200,00193-10-044-000,"4270 DURHAM CT, DENVER, CO 80239",DENVER,CO,80239,39.772924,-104.823908,,Vacant land,,,,,,,,,,80239
204675205,00194-16-018-000,"4594 GRANBY WAY, DENVER, CO 80239",DENVER,CO,80239,39.776416,-104.810166,,Vacant land,,,,,,,,,,80239
216437179,01233-00-052-000,"3910 HAVANA ST, DENVER, CO 80239",DENVER,CO,80239,39.771727,-104.865133,,Vacant land,,,,,,,,,,80239
219387560,00186-10-014-000,"5296 DEEPHAVEN CT, DENVER, CO 80239",DENVER,CO,80239,39.790016,-104.817865,,Vacant land,,,,,,,,,,80239
229808106,01246-00-052-000,"13200 E 43RD AVENUE VCNT, DENVER, CO 80239",DENVER,CO,80239,39.775011,-104.83213,,Vacant land,,,,,,,,,,80239
320947861,00192-00-046-000,"14400 E ANDREWS DR, DENVER, CO 80239",DENVER,CO,80239,39.78053,-104.827007,,Vacant land,,,,,,,,,,80239
324870512,01234-02-011-000,"3899 PEORIA ST, DENVER, CO 80239",DENVER,CO,80239,39.771273,-104.847989,,Vacant land,,,,,,,,,,80239
324872909,01252-00-105-000,"12100 E 39TH AVE, DENVER, CO 80239",DENVER,CO,80239,39.770635,-104.846283,,Vacant land,,,,,,,,,,80239
332127063,00174-03-009-000,"4850 N MEMPHIS ST, DENVER, CO 80239",DENVER,CO,80239,39.784645,-104.79691,,Vacant land,,,,,,,,,,80239
336002344,00174-04-287-000,"16090 E 53RD AVE, DENVER, CO 80239",DENVER,CO,80239,39.790245,-104.798514,,Vacant land,,,,,,,,,,80239
1000514259,00201-02-009-000,"4791 AIRPORT WAY, DENVER, CO 80239",DENVER,CO,80239,39.78328,-104.796148,,Vacant land,,,,,,,,,,80239
1004945198,00192-00-047-000,"4692 DILLON ST, DENVER, CO 80239",DENVER,CO,80239,39.780268,-104.826715,,Vacant land,,,,,,,,,,80239
1004945199,00192-00-048-000,"14396 ANDREWS DR, DENVER, CO 80239",DENVER,CO,80239,39.781376,-104.826532,,Vacant land,,,,,,,,,,80239
1004945200,00192-00-049-000,"14397 E ELK DR, DENVER, CO 80239",DENVER,CO,80239,39.779773,-104.826907,,Vacant land,,,,,,,,,,80239
1004945201,00192-17-001-000,"4693 DILLON ST, DENVER, CO 80239",DENVER,CO,80239,39.778497,-104.828065,,Vacant land,,,,,,,,,,80239
1004945202,00192-17-002-000,"14406 ANDREWS DR, DENVER, CO 80239",DENVER,CO,80239,39.780667,-104.825738,,Vacant land,,,,,,,,,,80239
1004945203,00192-17-003-000,"4694 DILLON ST, DENVER, CO 80239",DENVER,CO,80239,39.778349,-104.827764,,Vacant land,,,,,,,,,,80239
27485978,06073-20-004-000,"130 S BIRCH ST, DENVER, CO 80246",DENVER,CO,80246,39.713779,-104.935922,,Vacant land,,,,,,,,,,80246
27485983,06073-00-010-000,"131 S BIRCH ST, DENVER, CO 80246",DENVER,CO,80246,39.714094,-104.936878,,Vacant land,,,,,,,,,,80246
30576482,06073-09-017-000,"50 S COLORADO BLVD, DENVER, CO 80246",DENVER,CO,80246,39.715198,-104.940293,,Vacant land,,,,,,,,,,80246
152356203,05125-16-005-000,"55 S COLORADO BLVD, DENVER, CO 80246",DENVER,CO,80246,39.715177,-104.941053,,Vacant land,,,,,,,,,,80246
184191481,1973-18-1-02-039,"695 S FOREST ST, DENVER, CO 80246",DENVER,CO,80246,39.704063,-104.927642,,Vacant land,,,,,,,,,,80246
184191512,1973-18-1-01-001,"4750 LEETSDALE DR, DENVER, CO 80246",DENVER,CO,80246,39.708715,-104.931478,,Vacant land,,,,,,,,,,80246
184191520,1973-18-1-02-038,"690 S ELM ST, DENVER, CO 80246",DENVER,CO,80246,39.704061,-104.928947,,Vacant land,,,,,,,,,,80246
184311201,05125-16-007-000,"65 S COLORADO BLVD, DENVER, CO 80246",DENVER,CO,80246,39.714941,-104.941053,,Vacant land,,,,,,,,,,80246
184314496,06073-00-044-000,"4110 E ALAMEDA AVE, DENVER, CO 80246",DENVER,CO,80246,39.711239,-104.939932,,Vacant land,,,,,,,,,,80246
184314498,06073-00-051-000,"4200 E ALAMEDA AVE, DENVER, CO 80246",DENVER,CO,80246,39.711159,-104.937687,,Vacant land,,,,,,,,,,80246
184321690,06172-09-027-000,"460 S HOLLY ST, DENVER, CO 80246",DENVER,CO,80246,39.708128,-104.921962,,Vacant land,,,,,,,,,,80246
184557156,06181-23-026-000,"5101 LEETSDALE DR, DENVER, CO 80246",DENVER,CO,80246,39.7085,-104.927386,,Vacant land,,,,,,,,,,80246
184753366,06181-00-018-000,"4975 LEETSDALE DR, DENVER, CO 80246",DENVER,CO,80246,39.70897,-104.929889,,Vacant land,,,,,,,,,,80246
184779958,1973-18-2-00-050,"4102 E VIRGINIA AVE, DENVER, CO 80246",DENVER,CO,80246,39.706469,-104.939489,,Vacant land,,,,,,,,,,80246
204652231,06072-41-018-000,"101 S CHERRY ST, DENVER, CO 80246",DENVER,CO,80246,39.718036,-104.933405,,Vacant land,,,,,,,,,,80246
216912366,1973-18-2-06-004,"755 S DEXTER ST, DENVER, CO 80246",DENVER,CO,80246,39.703866,-104.93375,,Vacant land,,,,,,,,,,80246
239816778,1973-18-2-18-002,", DENVER, CO 80246",DENVER,CO,80246,39.7037,-104.936415,,Vacant land,,,,,,,,,,80246
320948511,06073-18-017-000,"144 S CHERRY ST, DENVER, CO 80246",DENVER,CO,80246,39.713653,-104.933607,,Vacant land,,,,,,,,,,80246
326744136,06073-00-069-000,"185 S BIRCH ST, DENVER, CO 80246",DENVER,CO,80246,39.713393,-104.936568,,Vacant land,,,,,,,,,,80246
329682316,06181-18-056-000,"370 S GLENCOE ST, DENVER, CO 80246",DENVER,CO,80246,39.709865,-104.925481,,Vacant land,,,,,,,,,,80246
334131625,06074-21-029-000,"2 S FAIRFAX ST, DENVER, CO 80246",DENVER,CO,80246,39.71608,-104.927567,,Vacant land,,,,,,,,,,80246
1000515520,06181-23-026-000,"5101 LEETSDALE DR, DENVER, CO 80246",DENVER,CO,80246,39.709288,-104.928869,,Vacant land,,,,,,,,,,80246
1000515521,06181-23-027-000,"5088 E DAKOTA AVE, DENVER, CO 80246",DENVER,CO,80246,39.709266,-104.928272,,Vacant land,,,,,,,,,,80246
1000515522,06181-23-028-000,"5102 E DAKOTA AVE, DENVER, CO 80246",DENVER,CO,80246,39.709267,-104.928094,,Vacant land,,,,,,,,,,80246
1004946180,06074-21-031-000,"3 S FOREST ST, DENVER, CO 80246",DENVER,CO,80246,39.716116,-104.9266,,Vacant land,,,,,,,,,,80246
695046,1973-22-4-05-006,"10000 E COLORADO AVE, DENVER, CO 80247",DENVER,CO,80247,39.683351,-104.871265,,Vacant land,,,,,,,,,,80247
11882825,1973-22-3-02-001,"9200 E IOWA AVE, DENVER, CO 80247",DENVER,CO,80247,39.68699,-104.880474,,Vacant land,,,,,,,,,,80247
13645317,06154-02-066-000,"1060 S EMPORIA ST, AURORA, CO 80247",AURORA,CO,80247,39.697063,-104.874685,,Vacant land,,,,,,,,,,80247
18837763,1973-21-1-01-006,"1300 S XENIA ST, DENVER, CO 80247",DENVER,CO,80247,39.69312,-104.885173,,Vacant land,,,,,,,,,,80247
51098858,06154-01-081-000,"1040 S FLORENCE ST, DENVER, CO 80247",DENVER,CO,80247,39.697432,-104.871525,,Vacant land,,,,,,,,,,80247
155093438,1973-03-2-47-002,"1202 S YOSEMITE WAY, DENVER, CO 80247",DENVER,CO,80247,39.735883,-104.88425,,Vacant land,,,,,,,,,,80247
155153732,1973-03-2-47-001,"1200 S YOSEMITE WAY, DENVER, CO 80247",DENVER,CO,80247,39.735803,-104.884251,,Vacant land,,,,,,,,,,80247
184320148,06151-01-008-000,"10400 E ALAMEDA AVE, DENVER, CO 80247",DENVER,CO,80247,39.710117,-104.866776,,Vacant land,,,,,,,,,,80247
184325978,06151-00-006-000,"10400 E EXPOSITION AVE, AURORA, CO 80247",AURORA,CO,80247,39.703967,-104.866391,,Vacant land,,,,,,,,,,80247
184325985,06151-00-031-000,"600 S DAYTON ST, DENVER, CO 80247",DENVER,CO,80247,39.706851,-104.874921,,Vacant land,,,,,,,,,,80247
184553501,1973-22-4-24-002,"1845 S FULTON WAY, DENVER, CO 80247",DENVER,CO,80247,39.682847,-104.870813,,Vacant land,,,,,,,,,,80247
184553502,1973-22-4-24-003,"1851 S FULTON WAY, DENVER, CO 80247",DENVER,CO,80247,39.682845,-104.870907,,Vacant land,,,,,,,,,,80247
184553503,1973-22-4-24-004,"1853 S FULTON WAY, DENVER, CO 80247",DENVER,CO,80247,39.682846,-104.870992,,Vacant land,,,,,,,,,,80247
184553504,1973-22-4-24-005,"1855 S FULTON WAY, DENVER, CO 80247",DENVER,CO,80247,39.682846,-104.871093,,Vacant land,,,,,,,,,,80247
184553505,1973-22-4-24-006,"1861 S FULTON WAY, DENVER, CO 80247",DENVER,CO,80247,39.682847,-104.87121,,Vacant land,,,,,,,,,,80247
184553506,1973-22-4-24-007,"1863 S FULTON WAY, DENVER, CO 80247",DENVER,CO,80247,39.682849,-104.871312,,Vacant land,,,,,,,,,,80247
184553507,1973-22-4-24-008,"1865 S FULTON WAY, DENVER, CO 80247",DENVER,CO,80247,39.682845,-104.871417,,Vacant land,,,,,,,,,,80247
184553508,1973-22-4-24-009,"1871 S FULTON WAY, DENVER, CO 80247",DENVER,CO,80247,39.682821,-104.871531,,Vacant land,,,,,,,,,,80247
184553509,1973-22-4-24-010,"1873 S FULTON WAY, DENVER, CO 80247",DENVER,CO,80247,39.682828,-104.871644,,Vacant land,,,,,,,,,,80247
184553510,1973-22-4-24-012,"1875 S FULTON WAY, DENVER, CO 80247",DENVER,CO,80247,39.682669,-104.871672,,Vacant land,,,,,,,,,,80247
184553511,1973-22-4-24-013,"1881 S FULTON WAY, DENVER, CO 80247",DENVER,CO,80247,39.682595,-104.871683,,Vacant land,,,,,,,,,,80247
184553512,1973-22-4-24-014,"1883 S FULTON WAY, DENVER, CO 80247",DENVER,CO,80247,39.682528,-104.871687,,Vacant land,,,,,,,,,,80247
184553513,1973-22-4-24-015,"1885 S FULTON WAY, DENVER, CO 80247",DENVER,CO,80247,39.682455,-104.871674,,Vacant land,,,,,,,,,,80247
184558933,1973-22-4-24-016,"1895 S FULTON WAY, DENVER, CO 80247",DENVER,CO,80247,39.682319,-104.871753,,Vacant land,,,,,,,,,,80247
184558934,1973-22-4-24-017,"1893 S FULTON WAY, DENVER, CO 80247",DENVER,CO,80247,39.682329,-104.871648,,Vacant land,,,,,,,,,,80247
184558935,1973-22-4-24-018,"1891 S FULTON WAY, DENVER, CO 80247",DENVER,CO,80247,39.682334,-104.871551,,Vacant land,,,,,,,,,,80247
184558936,1973-22-4-24-021,"1894 S FULTON WAY, DENVER, CO 80247",DENVER,CO,80247,39.682302,-104.871262,,Vacant land,,,,,,,,,,80247
184558937,1973-22-4-24-022,"1892 S FULTON WAY, DENVER, CO 80247",DENVER,CO,80247,39.682375,-104.871261,,Vacant land,,,,,,,,,,80247
184558938,1973-22-4-24-023,"1886 S FULTON WAY, DENVER, CO 80247",DENVER,CO,80247,39.682449,-104.871269,,Vacant land,,,,,,,,,,80247
184558939,1973-22-4-24-025,"1864 S FULTON WAY, DENVER, CO 80247",DENVER,CO,80247,39.682587,-104.87132,,Vacant land,,,,,,,,,,80247
184558940,1973-22-4-24-026,"1862 S FULTON WAY, DENVER, CO 80247",DENVER,CO,80247,39.682592,-104.871226,,Vacant land,,,,,,,,,,80247
184558941,1973-22-4-24-027,"1856 S FULTON WAY, DENVER, CO 80247",DENVER,CO,80247,39.682592,-104.871141,,Vacant land,,,,,,,,,,80247
184558942,1973-22-4-24-028,"1854 S FULTON WAY, DENVER, CO 80247",DENVER,CO,80247,39.68259,-104.871039,,Vacant land,,,,,,,,,,80247
184558943,1973-22-4-24-029,"1852 S FULTON WAY, DENVER, CO 80247",DENVER,CO,80247,39.682593,-104.870922,,Vacant land,,,,,,,,,,80247
184558944,1973-22-4-24-030,"1846 S FULTON WAY, DENVER, CO 80247",DENVER,CO,80247,39.682592,-104.870812,,Vacant land,,,,,,,,,,80247
184607500,06154-15-010-000,"10195 E MISSISSIPPI AVE, AURORA, CO 80247",AURORA,CO,80247,39.697096,-104.869624,,Vacant land,,,,,,,,,,80247
184686353,1973-22-3-02-031,"1660 S BEELER ST, DENVER, CO 80247",DENVER,CO,80247,39.686413,-104.880328,,Vacant land,,,,,,,,,,80247
184701348,1973-27-1-41-034,"2032 S DAYTON CT, AURORA, CO 80247",AURORA,CO,80247,39.678572,-104.874339,,Vacant land,,,,,,,,,,80247
184762569,06174-00-085-000,"829 S QUEBEC ST, DENVER, CO 80247",DENVER,CO,80247,39.70161,-104.903698,,Vacant land,,,,,,,,,,80247
184766971,06154-01-020-000,"900 S FLORENCE ST, DENVER, CO 80247",DENVER,CO,80247,39.699432,-104.871553,,Vacant land,,,,,,,,,,80247
184771223,1973-22-2-00-042,"1390 S CLINTON ST, DENVER, CO 80247",DENVER,CO,80247,39.690671,-104.877121,,Vacant land,,,,,,,,,,80247
184771228,1973-22-2-00-066,"1300 S CLINTON ST, DENVER, CO 80247",DENVER,CO,80247,39.691849,-104.876784,,Vacant land,,,,,,,,,,80247
204652342,06154-01-080-000,"901 S FULTON ST, AURORA, CO 80247",AURORA,CO,80247,39.700118,-104.871147,,Vacant land,,,,,,,,,,80247
204652345,06154-02-061-000,"1000 S DAYTON ST, DENVER, CO 80247",DENVER,CO,80247,39.697501,-104.874356,,Vacant land,,,,,,,,,,80247
217664414,06152-00-024-000,"9000 E ALAMEDA AVE, DENVER, CO 80247",DENVER,CO,80247,39.709669,-104.881778,,Vacant land,,,,,,,,,,80247
222410306,06162-00-003-000,"7901 E EXPOSITION AVE, DENVER, CO 80247",DENVER,CO,80247,39.704039,-104.895116,,Vacant land,,,,,,,,,,80247
222410342,06164-00-037-000,"805 S VALENTIA ST, DENVER, CO 80247",DENVER,CO,80247,39.703732,-104.890842,,Vacant land,,,,,,,,,,80247
222410343,06164-00-038-000,"8100 E EXPOSITION AVE, DENVER, CO 80247",DENVER,CO,80247,39.703342,-104.891706,,Vacant land,,,,,,,,,,80247
222410344,06164-00-039-000,"8100 E EXPOSITION AVE, DENVER, CO 80247",DENVER,CO,80247,39.703287,-104.893241,,Vacant land,,,,,,,,,,80247
252385972,1973-22-3-02-029,"1670 S BEELER ST, DENVER, CO 80247",DENVER,CO,80247,39.68617,-104.880267,,Vacant land,,,,,,,,,,80247
253168094,06154-21-026-000,"1034 S FULTON ST, AURORA, CO 80247",AURORA,CO,80247,39.698012,-104.869794,,Vacant land,,,,,,,,,,80247
318166786,1973-15-4-20-003,"967 S GENEVA ST, DENVER, CO 80247",DENVER,CO,80247,39.699079,-104.868953,,Vacant land,,,,,,,,,,80247
325465240,1973-22-3-52-004,"1742 S BEELER CT, DENVER, CO 80247",DENVER,CO,80247,39.68494,-104.880143,,Vacant land,,,,,,,,,,80247
325465241,1973-22-3-52-005,"1722 S BEELER CT, DENVER, CO 80247",DENVER,CO,80247,39.685333,-104.880114,,Vacant land,,,,,,,,,,80247
328418663,06164-00-055-000,"810 S VALENTIA ST, DENVER, CO 80247",DENVER,CO,80247,39.703518,-104.888307,,Vacant land,,,,,,,,,,80247
328418664,06164-00-058-000,"820 S VALENTIA ST, DENVER, CO 80247",DENVER,CO,80247,39.702161,-104.890418,,Vacant land,,,,,,,,,,80247
336003887,06164-00-061-000,"888 S VALENTIA ST UNIT 1-101, DENVER, CO 80247",DENVER,CO,80247,39.701148,-104.891176,,Vacant land,,,,,,,,,,80247
336003888,06164-00-062-000,"888 S VALENTIA ST UNIT 1-102, DENVER, CO 80247",DENVER,CO,80247,39.70109,-104.891179,,Vacant land,,,,,,,,,,80247
336003889,06164-00-063-000,"888 S VALENTIA ST UNIT 1-103, DENVER, CO 80247",DENVER,CO,80247,39.701002,-104.891174,,Vacant land,,,,,,,,,,80247
336003890,06164-00-064-000,"888 S VALENTIA ST UNIT 2-101, DENVER, CO 80247",DENVER,CO,80247,39.70115,-104.891438,,Vacant land,,,,,,,,,,80247
336003891,06164-00-065-000,"888 S VALENTIA ST UNIT 2-102, DENVER, CO 80247",DENVER,CO,80247,39.701071,-104.891431,,Vacant land,,,,,,,,,,80247
336003892,06164-00-066-000,"888 S VALENTIA ST UNIT 2-103, DENVER, CO 80247",DENVER,CO,80247,39.701006,-104.891435,,Vacant land,,,,,,,,,,80247
336003893,06164-00-067-000,"888 S VALENTIA ST UNIT 3-101, DENVER, CO 80247",DENVER,CO,80247,39.701181,-104.891734,,Vacant land,,,,,,,,,,80247
336003894,06164-00-068-000,"888 S VALENTIA ST UNIT 3-102, DENVER, CO 80247",DENVER,CO,80247,39.701119,-104.891723,,Vacant land,,,,,,,,,,80247
336003895,06164-00-069-000,"888 S VALENTIA ST UNIT 3-103, DENVER, CO 80247",DENVER,CO,80247,39.701035,-104.891704,,Vacant land,,,,,,,,,,80247
336003896,06164-00-070-000,"888 S VALENTIA ST UNIT 4-101, DENVER, CO 80247",DENVER,CO,80247,39.701152,-104.892204,,Vacant land,,,,,,,,,,80247
336003897,06164-00-071-000,"888 S VALENTIA ST UNIT 4-102, DENVER, CO 80247",DENVER,CO,80247,39.701142,-104.892082,,Vacant land,,,,,,,,,,80247
336003898,06164-00-072-000,"888 S VALENTIA ST UNIT 4-103, DENVER, CO 80247",DENVER,CO,80247,39.701141,-104.892029,,Vacant land,,,,,,,,,,80247
336003899,06164-00-073-000,"888 S VALENTIA ST UNIT 4-104, DENVER, CO 80247",DENVER,CO,80247,39.701145,-104.891947,,Vacant land,,,,,,,,,,80247
336003900,06164-00-074-000,"888 S VALENTIA ST UNIT 5-101, DENVER, CO 80247",DENVER,CO,80247,39.70138,-104.892196,,Vacant land,,,,,,,,,,80247
336003901,06164-00-075-000,"888 S VALENTIA ST UNIT 5-102, DENVER, CO 80247",DENVER,CO,80247,39.70136,-104.892065,,Vacant land,,,,,,,,,,80247
336003902,06164-00-076-000,"888 S VALENTIA ST UNIT 5-103, DENVER, CO 80247",DENVER,CO,80247,39.701349,-104.892005,,Vacant land,,,,,,,,,,80247
336003903,06164-00-077-000,"888 S VALENTIA ST UNIT 5-104, DENVER, CO 80247",DENVER,CO,80247,39.70132,-104.891926,,Vacant land,,,,,,,,,,80247
336003904,06164-00-078-000,"888 S VALENTIA ST UNIT 6-101, DENVER, CO 80247",DENVER,CO,80247,39.701608,-104.892156,,Vacant land,,,,,,,,,,80247
336003905,06164-00-079-000,"888 S VALENTIA ST UNIT 6-102, DENVER, CO 80247",DENVER,CO,80247,39.701573,-104.892045,,Vacant land,,,,,,,,,,80247
336003906,06164-00-080-000,"888 S VALENTIA ST UNIT 6-103, DENVER, CO 80247",DENVER,CO,80247,39.70156,-104.891984,,Vacant land,,,,,,,,,,80247
336003907,06164-00-081-000,"888 S VALENTIA ST UNIT 6-104, DENVER, CO 80247",DENVER,CO,80247,39.701551,-104.891864,,Vacant land,,,,,,,,,,80247
336003908,06164-00-082-000,"888 S VALENTIA ST UNIT 7-101, DENVER, CO 80247",DENVER,CO,80247,39.701898,-104.891998,,Vacant land,,,,,,,,,,80247
336003909,06164-00-083-000,"888 S VALENTIA ST UNIT 7-102, DENVER, CO 80247",DENVER,CO,80247,39.701855,-104.891886,,Vacant land,,,,,,,,,,80247
336003910,06164-00-084-000,"888 S VALENTIA ST UNIT 7-103, DENVER, CO 80247",DENVER,CO,80247,39.701829,-104.891832,,Vacant land,,,,,,,,,,80247
336003911,06164-00-085-000,"888 S VALENTIA ST UNIT 7-104, DENVER, CO 80247",DENVER,CO,80247,39.701766,-104.891729,,Vacant land,,,,,,,,,,80247
336003912,06164-00-086-000,"888 S VALENTIA ST UNIT 8-101, DENVER, CO 80247",DENVER,CO,80247,39.702079,-104.891855,,Vacant land,,,,,,,,,,80247
336003913,06164-00-087-000,"888 S VALENTIA ST UNIT 8-102, DENVER, CO 80247",DENVER,CO,80247,39.702015,-104.89175,,Vacant land,,,,,,,,,,80247
336003914,06164-00-088-000,"888 S VALENTIA ST UNIT 8-103, DENVER, CO 80247",DENVER,CO,80247,39.701988,-104.891698,,Vacant land,,,,,,,,,,80247
336003915,06164-00-089-000,"888 S VALENTIA ST UNIT 8-104, DENVER, CO 80247",DENVER,CO,80247,39.701966,-104.891653,,Vacant land,,,,,,,,,,80247
336003916,06164-00-090-000,"888 S VALENTIA ST UNIT 8-105, DENVER, CO 80247",DENVER,CO,80247,39.701941,-104.891601,,Vacant land,,,,,,,,,,80247
336003917,06164-00-091-000,"888 S VALENTIA ST UNIT 8-106, DENVER, CO 80247",DENVER,CO,80247,39.701909,-104.891527,,Vacant land,,,,,,,,,,80247
336003918,06164-00-092-000,"888 S VALENTIA ST UNIT 9-101, DENVER, CO 80247",DENVER,CO,80247,39.702263,-104.891673,,Vacant land,,,,,,,,,,80247
336003919,06164-00-093-000,"888 S VALENTIA ST UNIT 9-102, DENVER, CO 80247",DENVER,CO,80247,39.70221,-104.891564,,Vacant land,,,,,,,,,,80247
336003920,06164-00-094-000,"888 S VALENTIA ST UNIT 9-103, DENVER, CO 80247",DENVER,CO,80247,39.70218,-104.891514,,Vacant land,,,,,,,,,,80247
336003921,06164-00-095-000,"888 S VALENTIA ST UNIT 9-104, DENVER, CO 80247",DENVER,CO,80247,39.702155,-104.891473,,Vacant land,,,,,,,,,,80247
336003922,06164-00-096-000,"888 S VALENTIA ST UNIT 9-105, DENVER, CO 80247",DENVER,CO,80247,39.702124,-104.891424,,Vacant land,,,,,,,,,,80247
336003923,06164-00-097-000,"888 S VALENTIA ST UNIT 9-106, DENVER, CO 80247",DENVER,CO,80247,39.702085,-104.891359,,Vacant land,,,,,,,,,,80247
336003931,06164-00-105-000,"888 S VALENTIA ST UNIT 12-101, DENVER, CO 80247",DENVER,CO,80247,39.701483,-104.891584,,Vacant land,,,,,,,,,,80247
336003932,06164-00-106-000,"888 S VALENTIA ST UNIT 12-102, DENVER, CO 80247",DENVER,CO,80247,39.701415,-104.891632,,Vacant land,,,,,,,,,,80247
336003933,06164-00-107-000,"888 S VALENTIA ST UNIT 12-103, DENVER, CO 80247",DENVER,CO,80247,39.701376,-104.89165,,Vacant land,,,,,,,,,,80247
336003934,06164-00-108-000,"888 S VALENTIA ST UNIT 12-104, DENVER, CO 80247",DENVER,CO,80247,39.701319,-104.89167,,Vacant land,,,,,,,,,,80247
336003935,06164-00-109-000,"888 S VALENTIA ST UNIT 13-101, DENVER, CO 80247",DENVER,CO,80247,39.701481,-104.891255,,Vacant land,,,,,,,,,,80247
336003936,06164-00-110-000,"888 S VALENTIA ST UNIT 13-102, DENVER, CO 80247",DENVER,CO,80247,39.701434,-104.89128,,Vacant land,,,,,,,,,,80247
336003937,06164-00-111-000,"888 S VALENTIA ST UNIT 13-103, DENVER, CO 80247",DENVER,CO,80247,39.701399,-104.891292,,Vacant land,,,,,,,,,,80247
336003938,06164-00-112-000,"888 S VALENTIA ST UNIT 13-104, DENVER, CO 80247",DENVER,CO,80247,39.701319,-104.891337,,Vacant land,,,,,,,,,,80247
336003973,06164-00-147-000,"888 S VALENTIA ST # A1, DENVER, CO 80247",DENVER,CO,80247,39.701817,-104.890805,,Vacant land,,,,,,,,,,80247
336003974,06164-00-148-000,"888 S VALENTIA ST # A2, DENVER, CO 80247",DENVER,CO,80247,39.701601,-104.890277,,Vacant land,,,,,,,,,,80247
336003975,06164-00-149-000,"888 S VALENTIA ST # A3, DENVER, CO 80247",DENVER,CO,80247,39.701026,-104.890558,,Vacant land,,,,,,,,,,80247
336003976,06164-00-150-000,"888 S VALENTIA ST # A4, DENVER, CO 80247",DENVER,CO,80247,39.701078,-104.891306,,Vacant land,,,,,,,,,,80247
336003977,06164-00-151-000,"888 S VALENTIA ST # A5, DENVER, CO 80247",DENVER,CO,80247,39.700933,-104.890322,,Vacant land,,,,,,,,,,80247
336003978,06164-00-152-000,"888 S VALENTIA ST # A6, DENVER, CO 80247",DENVER,CO,80247,39.701373,-104.890038,,Vacant land,,,,,,,,,,80247
336003979,06164-00-153-000,"888 S VALENTIA ST # A7, DENVER, CO 80247",DENVER,CO,80247,39.701066,-104.891974,,Vacant land,,,,,,,,,,80247
336003980,06164-00-154-000,"888 S VALENTIA ST # A8, DENVER, CO 80247",DENVER,CO,80247,39.701468,-104.892055,,Vacant land,,,,,,,,,,80247
336003981,06164-00-155-000,"888 S VALENTIA ST # A9, DENVER, CO 80247",DENVER,CO,80247,39.70192,-104.891787,,Vacant land,,,,,,,,,,80247
336003982,06164-00-156-000,"888 S VALENTIA ST # A10, DENVER, CO 80247",DENVER,CO,80247,39.70225,-104.891418,,Vacant land,,,,,,,,,,80247
336003983,06164-00-157-000,"888 S VALENTIA ST # D1, DENVER, CO 80247",DENVER,CO,80247,39.701527,-104.892287,,Vacant land,,,,,,,,,,80247
336003984,06164-00-158-000,"888 S VALENTIA ST # D2, DENVER, CO 80247",DENVER,CO,80247,39.701835,-104.89215,,Vacant land,,,,,,,,,,80247
336003985,06164-00-159-000,"888 S VALENTIA ST # D3, DENVER, CO 80247",DENVER,CO,80247,39.702273,-104.891799,,Vacant land,,,,,,,,,,80247
336003986,06164-00-160-000,"888 S VALENTIA ST # P1, DENVER, CO 80247",DENVER,CO,80247,39.701298,-104.891042,,Vacant land,,,,,,,,,,80247
336003987,06164-00-161-000,"888 S VALENTIA ST # P2, DENVER, CO 80247",DENVER,CO,80247,39.701438,-104.890848,,Vacant land,,,,,,,,,,80247
336003988,06164-00-162-000,"888 S VALENTIA ST # P3, DENVER, CO 80247",DENVER,CO,80247,39.701575,-104.890683,,Vacant land,,,,,,,,,,80247
336003989,06164-00-163-000,"888 S VALENTIA ST # P4, DENVER, CO 80247",DENVER,CO,80247,39.701587,-104.890446,,Vacant land,,,,,,,,,,80247
336003990,06164-00-164-000,"888 S VALENTIA ST # P5, DENVER, CO 80247",DENVER,CO,80247,39.701099,-104.890796,,Vacant land,,,,,,,,,,80247
336003991,06164-00-165-000,"888 S VALENTIA ST # P6, DENVER, CO 80247",DENVER,CO,80247,39.701061,-104.891037,,Vacant land,,,,,,,,,,80247
336003992,06164-00-166-000,"888 S VALENTIA ST # P7, DENVER, CO 80247",DENVER,CO,80247,39.700767,-104.890477,,Vacant land,,,,,,,,,,80247
336003993,06164-00-167-000,"888 S VALENTIA ST # P8, DENVER, CO 80247",DENVER,CO,80247,39.701157,-104.890211,,Vacant land,,,,,,,,,,80247
336003994,06164-00-168-000,"888 S VALENTIA ST # P9, DENVER, CO 80247",DENVER,CO,80247,39.70166,-104.890354,,Vacant land,,,,,,,,,,80247
336003995,06164-00-169-000,"888 S VALENTIA ST # P10, DENVER, CO 80247",DENVER,CO,80247,39.701768,-104.891156,,Vacant land,,,,,,,,,,80247
336003996,06164-00-170-000,"888 S VALENTIA ST # P11, DENVER, CO 80247",DENVER,CO,80247,39.701584,-104.891391,,Vacant land,,,,,,,,,,80247
336003997,06164-00-171-000,"888 S VALENTIA ST # P12, DENVER, CO 80247",DENVER,CO,80247,39.701403,-104.891456,,Vacant land,,,,,,,,,,80247
336003998,06164-00-172-000,"888 S VALENTIA ST # P13, DENVER, CO 80247",DENVER,CO,80247,39.701103,-104.891572,,Vacant land,,,,,,,,,,80247
336003999,06164-00-173-000,"888 S VALENTIA ST # P14, DENVER, CO 80247",DENVER,CO,80247,39.701056,-104.892255,,Vacant land,,,,,,,,,,80247
336004000,06164-00-174-000,"888 S VALENTIA ST # P15, DENVER, CO 80247",DENVER,CO,80247,39.701253,-104.892104,,Vacant land,,,,,,,,,,80247
336004001,06164-00-175-000,"888 S VALENTIA ST # P16, DENVER, CO 80247",DENVER,CO,80247,39.701723,-104.891991,,Vacant land,,,,,,,,,,80247
336004002,06164-00-176-000,"888 S VALENTIA ST # P17, DENVER, CO 80247",DENVER,CO,80247,39.702098,-104.891626,,Vacant land,,,,,,,,,,80247
336004003,06164-00-177-000,"888 S VALENTIA ST # P18, DENVER, CO 80247",DENVER,CO,80247,39.702172,-104.891188,,Vacant land,,,,,,,,,,80247
1002354319,06154-01-080-000,"901 S FULTON ST, AURORA, CO 80247",AURORA,CO,80247,39.700261,-104.871004,,Vacant land,,,,,,,,,,80247
1004946197,06154-21-031-000,"10201 E MISSISSIPPI AVE, DENVER, CO 80247",DENVER,CO,80247,39.697461,-104.868471,,Vacant land,,,,,,,,,,80247
100168222,R0117432,"SITUS NOT AVAILABLE, COMMERCE CITY, CO 80249",COMMERCE CITY,CO,80249,39.884429,-104.802231,,Vacant land,,,,,,,,,,80249
184196384,11341-00-188-000,"7580 N TOWER RD, DENVER, CO 80249",DENVER,CO,80249,39.829116,-104.764762,,Vacant land,,,,,,,,,,80249
184196400,12171-00-002-000,"25470 E 103RD AVE, DENVER, CO 80249",DENVER,CO,80249,39.883193,-104.687348,,Vacant land,,,,,,,,,,80249
184196402,12171-00-004-000,"26210 E 100TH AVE, DENVER, CO 80249",DENVER,CO,80249,39.877513,-104.681374,,Vacant land,,,,,,,,,,80249
184196423,12311-00-010-000,"23842 E 78TH AVE, DENVER, CO 80249",DENVER,CO,80249,39.838154,-104.700519,,Vacant land,,,,,,,,,,80249
184287164,00102-00-154-000,"18570 E 63RD AVE, DENVER, CO 80249",DENVER,CO,80249,39.809931,-104.770702,,Vacant land,,,,,,,,,,80249
184294235,00091-00-089-000,"17200 E 64TH AVE, DENVER, CO 80249",DENVER,CO,80249,39.810991,-104.788547,,Vacant land,,,,,,,,,,80249
184341799,11351-00-001-000,"7635 PENA BLVD, DENVER, CO 80249",DENVER,CO,80249,39.834187,-104.744105,,Vacant land,,,,,,,,,,80249
184341823,12201-00-049-000,"9156 N OAK HILL ST, DENVER, CO 80249",DENVER,CO,80249,39.859883,-104.682669,,Vacant land,,,,,,,,,,80249
184348080,12331-00-087-000,"27150 E 75TH AVE, DENVER, CO 80249",DENVER,CO,80249,39.831228,-104.670261,,Vacant land,,,,,,,,,,80249
184348082,12331-00-089-000,"27280 E 75TH AVE, DENVER, CO 80249",DENVER,CO,80249,39.831181,-104.668333,,Vacant land,,,,,,,,,,80249
184348090,12361-00-089-000,"8469 PENA BLVD, DENVER, CO 80249",DENVER,CO,80249,39.828664,-104.620543,,Vacant land,,,,,,,,,,80249
184348095,13051-00-009-000,"25649 E 71ST AVENUE APPRX, DENVER, CO 80249",DENVER,CO,80249,39.82507,-104.687439,,Vacant land,,,,,,,,,,80249
184559003,2073-11-3-18-021,"4750 JEBEL ST, DENVER, CO 80249",DENVER,CO,80249,39.629902,-104.74996,,Vacant land,,,,,,,,,,80249
184648590,12331-00-096-000,"7779 N HARRY B COMBS PKWY, DENVER, CO 80249",DENVER,CO,80249,39.838661,-104.668096,,Vacant land,,,,,,,,,,80249
184670118,00201-00-013-000,"8500 PENA BLVD, DENVER, CO 80249",DENVER,CO,80249,39.779989,-104.792751,,Vacant land,,,,,,,,,,80249
184670119,00204-00-009-000,"8500 PENA BLVD, DENVER, CO 80249",DENVER,CO,80249,39.77467,-104.792792,,Vacant land,,,,,,,,,,80249
184670120,00212-00-015-000,"8500 PENA BLVD, DENVER, CO 80249",DENVER,CO,80249,39.780007,-104.789192,,Vacant land,,,,,,,,,,80249
184670121,00213-00-007-000,"8500 PENA BLVD, DENVER, CO 80249",DENVER,CO,80249,39.774688,-104.789227,,Vacant land,,,,,,,,,,80249
184680821,00031-00-040-000,"6850 ARGONNE ST, DENVER, CO 80249",DENVER,CO,80249,39.824379,-104.768942,,Vacant land,,,,,,,,,,80249
184688402,00211-00-032-000,"18293 E 45TH PL, DENVER, CO 80249",DENVER,CO,80249,39.779113,-104.774902,,Vacant land,,,,,,,,,,80249
184714921,00232-00-015-000,"20390 GREEN VALLEY RANCH BLVD, DENVER, CO 80249",DENVER,CO,80249,39.780443,-104.749988,,Vacant land,,,,,,,,,,80249
184716518,2073-21-2-44-002,"5995 S BUCKLEY RD, AURORA, CO 80249",AURORA,CO,80249,39.607599,-104.791457,,Vacant land,,,,,,,,,,80249
204080467,00224-19-020-000,"19803 E 41ST PL, DENVER, CO 80249",DENVER,CO,80249,39.773596,-104.758656,,Vacant land,,,,,,,,,,80249
204080470,00231-11-030-000,"21482 E 47TH AVE, DENVER, CO 80249",DENVER,CO,80249,39.780237,-104.736626,,Vacant land,,,,,,,,,,80249
204675206,00221-14-012-000,"20100 E 46TH AVE, DENVER, CO 80249",DENVER,CO,80249,39.778702,-104.754987,,Vacant land,,,,,,,,,,80249
204675207,00222-00-011-000,"4701 ARGONNE ST, DENVER, CO 80249",DENVER,CO,80249,39.783412,-104.767141,,Vacant land,,,,,,,,,,80249
216434060,00143-37-060-000,"19344 E 54TH PL, DENVER, CO 80249",DENVER,CO,80249,39.79307,-104.762376,,Vacant land,,,,,,,,,,80249
216434999,00031-00-036-000,"18601 E 71ST AVE, DENVER, CO 80249",DENVER,CO,80249,39.826412,-104.770544,,Vacant land,,,,,,,,,,80249
222403260,00041-00-129-000,"17601 E 68TH AVE, DENVER, CO 80249",DENVER,CO,80249,39.821292,-104.78195,,Vacant land,,,,,,,,,,80249
222411526,12161-00-003-000,"27300 E 98TH AVE, DENVER, CO 80249",DENVER,CO,80249,39.873349,-104.672638,,Vacant land,,,,,,,,,,80249
231820399,00211-26-001-000,"17410 GREEN VALLEY RANCH BLVD, DENVER, CO 80249",DENVER,CO,80249,39.779502,-104.778843,,Vacant land,,,,,,,,,,80249
251006840,00031-00-048-000,"6800 TOWER RD, DENVER, CO 80249",DENVER,CO,80249,39.820542,-104.771276,,Vacant land,,,,,,,,,,80249
252733168,00031-08-004-000,"6692 TOWER RD, DENVER, CO 80249",DENVER,CO,80249,39.817709,-104.771455,,Vacant land,,,,,,,,,,80249
252733198,00091-02-004-000,"6144 RIFLE ST # MISC, DENVER, CO 80249",DENVER,CO,80249,39.809964,-104.780227,,Vacant land,,,,,,,,,,80249
320947501,00031-05-007-000,"6406 N ARGONNE ST, DENVER, CO 80249",DENVER,CO,80249,39.813354,-104.768731,,Vacant land,,,,,,,,,,80249
320947502,00041-02-004-000,"18349 E 67TH AVE, DENVER, CO 80249",DENVER,CO,80249,39.818739,-104.773698,,Vacant land,,,,,,,,,,80249
322345457,00091-03-003-000,"6150 SALIDA ST, DENVER, CO 80249",DENVER,CO,80249,39.80931,-104.77881,,Vacant land,,,,,,,,,,80249
322346793,00153-00-060-000,"5000 TOWER RD, DENVER, CO 80249",DENVER,CO,80249,39.787835,-104.770844,,Vacant land,,,,,,,,,,80249
329681479,00161-00-208-000,"17501 GREEN VALLEY RANCH BLVD, DENVER, CO 80249",DENVER,CO,80249,39.784337,-104.784147,,Vacant land,,,,,,,,,,80249
329681617,00234-00-039-000,"4201 N PICADILLY RD, DENVER, CO 80249",DENVER,CO,80249,39.775827,-104.73555,,Vacant land,,,,,,,,,,80249
332127103,00234-09-061-000,"4153 PICADILLY RD, DENVER, CO 80249",DENVER,CO,80249,39.774236,-104.735127,,Vacant land,,,,,,,,,,80249
334129239,00031-06-004-000,"18699 E 65TH AVE, DENVER, CO 80249",DENVER,CO,80249,39.814967,-104.770332,,Vacant land,,,,,,,,,,80249
334129240,00031-06-005-000,"6502 TOWER RD, DENVER, CO 80249",DENVER,CO,80249,39.815008,-104.77131,,Vacant land,,,,,,,,,,80249
334129242,00031-06-007-000,"6592 TOWER RD, DENVER, CO 80249",DENVER,CO,80249,39.816016,-104.771292,,Vacant land,,,,,,,,,,80249
334129254,00041-00-210-000,"18309 E 65TH AVE, DENVER, CO 80249",DENVER,CO,80249,39.815012,-104.773806,,Vacant land,,,,,,,,,,80249
334129268,00102-21-004-000,"5640 N TOWER RD, DENVER, CO 80249",DENVER,CO,80249,39.798811,-104.770159,,Vacant land,,,,,,,,,,80249
334129271,00102-21-007-000,"5690 N TOWER RD, DENVER, CO 80249",DENVER,CO,80249,39.799629,-104.771577,,Vacant land,,,,,,,,,,80249
334129278,00102-27-001-000,"19201 E 62ND AVE, DENVER, CO 80249",DENVER,CO,80249,39.810172,-104.764157,,Vacant land,,,,,,,,,,80249
334129285,00161-00-175-000,"4951 TELLURIDE ST, DENVER, CO 80249",DENVER,CO,80249,39.787254,-104.782229,,Vacant land,,,,,,,,,,80249
334129288,00161-00-180-000,"4991 TELLURIDE ST, DENVER, CO 80249",DENVER,CO,80249,39.787718,-104.782541,,Vacant land,,,,,,,,,,80249
334129312,00222-24-134-000,"4723 TOWER DR, DENVER, CO 80249",DENVER,CO,80249,39.781939,-104.769889,,Vacant land,,,,,,,,,,80249
334129314,00222-24-136-000,"4739 TOWER DR, DENVER, CO 80249",DENVER,CO,80249,39.782279,-104.769484,,Vacant land,,,,,,,,,,80249
336001711,00031-00-109-000,"6972 ARGONNE ST, DENVER, CO 80249",DENVER,CO,80249,39.82235,-104.769066,,Vacant land,,,,,,,,,,80249
336001720,00031-09-003-000,"6755 N DUNKIRK ST, DENVER, CO 80249",DENVER,CO,80249,39.819378,-104.763436,,Vacant land,,,,,,,,,,80249
336001788,00091-09-003-000,"17720 E 64TH AVE, DENVER, CO 80249",DENVER,CO,80249,39.811244,-104.777782,,Vacant land,,,,,,,,,,80249
336001790,00091-11-001-000,"18351 E 61ST AVE, DENVER, CO 80249",DENVER,CO,80249,39.807973,-104.773354,,Vacant land,,,,,,,,,,80249
336001842,00102-18-002-000,"6153 N CEYLON ST # 1, DENVER, CO 80249",DENVER,CO,80249,39.808163,-104.765895,,Vacant land,,,,,,,,,,80249
336001844,00102-18-004-000,"6153 N CEYLON ST # 3, DENVER, CO 80249",DENVER,CO,80249,39.807896,-104.766569,,Vacant land,,,,,,,,,,80249
336001955,00102-46-001-000,"6141 DUNKIRK ST UNIT 8, DENVER, CO 80249",DENVER,CO,80249,39.808458,-104.763609,,Vacant land,,,,,,,,,,80249
336001956,00102-46-002-000,"6141 DUNKIRK ST UNIT 7, DENVER, CO 80249",DENVER,CO,80249,39.8084,-104.763609,,Vacant land,,,,,,,,,,80249
336001957,00102-46-003-000,"6141 DUNKIRK ST UNIT 6, DENVER, CO 80249",DENVER,CO,80249,39.808343,-104.763609,,Vacant land,,,,,,,,,,80249
336001958,00102-46-004-000,"6141 DUNKIRK ST UNIT 5, DENVER, CO 80249",DENVER,CO,80249,39.808285,-104.763609,,Vacant land,,,,,,,,,,80249
336001959,00102-46-005-000,"6141 DUNKIRK ST UNIT 4, DENVER, CO 80249",DENVER,CO,80249,39.808228,-104.763609,,Vacant land,,,,,,,,,,80249
336001960,00102-46-006-000,"6141 DUNKIRK ST UNIT 3, DENVER, CO 80249",DENVER,CO,80249,39.80817,-104.763609,,Vacant land,,,,,,,,,,80249
336001961,00102-46-007-000,"6141 DUNKIRK ST UNIT 2, DENVER, CO 80249",DENVER,CO,80249,39.808112,-104.763609,,Vacant land,,,,,,,,,,80249
336001962,00102-46-008-000,"6141 DUNKIRK ST UNIT 1, DENVER, CO 80249",DENVER,CO,80249,39.808055,-104.763609,,Vacant land,,,,,,,,,,80249
336001963,00102-47-001-000,"6147 DUNKIRK ST UNIT 8, DENVER, CO 80249",DENVER,CO,80249,39.808458,-104.763269,,Vacant land,,,,,,,,,,80249
336001964,00102-47-002-000,"6147 DUNKIRK ST UNIT 7, DENVER, CO 80249",DENVER,CO,80249,39.8084,-104.763269,,Vacant land,,,,,,,,,,80249
336001965,00102-47-003-000,"6147 DUNKIRK ST UNIT 6, DENVER, CO 80249",DENVER,CO,80249,39.808343,-104.763269,,Vacant land,,,,,,,,,,80249
336001966,00102-47-004-000,"6147 DUNKIRK ST UNIT 5, DENVER, CO 80249",DENVER,CO,80249,39.808285,-104.763269,,Vacant land,,,,,,,,,,80249
336001967,00102-47-005-000,"6147 DUNKIRK ST UNIT 4, DENVER, CO 80249",DENVER,CO,80249,39.808227,-104.763269,,Vacant land,,,,,,,,,,80249
336001968,00102-47-006-000,"6147 DUNKIRK ST UNIT 3, DENVER, CO 80249",DENVER,CO,80249,39.80817,-104.763269,,Vacant land,,,,,,,,,,80249
336001969,00102-47-007-000,"6147 DUNKIRK ST UNIT 2, DENVER, CO 80249",DENVER,CO,80249,39.808112,-104.763269,,Vacant land,,,,,,,,,,80249
336001970,00102-47-008-000,"6147 DUNKIRK ST UNIT 1, DENVER, CO 80249",DENVER,CO,80249,39.808055,-104.763269,,Vacant land,,,,,,,,,,80249
336001971,00102-48-001-000,"6151 DUNKIRK ST UNIT 8, DENVER, CO 80249",DENVER,CO,80249,39.80847,-104.762995,,Vacant land,,,,,,,,,,80249
336001972,00102-48-002-000,"6151 DUNKIRK ST UNIT 7, DENVER, CO 80249",DENVER,CO,80249,39.808413,-104.762995,,Vacant land,,,,,,,,,,80249
336001973,00102-48-003-000,"6151 DUNKIRK ST UNIT 6, DENVER, CO 80249",DENVER,CO,80249,39.808355,-104.762995,,Vacant land,,,,,,,,,,80249
336001974,00102-48-004-000,"6151 DUNKIRK ST UNIT 5, DENVER, CO 80249",DENVER,CO,80249,39.808297,-104.762995,,Vacant land,,,,,,,,,,80249
336001975,00102-48-005-000,"6151 DUNKIRK ST UNIT 4, DENVER, CO 80249",DENVER,CO,80249,39.80824,-104.762995,,Vacant land,,,,,,,,,,80249
336001976,00102-48-006-000,"6151 DUNKIRK ST UNIT 3, DENVER, CO 80249",DENVER,CO,80249,39.808182,-104.762995,,Vacant land,,,,,,,,,,80249
336001977,00102-48-007-000,"6151 DUNKIRK ST UNIT 2, DENVER, CO 80249",DENVER,CO,80249,39.808124,-104.762995,,Vacant land,,,,,,,,,,80249
336001978,00102-48-008-000,"6151 DUNKIRK ST UNIT 1, DENVER, CO 80249",DENVER,CO,80249,39.808067,-104.762995,,Vacant land,,,,,,,,,,80249
336001982,00102-50-001-000,"6127 DUNKIRK ST UNIT 4, DENVER, CO 80249",DENVER,CO,80249,39.807953,-104.763609,,Vacant land,,,,,,,,,,80249
336001983,00102-50-002-000,"6127 DUNKIRK ST UNIT 3, DENVER, CO 80249",DENVER,CO,80249,39.807895,-104.763609,,Vacant land,,,,,,,,,,80249
336001984,00102-50-003-000,"6127 DUNKIRK ST UNIT 2, DENVER, CO 80249",DENVER,CO,80249,39.807838,-104.763609,,Vacant land,,,,,,,,,,80249
336001985,00102-50-004-000,"6127 DUNKIRK ST UNIT 1, DENVER, CO 80249",DENVER,CO,80249,39.80778,-104.763608,,Vacant land,,,,,,,,,,80249
336001986,00102-51-001-000,"6121 DUNKIRK ST UNIT 5, DENVER, CO 80249",DENVER,CO,80249,39.807953,-104.763269,,Vacant land,,,,,,,,,,80249
336001987,00102-51-002-000,"6121 DUNKIRK ST UNIT 4, DENVER, CO 80249",DENVER,CO,80249,39.807895,-104.763269,,Vacant land,,,,,,,,,,80249
336001988,00102-51-003-000,"6121 DUNKIRK ST UNIT 3, DENVER, CO 80249",DENVER,CO,80249,39.807838,-104.763269,,Vacant land,,,,,,,,,,80249
336001989,00102-51-004-000,"6121 DUNKIRK ST UNIT 2, DENVER, CO 80249",DENVER,CO,80249,39.80778,-104.763269,,Vacant land,,,,,,,,,,80249
336001990,00102-51-005-000,"6121 DUNKIRK ST UNIT 1, DENVER, CO 80249",DENVER,CO,80249,39.807723,-104.76327,,Vacant land,,,,,,,,,,80249
336001991,00102-52-001-000,"6117 DUNKIRK ST UNIT 5, DENVER, CO 80249",DENVER,CO,80249,39.807965,-104.762995,,Vacant land,,,,,,,,,,80249
336001992,00102-52-002-000,"6117 DUNKIRK ST UNIT 4, DENVER, CO 80249",DENVER,CO,80249,39.807908,-104.762995,,Vacant land,,,,,,,,,,80249
336001993,00102-52-003-000,"6117 DUNKIRK ST UNIT 3, DENVER, CO 80249",DENVER,CO,80249,39.80785,-104.762995,,Vacant land,,,,,,,,,,80249
336001994,00102-52-004-000,"6117 DUNKIRK ST UNIT 2, DENVER, CO 80249",DENVER,CO,80249,39.807792,-104.762995,,Vacant land,,,,,,,,,,80249
336001995,00102-52-005-000,"6117 DUNKIRK ST UNIT 1, DENVER, CO 80249",DENVER,CO,80249,39.807735,-104.762995,,Vacant land,,,,,,,,,,80249
336001996,00102-53-001-000,"6114 N CEYLON ST UNIT 1, DENVER, CO 80249",DENVER,CO,80249,39.807796,-104.765182,,Vacant land,,,,,,,,,,80249
336001997,00102-53-002-000,"6114 N CEYLON ST UNIT 2, DENVER, CO 80249",DENVER,CO,80249,39.807781,-104.765102,,Vacant land,,,,,,,,,,80249
336001998,00102-53-003-000,"6114 N CEYLON ST UNIT 3, DENVER, CO 80249",DENVER,CO,80249,39.80777,-104.765025,,Vacant land,,,,,,,,,,80249
336001999,00102-53-004-000,"6114 N CEYLON ST UNIT 4, DENVER, CO 80249",DENVER,CO,80249,39.807758,-104.764949,,Vacant land,,,,,,,,,,80249
336002000,00102-53-005-000,"6114 N CEYLON ST UNIT 5, DENVER, CO 80249",DENVER,CO,80249,39.807746,-104.764872,,Vacant land,,,,,,,,,,80249
336002001,00102-53-006-000,"6114 N CEYLON ST UNIT 6, DENVER, CO 80249",DENVER,CO,80249,39.807734,-104.764792,,Vacant land,,,,,,,,,,80249
336002002,00102-54-001-000,"6118 N CEYLON ST UNIT 1, DENVER, CO 80249",DENVER,CO,80249,39.807712,-104.764652,,Vacant land,,,,,,,,,,80249
336002003,00102-54-002-000,"6118 N CEYLON ST UNIT 2, DENVER, CO 80249",DENVER,CO,80249,39.8077,-104.764572,,Vacant land,,,,,,,,,,80249
336002004,00102-54-003-000,"6118 N CEYLON ST UNIT 3, DENVER, CO 80249",DENVER,CO,80249,39.807688,-104.764495,,Vacant land,,,,,,,,,,80249
336002005,00102-54-004-000,"6118 N CEYLON ST UNIT 4, DENVER, CO 80249",DENVER,CO,80249,39.807676,-104.764418,,Vacant land,,,,,,,,,,80249
336002006,00102-54-005-000,"6118 N CEYLON ST UNIT 5, DENVER, CO 80249",DENVER,CO,80249,39.807664,-104.764341,,Vacant land,,,,,,,,,,80249
336002007,00102-54-006-000,"6118 N CEYLON ST UNIT 6, DENVER, CO 80249",DENVER,CO,80249,39.807653,-104.764265,,Vacant land,,,,,,,,,,80249
336002008,00102-54-007-000,"6118 N CEYLON ST UNIT 7, DENVER, CO 80249",DENVER,CO,80249,39.807641,-104.764188,,Vacant land,,,,,,,,,,80249
336002009,00102-54-008-000,"6118 N CEYLON ST UNIT 8, DENVER, CO 80249",DENVER,CO,80249,39.807628,-104.764108,,Vacant land,,,,,,,,,,80249
336002010,00102-55-001-000,"6111 DUNKIRK ST UNIT 8, DENVER, CO 80249",DENVER,CO,80249,39.807607,-104.763968,,Vacant land,,,,,,,,,,80249
336002011,00102-55-002-000,"6111 DUNKIRK ST UNIT 7, DENVER, CO 80249",DENVER,CO,80249,39.807595,-104.763888,,Vacant land,,,,,,,,,,80249
336002012,00102-55-003-000,"6111 DUNKIRK ST UNIT 6, DENVER, CO 80249",DENVER,CO,80249,39.807583,-104.763811,,Vacant land,,,,,,,,,,80249
336002013,00102-55-004-000,"6111 DUNKIRK ST UNIT 5, DENVER, CO 80249",DENVER,CO,80249,39.807571,-104.763734,,Vacant land,,,,,,,,,,80249
336002014,00102-55-005-000,"6111 DUNKIRK ST UNIT 4, DENVER, CO 80249",DENVER,CO,80249,39.807559,-104.763657,,Vacant land,,,,,,,,,,80249
336002015,00102-55-006-000,"6111 DUNKIRK ST UNIT 3, DENVER, CO 80249",DENVER,CO,80249,39.807547,-104.763581,,Vacant land,,,,,,,,,,80249
336002016,00102-55-007-000,"6111 DUNKIRK ST UNIT 2, DENVER, CO 80249",DENVER,CO,80249,39.807536,-104.763504,,Vacant land,,,,,,,,,,80249
336002017,00102-55-008-000,"6111 DUNKIRK ST UNIT 1, DENVER, CO 80249",DENVER,CO,80249,39.807523,-104.763424,,Vacant land,,,,,,,,,,80249
336002018,00102-56-001-000,"6107 DUNKIRK ST UNIT 5, DENVER, CO 80249",DENVER,CO,80249,39.807505,-104.763262,,Vacant land,,,,,,,,,,80249
336002019,00102-56-002-000,"6107 DUNKIRK ST UNIT 4, DENVER, CO 80249",DENVER,CO,80249,39.807505,-104.76318,,Vacant land,,,,,,,,,,80249
336002020,00102-56-003-000,"6107 DUNKIRK ST UNIT 3, DENVER, CO 80249",DENVER,CO,80249,39.807505,-104.763102,,Vacant land,,,,,,,,,,80249
336002021,00102-56-004-000,"6107 DUNKIRK ST UNIT 2, DENVER, CO 80249",DENVER,CO,80249,39.807505,-104.763024,,Vacant land,,,,,,,,,,80249
336002022,00102-56-005-000,"6107 DUNKIRK ST UNIT 1, DENVER, CO 80249",DENVER,CO,80249,39.807505,-104.762942,,Vacant land,,,,,,,,,,80249
336002024,00102-57-002-000,"19151 E 56TH AVE, DENVER, CO 80249",DENVER,CO,80249,39.798981,-104.764236,,Vacant land,,,,,,,,,,80249
336002025,00102-57-003-000,"19102 E 57TH PL, DENVER, CO 80249",DENVER,CO,80249,39.799785,-104.763845,,Vacant land,,,,,,,,,,80249
336002352,00211-00-077-000,"4575 TOWER RD, DENVER, CO 80249",DENVER,CO,80249,39.779079,-104.773792,,Vacant land,,,,,,,,,,80249
1000513990,00031-00-118-000,"6663 N CEYLON ST, DENVER, CO 80249",DENVER,CO,80249,39.817579,-104.767684,,Vacant land,,,,,,,,,,80249
1000514235,00152-38-014-000,"18602 E MAXWELL PL, DENVER, CO 80249",DENVER,CO,80249,39.795796,-104.771507,,Vacant land,,,,,,,,,,80249
1000514236,00152-38-015-000,"18602 E MAXWELL PL, DENVER, CO 80249",DENVER,CO,80249,39.796106,-104.771066,,Vacant land,,,,,,,,,,80249
1000514237,00152-38-016-000,"18602 E MAXWELL PL, DENVER, CO 80249",DENVER,CO,80249,39.796169,-104.770173,,Vacant land,,,,,,,,,,80249
1001988185,00161-03-013-000,"18381 GREEN VALLEY RANCH BLVD, DENVER, CO 80249",DENVER,CO,80249,39.784196,-104.773466,,Vacant land,,,,,,,,,,80249
1001988192,00211-26-001-000,"17410 GREEN VALLEY RANCH BLVD, DENVER, CO 80249",DENVER,CO,80249,39.783184,-104.785819,,Vacant land,,,,,,,,,,80249
1001988198,00211-29-001-000,"17505 E 45TH AVE, DENVER, CO 80249",DENVER,CO,80249,39.780351,-104.784597,,Vacant land,,,,,,,,,,80249
1001988199,00211-30-001-000,"17688 E 45TH AVE, DENVER, CO 80249",DENVER,CO,80249,39.778495,-104.784348,,Vacant land,,,,,,,,,,80249
1001988201,00211-31-001-000,"18308 E 47TH AVE, DENVER, CO 80249",DENVER,CO,80249,39.78148,-104.773846,,Vacant land,,,,,,,,,,80249
1002354251,00224-19-020-000,"19803 E 41ST PL # MISC, DENVER, CO 80249",DENVER,CO,80249,39.773625,-104.756278,,Vacant land,,,,,,,,,,80249
1003371774,R0226600,"8495 N IRVINGTON WAY, DENVER, CO 80249",DENVER,CO,80249,39.798087,-105.026088,,Vacant land,,,,,,,,,,80249
1003371813,R0226631,"8475 N IRVINGTON WAY, DENVER, CO 80249",DENVER,CO,80249,39.798087,-105.026088,,Vacant land,,,,,,,,,,80249
1003371814,R0226632,"8481 N IRVINGTON WAY, DENVER, CO 80249",DENVER,CO,80249,39.798087,-105.026088,,Vacant land,,,,,,,,,,80249
1003371815,R0226633,"8485 N IRVINGTON WAY, DENVER, CO 80249",DENVER,CO,80249,39.798087,-105.026088,,Vacant land,,,,,,,,,,80249
1003371816,R0226634,"8491 N IRVINGTON WAY, DENVER, CO 80249",DENVER,CO,80249,39.798087,-105.026088,,Vacant land,,,,,,,,,,80249
1004944974,00091-00-162-000,"6265 SALIDA ST, DENVER, CO 80249",DENVER,CO,80249,39.809938,-104.780255,,Vacant land,,,,,,,,,,80249
1004944975,00091-00-165-000,"6285 N PANASONIC WAY, DENVER, CO 80249",DENVER,CO,80249,39.810085,-104.77919,,Vacant land,,,,,,,,,,80249
1004944976,00031-00-124-000,"19006 E 72ND AVE, DENVER, CO 80249",DENVER,CO,80249,39.826242,-104.766193,,Vacant land,,,,,,,,,,80249
1004944977,00031-00-125-000,"19101 E 69TH DR, DENVER, CO 80249",DENVER,CO,80249,39.825657,-104.768328,,Vacant land,,,,,,,,,,80249
1004944978,00031-00-126-000,"19100 E 69TH DR, DENVER, CO 80249",DENVER,CO,80249,39.825657,-104.768328,,Vacant land,,,,,,,,,,80249
1004944983,00031-27-001-000,"6900 ARGONNE ST, DENVER, CO 80249",DENVER,CO,80249,39.822498,-104.768552,,Vacant land,,,,,,,,,,80249
1004944985,00091-00-163-000,"6259 SALIDA ST, DENVER, CO 80249",DENVER,CO,80249,39.809819,-104.77972,,Vacant land,,,,,,,,,,80249
1004944986,00091-00-173-000,"5678 TELLURIDE WAY, DENVER, CO 80249",DENVER,CO,80249,39.800792,-104.780145,,Vacant land,,,,,,,,,,80249
1004944987,00091-00-174-000,"5698 TELLURIDE WAY, DENVER, CO 80249",DENVER,CO,80249,39.800797,-104.778821,,Vacant land,,,,,,,,,,80249
1004944988,00091-00-175-000,"18072 E 57TH AVE, DENVER, CO 80249",DENVER,CO,80249,39.79988,-104.777491,,Vacant land,,,,,,,,,,80249
1004944989,00091-00-176-000,"5658 TELLURIDE WAY, DENVER, CO 80249",DENVER,CO,80249,39.799528,-104.778886,,Vacant land,,,,,,,,,,80249
1004944990,00091-00-177-000,"18404 E 58TH AVE, DENVER, CO 80249",DENVER,CO,80249,39.801021,-104.772898,,Vacant land,,,,,,,,,,80249
1004944991,00091-00-178-000,"18406 E 59TH AVE, DENVER, CO 80249",DENVER,CO,80249,39.803592,-104.772886,,Vacant land,,,,,,,,,,80249
1004944992,00091-00-179-000,"6269 SALIDA ST, DENVER, CO 80249",DENVER,CO,80249,39.809857,-104.779529,,Vacant land,,,,,,,,,,80249
1004944993,00091-00-180-000,"6270 N PANASONIC WAY, DENVER, CO 80249",DENVER,CO,80249,39.810191,-104.78086,,Vacant land,,,,,,,,,,80249
1004944994,00091-00-181-000,"6238 N PANASONIC WAY, DENVER, CO 80249",DENVER,CO,80249,39.8099,-104.781177,,Vacant land,,,,,,,,,,80249
1004944995,00091-18-001-000,"6234 N PANASONIC WAY # 101, DENVER, CO 80249",DENVER,CO,80249,39.810028,-104.780914,,Vacant land,,,,,,,,,,80249
1004944996,00091-18-002-000,"6234 N PANASONIC WAY # 102, DENVER, CO 80249",DENVER,CO,80249,39.810028,-104.780914,,Vacant land,,,,,,,,,,80249
1004944997,00091-18-003-000,"6234 N PANASONIC WAY # 103, DENVER, CO 80249",DENVER,CO,80249,39.810028,-104.780914,,Vacant land,,,,,,,,,,80249
1004944998,00091-18-004-000,"6234 N PANASONIC WAY # 104, DENVER, CO 80249",DENVER,CO,80249,39.810028,-104.780914,,Vacant land,,,,,,,,,,80249
1004944999,00091-18-005-000,"6234 N PANASONIC WAY # 105, DENVER, CO 80249",DENVER,CO,80249,39.810028,-104.780914,,Vacant land,,,,,,,,,,80249
1004945000,00091-18-006-000,"6234 N PANASONIC WAY # 106, DENVER, CO 80249",DENVER,CO,80249,39.810028,-104.780914,,Vacant land,,,,,,,,,,80249
1004945001,00091-19-001-000,"6234 N PANASONIC WAY # 201, DENVER, CO 80249",DENVER,CO,80249,39.810028,-104.780914,,Vacant land,,,,,,,,,,80249
1004945002,00091-19-002-000,"6234 N PANASONIC WAY # 202, DENVER, CO 80249",DENVER,CO,80249,39.810028,-104.780914,,Vacant land,,,,,,,,,,80249
1004945003,00091-19-003-000,"6234 N PANASONIC WAY # 203, DENVER, CO 80249",DENVER,CO,80249,39.810028,-104.780914,,Vacant land,,,,,,,,,,80249
1004945004,00091-19-004-000,"6234 N PANASONIC WAY # 204, DENVER, CO 80249",DENVER,CO,80249,39.810028,-104.780914,,Vacant land,,,,,,,,,,80249
1004945005,00091-19-005-000,"6234 N PANASONIC WAY # 205, DENVER, CO 80249",DENVER,CO,80249,39.810028,-104.780914,,Vacant land,,,,,,,,,,80249
1004945006,00091-19-006-000,"6234 N PANASONIC WAY # 206, DENVER, CO 80249",DENVER,CO,80249,39.810028,-104.780914,,Vacant land,,,,,,,,,,80249
1004945007,00091-19-007-000,"6234 N PANASONIC WAY # 301, DENVER, CO 80249",DENVER,CO,80249,39.810028,-104.780914,,Vacant land,,,,,,,,,,80249
1004945008,00091-19-008-000,"6234 N PANASONIC WAY # 302, DENVER, CO 80249",DENVER,CO,80249,39.810028,-104.780914,,Vacant land,,,,,,,,,,80249
1004945009,00091-19-009-000,"6234 N PANASONIC WAY # 303, DENVER, CO 80249",DENVER,CO,80249,39.810028,-104.780914,,Vacant land,,,,,,,,,,80249
1004945010,00091-19-010-000,"6234 N PANASONIC WAY # 304, DENVER, CO 80249",DENVER,CO,80249,39.810028,-104.780914,,Vacant land,,,,,,,,,,80249
1004945011,00091-19-011-000,"6234 N PANASONIC WAY # 305, DENVER, CO 80249",DENVER,CO,80249,39.810028,-104.780914,,Vacant land,,,,,,,,,,80249
1004945012,00091-20-001-000,"6234 N PANASONIC WAY # 405, DENVER, CO 80249",DENVER,CO,80249,39.810028,-104.780914,,Vacant land,,,,,,,,,,80249
1004945013,00091-20-002-000,"6234 N PANASONIC WAY # 404, DENVER, CO 80249",DENVER,CO,80249,39.810028,-104.780914,,Vacant land,,,,,,,,,,80249
1004945014,00091-20-003-000,"6234 N PANASONIC WAY # 403, DENVER, CO 80249",DENVER,CO,80249,39.810028,-104.780914,,Vacant land,,,,,,,,,,80249
1004945015,00091-20-004-000,"6234 N PANASONIC WAY # 402, DENVER, CO 80249",DENVER,CO,80249,39.810028,-104.780914,,Vacant land,,,,,,,,,,80249
1004945016,00091-20-005-000,"6234 N PANASONIC WAY # 401, DENVER, CO 80249",DENVER,CO,80249,39.810028,-104.780914,,Vacant land,,,,,,,,,,80249
1004945017,00091-21-001-000,"6234 N PANASONIC WAY # 505, DENVER, CO 80249",DENVER,CO,80249,39.810028,-104.780914,,Vacant land,,,,,,,,,,80249
1004945018,00091-21-002-000,"6234 N PANASONIC WAY # 504, DENVER, CO 80249",DENVER,CO,80249,39.810028,-104.780914,,Vacant land,,,,,,,,,,80249
1004945019,00091-21-003-000,"6234 N PANASONIC WAY # 503, DENVER, CO 80249",DENVER,CO,80249,39.810028,-104.780914,,Vacant land,,,,,,,,,,80249
1004945020,00091-21-004-000,"6234 N PANASONIC WAY # 502, DENVER, CO 80249",DENVER,CO,80249,39.810028,-104.780914,,Vacant land,,,,,,,,,,80249
1004945021,00091-21-005-000,"6234 N PANASONIC WAY # 501, DENVER, CO 80249",DENVER,CO,80249,39.810028,-104.780914,,Vacant land,,,,,,,,,,80249
1004945022,00091-21-006-000,"6234 N PANASONIC WAY # 606, DENVER, CO 80249",DENVER,CO,80249,39.810028,-104.780914,,Vacant land,,,,,,,,,,80249
1004945023,00091-21-007-000,"6234 N PANASONIC WAY # 605, DENVER, CO 80249",DENVER,CO,80249,39.810028,-104.780914,,Vacant land,,,,,,,,,,80249
1004945024,00091-21-008-000,"6234 N PANASONIC WAY # 604, DENVER, CO 80249",DENVER,CO,80249,39.810028,-104.780914,,Vacant land,,,,,,,,,,80249
1004945025,00091-21-009-000,"6234 N PANASONIC WAY # 603, DENVER, CO 80249",DENVER,CO,80249,39.810028,-104.780914,,Vacant land,,,,,,,,,,80249
1004945026,00091-21-010-000,"6234 N PANASONIC WAY # 602, DENVER, CO 80249",DENVER,CO,80249,39.810028,-104.780914,,Vacant land,,,,,,,,,,80249
1004945027,00091-21-011-000,"6234 N PANASONIC WAY # 601, DENVER, CO 80249",DENVER,CO,80249,39.810028,-104.780914,,Vacant land,,,,,,,,,,80249
1004945048,00102-00-233-000,"18794 E 63RD AVE, DENVER, CO 80249",DENVER,CO,80249,39.810949,-104.767914,,Vacant land,,,,,,,,,,80249
1004945049,00102-00-234-000,"18800 E 63RD AVE, DENVER, CO 80249",DENVER,CO,80249,39.810708,-104.767864,,Vacant land,,,,,,,,,,80249
1004945050,00102-00-235-000,"6278 ARGONNE ST, DENVER, CO 80249",DENVER,CO,80249,39.810684,-104.768434,,Vacant land,,,,,,,,,,80249
1004945051,00102-00-236-000,"18794 E 63RD AVE, DENVER, CO 80249",DENVER,CO,80249,39.810949,-104.767914,,Vacant land,,,,,,,,,,80249
1004945052,00102-00-237-000,"18808 E 63RD AVE, DENVER, CO 80249",DENVER,CO,80249,39.810955,-104.767764,,Vacant land,,,,,,,,,,80249
1004945053,00102-00-238-000,"19050 E 63RD AVE, DENVER, CO 80249",DENVER,CO,80249,39.810963,-104.765908,,Vacant land,,,,,,,,,,80249
1004945054,00102-00-239-000,"19054 E 63RD AVE, DENVER, CO 80249",DENVER,CO,80249,39.810963,-104.765764,,Vacant land,,,,,,,,,,80249
1004945055,00102-00-240-000,"6281 N CEYLON ST, DENVER, CO 80249",DENVER,CO,80249,39.810725,-104.765242,,Vacant land,,,,,,,,,,80249
1004945056,00102-00-241-000,"6241 N CEYLON ST, DENVER, CO 80249",DENVER,CO,80249,39.810025,-104.765234,,Vacant land,,,,,,,,,,80249
1004945057,00102-00-242-000,"6251 N CEYLON ST, DENVER, CO 80249",DENVER,CO,80249,39.810346,-104.765261,,Vacant land,,,,,,,,,,80249
1004945076,00102-22-002-000,"18503 E 57TH AVE, DENVER, CO 80249",DENVER,CO,80249,39.800249,-104.771683,,Vacant land,,,,,,,,,,80249
1004945077,00102-22-003-000,"18653 E 57TH AVE, DENVER, CO 80249",DENVER,CO,80249,39.800743,-104.769352,,Vacant land,,,,,,,,,,80249
1004945078,00102-59-001-000,"18700 E 63RD AVE # 101, DENVER, CO 80249",DENVER,CO,80249,39.810949,-104.768334,,Vacant land,,,,,,,,,,80249
1004945079,00102-59-002-000,"18700 E 63RD AVE # 102, DENVER, CO 80249",DENVER,CO,80249,39.810949,-104.768334,,Vacant land,,,,,,,,,,80249
1004945080,00102-59-003-000,"18700 E 63RD AVE # 103, DENVER, CO 80249",DENVER,CO,80249,39.810949,-104.768334,,Vacant land,,,,,,,,,,80249
1004945081,00102-59-004-000,"18700 E 63RD AVE # 104, DENVER, CO 80249",DENVER,CO,80249,39.810949,-104.768334,,Vacant land,,,,,,,,,,80249
1004945082,00102-59-005-000,"18700 E 63RD AVE # 105, DENVER, CO 80249",DENVER,CO,80249,39.810949,-104.768334,,Vacant land,,,,,,,,,,80249
1004945083,00102-59-006-000,"18700 E 63RD AVE # 106, DENVER, CO 80249",DENVER,CO,80249,39.810949,-104.768334,,Vacant land,,,,,,,,,,80249
1004945084,00102-59-007-000,"18700 E 63RD AVE # 107, DENVER, CO 80249",DENVER,CO,80249,39.810949,-104.768334,,Vacant land,,,,,,,,,,80249
1004945085,00102-60-001-000,"18700 E 63RD AVE # 501, DENVER, CO 80249",DENVER,CO,80249,39.810949,-104.768334,,Vacant land,,,,,,,,,,80249
1004945086,00102-60-002-000,"18700 E 63RD AVE # 502, DENVER, CO 80249",DENVER,CO,80249,39.810949,-104.768334,,Vacant land,,,,,,,,,,80249
1004945087,00102-60-003-000,"18700 E 63RD AVE # 503, DENVER, CO 80249",DENVER,CO,80249,39.810949,-104.768334,,Vacant land,,,,,,,,,,80249
1004945088,00102-60-004-000,"18700 E 63RD AVE # 504, DENVER, CO 80249",DENVER,CO,80249,39.810949,-104.768334,,Vacant land,,,,,,,,,,80249
1004945089,00102-60-005-000,"18700 E 63RD AVE # 505, DENVER, CO 80249",DENVER,CO,80249,39.810949,-104.768334,,Vacant land,,,,,,,,,,80249
1004945090,00102-60-006-000,"18700 E 63RD AVE # 506, DENVER, CO 80249",DENVER,CO,80249,39.810949,-104.768334,,Vacant land,,,,,,,,,,80249
1004945091,00102-60-007-000,"18700 E 63RD AVE # 507, DENVER, CO 80249",DENVER,CO,80249,39.810949,-104.768334,,Vacant land,,,,,,,,,,80249
1004945092,00102-60-008-000,"18700 E 63RD AVE # 701, DENVER, CO 80249",DENVER,CO,80249,39.810949,-104.768334,,Vacant land,,,,,,,,,,80249
1004945093,00102-60-009-000,"18700 E 63RD AVE # 702, DENVER, CO 80249",DENVER,CO,80249,39.810949,-104.768334,,Vacant land,,,,,,,,,,80249
1004945094,00102-60-010-000,"18700 E 63RD AVE # 703, DENVER, CO 80249",DENVER,CO,80249,39.810949,-104.768334,,Vacant land,,,,,,,,,,80249
1004945095,00102-60-011-000,"18700 E 63RD AVE # 704, DENVER, CO 80249",DENVER,CO,80249,39.810949,-104.768334,,Vacant land,,,,,,,,,,80249
1004945096,00102-60-012-000,"18700 E 63RD AVE # 705, DENVER, CO 80249",DENVER,CO,80249,39.810949,-104.768334,,Vacant land,,,,,,,,,,80249
1004945097,00102-60-013-000,"18700 E 63RD AVE # 1001, DENVER, CO 80249",DENVER,CO,80249,39.810949,-104.768334,,Vacant land,,,,,,,,,,80249
1004945098,00102-60-014-000,"18700 E 63RD AVE # 1002, DENVER, CO 80249",DENVER,CO,80249,39.810949,-104.768334,,Vacant land,,,,,,,,,,80249
1004945099,00102-60-015-000,"18700 E 63RD AVE # 1003, DENVER, CO 80249",DENVER,CO,80249,39.810949,-104.768334,,Vacant land,,,,,,,,,,80249
1004945100,00102-60-016-000,"18700 E 63RD AVE # 1004, DENVER, CO 80249",DENVER,CO,80249,39.810949,-104.768334,,Vacant land,,,,,,,,,,80249
1004945101,00102-60-017-000,"18700 E 63RD AVE # 1005, DENVER, CO 80249",DENVER,CO,80249,39.810949,-104.768334,,Vacant land,,,,,,,,,,80249
1004945102,00102-60-018-000,"18700 E 63RD AVE # 1201, DENVER, CO 80249",DENVER,CO,80249,39.810949,-104.768334,,Vacant land,,,,,,,,,,80249
1004945103,00102-60-019-000,"18700 E 63RD AVE # 1202, DENVER, CO 80249",DENVER,CO,80249,39.810949,-104.768334,,Vacant land,,,,,,,,,,80249
1004945104,00102-60-020-000,"18700 E 63RD AVE # 1203, DENVER, CO 80249",DENVER,CO,80249,39.810949,-104.768334,,Vacant land,,,,,,,,,,80249
1004945105,00102-60-021-000,"18700 E 63RD AVE # 1204, DENVER, CO 80249",DENVER,CO,80249,39.810949,-104.768334,,Vacant land,,,,,,,,,,80249
1004945106,00102-60-022-000,"18700 E 63RD AVE # 1205, DENVER, CO 80249",DENVER,CO,80249,39.810949,-104.768334,,Vacant land,,,,,,,,,,80249
1004945107,00102-60-023-000,"18700 E 63RD AVE # 1206, DENVER, CO 80249",DENVER,CO,80249,39.810949,-104.768334,,Vacant land,,,,,,,,,,80249
1004945108,00102-61-001-000,"18700 E 63RD AVE # 1501, DENVER, CO 80249",DENVER,CO,80249,39.810949,-104.768334,,Vacant land,,,,,,,,,,80249
1004945109,00102-61-002-000,"18700 E 63RD AVE # 1502, DENVER, CO 80249",DENVER,CO,80249,39.810949,-104.768334,,Vacant land,,,,,,,,,,80249
1004945110,00102-61-003-000,"18700 E 63RD AVE # 1503, DENVER, CO 80249",DENVER,CO,80249,39.810949,-104.768334,,Vacant land,,,,,,,,,,80249
1004945111,00102-61-004-000,"18700 E 63RD AVE # 1504, DENVER, CO 80249",DENVER,CO,80249,39.810949,-104.768334,,Vacant land,,,,,,,,,,80249
1004945112,00102-61-005-000,"18700 E 63RD AVE # 1505, DENVER, CO 80249",DENVER,CO,80249,39.810949,-104.768334,,Vacant land,,,,,,,,,,80249
1004945113,00102-61-006-000,"18700 E 63RD AVE # 1506, DENVER, CO 80249",DENVER,CO,80249,39.810949,-104.768334,,Vacant land,,,,,,,,,,80249
1004945114,00102-61-007-000,"18700 E 63RD AVE # 1507, DENVER, CO 80249",DENVER,CO,80249,39.810949,-104.768334,,Vacant land,,,,,,,,,,80249
1004945115,00102-62-001-000,"18700 E 63RD AVE # 1606, DENVER, CO 80249",DENVER,CO,80249,39.810949,-104.768334,,Vacant land,,,,,,,,,,80249
1004945116,00102-62-002-000,"18700 E 63RD AVE # 1605, DENVER, CO 80249",DENVER,CO,80249,39.810949,-104.768334,,Vacant land,,,,,,,,,,80249
1004945117,00102-62-003-000,"18700 E 63RD AVE # 1604, DENVER, CO 80249",DENVER,CO,80249,39.810949,-104.768334,,Vacant land,,,,,,,,,,80249
1004945118,00102-62-004-000,"18700 E 63RD AVE # 1603, DENVER, CO 80249",DENVER,CO,80249,39.810949,-104.768334,,Vacant land,,,,,,,,,,80249
1004945119,00102-62-005-000,"18700 E 63RD AVE # 1602, DENVER, CO 80249",DENVER,CO,80249,39.810949,-104.768334,,Vacant land,,,,,,,,,,80249
1004945120,00102-62-006-000,"18700 E 63RD AVE # 1601, DENVER, CO 80249",DENVER,CO,80249,39.810949,-104.768334,,Vacant land,,,,,,,,,,80249
1004945121,00102-62-007-000,"18700 E 63RD AVE # 1705, DENVER, CO 80249",DENVER,CO,80249,39.810949,-104.768334,,Vacant land,,,,,,,,,,80249
1004945122,00102-62-008-000,"18700 E 63RD AVE # 1704, DENVER, CO 80249",DENVER,CO,80249,39.810949,-104.768334,,Vacant land,,,,,,,,,,80249
1004945123,00102-62-009-000,"18700 E 63RD AVE # 1703, DENVER, CO 80249",DENVER,CO,80249,39.810949,-104.768334,,Vacant land,,,,,,,,,,80249
1004945124,00102-62-010-000,"18700 E 63RD AVE # 1702, DENVER, CO 80249",DENVER,CO,80249,39.810949,-104.768334,,Vacant land,,,,,,,,,,80249
1004945125,00102-62-011-000,"18700 E 63RD AVE # 1701, DENVER, CO 80249",DENVER,CO,80249,39.810949,-104.768334,,Vacant land,,,,,,,,,,80249
1004945126,00102-63-001-000,"18700 E 63RD AVE # 1801, DENVER, CO 80249",DENVER,CO,80249,39.810949,-104.768334,,Vacant land,,,,,,,,,,80249
1004945127,00102-63-002-000,"18700 E 63RD AVE # 1802, DENVER, CO 80249",DENVER,CO,80249,39.810949,-104.768334,,Vacant land,,,,,,,,,,80249
1004945128,00102-63-003-000,"18700 E 63RD AVE # 1803, DENVER, CO 80249",DENVER,CO,80249,39.810949,-104.768334,,Vacant land,,,,,,,,,,80249
1004945129,00102-63-004-000,"18700 E 63RD AVE # 1804, DENVER, CO 80249",DENVER,CO,80249,39.810949,-104.768334,,Vacant land,,,,,,,,,,80249
1004945130,00102-63-005-000,"18700 E 63RD AVE # 1805, DENVER, CO 80249",DENVER,CO,80249,39.810949,-104.768334,,Vacant land,,,,,,,,,,80249
1004945131,00102-63-006-000,"18700 E 63RD AVE # 1806, DENVER, CO 80249",DENVER,CO,80249,39.810949,-104.768334,,Vacant land,,,,,,,,,,80249
1004945132,00102-63-007-000,"18700 E 63RD AVE # 1401, DENVER, CO 80249",DENVER,CO,80249,39.810949,-104.768334,,Vacant land,,,,,,,,,,80249
1004945133,00102-63-008-000,"18700 E 63RD AVE # 1402, DENVER, CO 80249",DENVER,CO,80249,39.810949,-104.768334,,Vacant land,,,,,,,,,,80249
1004945134,00102-63-009-000,"18700 E 63RD AVE # 1403, DENVER, CO 80249",DENVER,CO,80249,39.810949,-104.768334,,Vacant land,,,,,,,,,,80249
1004945135,00102-63-010-000,"18700 E 63RD AVE # 1404, DENVER, CO 80249",DENVER,CO,80249,39.810949,-104.768334,,Vacant land,,,,,,,,,,80249
1004945136,00102-63-011-000,"18700 E 63RD AVE # 1405, DENVER, CO 80249",DENVER,CO,80249,39.810949,-104.768334,,Vacant land,,,,,,,,,,80249
1004945137,00102-63-012-000,"18700 E 63RD AVE # 1406, DENVER, CO 80249",DENVER,CO,80249,39.810949,-104.768334,,Vacant land,,,,,,,,,,80249
1004945138,00102-63-013-000,"18700 E 63RD AVE # 1306, DENVER, CO 80249",DENVER,CO,80249,39.810949,-104.768334,,Vacant land,,,,,,,,,,80249
1004945139,00102-63-014-000,"18700 E 63RD AVE # 1305, DENVER, CO 80249",DENVER,CO,80249,39.810949,-104.768334,,Vacant land,,,,,,,,,,80249
1004945140,00102-63-015-000,"18700 E 63RD AVE # 1304, DENVER, CO 80249",DENVER,CO,80249,39.810949,-104.768334,,Vacant land,,,,,,,,,,80249
1004945141,00102-63-016-000,"18700 E 63RD AVE # 1303, DENVER, CO 80249",DENVER,CO,80249,39.810949,-104.768334,,Vacant land,,,,,,,,,,80249
1004945142,00102-63-017-000,"18700 E 63RD AVE # 1302, DENVER, CO 80249",DENVER,CO,80249,39.810949,-104.768334,,Vacant land,,,,,,,,,,80249
1004945143,00102-63-018-000,"18700 E 63RD AVE # 1301, DENVER, CO 80249",DENVER,CO,80249,39.810949,-104.768334,,Vacant land,,,,,,,,,,80249
1004945144,00102-64-001-000,"18700 E 63RD AVE # 1101, DENVER, CO 80249",DENVER,CO,80249,39.810949,-104.768334,,Vacant land,,,,,,,,,,80249
1004945145,00102-64-002-000,"18700 E 63RD AVE # 1102, DENVER, CO 80249",DENVER,CO,80249,39.810949,-104.768334,,Vacant land,,,,,,,,,,80249
1004945146,00102-64-003-000,"18700 E 63RD AVE # 1103, DENVER, CO 80249",DENVER,CO,80249,39.810949,-104.768334,,Vacant land,,,,,,,,,,80249
1004945147,00102-64-004-000,"18700 E 63RD AVE # 1104, DENVER, CO 80249",DENVER,CO,80249,39.810949,-104.768334,,Vacant land,,,,,,,,,,80249
1004945148,00102-64-005-000,"18700 E 63RD AVE # 1105, DENVER, CO 80249",DENVER,CO,80249,39.810949,-104.768334,,Vacant land,,,,,,,,,,80249
1004945149,00102-64-006-000,"18700 E 63RD AVE # 1106, DENVER, CO 80249",DENVER,CO,80249,39.810949,-104.768334,,Vacant land,,,,,,,,,,80249
1004945150,00102-64-007-000,"18700 E 63RD AVE # 906, DENVER, CO 80249",DENVER,CO,80249,39.810949,-104.768334,,Vacant land,,,,,,,,,,80249
1004945151,00102-64-008-000,"18700 E 63RD AVE # 905, DENVER, CO 80249",DENVER,CO,80249,39.810949,-104.768334,,Vacant land,,,,,,,,,,80249
1004945152,00102-64-009-000,"18700 E 63RD AVE # 904, DENVER, CO 80249",DENVER,CO,80249,39.810949,-104.768334,,Vacant land,,,,,,,,,,80249
1004945153,00102-64-010-000,"18700 E 63RD AVE # 903, DENVER, CO 80249",DENVER,CO,80249,39.810949,-104.768334,,Vacant land,,,,,,,,,,80249
1004945154,00102-64-011-000,"18700 E 63RD AVE # 902, DENVER, CO 80249",DENVER,CO,80249,39.810949,-104.768334,,Vacant land,,,,,,,,,,80249
1004945155,00102-64-012-000,"18700 E 63RD AVE # 901, DENVER, CO 80249",DENVER,CO,80249,39.810949,-104.768334,,Vacant land,,,,,,,,,,80249
1004945156,00102-65-001-000,"18700 E 63RD AVE # 801, DENVER, CO 80249",DENVER,CO,80249,39.810949,-104.768334,,Vacant land,,,,,,,,,,80249
1004945157,00102-65-002-000,"18700 E 63RD AVE # 802, DENVER, CO 80249",DENVER,CO,80249,39.810949,-104.768334,,Vacant land,,,,,,,,,,80249
1004945158,00102-65-003-000,"18700 E 63RD AVE # 803, DENVER, CO 80249",DENVER,CO,80249,39.810949,-104.768334,,Vacant land,,,,,,,,,,80249
1004945159,00102-65-004-000,"18700 E 63RD AVE # 804, DENVER, CO 80249",DENVER,CO,80249,39.810949,-104.768334,,Vacant land,,,,,,,,,,80249
1004945160,00102-65-005-000,"18700 E 63RD AVE # 805, DENVER, CO 80249",DENVER,CO,80249,39.810949,-104.768334,,Vacant land,,,,,,,,,,80249
1004945161,00102-65-006-000,"18700 E 63RD AVE # 806, DENVER, CO 80249",DENVER,CO,80249,39.810949,-104.768334,,Vacant land,,,,,,,,,,80249
1004945162,00102-65-007-000,"18700 E 63RD AVE # 606, DENVER, CO 80249",DENVER,CO,80249,39.810949,-104.768334,,Vacant land,,,,,,,,,,80249
1004945163,00102-65-008-000,"18700 E 63RD AVE # 605, DENVER, CO 80249",DENVER,CO,80249,39.810949,-104.768334,,Vacant land,,,,,,,,,,80249
1004945164,00102-65-009-000,"18700 E 63RD AVE # 604, DENVER, CO 80249",DENVER,CO,80249,39.810949,-104.768334,,Vacant land,,,,,,,,,,80249
1004945165,00102-65-010-000,"18700 E 63RD AVE # 603, DENVER, CO 80249",DENVER,CO,80249,39.810949,-104.768334,,Vacant land,,,,,,,,,,80249
1004945166,00102-65-011-000,"18700 E 63RD AVE # 602, DENVER, CO 80249",DENVER,CO,80249,39.810949,-104.768334,,Vacant land,,,,,,,,,,80249
1004945167,00102-65-012-000,"18700 E 63RD AVE # 601, DENVER, CO 80249",DENVER,CO,80249,39.810949,-104.768334,,Vacant land,,,,,,,,,,80249
1004945168,00102-66-001-000,"18700 E 63RD AVE # 401, DENVER, CO 80249",DENVER,CO,80249,39.810949,-104.768334,,Vacant land,,,,,,,,,,80249
1004945169,00102-66-002-000,"18700 E 63RD AVE # 402, DENVER, CO 80249",DENVER,CO,80249,39.810949,-104.768334,,Vacant land,,,,,,,,,,80249
1004945170,00102-66-003-000,"18700 E 63RD AVE # 403, DENVER, CO 80249",DENVER,CO,80249,39.810949,-104.768334,,Vacant land,,,,,,,,,,80249
1004945171,00102-66-004-000,"18700 E 63RD AVE # 404, DENVER, CO 80249",DENVER,CO,80249,39.810949,-104.768334,,Vacant land,,,,,,,,,,80249
1004945172,00102-66-005-000,"18700 E 63RD AVE # 405, DENVER, CO 80249",DENVER,CO,80249,39.810949,-104.768334,,Vacant land,,,,,,,,,,80249
1004945173,00102-66-006-000,"18700 E 63RD AVE # 406, DENVER, CO 80249",DENVER,CO,80249,39.810949,-104.768334,,Vacant land,,,,,,,,,,80249
1004945174,00102-66-007-000,"18700 E 63RD AVE # 306, DENVER, CO 80249",DENVER,CO,80249,39.810949,-104.768334,,Vacant land,,,,,,,,,,80249
1004945175,00102-66-008-000,"18700 E 63RD AVE # 305, DENVER, CO 80249",DENVER,CO,80249,39.810949,-104.768334,,Vacant land,,,,,,,,,,80249
1004945176,00102-66-009-000,"18700 E 63RD AVE # 304, DENVER, CO 80249",DENVER,CO,80249,39.810949,-104.768334,,Vacant land,,,,,,,,,,80249
1004945177,00102-66-010-000,"18700 E 63RD AVE # 303, DENVER, CO 80249",DENVER,CO,80249,39.810949,-104.768334,,Vacant land,,,,,,,,,,80249
1004945178,00102-66-011-000,"18700 E 63RD AVE # 302, DENVER, CO 80249",DENVER,CO,80249,39.810949,-104.768334,,Vacant land,,,,,,,,,,80249
1004945179,00102-66-012-000,"18700 E 63RD AVE # 301, DENVER, CO 80249",DENVER,CO,80249,39.810949,-104.768334,,Vacant land,,,,,,,,,,80249
1004945180,00102-67-001-000,"18700 E 63RD AVE # 201, DENVER, CO 80249",DENVER,CO,80249,39.810949,-104.768334,,Vacant land,,,,,,,,,,80249
1004945181,00102-67-002-000,"18700 E 63RD AVE # 202, DENVER, CO 80249",DENVER,CO,80249,39.810949,-104.768334,,Vacant land,,,,,,,,,,80249
1004945182,00102-67-003-000,"18700 E 63RD AVE # 203, DENVER, CO 80249",DENVER,CO,80249,39.810949,-104.768334,,Vacant land,,,,,,,,,,80249
1004945183,00102-67-004-000,"18700 E 63RD AVE # 204, DENVER, CO 80249",DENVER,CO,80249,39.810949,-104.768334,,Vacant land,,,,,,,,,,80249
1004945184,00102-67-005-000,"18700 E 63RD AVE # 205, DENVER, CO 80249",DENVER,CO,80249,39.810949,-104.768334,,Vacant land,,,,,,,,,,80249
1004945185,00152-37-018-000,"5576 TOWER RD, DENVER, CO 80249",DENVER,CO,80249,39.797342,-104.770886,,Vacant land,,,,,,,,,,80249
1004945186,00152-37-019-000,"5578 TOWER RD, DENVER, CO 80249",DENVER,CO,80249,39.797874,-104.77132,,Vacant land,,,,,,,,,,80249
1004945190,00161-06-008-000,"4903 TOWER RD, DENVER, CO 80249",DENVER,CO,80249,39.786247,-104.772207,,Vacant land,,,,,,,,,,80249